Brand,Model_Name,Model_Year,Vehicle_Age,Mileage_km,Engine_Capacity,Location_District,Condition,Fuel_Type,Transmission,Body_Type,Colour
Mazda,Flair,2025.0,1.0,10000.0,650.0,Panadura,Reconditioned,Hybrid,Automatic,Hatchback,white
Suzuki,Alto,2015.0,11.0,58000.0,650.0,Batticaloa,Used,Petrol,Manual,Hatchback,white
Suzuki,Wagon R,2017.0,9.0,130000.0,660.0,Maharagama,Used,Hybrid,Automatic,Liftback,white
Toyota,Yaris Ativ,2025.0,1.0,0.0,1000.0,Kurunegala,Brand New,Petrol,Automatic,Sedan,black
Mazda,Axela,2004.0,22.0,186000.0,1490.0,Ambalangoda,Used,Petrol,Automatic,Saloon,silver
Tata,Indigo,2015.0,11.0,119000.0,1200.0,Kirillawala,Used,Petrol,Manual,Hatchback,silver
Suzuki,Alto,2016.0,10.0,0.0,650.0,Horana,Used,Petrol,Manual,Liftback,white
Toyota,Aqua,2013.0,13.0,140000.0,1300.0,Alawala,Used,Petrol,Automatic,Liftback,black
Toyota,Premio,2017.0,9.0,152000.0,1496.0,Kurunegala,Used,Petrol,Automatic,Sedan,white
Toyota,Allion,2007.0,19.0,180000.0,1500.0,Moratuwa,Used,Petrol,Automatic,Sedan,black
Toyota,Vitz,2007.0,19.0,158000.0,1000.0,Ambalangoda,Used,Petrol,Automatic,Hatchback,white
Mercedes Benz,C200,2025.0,1.0,0.0,1500.0,Maradana (Colombo 10),Brand New,Hybrid,Automatic,Saloon,black
Honda,N BOX,2023.0,3.0,1234.0,658.0,Kottawa,Brand New,Petrol,Automatic,Liftback,silver
Honda,Fit,2014.0,12.0,84000.0,1500.0,Malabe,Used,Hybrid,Automatic,Hatchback,blue
Daihatsu,Mira,2024.0,2.0,0.0,660.0,Ratmalana,Brand New,Petrol,Automatic,,blue
Suzuki,Wagon R,2025.0,1.0,0.0,660.0,Moratuwa,Brand New,Petrol,Automatic,Station wagon,white
Suzuki,Wagon R,2024.0,2.0,6600.0,660.0,Kottawa,Brand New,Petrol,Automatic,Hatchback,other
Suzuki,Spacia,2024.0,2.0,0.0,650.0,Kurunegala,Brand New,Hybrid,Automatic,,gray
Toyota,Vitz,2007.0,19.0,128000.0,1000.0,Akurana,Used,Petrol,Automatic,Hatchback,white
Daewoo,Matiz,2000.0,26.0,75000.0,1200.0,Alawwa,Used,Petrol,Automatic,Liftback,red
Suzuki,Wagon R,2024.0,2.0,230.0,660.0,Kurunegala,Brand New,Petrol,Automatic,Hatchback,silver
Suzuki,Baleno,2017.0,9.0,98702.0,1000.0,Athurugiriya,Used,Petrol,Automatic,Hatchback,red
Suzuki,Wagon R,2014.0,12.0,114600.0,650.0,Yakkala,Reconditioned,Hybrid,Automatic,Hatchback,black
Toyota,Pixis,2015.0,11.0,0.0,650.0,Adampan,Used,Petrol,Automatic,,white
Suzuki,Swift,2017.0,9.0,76000.0,1000.0,Kalutara,Used,Petrol,Automatic,Hatchback,silver
Nissan,March,2001.0,25.0,131000.0,1000.0,Ambalangoda,Used,Petrol,Automatic,Hatchback,gray
Toyota,Aqua,2013.0,13.0,108000.0,1500.0,Ambalangoda,Used,Hybrid,Automatic,Liftback,silver
Tata,Indica,2006.0,20.0,125000.0,1000.0,Kurunegala,Used,Petrol,Manual,Hatchback,red
Suzuki,Alto,2017.0,9.0,0.0,650.0,Boralesgamuwa,Used,Petrol,Manual,Liftback,gray
Suzuki,Alto,2018.0,8.0,92000.0,800.0,Kiribathgoda,Used,Petrol,Automatic,,white
Suzuki,Swift,2017.0,9.0,134000.0,1000.0,Nawala,Used,Petrol,Automatic,Hatchback,red
Mitsubishi,Lancer,1992.0,34.0,0.0,1000.0,Kesbewa,Used,Petrol,Manual,Hatchback,red
Suzuki,Alto,2012.0,14.0,123.0,1000.0,Colombo Fort (Colombo 01),Reconditioned,Petrol,Manual,Hatchback,black
Suzuki,Wagon R,2024.0,2.0,2500.0,660.0,Panadura,Brand New,Petrol,Automatic,Hatchback,red
Toyota,Axio,2015.0,11.0,0.0,1500.0,Ja-Ela,Used,Petrol,Manual,Convertible,black
Daihatsu,Mira,2025.0,1.0,0.0,990.0,Hettipola,Brand New,Petrol,Automatic,Liftback,white
Nissan,March,1997.0,29.0,99000.0,990.0,Panadura,Used,Petrol,Manual,Saloon,other
Toyota,Vitz,2017.0,9.0,85000.0,1000.0,Homagama,Used,Petrol,Automatic,Hatchback,white
Toyota,Yaris,2025.0,1.0,200.0,1000.0,Katugastota,Reconditioned,Hybrid,Automatic,Saloon,white
Toyota,Premio,2018.0,8.0,90000.0,1500.0,Ambalangoda,Used,Petrol,Automatic,Sedan,white
Honda,Fit,2013.0,13.0,68700.0,1339.0,Ambalangoda,Used,Hybrid,Automatic,Liftback,blue
Honda,Fit,2015.0,11.0,113000.0,1500.0,Piliyandala,Used,Petrol,Automatic,Hatchback,red
Nissan,FB 14,1997.0,29.0,0.0,1500.0,Weliveriya,Used,Petrol,Manual,,red
Suzuki,Alto,2015.0,11.0,0.0,800.0,Kesbewa,Used,Petrol,Manual,Hatchback,other
Suzuki,Spacia,2023.0,3.0,6600.0,660.0,Kottawa,Brand New,Petrol,Automatic,Hatchback,gray
Suzuki,Wagon R,2025.0,1.0,0.0,650.0,Polonnaruwa,Brand New,Hybrid,Automatic,Hatchback,white
Suzuki,Spacia,2024.0,2.0,0.0,657.0,Kurunegala,Brand New,Petrol,Automatic,Saloon,black
Toyota,Premio,2018.0,8.0,53995.0,1500.0,Alutwewa,Used,Petrol,Automatic,Saloon,white
Perodua,Axia,2017.0,9.0,111000.0,1000.0,Kadawatha,Used,Petrol,Automatic,Hatchback,white
Suzuki,Wagon R,2017.0,9.0,94000.0,650.0,Pussellawa,Used,Petrol,Automatic,Hatchback,black
Suzuki,Alto,2011.0,15.0,146000.0,899.0,Katugastota,Used,Petrol,Manual,Hatchback,red
Honda,Grace,2015.0,11.0,155000.0,1500.0,Panadura,Used,Hybrid,Automatic,Sedan,white
Suzuki,Alto,2023.0,3.0,2300.0,1000.0,Ambalangoda,Used,Petrol,Automatic,Hatchback,silver
Honda,Grace,2015.0,11.0,120000.0,1500.0,Anuradhapura,Used,Hybrid,Automatic,Liftback,white
Toyota,Vitz,2019.0,7.0,37500.0,990.0,Ambalangoda,Used,Petrol,Automatic,Hatchback,red
Suzuki,Alto,2008.0,18.0,202000.0,800.0,Kotagala,Used,Petrol,Manual,Hatchback,red
Suzuki,Wagon R,2024.0,2.0,600.0,660.0,Kotte,Reconditioned,Petrol,Automatic,Hatchback,blue
Honda,Insight,2009.0,17.0,104045.0,1333.0,Embilipitiya,Reconditioned,Hybrid,Automatic,Saloon,blue
Mercedes Benz,E Class,2015.0,11.0,120000.0,2143.0,Ratmalana,Used,Diesel,Automatic,Saloon,silver
Suzuki,A Star,2011.0,15.0,40000.0,800.0,Horana,Used,Petrol,Manual,Hatchback,white
Suzuki,Maruti,2002.0,24.0,95000.0,,Piliyandala,Used,Petrol,Manual,Convertible,brown
Suzuki,Alto,2016.0,10.0,110000.0,650.0,Athurugiriya,Used,Hybrid,Automatic,Hatchback,black
Suzuki,Wagon R,2025.0,1.0,0.0,,Panadura,Brand New,Petrol,Automatic,Hatchback,white
Toyota,Aqua,2015.0,11.0,76000.0,1500.0,Gampaha,Used,Petrol,Automatic,Liftback,white
Toyota,Vitz,2017.0,9.0,114000.0,1000.0,Kollupitiya (Colombo 03),Used,Petrol,Automatic,Sports,gray
Toyota,Prius,2010.0,16.0,110000.0,1800.0,Gampaha,Used,Hybrid,Automatic,Saloon,silver
Toyota,Sprinter,1996.0,30.0,203000.0,1970.0,Matale,Used,Diesel,Manual,Sedan,white
Toyota,Vitz,2016.0,10.0,118000.0,1000.0,Ambalangoda,Used,Petrol,Automatic,Hatchback,blue
Toyota,Aqua,2013.0,13.0,210000.0,1490.0,Ambalangoda,Used,Hybrid,Automatic,Hatchback,white
Suzuki,Alto,2015.0,11.0,65000.0,660.0,Kurunegala,Used,Petrol,Automatic,Hatchback,red
Micro,Panda,2011.0,15.0,77100.0,1300.0,Badulla,Used,Petrol,Manual,Hatchback,silver
Toyota,Vitz,2007.0,19.0,85000.0,990.0,Walasmulla,Used,Petrol,Automatic,Hatchback,white
Suzuki,Wagon R,2024.0,2.0,4900.0,660.0,Matara,Brand New,Petrol,Automatic,Hatchback,blue
Daihatsu,Tanto,2025.0,1.0,0.0,660.0,Kurunegala,Brand New,Petrol,Automatic,Station wagon,green
Toyota,Belta,2010.0,16.0,164000.0,1000.0,Ja-Ela,Used,Petrol,Automatic,Liftback,blue
Suzuki,Alto,2015.0,11.0,0.0,800.0,Ragama,Used,Petrol,Manual,Hatchback,red
Toyota,Corolla,2008.0,18.0,185000.0,1600.0,Nugegoda,Used,Petrol,Automatic,Saloon,black
Toyota,Prius,2012.0,14.0,142000.0,1800.0,Horana,Used,Hybrid,Automatic,Hatchback,purple
Toyota,Vios,2005.0,21.0,120000.0,1497.0,Piliyandala,Used,Petrol,Manual,Saloon,orange
Toyota,Pixis,2018.0,8.0,55000.0,960.0,Negombo,Used,Petrol,Manual,Hatchback,white
Suzuki,Spacia,2023.0,3.0,0.0,660.0,Gampaha,Brand New,Petrol,Automatic,Hatchback,blue
Toyota,Passo,2023.0,3.0,6600.0,660.0,Kottawa,Brand New,Petrol,Automatic,Hatchback,black
Honda,Fit,2010.0,16.0,38000.0,1330.0,Ambalangoda,Used,Hybrid,Automatic,Hatchback,silver
Mitsubishi,eK,2016.0,10.0,99000.0,660.0,Pannipitiya,Used,Petrol,Automatic,Hatchback,pink
Suzuki,Spacia,2024.0,2.0,200.0,650.0,Kurunegala,Brand New,Hybrid,Automatic,,black
Suzuki,Wagon R,2018.0,8.0,17000.0,660.0,Ragama,Used,Hybrid,Automatic,Station wagon,silver
Nissan,Sunny,2001.0,25.0,113000.0,1300.0,Ambalangoda,Used,Petrol,Automatic,Saloon,gray
Suzuki,Swift,2017.0,9.0,81000.0,1000.0,Pussellawa,Used,Petrol,Automatic,Hatchback,white
Toyota,Premio,2010.0,16.0,0.0,1500.0,Polonnaruwa,Reconditioned,Petrol,Automatic,Saloon,red
Toyota,Vios,2005.0,21.0,158000.0,1500.0,Ragama,Used,Petrol,Automatic,Sedan,silver
Suzuki,Swift,2008.0,18.0,165000.0,1330.0,Kollupitiya (Colombo 03),Used,Petrol,Automatic,Hatchback,white
Suzuki,Wagon R,2025.0,1.0,0.0,650.0,Kataragama,Brand New,Hybrid,Automatic,Hatchback,white
Mercedes Benz,S Class,2006.0,20.0,153000.0,3500.0,Piliyandala,Used,Petrol,Automatic,Sedan,gray
Suzuki,Hustler,2024.0,2.0,0.0,999.0,Kelaniya,Brand New,Petrol,Automatic,Hatchback,white
Daihatsu,Taft,2025.0,1.0,3500.0,690.0,Kurunegala,Brand New,Hybrid,Automatic,Hatchback,green
Suzuki,Swift,2010.0,16.0,156000.0,1000.0,Vavuniya,Used,Petrol,Automatic,Hatchback,black
Geely,Panda,2012.0,14.0,75000.0,1300.0,Dankotuwa,Used,Petrol,Manual,Liftback,silver
Suzuki,Alto,2015.0,11.0,103000.0,800.0,Homagama,Used,Petrol,Manual,Liftback,black
Toyota,Yaris,2025.0,1.0,0.0,1000.0,Wattala,Brand New,Petrol,Automatic,Hatchback,white
Toyota,Axio,2018.0,8.0,125000.0,1500.0,Galle,Used,Hybrid,Automatic,Saloon,red
Toyota,Yaris,2025.0,1.0,10000.0,1000.0,Wattala,Brand New,Petrol,Automatic,Hatchback,white
Honda,Fit,2012.0,14.0,164000.0,1330.0,Siyambalape,Reconditioned,Petrol,Automatic,Hatchback,blue
Toyota,CHR,2019.0,7.0,20481.0,1190.0,Pilimatalawa,Used,Petrol,Automatic,Hatchback,white
Daihatsu,Taft,2024.0,2.0,0.0,890.0,Gampaha,Brand New,Petrol,Automatic,Station wagon,black
Suzuki,Maruti,2006.0,20.0,112000.0,800.0,Divulapitiya,Used,Petrol,Manual,Hatchback,gray
Toyota,Vitz,2017.0,9.0,140000.0,1000.0,Boralesgamuwa,Used,Hybrid,Automatic,Liftback,black
Toyota,Premio,2017.0,9.0,0.0,1500.0,Ambalangoda,Used,Petrol,Automatic,Sedan,brown
Toyota,Allion,2011.0,15.0,205000.0,1500.0,Alutgama,Reconditioned,Petrol,Automatic,Liftback,black
Suzuki,Swift,2017.0,9.0,77000.0,1000.0,Bandaragama,Used,Petrol,Automatic,Hatchback,gray
Toyota,Corolla,2008.0,18.0,128000.0,1600.0,Anuradhapura,Used,Petrol,Manual,Liftback,blue
Mazda,Demio,2009.0,17.0,178000.0,1300.0,Talawatugoda,Used,Petrol,Automatic,Hatchback,white
Nissan,Sunny,1987.0,39.0,152520.0,1500.0,Kohuwala,Used,Petrol,Manual,Saloon,white
Suzuki,Wagon R,2014.0,12.0,90000.0,650.0,Matara,Reconditioned,Petrol,Automatic,Hatchback,gray
Suzuki,Wagon R,2024.0,2.0,0.0,660.0,Kurunegala,Brand New,Hybrid,Manual,Station wagon,white
Suzuki,Wagon R,2023.0,3.0,18000.0,658.0,Polonnaruwa,Used,Petrol,Automatic,Hatchback,black
Honda,City,2025.0,1.0,0.0,1000.0,Kurunegala,Brand New,Petrol,Automatic,Hatchback,white
Honda,Insight,2009.0,17.0,0.0,1330.0,Kuruwita,Used,Hybrid,Automatic,Sedan,blue
Suzuki,Swift,2004.0,22.0,154000.0,1300.0,Panadura,Used,Petrol,Automatic,Hatchback,beige
Suzuki,Baleno,2016.0,10.0,131440.0,1000.0,Morontuduwa,Used,Petrol,Automatic,Hatchback,red
Mitsubishi,eK,2023.0,3.0,6600.0,660.0,Kottawa,Brand New,Petrol,Automatic,Hatchback,silver
Suzuki,Wagon R,2018.0,8.0,72000.0,650.0,Kurunegala,Used,Hybrid,Automatic,Hatchback,white
Suzuki,Wagon R,2017.0,9.0,160000.0,650.0,Panadura,Used,Petrol,Automatic,Hatchback,white
BMW,3 Series,2017.0,9.0,136000.0,1500.0,Ambalangoda,Used,Petrol,Tiptronic,Saloon,white
Toyota,Axio,2010.0,16.0,180000.0,1500.0,Ambalangoda,Used,Petrol,Automatic,Saloon,white
Honda,Fit,2013.0,13.0,85000.0,1500.0,Kohuwala,Used,Petrol,Automatic,Hatchback,other
Micro,Panda,2014.0,12.0,128000.0,1000.0,Maharagama,Used,Petrol,Automatic,Sports,yellow
Toyota,Axio,2016.0,10.0,120.0,1500.0,Negombo,Used,Hybrid,Automatic,Saloon,white
Suzuki,Wagon R,2025.0,1.0,0.0,650.0,Akkaraipattu,Brand New,Hybrid,Automatic,Sedan,white
Suzuki,Alto,2017.0,9.0,200000.0,660.0,Matale,Used,Petrol,Automatic,Hatchback,silver
Toyota,Yaris,2025.0,1.0,0.0,1000.0,Horana,Brand New,Petrol,Automatic,Hatchback,white
Toyota,Axio,2015.0,11.0,136000.0,1500.0,Akuressa,Used,Petrol,Automatic,Saloon,white
Suzuki,Wagon R,2023.0,3.0,0.0,660.0,Kottawa,Brand New,Petrol,Automatic,Hatchback,other
Suzuki,A Star,2011.0,15.0,140000.0,1000.0,Panadura,Used,Petrol,Manual,Hatchback,black
Suzuki,Wagon R,2018.0,8.0,12000.0,650.0,Maharagama,Used,Petrol,Automatic,Station wagon,white
Suzuki,Alto,2024.0,2.0,0.0,660.0,Kottawa,Brand New,Petrol,Automatic,Hatchback,black
Audi,A3,2018.0,8.0,100000.0,1400.0,Sri Jayawardenepura Kotte,Used,Petrol,Tiptronic,Sedan,white
Toyota,Aqua,2014.0,12.0,195000.0,1500.0,Ampara,Used,Hybrid,Automatic,,white
Toyota,Carina,1997.0,29.0,0.0,1500.0,Dodangoda,Reconditioned,Petrol,Manual,Saloon,gray
Suzuki,Wagon R,2014.0,12.0,89000.0,,Hokandara,Used,Petrol,Automatic,Hatchback,purple
Honda,Fit,2012.0,14.0,0.0,1500.0,Ambalangoda,Used,Hybrid,Automatic,Hatchback,white
Suzuki,Wagon R,2017.0,9.0,160000.0,790.0,Moratuwa,Used,Petrol,Automatic,Hatchback,white
Perodua,Kelisa,2007.0,19.0,176000.0,1000.0,Matale,Used,Petrol,Manual,Hatchback,blue
Suzuki,Wagon R,2014.0,12.0,49120.0,660.0,Pannala,Used,Petrol,Automatic,Hatchback,purple
Suzuki,Alto,2006.0,20.0,0.0,650.0,Kuruwita,Used,Petrol,Manual,Liftback,black
Suzuki,Spacia,2017.0,9.0,132000.0,660.0,Ja-Ela,Used,Petrol,Automatic,,white
Toyota,Axio,2015.0,11.0,145000.0,1496.0,Marawila,Used,Petrol,Automatic,Sedan,white
Toyota,Axio,2013.0,13.0,103050.0,1500.0,Narahenpita (Colombo 05),Used,Hybrid,Automatic,Saloon,white
Toyota,Aqua,2013.0,13.0,163000.0,1500.0,Ambalangoda,Used,Hybrid,Automatic,Liftback,silver
Suzuki,Alto,2016.0,10.0,104000.0,800.0,Homagama,Used,Petrol,Manual,Hatchback,black
Suzuki,Wagon R,2024.0,2.0,2700.0,650.0,Moratuwa,Brand New,Hybrid,Automatic,Liftback,white
Suzuki,Wagon R,2023.0,3.0,8800.0,660.0,Kottawa,Brand New,Petrol,Automatic,Hatchback,other
Toyota,Vitz,2008.0,18.0,180000.0,1300.0,Homagama,Used,Petrol,Automatic,Hatchback,orange
Toyota,Axio,2015.0,11.0,50500.0,1500.0,Kandana,Used,Petrol,Automatic,Saloon,brown
Suzuki,Celerio,2016.0,10.0,102000.0,1000.0,Kadawatha,Used,Petrol,Automatic,Hatchback,white
Daihatsu,Mira,1988.0,38.0,125000.0,850.0,Homagama,Used,Petrol,Manual,Hatchback,red
Suzuki,Alto,2016.0,10.0,112750.0,800.0,Panadura,Used,Petrol,Manual,Hatchback,white
Mitsubishi,Lancer,2002.0,24.0,141321.0,1500.0,Nikaweratiya,Used,Petrol,Manual,Saloon,silver
Suzuki,Celerio,2015.0,11.0,0.0,1000.0,Ambalangoda,Used,Petrol,Manual,Hatchback,white
Toyota,Aqua,2016.0,10.0,140000.0,,Kadawatha,Used,Petrol,Automatic,Liftback,white
Suzuki,Wagon R,2018.0,8.0,78000.0,650.0,Batticaloa,Used,Petrol,Automatic,Station wagon,white
Toyota,Axio,2015.0,11.0,153000.0,1500.0,Kurunegala,Used,Petrol,Automatic,Sedan,silver
Suzuki,Wagon R,2017.0,9.0,160000.0,,Negombo,Used,Petrol,Automatic,,white
Suzuki,Wagon R,2024.0,2.0,3000.0,650.0,Negombo,Brand New,Petrol,Automatic,Hatchback,purple
Perodua,Kelisa,2006.0,20.0,80000.0,989.0,Anuradhapura,Used,Petrol,Automatic,,gold
Toyota,Premio,2019.0,7.0,98000.0,1500.0,Negombo,Used,Petrol,Automatic,Sedan,white
Toyota,Aqua,2014.0,12.0,168000.0,1200.0,Pussellawa,Used,Hybrid,Automatic,Hatchback,blue
Perodua,Elite,2012.0,14.0,103000.0,1000.0,Adampan,Used,Petrol,Automatic,Hatchback,silver
Suzuki,Alto,2015.0,11.0,120000.0,660.0,Rajagiriya,Used,Petrol,Tiptronic,Hatchback,blue
Suzuki,Wagon R,2014.0,12.0,35000.0,660.0,Kaduwela,Used,Hybrid,Automatic,,white
Micro,Panda,2015.0,11.0,82000.0,1000.0,Wanela,Used,Petrol,Manual,Hatchback,orange
Honda,Fit,2014.0,12.0,180000.0,1500.0,Hapugala,Used,Hybrid,Automatic,Hatchback,white
KIA,Rio,2015.0,11.0,145000.0,1500.0,Ambalangoda,Used,Petrol,Automatic,Saloon,red
Suzuki,Wagon R,2017.0,9.0,110000.0,660.0,Katunayake,Used,Hybrid,Automatic,Liftback,white
Suzuki,Wagon R,2017.0,9.0,74000.0,650.0,Anamaduwa,Used,Petrol,Automatic,Hatchback,white
Toyota,Tank,2018.0,8.0,80000.0,1200.0,Kandy,Used,Petrol,Automatic,Hatchback,white
Honda,ARIA,2008.0,18.0,1234.0,1500.0,Ella,Used,Petrol,Automatic,Saloon,silver
Mercedes Benz,E Class,1998.0,28.0,0.0,2000.0,Wellawatta (Colombo 06),Used,Petrol,Manual,Saloon,black
Suzuki,Spacia,2023.0,3.0,12000.0,660.0,Kotte,Reconditioned,Petrol,Automatic,Hatchback,yellow
Toyota,Allion,2017.0,9.0,178000.0,1200.0,Negombo,Used,Petrol,Automatic,Hatchback,white
Toyota,Vitz,2018.0,8.0,79000.0,1496.0,Gampaha,Used,Hybrid,Automatic,Hatchback,white
Honda,Civic,2018.0,8.0,95000.0,1000.0,Alutgama,Used,Petrol,Automatic,Hatchback,gray
Toyota,Passo,2015.0,11.0,145000.0,1000.0,Dehiwala,Used,Petrol,Automatic,Saloon,white
Suzuki,Swift,2010.0,16.0,140000.0,1200.0,Batticaloa,Used,Petrol,Manual,Hatchback,silver
Audi,A6,2013.0,13.0,165000.0,1968.0,Slave Island (Colombo 02),Used,Diesel,Automatic,Sedan,black
Toyota,Prius,2013.0,13.0,143000.0,1600.0,Ambalangoda,Used,Hybrid,Automatic,Liftback,silver
Perodua,Elite,2011.0,15.0,117000.0,1000.0,Ambalangoda,Used,Petrol,Automatic,Hatchback,white
Toyota,Corolla,2008.0,18.0,110000.0,1600.0,Kandy,Used,Petrol,Automatic,Saloon,white
Micro,Panda,2016.0,10.0,71752.0,1000.0,Pelmadulla,Used,Petrol,Manual,Hatchback,black
Suzuki,Swift,2003.0,23.0,241000.0,1300.0,Ampitiya,Used,Petrol,Automatic,Hatchback,white
Toyota,Aqua,2013.0,13.0,161000.0,1500.0,Matara,Used,Hybrid,Automatic,Hatchback,gray
Daihatsu,Mira,2025.0,1.0,20.0,660.0,Alutgama,Brand New,Petrol,Automatic,Sports,gray
BMW,5 Series,2012.0,14.0,134000.0,1997.0,Colombo Fort (Colombo 01),Used,Petrol,Automatic,Saloon,gold
Suzuki,Wagon R,2017.0,9.0,109000.0,650.0,Alawatugoda,Used,Petrol,Automatic,Station wagon,black
KIA,Cerato,2011.0,15.0,68000.0,1600.0,Kohuwala,Used,Petrol,Automatic,Sedan,blue
Tata,Indica,2006.0,20.0,100000.0,1300.0,Katunayake,Used,Petrol,Manual,Hatchback,silver
Toyota,Roomy,2025.0,1.0,0.0,1000.0,Kottawagama,Brand New,Petrol,Automatic,Station wagon,white
Suzuki,Alto,2017.0,9.0,185000.0,796.0,Kosgoda,Used,Petrol,Manual,Hatchback,white
Toyota,Axio,2015.0,11.0,137000.0,1500.0,Kurunegala,Used,Petrol,Automatic,Convertible,white
Micro,Panda,2015.0,11.0,25000.0,1000.0,Katunayake,Used,Petrol,Manual,Hatchback,silver
Toyota,Vitz,2007.0,19.0,149000.0,1000.0,Waikkal,Used,Petrol,Automatic,Hatchback,silver
Toyota,Prius,2013.0,13.0,159000.0,1500.0,Ambalangoda,Used,Hybrid,Automatic,Liftback,purple
Perodua,Viva,2011.0,15.0,90000.0,800.0,Matara,Used,Petrol,Manual,Hatchback,silver
Daihatsu,Mira,2023.0,3.0,9000.0,660.0,Avissawella,Reconditioned,Petrol,Automatic,Hatchback,blue
Suzuki,Spacia,2022.0,4.0,30000.0,660.0,Alutgama,Brand New,Hybrid,Automatic,Hatchback,white
Honda,Fit,2014.0,12.0,140000.0,1330.0,Pussellawa,Used,Petrol,Automatic,Hatchback,white
Toyota,Yaris,2024.0,2.0,4000.0,1000.0,Adampan,Used,Hybrid,Automatic,Hatchback,gray
Toyota,Vitz,2016.0,10.0,0.0,1000.0,Borella (Colombo 08),Used,Petrol,Automatic,Hatchback,silver
Toyota,Axio,2014.0,12.0,218000.0,1500.0,Dambulla,Used,Petrol,Automatic,Saloon,white
Nissan,FB 14,1996.0,30.0,350000.0,1970.0,Karativu,Used,Diesel,Automatic,Hatchback,silver
Mitsubishi,eK,2024.0,2.0,0.0,660.0,Kurunegala,Used,Petrol,Automatic,Convertible,white
Suzuki,Wagon R,2018.0,8.0,70650.0,650.0,Ratmalana,Used,Petrol,Automatic,Hatchback,black
Suzuki,Alto,2016.0,10.0,82713.0,658.0,Athurugiriya,Used,Petrol,Manual,Hatchback,black
Nissan,HP11,2000.0,26.0,345000.0,2000.0,Narahenpita (Colombo 05),Used,Petrol,Manual,Sedan,black
Toyota,Axio,2007.0,19.0,180000.0,1496.0,Kirillawala,Used,Petrol,Automatic,Sedan,silver
Toyota,Belta,2007.0,19.0,160000.0,1000.0,Homagama,Used,Petrol,Automatic,Saloon,silver
Suzuki,Wagon R,2023.0,3.0,12500.0,660.0,Homagama,Used,Petrol,Automatic,Hatchback,black
Toyota,Premio,2014.0,12.0,180000.0,1500.0,Galle,Used,Petrol,Automatic,Saloon,white
Toyota,Vios,2005.0,21.0,180000.0,1496.0,Mawathagama,Used,Petrol,Automatic,Sedan,silver
Toyota,Allion,2008.0,18.0,189000.0,1490.0,Ambalangoda,Used,Petrol,Automatic,Sedan,silver
Toyota,Vios,2004.0,22.0,240000.0,1500.0,Malabe,Used,Petrol,Automatic,Hatchback,silver
Nissan,Presea,1997.0,29.0,132500.0,1500.0,Hanwella,Used,Petrol,Automatic,Sports,black
Suzuki,Wagon R,2024.0,2.0,3000.0,650.0,Anuradhapura,Brand New,Petrol,Automatic,Hatchback,black
Suzuki,Wagon R,2014.0,12.0,182000.0,650.0,Ambalangoda,Used,Petrol,Automatic,Hatchback,white
Suzuki,Alto,2015.0,11.0,90000.0,800.0,Nittambuwa,Used,Petrol,Manual,Hatchback,blue
Micro,Panda Cross,2018.0,8.0,66800.0,1000.0,Battaramulla,Used,Petrol,Tiptronic,Hatchback,white
Toyota,Yaris,2025.0,1.0,0.0,1000.0,Kohuwala,Brand New,Petrol,Automatic,Hatchback,white
Suzuki,Wagon R,2016.0,10.0,114000.0,660.0,Piliyandala,Used,Petrol,Automatic,Hatchback,black
Nissan,Dayz,2024.0,2.0,250.0,660.0,Kottawa,Brand New,Petrol,Automatic,Hatchback,white
Suzuki,Alto,2016.0,10.0,116000.0,800.0,Kandana,Used,Petrol,Manual,Hatchback,white
Suzuki,Swift,2004.0,22.0,162525.0,1300.0,Negombo,Used,Petrol,Manual,Hatchback,black
Suzuki,Spacia,2025.0,1.0,0.0,660.0,Kurunegala,Brand New,Hybrid,Automatic,Hatchback,silver
Honda,Insight,2011.0,15.0,147000.0,1330.0,Nugegoda,Used,Hybrid,Automatic,Saloon,black
Nissan,Sunny,2000.0,26.0,150000.0,1000.0,Kurunegala,Used,Petrol,Automatic,Saloon,white
Toyota,Aqua,2012.0,14.0,189000.0,,Homagama,Used,Petrol,Manual,Sports,black
Honda,Fit,2015.0,11.0,123.0,,Moratuwa,Used,Hybrid,Automatic,Saloon,blue
Suzuki,Alto,2015.0,11.0,116000.0,796.0,Buttala,Used,Petrol,Manual,Hatchback,silver
BMW,5 Series,2016.0,10.0,97500.0,1998.0,Wennappuwa,Used,Diesel,Automatic,Saloon,white
Mazda,Demio,2009.0,17.0,0.0,1298.0,Ambalangoda,Used,Petrol,Automatic,Hatchback,gray
Suzuki,Wagon R,2018.0,8.0,85000.0,650.0,Kalmunai,Used,Petrol,Automatic,Sedan,white
Suzuki,Swift,2009.0,17.0,175755.0,1242.0,Sapugaskanda,Used,Petrol,Automatic,Hatchback,silver
Suzuki,Zen,2006.0,20.0,125000.0,1000.0,Matugama,Used,Petrol,Manual,Hatchback,red
Toyota,Vitz,2019.0,7.0,61000.0,1000.0,Kadawatha,Used,Petrol,Automatic,Hatchback,red
Suzuki,Alto,2007.0,19.0,0.0,796.0,Ambalangoda,Used,Petrol,Manual,Hatchback,red
Mitsubishi,Lancer,2007.0,19.0,214000.0,1300.0,Homagama,Reconditioned,Petrol,Automatic,Sedan,blue
Suzuki,Wagon R,2017.0,9.0,,660.0,Rajagiriya,Used,Petrol,Automatic,Hatchback,white
Toyota,Belta,2007.0,19.0,14000.0,1000.0,Dehiwala,Used,Petrol,Manual,Hatchback,white
Suzuki,Wagon R,2018.0,8.0,100000.0,650.0,Pelawatta,Used,Petrol,Automatic,Hatchback,black
Honda,Fit,2013.0,13.0,122000.0,1330.0,Pannala,Used,Petrol,Manual,Sports,blue
Suzuki,Spacia,2023.0,3.0,4500.0,690.0,Kurunegala,Reconditioned,Hybrid,Automatic,,black
Suzuki,Wagon R,2014.0,12.0,176000.0,690.0,Ampara,Used,Petrol,Manual,Hatchback,white
Honda,Grace,2017.0,9.0,146000.0,1490.0,Nagoda,Used,Petrol,Automatic,Sedan,gray
Suzuki,Alto,2004.0,22.0,151900.0,650.0,Piliyandala,Used,Petrol,Automatic,Hatchback,blue
Toyota,Corolla,1996.0,30.0,123456.0,1500.0,Kurunegala,Used,Petrol,Manual,,silver
Suzuki,Zen,2006.0,20.0,114000.0,1000.0,Galle,Used,Petrol,Manual,Hatchback,blue
Suzuki,Spacia,2025.0,1.0,0.0,660.0,Ja-Ela,Brand New,Hybrid,Automatic,Liftback,blue
Suzuki,Wagon R,2016.0,10.0,114000.0,650.0,Gampaha,Used,Petrol,Automatic,Hatchback,white
Suzuki,Alto,2003.0,23.0,160000.0,660.0,Kegalle,Used,Petrol,Automatic,Hatchback,white
Toyota,Yaris,2022.0,4.0,30000.0,1000.0,Kurunegala,Reconditioned,Petrol,Automatic,Hatchback,white
Toyota,Vios,2003.0,23.0,130000.0,1500.0,Nugegoda,Reconditioned,Petrol,Automatic,Saloon,gold
Suzuki,Swift,2019.0,7.0,55000.0,1300.0,Ambalangoda,Used,Petrol,Automatic,Hatchback,white
Nissan,FB 14,1996.0,30.0,100000.0,1500.0,Kottawa,Used,Petrol,Manual,Sports,red
Toyota,Passo,2015.0,11.0,115500.0,996.0,Kadawatha,Used,Petrol,Automatic,Hatchback,blue
Toyota,Belta,2007.0,19.0,175000.0,1300.0,Makola,Used,Petrol,Automatic,Saloon,white
Suzuki,Swift,2003.0,23.0,0.0,1300.0,Ambalangoda,Used,Petrol,Automatic,Hatchback,silver
Toyota,Prius,2008.0,18.0,180000.0,1500.0,Kadawatha,Used,Hybrid,Automatic,Saloon,white
Suzuki,Swift,2002.0,24.0,200274.0,1320.0,Kegalle,Used,Petrol,Automatic,Hatchback,red
Nissan,B310,,,0.0,1400.0,Adampan,Used,Petrol,Manual,Sedan,brown
Toyota,Vitz,2010.0,16.0,129500.0,1300.0,Kuliyapitiya,Used,Petrol,Automatic,Hatchback,maroon
Daihatsu,Tanto,2024.0,2.0,500.0,658.0,Kalutara,Reconditioned,Petrol,Automatic,Hatchback,white
Toyota,Prius,2013.0,13.0,159000.0,1500.0,Wariyapola,Used,Hybrid,Automatic,Liftback,white
Suzuki,Wagon R,2018.0,8.0,35000.0,650.0,Nugegoda,Used,Petrol,Automatic,Saloon,brown
Mitsubishi,Lancer,1991.0,35.0,126000.0,1500.0,Maharagama,Used,Petrol,Manual,Saloon,silver
Suzuki,Wagon R,2024.0,2.0,0.0,650.0,Battaramulla,Brand New,Petrol,Automatic,Hatchback,white
Toyota,Premio,2008.0,18.0,0.0,1600.0,Ambalangoda,Used,Petrol,Automatic,Sedan,maroon
Daihatsu,Mira,2023.0,3.0,6600.0,660.0,Kottawa,Brand New,Petrol,Automatic,Hatchback,white
Mitsubishi,Galant,1999.0,27.0,150000.0,1600.0,Nugegoda,Used,Petrol,Manual,Saloon,green
Toyota,Axio,2010.0,16.0,0.0,1500.0,Gampaha,Used,Petrol,Automatic,Sedan,white
Suzuki,Alto,2013.0,13.0,92929.0,1000.0,Gampaha,Used,Petrol,Manual,Hatchback,red
Toyota,Axio,2012.0,14.0,175000.0,1500.0,Yakkala,Reconditioned,Petrol,Automatic,Saloon,gold
Suzuki,Alto,2013.0,13.0,142560.0,1500.0,Mirigama,Used,Petrol,Automatic,Hatchback,black
Toyota,Aqua,2023.0,3.0,20000.0,1500.0,Balapitiya,Reconditioned,Hybrid,Automatic,Hatchback,gray
Toyota,Yaris,2025.0,1.0,0.0,1000.0,Kollupitiya (Colombo 03),Brand New,Petrol,Automatic,Hatchback,white
Toyota,Corolla,,,0.0,1400.0,Kandy,Used,Petrol,Manual,Sedan,white
Mazda,Flair,2023.0,3.0,15000.0,658.0,Yakkala,Brand New,Petrol,Automatic,Hatchback,white
Suzuki,Spacia,2025.0,1.0,100.0,660.0,Akurana,Brand New,Hybrid,Automatic,Hatchback,white
Suzuki,Maruti,2005.0,21.0,143000.0,800.0,Kekirawa,Used,Petrol,Manual,Hatchback,white
Toyota,Corolla,1999.0,27.0,180000.0,1300.0,Kurunegala,Used,Petrol,Automatic,Station wagon,white
Toyota,Vios,2003.0,23.0,173000.0,1500.0,Gampaha,Used,Petrol,Automatic,Hatchback,gold
Suzuki,Alto,2012.0,14.0,111000.0,650.0,Colombo Fort (Colombo 01),Used,Petrol,Manual,Hatchback,black
Toyota,Axio,2017.0,9.0,,1500.0,Ambalangoda,Used,Petrol,Automatic,Saloon,white
Toyota,Corolla,2007.0,19.0,116300.0,1600.0,Homagama,Used,Petrol,Automatic,Sedan,silver
Toyota,Vitz,2008.0,18.0,140000.0,1000.0,Kadawatha,Used,Petrol,Automatic,Hatchback,gray
Suzuki,Wagon R,2018.0,8.0,49968.0,650.0,Nikaweratiya,Used,Petrol,Automatic,Hatchback,white
Toyota,Vitz,2010.0,16.0,185000.0,996.0,Kurunegala,Used,Petrol,Automatic,Hatchback,silver
Suzuki,Wagon R,2015.0,11.0,107000.0,650.0,Ambalangoda,Used,Hybrid,Automatic,Hatchback,black
Toyota,Vitz,2018.0,8.0,33000.0,1000.0,Ethul Kotte,Used,Petrol,Automatic,Hatchback,silver
Suzuki,Wagon R,2015.0,11.0,75000.0,660.0,Kurunegala,Used,Hybrid,Automatic,Hatchback,white
Toyota,Corolla,1994.0,32.0,0.0,1196.0,Ratnapura,Used,Petrol,Manual,Sedan,blue
Toyota,Axio,2008.0,18.0,197.0,1500.0,Godagama,Used,Petrol,Automatic,Saloon,silver
Toyota,Aqua,2013.0,13.0,11111.0,1490.0,Mirigama,Used,Petrol,Automatic,Hatchback,silver
Suzuki,Wagon R,2025.0,1.0,19000.0,660.0,Matara,Used,Petrol,Automatic,Station wagon,white
Suzuki,Wagon R,2016.0,10.0,90000.0,650.0,Ambalangoda,Used,Hybrid,Automatic,Hatchback,white
Mazda,Familia,2001.0,25.0,180000.0,1500.0,Adampan,Used,Petrol,Manual,Hatchback,white
Hyundai,Santro,2004.0,22.0,197000.0,760.0,Kadawatha,Used,Petrol,Manual,Hatchback,gray
BMW,740Le,2017.0,9.0,67000.0,2000.0,Borella (Colombo 08),Used,Hybrid,Automatic,Saloon,white
Suzuki,Estilo,2011.0,15.0,89000.0,800.0,Sainthamaruthu,Used,Petrol,Automatic,Hatchback,brown
Suzuki,Alto,2018.0,8.0,34602.0,650.0,Ja-Ela,Used,Petrol,Automatic,Sedan,white
Suzuki,Wagon R,2018.0,8.0,96000.0,650.0,Kandy,Used,Petrol,Automatic,Station wagon,white
Suzuki,Alto,2015.0,11.0,81000.0,800.0,Ambalangoda,Used,Petrol,Manual,Hatchback,white
Toyota,Sprinter,1999.0,27.0,148000.0,1300.0,Kurunegala,Used,Petrol,Automatic,Saloon,silver
Suzuki,Wagon R,2015.0,11.0,92000.0,800.0,Gampaha,Used,Petrol,Automatic,Liftback,black
Toyota,Aqua,2012.0,14.0,175000.0,1490.0,Mount Lavinia,Reconditioned,Hybrid,Automatic,Hatchback,orange
Suzuki,Maruti,2011.0,15.0,123456.0,1000.0,Monaragala,Used,Petrol,Manual,Liftback,blue
Nissan,Sunny,2000.0,26.0,130000.0,1600.0,Horana,Used,Petrol,Automatic,Sedan,silver
Toyota,Aqua,2016.0,10.0,200000.0,1500.0,Pussellawa,Used,Petrol,Automatic,Hatchback,white
Toyota,Axio,2015.0,11.0,160000.0,1500.0,Ambalangoda,Used,Petrol,Automatic,Saloon,maroon
Nissan,FB 14,1998.0,28.0,200000.0,1500.0,Dambulla,Used,Petrol,Manual,Saloon,white
Daihatsu,Mira,2023.0,3.0,17000.0,660.0,Kurunegala,Brand New,Petrol,Automatic,Hatchback,silver
Daihatsu,Taft,2023.0,3.0,15100.0,660.0,Kottawa,Brand New,Petrol,Automatic,,blue
Toyota,Prius,2014.0,12.0,0.0,1500.0,Ambalangoda,Used,Petrol,Automatic,Saloon,black
Nissan,FB 14,1996.0,30.0,210000.0,1500.0,Ibbagamuwa,Used,Petrol,Automatic,Saloon,gray
Toyota,Corolla,2008.0,18.0,114000.0,1600.0,Kalutara,Used,Petrol,Automatic,Sedan,gray
Suzuki,Wagon R,2018.0,8.0,123456.0,660.0,Moratuwa,Used,Petrol,Automatic,Liftback,black
Daihatsu,Taft,2023.0,3.0,31000.0,660.0,Horana,Brand New,Petrol,Automatic,Hatchback,black
Suzuki,Celerio,2016.0,10.0,67000.0,1000.0,Avissawella,Used,Petrol,Automatic,Hatchback,silver
Toyota,Vitz,2007.0,19.0,226000.0,1000.0,Kurunegala,Used,Petrol,Automatic,Hatchback,silver
Suzuki,Celerio,2015.0,11.0,102500.0,1000.0,Makandura,Used,Petrol,Automatic,Liftback,silver
Toyota,Vitz,2015.0,11.0,128000.0,960.0,Athurugiriya,Used,Petrol,Automatic,Hatchback,black
Daihatsu,Thor,2023.0,3.0,12000.0,1000.0,Kotte,Reconditioned,Petrol,Automatic,Hatchback,silver
Suzuki,Wagon R,2023.0,3.0,2500.0,650.0,Gampaha,Reconditioned,Petrol,Automatic,Station wagon,white
Toyota,Allion,2008.0,18.0,189000.0,1490.0,Ambalangoda,Used,Petrol,Automatic,Sedan,silver
Suzuki,Alto,2015.0,11.0,95000.0,800.0,Rajagiriya,Used,Petrol,Manual,Liftback,red
Honda,Grace,2015.0,11.0,118000.0,1500.0,Battaramulla,Used,Hybrid,Automatic,Saloon,maroon
Suzuki,Wagon R,2024.0,2.0,7000.0,650.0,Kalubowila,Brand New,Hybrid,Automatic,Hatchback,yellow
Suzuki,Wagon R,2018.0,8.0,107000.0,650.0,Pussellawa,Used,Petrol,Automatic,Hatchback,red
Toyota,Vitz,2018.0,8.0,63000.0,1000.0,Ja-Ela,Used,Petrol,Automatic,,white
Toyota,Aqua,2013.0,13.0,178000.0,1500.0,Kaduwela,Used,Hybrid,Automatic,Hatchback,black
Suzuki,Celerio,2016.0,10.0,96000.0,1000.0,Kadawatha,Used,Petrol,Automatic,Hatchback,white
Suzuki,Wagon R,2017.0,9.0,0.0,660.0,Colombo Fort (Colombo 01),Used,Hybrid,Automatic,Hatchback,black
Toyota,Prius,2014.0,12.0,134000.0,1800.0,Nugegoda,Used,Hybrid,Automatic,Liftback,silver
Toyota,Vitz,2009.0,17.0,142000.0,1000.0,Negombo,Used,Petrol,Automatic,Hatchback,gray
Daihatsu,Taft,2025.0,1.0,300.0,660.0,Pilimatalawa,Brand New,Petrol,Automatic,Hatchback,white
Suzuki,Alto,2015.0,11.0,84200.0,800.0,Kalmunai,Used,Petrol,Manual,Hatchback,gray
Toyota,Vitz,2010.0,16.0,147000.0,1300.0,Embilipitiya,Used,Petrol,Automatic,Hatchback,white
Toyota,Wigo,2018.0,8.0,60000.0,1200.0,Pussellawa,Used,Petrol,Automatic,Hatchback,white
Nissan,HB 12,1987.0,39.0,100000.0,1500.0,Meegoda,Used,Petrol,Manual,Saloon,white
Toyota,Aqua,2012.0,14.0,165000.0,1500.0,Matara,Reconditioned,Hybrid,Automatic,Hatchback,blue
Suzuki,Wagon R,2015.0,11.0,150000.0,650.0,Kegalle,Used,Petrol,Manual,Hatchback,white
Suzuki,Alto,2017.0,9.0,93000.0,650.0,Peradeniya,Reconditioned,Hybrid,Automatic,Hatchback,silver
Toyota,Allion,2008.0,18.0,169000.0,1500.0,Kesbewa,Used,Petrol,Automatic,Sedan,black
Suzuki,Wagon R,2018.0,8.0,93000.0,660.0,Jaffna,Used,Hybrid,Automatic,Hatchback,white
Toyota,Vitz,2018.0,8.0,56000.0,1000.0,Kalmunai,Used,Hybrid,Automatic,Sedan,white
Suzuki,Wagon R,2017.0,9.0,,666.0,Seeduwa,Used,Petrol,Automatic,Hatchback,blue
Toyota,Premio,2010.0,16.0,118000.0,1500.0,Kandy,Used,Petrol,Automatic,Hatchback,black
Suzuki,Wagon R,2023.0,3.0,3500.0,690.0,Kurunegala,Brand New,Hybrid,Automatic,Hatchback,white
Suzuki,Swift,2017.0,9.0,78000.0,1000.0,Dehiwala,Used,Petrol,Automatic,Liftback,white
Daihatsu,Mira,2024.0,2.0,0.0,650.0,Gampaha,Brand New,Petrol,Automatic,Hatchback,white
Audi,A3,2023.0,3.0,24000.0,1000.0,Colombo Fort (Colombo 01),Brand New,Petrol,Automatic,,white
Mitsubishi,Lancer,2014.0,12.0,0.0,1600.0,Kadawatha,Used,Petrol,Automatic,Convertible,black
Toyota,Vitz,2016.0,10.0,130000.0,1000.0,Ahangama,Used,Petrol,Automatic,Hatchback,silver
Toyota,Prius,2010.0,16.0,187000.0,1600.0,Ambalangoda,Used,Hybrid,Automatic,Liftback,silver
Daihatsu,Mira,2023.0,3.0,15000.0,650.0,Kalubowila,Reconditioned,Petrol,Automatic,Hatchback,blue
Nissan,AD Wagon,2009.0,17.0,150000.0,1499.0,Negombo,Used,Petrol,Automatic,Hatchback,silver
Suzuki,Alto,2013.0,13.0,98500.0,800.0,Uswetakeiyawa,Used,Petrol,Automatic,Hatchback,red
Suzuki,Alto,2012.0,14.0,170000.0,990.0,Tawalama,Brand New,Petrol,Manual,Hatchback,white
Suzuki,Celerio,2016.0,10.0,97000.0,1000.0,Kadawatha,Used,Petrol,Automatic,Hatchback,white
Mitsubishi,Lancer,2003.0,23.0,100000.0,1300.0,Mahiyanganaya,Used,Petrol,Manual,Saloon,black
Suzuki,Wagon R,2023.0,3.0,0.0,658.0,Ratnapura,Brand New,Petrol,Automatic,Hatchback,blue
Toyota,Axio,2019.0,7.0,147000.0,1500.0,Tangalla,Used,Petrol,Automatic,Saloon,white
Nissan,ExSunny,2012.0,14.0,66000.0,1400.0,Kurunegala,Used,Petrol,Automatic,Saloon,blue
Toyota,Vitz,2018.0,8.0,159000.0,990.0,Ambalangoda,Used,Petrol,Automatic,Hatchback,white
BMW,740Le,2017.0,9.0,67000.0,2000.0,Cinnamon Garden (Colombo 07),Used,Hybrid,Automatic,Sedan,white
Toyota,Premio,2008.0,18.0,178000.0,1000.0,Homagama,Used,Petrol,Automatic,Hatchback,maroon
Suzuki,Alto,2015.0,11.0,90000.0,795.0,Ambalangoda,Used,Petrol,Manual,Hatchback,orange
Toyota,Premio,2007.0,19.0,146038.0,1490.0,Kelaniya,Used,Petrol,Automatic,Sedan,other
Suzuki,Alto,2015.0,11.0,103000.0,796.0,Godakawela,Used,Petrol,Manual,Hatchback,black
Hyundai,Eon,2016.0,10.0,98000.0,650.0,Vavuniya,Used,Diesel,Manual,Hatchback,red
Nissan,Tiida,2012.0,14.0,160000.0,1500.0,Matale,Used,Petrol,Automatic,Saloon,white
Honda,N BOX,2023.0,3.0,6600.0,660.0,Kottawa,Reconditioned,Petrol,Automatic,Hatchback,black
Datsun,Redi Go,2016.0,10.0,148000.0,800.0,Kadawatha,Used,Petrol,Manual,Hatchback,other
KIA,Picanto,2017.0,9.0,74500.0,998.0,Madampe,Used,Petrol,Tiptronic,Hatchback,white
Audi,A1,2018.0,8.0,96000.0,1000.0,Katugastota,Used,Petrol,Automatic,Hatchback,black
Toyota,Soluna,2001.0,25.0,240420.0,1500.0,Delgoda,Used,Petrol,Automatic,Saloon,green
Suzuki,Wagon R,2024.0,2.0,4000.0,650.0,Yakkala,Reconditioned,Petrol,Automatic,Hatchback,silver
Nissan,Sunny,2001.0,25.0,154000.0,1490.0,Kurunegala,Used,Petrol,Automatic,Saloon,white
Toyota,Aqua,2011.0,15.0,75000.0,1300.0,Sri Jayawardenepura Kotte,Used,Petrol,Other,Hatchback,silver
Suzuki,Spacia,2024.0,2.0,0.0,650.0,Kohuwala,Brand New,Petrol,Automatic,Hatchback,black
Suzuki,Swift,2008.0,18.0,132000.0,1300.0,Malabe,Used,Petrol,Automatic,Hatchback,blue
Suzuki,Wagon R,2015.0,11.0,0.0,650.0,Ambalangoda,Used,Hybrid,Automatic,Hatchback,blue
Nissan,March,1995.0,31.0,170000.0,1000.0,Horana,Used,Petrol,Manual,Hatchback,navy
Nissan,FB 15,2003.0,23.0,175000.0,1200.0,Kurunegala,Used,Petrol,Automatic,Saloon,silver
Suzuki,Wagon R,2024.0,2.0,0.0,660.0,Kurunegala,Brand New,Hybrid,Automatic,Station wagon,white
Mitsubishi,eK,2023.0,3.0,14500.0,660.0,Rajagiriya,Brand New,Petrol,Automatic,Hatchback,gray
Suzuki,Alto,2008.0,18.0,0.0,1000.0,Ambalangoda,Used,Petrol,Manual,Hatchback,black
Suzuki,Wagon R,2023.0,3.0,0.0,660.0,Moratuwa,Used,Petrol,Automatic,Hatchback,white
BMW,3 Series,2018.0,8.0,74442.0,1490.0,Dalugama,Used,Petrol,Automatic,Sedan,white
Toyota,Vios,2003.0,23.0,0.0,1300.0,Buttala,Used,Petrol,Automatic,Hatchback,other
Audi,A1,2017.0,9.0,69297.0,990.0,Ambalangoda,Used,Petrol,Automatic,Hatchback,red
Toyota,Premio,2016.0,10.0,170000.0,1500.0,Nikaweratiya,Used,Petrol,Automatic,Hatchback,white
Honda,Grace,2016.0,10.0,164000.0,1500.0,Anuradhapura,Used,Hybrid,Automatic,Sedan,black
Suzuki,Maruti,2011.0,15.0,0.0,800.0,Mirigama,Used,Petrol,Manual,Hatchback,other
Suzuki,Wagon R,2018.0,8.0,83000.0,650.0,Ambalangoda,Used,Hybrid,Automatic,Hatchback,white
Toyota,Axio,2007.0,19.0,123456.0,,Mahiyanganaya,Used,Petrol,Automatic,Saloon,silver
Suzuki,Celerio,2016.0,10.0,0.0,996.0,Kadawatha,Used,Petrol,Automatic,Hatchback,white
Toyota,Aqua,2012.0,14.0,119000.0,1500.0,Anuradhapura,Used,Hybrid,Automatic,Hatchback,white
Toyota,Premio,2020.0,6.0,68000.0,1500.0,Makola,Used,Petrol,Automatic,Liftback,white
Suzuki,Spacia,2015.0,11.0,93000.0,660.0,Nugegoda,Used,Petrol,Automatic,Saloon,white
Suzuki,Wagon R,2023.0,3.0,11895.0,650.0,Gampaha,Reconditioned,Petrol,Automatic,Hatchback,blue
Audi,A3,2023.0,3.0,0.0,1984.0,Sapugaskanda,Brand New,Petrol,Automatic,Sedan,black
Toyota,Axio,2012.0,14.0,81000.0,1500.0,Kottawa,Used,Petrol,Automatic,Saloon,white
Nissan,Dayz,2023.0,3.0,0.0,660.0,Embilipitiya,Reconditioned,Hybrid,Automatic,Hatchback,blue
Toyota,Vitz,2017.0,9.0,130000.0,990.0,Kadawatha,Used,Petrol,Automatic,Hatchback,black
Nissan,Sunny,2002.0,24.0,91000.0,1500.0,Kelaniya,Used,Petrol,Manual,Saloon,silver
Toyota,Prius,2013.0,13.0,115000.0,1800.0,Maharagama,Used,Hybrid,Automatic,Saloon,white
Toyota,Axio,2017.0,9.0,125470.0,1430.0,Kirindiwela,Used,Hybrid,Automatic,Saloon,white
Toyota,Tercel,1997.0,29.0,148000.0,1300.0,Kurunegala,Used,Petrol,Automatic,Saloon,white
Toyota,Aqua,2015.0,11.0,0.0,1500.0,Horana,Used,Hybrid,Automatic,Hatchback,orange
Toyota,Premio,2017.0,9.0,86000.0,1500.0,Kurunegala,Used,Petrol,Automatic,Saloon,white
Toyota,Corolla,1991.0,35.0,125580.0,1970.0,Maharagama,Used,Diesel,Automatic,Saloon,gray
Toyota,Vitz,2018.0,8.0,10098.0,990.0,Polonnaruwa,Used,Petrol,Automatic,Hatchback,white
Suzuki,Alto,2014.0,12.0,125000.0,800.0,Gampaha,Used,Petrol,Manual,Hatchback,gray
Nissan,Dayz,2023.0,3.0,6900.0,660.0,Kiribathgoda,Used,Petrol,Automatic,Station wagon,white
Toyota,Premio,2014.0,12.0,136000.0,1500.0,Narammala,Used,Petrol,Automatic,Hatchback,maroon
Mitsubishi,Lancer,1990.0,36.0,0.0,1300.0,Anuradhapura,Used,Petrol,Manual,Liftback,white
Suzuki,Alto,2006.0,20.0,139000.0,800.0,Diyabeduma,Used,Petrol,Manual,Hatchback,red
Toyota,Yaris,2024.0,2.0,11500.0,1200.0,Gampaha,Reconditioned,Petrol,Automatic,Hatchback,black
Toyota,Axio,2007.0,19.0,171136.0,1500.0,Sravasthipura,Used,Petrol,Automatic,Liftback,silver
Suzuki,Estilo,2011.0,15.0,65000.0,650.0,Batticaloa,Used,Petrol,Manual,Hatchback,white
Mazda,Flair,2023.0,3.0,38000.0,660.0,Kotte,Reconditioned,Hybrid,Automatic,Hatchback,white
Mazda,Familia,2002.0,24.0,250523.0,1500.0,Moratuwa,Used,Petrol,Automatic,Sedan,white
Hyundai,Accent,2001.0,25.0,158100.0,1500.0,Kadawatha,Used,Petrol,Automatic,Saloon,blue
Toyota,Prius,2014.0,12.0,133000.0,1600.0,Ambalangoda,Used,Hybrid,Automatic,Liftback,black
Toyota,Prius,2011.0,15.0,,1800.0,Malabe,Used,Hybrid,Automatic,Hatchback,white
Honda,Fit,2014.0,12.0,148000.0,1330.0,Ambalangoda,Used,Hybrid,Automatic,Hatchback,blue
Toyota,Vitz,2015.0,11.0,170000.0,1000.0,Kadawatha,Used,Petrol,Automatic,Hatchback,black
Hyundai,Eon,2017.0,9.0,48000.0,800.0,Kalmunai,Used,Petrol,Automatic,Liftback,white
Mitsubishi,eK,2023.0,3.0,6600.0,660.0,Kottawa,Reconditioned,Petrol,Automatic,Hatchback,silver
Toyota,Corolla,2003.0,23.0,180000.0,1500.0,Maharagama,Used,Petrol,Automatic,Hatchback,black
Toyota,Corolla,2000.0,26.0,97000.0,1295.0,Nuwara Eliya,Used,Petrol,Automatic,Sedan,silver
Suzuki,Wagon R,2015.0,11.0,150000.0,650.0,Narammala,Used,Hybrid,Automatic,Station wagon,white
Suzuki,Wagon R,2025.0,1.0,0.0,650.0,Wattala,Brand New,Petrol,Automatic,Hatchback,white
Nissan,Sunny,1986.0,40.0,1000.0,1500.0,Negombo,Used,Petrol,Manual,Saloon,white
Nissan,Pulsar,1987.0,39.0,0.0,1480.0,Ambalangoda,Used,Petrol,Manual,Sedan,white
Suzuki,Celerio,2016.0,10.0,116000.0,1000.0,Kadawatha,Used,Petrol,Automatic,Hatchback,white
Daihatsu,Mira,2023.0,3.0,3000.0,650.0,Kurunegala,Brand New,Petrol,Automatic,Hatchback,blue
Toyota,Corolla,2000.0,26.0,200000.0,1500.0,Kottawa,Used,Petrol,Automatic,Saloon,blue
Toyota,Vitz,2007.0,19.0,163000.0,1300.0,Badulla,Used,Petrol,Automatic,Station wagon,silver
KIA,Cerato,2012.0,14.0,90000.0,1500.0,Moratuwa,Used,Petrol,Automatic,Saloon,red
Toyota,Allion,2019.0,7.0,58000.0,1500.0,Negombo,Used,Petrol,Automatic,Liftback,white
Toyota,Allion,2003.0,23.0,0.0,1200.0,Anuradhapura,Used,Petrol,Manual,Saloon,black
Suzuki,Wagon R,2017.0,9.0,190000.0,660.0,Colombo Fort (Colombo 01),Used,Hybrid,Automatic,Hatchback,white
Honda,Accord,2013.0,13.0,0.0,1500.0,Mawanella,Used,Hybrid,Automatic,Saloon,white
Toyota,Vitz,2007.0,19.0,0.0,1300.0,Kurunegala,Used,Petrol,Automatic,Hatchback,black
Toyota,Prius,2011.0,15.0,180000.0,1800.0,Kolonnawa,Reconditioned,Petrol,Automatic,Sedan,silver
Honda,Grace,2014.0,12.0,130000.0,1500.0,Hettipola,Used,Hybrid,Automatic,Saloon,white
Suzuki,Wagon R,2023.0,3.0,6500.0,650.0,Kurunegala,Used,Petrol,Automatic,Hatchback,white
Toyota,Prius,2013.0,13.0,195000.0,1600.0,Ambalangoda,Used,Hybrid,Automatic,Liftback,white
Toyota,Prius,2011.0,15.0,180000.0,1800.0,Ambalangoda,Used,Petrol,Automatic,Liftback,black
Suzuki,Wagon R,2025.0,1.0,0.0,998.0,Cinnamon Garden (Colombo 07),Brand New,Petrol,Automatic,Hatchback,silver
Honda,N WGN,2017.0,9.0,125450.0,650.0,Ambalangoda,Used,Petrol,Automatic,Hatchback,silver
Suzuki,Maruti,2006.0,20.0,85000.0,800.0,Borella (Colombo 08),Used,Petrol,Manual,Liftback,silver
Suzuki,Alto,2005.0,21.0,0.0,1400.0,Kirulapone,Used,Petrol,Manual,Hatchback,white
Daihatsu,Taft,2025.0,1.0,1500.0,660.0,Matara,Brand New,Petrol,Automatic,,green
Perodua,Kelisa,2007.0,19.0,75000.0,1000.0,Peradeniya,Used,Petrol,Automatic,Liftback,silver
Nissan,Sunny,1992.0,34.0,0.0,1000.0,Katunayake,Used,Petrol,Manual,Saloon,other
Suzuki,Wagon R,2015.0,11.0,158000.0,650.0,Batticaloa,Used,Petrol,Automatic,Sedan,red
Suzuki,Spacia,2023.0,3.0,0.0,660.0,Kottawa,Brand New,Petrol,Automatic,Hatchback,other
Toyota,Aqua,2012.0,14.0,260000.0,1000.0,Colombo Fort (Colombo 01),Used,Petrol,Automatic,Hatchback,white
Suzuki,Swift,2011.0,15.0,105455.0,1400.0,Maharagama,Used,Petrol,Automatic,Liftback,red
Toyota,Aqua,2012.0,14.0,164000.0,1500.0,Ambalangoda,Used,Hybrid,Automatic,Hatchback,yellow
Toyota,Vitz,2015.0,11.0,91634.0,1000.0,Moratuwa,Used,Petrol,Automatic,Hatchback,white
Audi,A3,2023.0,3.0,20000.0,1000.0,Balapitiya,Reconditioned,Petrol,Automatic,Sedan,black
Honda,Grace,2016.0,10.0,155000.0,1496.0,Nittambuwa,Used,Petrol,Automatic,Liftback,gray
Toyota,Yaris Ativ,2017.0,9.0,85000.0,1329.0,Kadawatha,Used,Petrol,Manual,Saloon,black
Nissan,Leaf,2014.0,12.0,72000.0,,Kurunegala,Used,Electric,Automatic,Liftback,gray
Suzuki,Alto,2015.0,11.0,112877.0,800.0,Dehiwala,Used,Petrol,Manual,Liftback,brown
Daihatsu,Boon,2017.0,9.0,83000.0,1000.0,Marawila,Used,Petrol,Automatic,Hatchback,blue
Toyota,Axio,2017.0,9.0,90000.0,1500.0,Malabe,Used,Hybrid,Automatic,Saloon,white
Suzuki,Wagon R,2017.0,9.0,164000.0,650.0,Ambalangoda,Used,Hybrid,Automatic,Hatchback,blue
Suzuki,Hustler,2016.0,10.0,147000.0,650.0,Ambalangoda,Used,Petrol,Automatic,Hatchback,yellow
Toyota,Axio,2017.0,9.0,130000.0,1400.0,Minuwangoda,Used,Petrol,Automatic,Saloon,white
Toyota,Starlet,1997.0,29.0,80000.0,1500.0,Kuliyapitiya,Used,Diesel,Automatic,Hatchback,white
Mitsubishi,Lancer,2003.0,23.0,100000.0,1800.0,Kottawa,Used,Petrol,Automatic,Saloon,blue
Toyota,Corona,1998.0,28.0,180000.0,1600.0,Ragama,Used,Petrol,Automatic,Sedan,white
Suzuki,Zen,2010.0,16.0,124800.0,1000.0,Kaduwela,Used,Petrol,Manual,Liftback,red
Nissan,Primera,2001.0,25.0,140000.0,1800.0,Kegalle,Used,Petrol,Automatic,Sedan,blue
Suzuki,Wagon R,2015.0,11.0,75000.0,650.0,Katugastota,Used,Petrol,Manual,Station wagon,black
Suzuki,Wagon R,2018.0,8.0,100000.0,650.0,Maharagama,Used,Petrol,Automatic,Hatchback,white
Suzuki,Maruti,2011.0,15.0,0.0,650.0,Akuressa,Used,Petrol,Manual,,maroon
Toyota,Starlet,1996.0,30.0,280000.0,1490.0,Dematagoda (Colombo 09),Used,Diesel,Automatic,Hatchback,white
Toyota,Vios,2003.0,23.0,190000.0,1500.0,Kaduwela,Used,Petrol,Other,Saloon,black
Suzuki,Celerio,2017.0,9.0,110000.0,1000.0,Kotikawatta,Used,Petrol,Automatic,,white
Suzuki,Wagon R,2024.0,2.0,17000.0,650.0,Kottawa,Brand New,Petrol,Automatic,Station wagon,black
Suzuki,Swift,2004.0,22.0,250000.0,1000.0,Monaragala,Used,Petrol,Manual,Sedan,blue
Toyota,Premio,2011.0,15.0,0.0,1600.0,Ambalangoda,Used,Petrol,Automatic,Saloon,brown
Suzuki,Alto,2015.0,11.0,86000.0,650.0,Kurunegala,Used,Petrol,Manual,Hatchback,black
Suzuki,Alto,2015.0,11.0,78000.0,800.0,Kalmunai,Used,Petrol,Manual,Liftback,silver
Nissan,FB 15,1999.0,27.0,338000.0,1490.0,Ambalangoda,Used,Petrol,Automatic,Saloon,white
Nissan,Dayz,2016.0,10.0,0.0,660.0,Ambalangoda,Used,Petrol,Automatic,Hatchback,white
Suzuki,Swift,2017.0,9.0,1500.0,1500.0,Nugegoda,Reconditioned,Petrol,Automatic,Hatchback,blue
Toyota,Passo,2024.0,2.0,140009.0,1000.0,Kelaniya,Brand New,Petrol,Automatic,,pink
Toyota,Yaris,2024.0,2.0,15000.0,1500.0,Peliyagoda,Used,Hybrid,Automatic,Hatchback,black
Suzuki,Spacia,2025.0,1.0,0.0,650.0,Kurunegala,Brand New,Hybrid,Automatic,Hatchback,silver
Honda,Civic,2002.0,24.0,155000.0,1700.0,Piliyandala,Used,Petrol,Automatic,Sedan,blue
Suzuki,Every,2018.0,8.0,75000.0,1000.0,Pallewela,Used,Petrol,Other,Station wagon,white
Suzuki,Maruti,2000.0,26.0,60000.0,800.0,Malabe,Used,Petrol,Manual,Hatchback,black
Honda,Grace,2015.0,11.0,120000.0,1500.0,Anuradhapura,Used,Hybrid,Automatic,Liftback,white
Suzuki,Celerio,2015.0,11.0,85300.0,1000.0,Kalmunai,Used,Petrol,Automatic,Hatchback,silver
Suzuki,Wagon R,2018.0,8.0,61000.0,650.0,Malabe,Used,Petrol,Automatic,Hatchback,black
Toyota,Carina,2008.0,18.0,0.0,1500.0,Anuradhapura,Used,Petrol,Manual,Hatchback,other
Suzuki,Alto,2017.0,9.0,80000.0,650.0,Kurunegala,Used,Hybrid,Automatic,Hatchback,blue
Toyota,Allion,2010.0,16.0,121000.0,1500.0,Panadura,Used,Petrol,Automatic,Saloon,maroon
Suzuki,Wagon R,2023.0,3.0,0.0,650.0,Kurunegala,Brand New,Hybrid,Automatic,Hatchback,gray
Nissan,FB 15,1999.0,27.0,100000.0,1500.0,Ambalangoda,Used,Petrol,Automatic,Saloon,blue
Renault,KWID,2017.0,9.0,70000.0,800.0,Batticaloa,Used,Petrol,Manual,Hatchback,white
Nissan,Dayz,2023.0,3.0,0.0,660.0,Ja-Ela,Brand New,Petrol,Automatic,Liftback,white
Toyota,Vitz,2007.0,19.0,114000.0,1000.0,Kadawatha,Used,Petrol,Automatic,Hatchback,purple
Suzuki,Alto,2011.0,15.0,105000.0,800.0,Kiribathgoda,Used,Petrol,Manual,Hatchback,red
Suzuki,Swift,2024.0,2.0,0.0,1500.0,Kohuwala,Brand New,Petrol,Automatic,Hatchback,white
Toyota,Axio,2011.0,15.0,133000.0,1500.0,Kurunegala,Used,Petrol,Automatic,Liftback,white
Nissan,Pulsar,1997.0,29.0,0.0,1500.0,Godakawela,Used,Petrol,Manual,Hatchback,black
Daihatsu,Mira,2023.0,3.0,3900.0,660.0,Divulapitiya,Brand New,Petrol,Automatic,Hatchback,white
Nissan,March,2003.0,23.0,201000.0,1300.0,Piliyandala,Used,Petrol,Automatic,Hatchback,blue
Toyota,Prius,2012.0,14.0,78000.0,1800.0,Ragama,Used,Hybrid,Automatic,Sports,white
Suzuki,Wagon R,2018.0,8.0,96000.0,650.0,Ambalangoda,Used,Hybrid,Automatic,Hatchback,black
Suzuki,Celerio,2016.0,10.0,150000.0,996.0,Kadawatha,Used,Petrol,Automatic,Liftback,yellow
Toyota,Vios,2004.0,22.0,180000.0,1500.0,Athurugiriya,Used,Petrol,Manual,Saloon,white
Suzuki,Maruti,2007.0,19.0,131200.0,800.0,Divulapitiya,Used,Petrol,Manual,Saloon,blue
Toyota,Corolla,2019.0,7.0,66800.0,1200.0,Mirigama,Used,Petrol,Automatic,Hatchback,black
Mercedes Benz,E250,2014.0,12.0,63000.0,1991.0,Kandy,Used,Petrol,Automatic,Hatchback,white
Chery,QQ,2007.0,19.0,65900.0,800.0,Padukka,Used,Petrol,Manual,Hatchback,green
Honda,Integra,1998.0,28.0,175000.0,2000.0,Rajagiriya,Brand New,Petrol,Manual,Sports,white
Suzuki,Alto,2005.0,21.0,136000.0,800.0,Kegalle,Used,Petrol,Manual,Liftback,blue
Toyota,Vitz,2007.0,19.0,0.0,1300.0,Ambalangoda,Used,Petrol,Automatic,Hatchback,white
Toyota,Passo,2017.0,9.0,71000.0,760.0,Kegalle,Used,Petrol,Automatic,Hatchback,blue
Honda,Fit,2011.0,15.0,190000.0,1300.0,Ambalangoda,Used,Hybrid,Automatic,Hatchback,yellow
Honda,Grace,2016.0,10.0,156000.0,1500.0,Ambalangoda,Used,Hybrid,Automatic,Sedan,red
Suzuki,Alto,2009.0,17.0,184000.0,796.0,Pasyala,Used,Petrol,Manual,Hatchback,maroon
Honda,Grace,2015.0,11.0,135000.0,1500.0,Ragama,Used,Hybrid,Automatic,Sedan,white
Suzuki,Spacia,2018.0,8.0,130000.0,660.0,Pannipitiya,Used,Hybrid,Automatic,Sedan,blue
Toyota,Vitz,2016.0,10.0,125000.0,990.0,Wadduwa,Used,Petrol,Automatic,Hatchback,black
Toyota,Aqua,2012.0,14.0,0.0,1500.0,Ambalangoda,Used,Hybrid,Automatic,Liftback,blue
Micro,Panda Cross,2017.0,9.0,85000.0,1300.0,Ambalangoda,Used,Petrol,Automatic,Hatchback,black
Suzuki,Wagon R,2024.0,2.0,2800.0,660.0,Ambalangoda,Brand New,Hybrid,Automatic,Hatchback,blue
Suzuki,Maruti,2011.0,15.0,120000.0,800.0,Kegalle,Used,Petrol,Manual,Hatchback,orange
Mitsubishi,Lancer,1989.0,37.0,190000.0,1200.0,Peradeniya,Used,Petrol,Manual,Sedan,white
Mazda,Flair,2024.0,2.0,22000.0,660.0,Borella (Colombo 08),Brand New,Hybrid,Automatic,Hatchback,blue
Honda,Fit,2015.0,11.0,143000.0,1500.0,Pita Kotte,Used,Hybrid,Automatic,Hatchback,red
Suzuki,Wagon R,2017.0,9.0,84000.0,650.0,Horana,Used,Hybrid,Automatic,Station wagon,white
Toyota,Vitz,2017.0,9.0,166000.0,1000.0,Minuwangoda,Used,Petrol,Automatic,Hatchback,silver
Suzuki,Celerio,2015.0,11.0,0.0,1000.0,Agalawatta,Used,Petrol,Automatic,Hatchback,silver
Micro,Panda,2012.0,14.0,94000.0,1000.0,Akkaraipattu,Used,Petrol,Manual,Hatchback,white
Chevrolet,Cruze,2003.0,23.0,154000.0,1330.0,Kotagala,Used,Petrol,Automatic,Hatchback,silver
Toyota,Passo,2005.0,21.0,121000.0,1000.0,Gampaha,Used,Petrol,Automatic,Saloon,green
Suzuki,Wagon R,2025.0,1.0,0.0,660.0,Kohuwala,Brand New,Petrol,Automatic,,white
Toyota,Premio,2014.0,12.0,0.0,1500.0,Ambalangoda,Used,Petrol,Automatic,Sedan,white
Austin,Mini,,,200000.0,1000.0,Matale,Used,Petrol,Manual,Hatchback,black
Nissan,Dayz,2023.0,3.0,6600.0,660.0,Kottawa,Brand New,Petrol,Automatic,Hatchback,white
Toyota,Mark II,2001.0,25.0,88750.0,2000.0,Ambalangoda,Used,Petrol,Automatic,Saloon,silver
Micro,Panda,2012.0,14.0,88345.0,1300.0,Wennappuwa,Used,Petrol,Other,Hatchback,white
Honda,Fit,2014.0,12.0,229000.0,1490.0,Colombo Fort (Colombo 01),Used,Petrol,Automatic,Hatchback,black
Toyota,Aqua,2014.0,12.0,90905.0,1500.0,Ambalangoda,Used,Petrol,Automatic,Hatchback,blue
Suzuki,Alto,2015.0,11.0,122000.0,1000.0,Kotahena (Colombo 13),Used,Petrol,Automatic,Liftback,gray
Toyota,Aqua,2012.0,14.0,190000.0,1496.0,Ambalangoda,Used,Hybrid,Automatic,Hatchback,black
Suzuki,Baleno,2016.0,10.0,123000.0,1200.0,Godagama,Used,Petrol,Automatic,Hatchback,black
Suzuki,Swift,2004.0,22.0,0.0,1300.0,Ambalangoda,Used,Petrol,Automatic,Hatchback,black
Toyota,Premio,2014.0,12.0,150000.0,1500.0,Ambalangoda,Used,Petrol,Automatic,Sedan,brown
Suzuki,Wagon R,2015.0,11.0,152000.0,1500.0,Boralesgamuwa,Used,Hybrid,Automatic,Liftback,blue
Audi,A3,2023.0,3.0,19500.0,1000.0,Kiribathgoda,Reconditioned,Petrol,Automatic,Saloon,blue
Toyota,Prius,2016.0,10.0,104723.0,1800.0,Ratmalana,Used,Hybrid,Automatic,Liftback,white
BMW,4 Series,2016.0,10.0,40000.0,2000.0,Kahawatta,Used,Petrol,Automatic,Saloon,black
Toyota,Premio,2013.0,13.0,139000.0,1500.0,Kalutara,Used,Petrol,Automatic,Hatchback,white
Toyota,Belta,2008.0,18.0,167000.0,1300.0,Ambalangoda,Used,Petrol,Automatic,Saloon,blue
Suzuki,Alto,2015.0,11.0,82500.0,998.0,Dematagoda (Colombo 09),Used,Petrol,Automatic,Liftback,blue
Audi,A3,2023.0,3.0,11500.0,1000.0,Kelaniya,Reconditioned,Petrol,Automatic,Convertible,white
Mitsubishi,Lancer,2002.0,24.0,100000.0,3000.0,Kurunegala,Reconditioned,Petrol,Manual,Sedan,blue
Toyota,Aqua,2015.0,11.0,145000.0,1500.0,Ambalangoda,Used,Petrol,Automatic,Hatchback,white
Suzuki,Alto,2015.0,11.0,126000.0,800.0,Ambalangoda,Used,Petrol,Manual,Hatchback,blue
Toyota,Vitz,2018.0,8.0,77900.0,1000.0,Katunayake,Used,Petrol,Automatic,Hatchback,white
Suzuki,Wagon R,2017.0,9.0,150000.0,650.0,Baduraliya,Used,Hybrid,Automatic,Hatchback,black
Tata,Indica,2015.0,11.0,112000.0,1200.0,Batticaloa,Used,Petrol,Manual,Hatchback,maroon
Suzuki,Alto,2014.0,12.0,94161.0,800.0,Kaduwela,Used,Petrol,Manual,Saloon,red
Toyota,Allion,2009.0,17.0,238000.0,1500.0,Ambalangoda,Used,Petrol,Automatic,Sedan,black
Nissan,Wingroad,2006.0,20.0,203000.0,1500.0,Pettah (Colombo 11),Used,Petrol,Automatic,Hatchback,green
Toyota,Prius,2007.0,19.0,200.0,1490.0,Ampitiya,Used,Hybrid,Automatic,Convertible,silver
Toyota,Corolla,1997.0,29.0,185000.0,1330.0,Gampaha,Used,Petrol,Automatic,Saloon,white
Toyota,Axio,2014.0,12.0,126000.0,1499.0,Mirigama,Used,Hybrid,Automatic,Sedan,white
Honda,Fit,2014.0,12.0,109000.0,1500.0,Wellawa,Used,Petrol,Automatic,Liftback,white
Toyota,Yaris,2023.0,3.0,0.0,1000.0,Horana,Brand New,Petrol,Automatic,,black
Suzuki,Wagon R,2007.0,19.0,1000.0,1500.0,Piliyandala,Used,Petrol,Manual,Hatchback,white
Toyota,DX Wagon,1986.0,40.0,0.0,1300.0,Pelmadulla,Used,Petrol,Manual,Saloon,white
Suzuki,Alto,2016.0,10.0,107000.0,800.0,Ambalangoda,Used,Petrol,Manual,Hatchback,red
Toyota,Prius,2014.0,12.0,155000.0,1600.0,Ambalangoda,Used,Hybrid,Automatic,Liftback,brown
Toyota,Allion,2010.0,16.0,212000.0,1500.0,Athurugiriya,Brand New,Petrol,Automatic,Saloon,beige
Suzuki,Wagon R,2025.0,1.0,0.0,650.0,Maradana (Colombo 10),Brand New,Hybrid,Automatic,Hatchback,white
Hyundai,Getz,2003.0,23.0,190000.0,1400.0,Batticaloa,Used,Petrol,Automatic,Hatchback,maroon
Suzuki,Spacia,2016.0,10.0,53600.0,670.0,Kandana,Used,Hybrid,Automatic,Station wagon,gray
Suzuki,Wagon R,2018.0,8.0,22.14,650.0,Welimada,Used,Hybrid,Automatic,Hatchback,white
Suzuki,Alto,2012.0,14.0,147000.0,800.0,Adampan,Used,Petrol,Manual,Hatchback,maroon
Toyota,Vitz,2007.0,19.0,120000.0,1000.0,Panadura,Reconditioned,Petrol,Automatic,Hatchback,silver
Honda,Fit,2014.0,12.0,120000.0,1500.0,Ambalangoda,Used,Hybrid,Automatic,Hatchback,yellow
Honda,Fit,2013.0,13.0,0.0,1390.0,Boralesgamuwa,Used,Hybrid,Automatic,Hatchback,silver
Audi,A3,2024.0,2.0,4580.0,1000.0,Kalubowila,Used,Petrol,Automatic,Saloon,blue
Toyota,Vitz,2018.0,8.0,76000.0,1000.0,Boralesgamuwa,Used,Petrol,Automatic,Sports,black
Suzuki,Wagon R,2023.0,3.0,123.0,660.0,Dunagaha,Brand New,Hybrid,Automatic,Sedan,white
Toyota,Starlet,1998.0,28.0,100000.0,1330.0,Kuliyapitiya,Used,Petrol,Automatic,Hatchback,white
Daihatsu,Charade,1990.0,36.0,14000.0,1000.0,Kandy,Used,Petrol,Manual,Hatchback,white
Suzuki,Wagon R,2016.0,10.0,69000.0,650.0,Ambalangoda,Used,Petrol,Automatic,Hatchback,beige
Honda,Odyssey,2000.0,26.0,200000.0,2000.0,Borella (Colombo 08),Used,Petrol,Automatic,Station wagon,gold
Toyota,Vitz,2010.0,16.0,91000.0,650.0,Panadura,Used,Petrol,Automatic,Hatchback,black
Perodua,Elite,2010.0,16.0,125000.0,1000.0,Kurunegala,Used,Petrol,Automatic,Hatchback,green
Honda,Insight,2009.0,17.0,18000.0,1330.0,Ambalangoda,Used,Hybrid,Automatic,Liftback,blue
Zotye,Z100,2017.0,9.0,65000.0,800.0,Bandaragama,Used,Petrol,Manual,Hatchback,white
Honda,CRX,1991.0,35.0,140000.0,1500.0,Ja-Ela,Used,Petrol,Manual,Liftback,white
Toyota,Vitz,2014.0,12.0,139000.0,1000.0,Veyangoda,Used,Petrol,Automatic,Hatchback,blue
Suzuki,Alto,2000.0,26.0,0.0,650.0,Panadura,Used,Petrol,Automatic,Liftback,white
Nissan,Roox,2023.0,3.0,2000.0,660.0,Embilipitiya,Reconditioned,Petrol,Automatic,Hatchback,blue
Nissan,Roox,2025.0,1.0,200.0,660.0,Negombo,Brand New,Petrol,Automatic,Liftback,white
Toyota,Aqua,2014.0,12.0,79500.0,1500.0,Panadura,Used,Hybrid,Automatic,Hatchback,black
Toyota,Aqua,2012.0,14.0,101000.0,1490.0,Maharagama,Used,Hybrid,Automatic,Liftback,silver
Zotye,Z100,2017.0,9.0,37000.0,1000.0,Horana,Used,Petrol,Manual,Hatchback,red
Honda,Grace,2016.0,10.0,158000.0,1500.0,Ambalangoda,Used,Hybrid,Automatic,Sedan,red
Toyota,Premio,2017.0,9.0,90000.0,1500.0,Anuradhapura,Used,Hybrid,Automatic,Hatchback,red
Toyota,Allion,2010.0,16.0,180000.0,1500.0,Gampaha,Used,Petrol,Automatic,Sedan,black
Honda,City,2000.0,26.0,189000.0,1493.0,Monaragala,Used,Petrol,Manual,Hatchback,black
Toyota,Prius,2016.0,10.0,100000.0,1790.0,Katunayake,Reconditioned,Petrol,Automatic,Liftback,white
Toyota,Prius,2014.0,12.0,97000.0,1798.0,Ambalangoda,Used,Hybrid,Automatic,Hatchback,purple
Nissan,Cefiro,1999.0,27.0,210000.0,1500.0,Gampaha,Used,Petrol,Automatic,Sedan,blue
Suzuki,Wagon R,2018.0,8.0,90000.0,650.0,Nikaweratiya,Used,Petrol,Automatic,Hatchback,white
Daihatsu,Taft,2024.0,2.0,3500.0,,Kadawatha,Brand New,Petrol,Automatic,Hatchback,green
Mazda,Familia,2001.0,25.0,0.0,1005.0,Meegoda,Used,Petrol,Manual,Saloon,blue
Suzuki,Wagon R,2018.0,8.0,97000.0,650.0,Anuradhapura,Used,Petrol,Manual,Liftback,white
Suzuki,Wagon R,2023.0,3.0,0.0,1500.0,Kotte,Brand New,Petrol,Automatic,Hatchback,white
Perodua,Axia,2017.0,9.0,111000.0,1000.0,Kadawatha,Used,Petrol,Automatic,Hatchback,white
Toyota,Passo,2023.0,3.0,6600.0,660.0,Kottawa,Reconditioned,Petrol,Automatic,Hatchback,silver
Honda,Insight,2011.0,15.0,176000.0,1300.0,Galle,Used,Hybrid,Automatic,,silver
Renault,KWID,2016.0,10.0,72000.0,800.0,Athurugiriya,Used,Petrol,Manual,Hatchback,gray
Toyota,Aqua,2015.0,11.0,82000.0,1500.0,Maharagama,Used,Hybrid,Automatic,Liftback,black
Nissan,FB 15,2000.0,26.0,100000.0,1300.0,Kaduwela,Used,Petrol,Manual,Hatchback,white
Honda,N WGN,2017.0,9.0,81500.0,660.0,Gunnepana,Used,Petrol,Automatic,Station wagon,blue
Toyota,Carina,1999.0,27.0,165000.0,1500.0,Kuliyapitiya,Used,Petrol,Automatic,Saloon,silver
Nissan,Sunny,2010.0,16.0,184825.0,1000.0,Kaduwela,Used,Petrol,Automatic,Sports,gray
Suzuki,Alto,2010.0,16.0,90367.0,800.0,Hali Ela,Used,Petrol,Manual,Hatchback,blue
Toyota,Custom,2024.0,2.0,2500.0,690.0,Kurunegala,Brand New,Hybrid,Automatic,Hatchback,white
Ford,Laser,1993.0,33.0,238000.0,1300.0,Piliyandala,Used,Petrol,Manual,Sedan,blue
Suzuki,Celerio,2016.0,10.0,94000.0,1000.0,Kadawatha,Used,Petrol,Automatic,Hatchback,red
Toyota,Prius,2008.0,18.0,0.0,1490.0,Embilipitiya,Used,Petrol,Automatic,Convertible,silver
Toyota,Prius,2012.0,14.0,136000.0,1800.0,Maharagama,Used,Hybrid,Automatic,Sedan,silver
Mitsubishi,eK,2023.0,3.0,6600.0,660.0,Kottawa,Brand New,Petrol,Automatic,Hatchback,silver
Mitsubishi,eK,2023.0,3.0,6600.0,660.0,Kottawa,Reconditioned,Petrol,Automatic,Hatchback,silver
Toyota,Axio,2015.0,11.0,52000.0,1490.0,Gampaha,Used,Petrol,Automatic,Sedan,other
Toyota,Premio,2019.0,7.0,65000.0,1500.0,Ambalangoda,Used,Petrol,Automatic,Sedan,red
Suzuki,Maruti,2006.0,20.0,45000.0,796.0,Dehiowita,Used,Petrol,Manual,Hatchback,maroon
Toyota,Premio,2015.0,11.0,97000.0,1500.0,Panadura,Used,Petrol,Automatic,Saloon,black
Nissan,Dayz,2023.0,3.0,0.0,650.0,Kohuwala,Brand New,Petrol,Automatic,Hatchback,blue
Toyota,Passo,2010.0,16.0,87275.0,1000.0,Ragama,Used,Petrol,Automatic,Saloon,red
Mazda,Familia,1995.0,31.0,,1498.0,Horana,Used,Petrol,Other,Saloon,black
Datsun,Redi Go,2016.0,10.0,0.0,800.0,Panadura,Used,Petrol,Manual,Liftback,green
Nissan,N 16,2004.0,22.0,0.0,1500.0,Maharagama,Used,Petrol,Automatic,Saloon,maroon
Suzuki,Wagon R,2024.0,2.0,0.0,650.0,Negombo,Brand New,Petrol,Automatic,Hatchback,gray
Nissan,Note,2023.0,3.0,500.0,1198.0,Anuradhapura,Brand New,Petrol,Automatic,Hatchback,purple
Perodua,Axia,2016.0,10.0,79000.0,1000.0,Piliyandala,Used,Petrol,Automatic,Hatchback,green
Honda,Civic,2003.0,23.0,0.0,1700.0,Ambalangoda,Used,Petrol,Automatic,Saloon,blue
Honda,Fit,2011.0,15.0,110000.0,1339.0,Moratuwa,Used,Petrol,Automatic,Hatchback,silver
Honda,N BOX,2023.0,3.0,0.0,650.0,Colombo Fort (Colombo 01),Brand New,Petrol,Automatic,Hatchback,white
Nissan,Dayz,2024.0,2.0,3400.0,650.0,Kadawatha,Brand New,Petrol,Automatic,Hatchback,gray
BMW,7 Series,2014.0,12.0,73000.0,3000.0,Ambalangoda,Used,Hybrid,Automatic,Sedan,black
Suzuki,Spacia,2025.0,1.0,0.0,650.0,Negombo,Brand New,Hybrid,Automatic,Hatchback,white
Mercedes Benz,C200,2019.0,7.0,6251.0,1500.0,Ratmalana,Used,Petrol,Automatic,Sedan,red
Daihatsu,Move,2023.0,3.0,0.0,660.0,Embilipitiya,Reconditioned,Petrol,Automatic,Hatchback,white
Toyota,Premio,2010.0,16.0,235000.0,1790.0,Borella (Colombo 08),Used,Petrol,Automatic,Saloon,silver
Suzuki,Swift,2003.0,23.0,0.0,1328.0,Ambalangoda,Used,Petrol,Automatic,Hatchback,silver
Daihatsu,Taft,2023.0,3.0,0.0,660.0,Rajagiriya,Brand New,Petrol,Automatic,Convertible,other
Toyota,Premio,2016.0,10.0,139000.0,1500.0,Nugegoda,Used,Petrol,Automatic,Liftback,white
Daihatsu,Mira,2024.0,2.0,0.0,650.0,Nittambuwa,Brand New,Petrol,Automatic,Hatchback,silver
Suzuki,Wagon R,2016.0,10.0,76000.0,650.0,Kurunegala,Used,Petrol,Manual,Station wagon,white
Daihatsu,Mira,2024.0,2.0,3500.0,690.0,Kurunegala,Brand New,Hybrid,Automatic,Hatchback,red
Toyota,Axio,2007.0,19.0,0.0,1200.0,Nikaweratiya,Used,Petrol,Automatic,Hatchback,gray
Nissan,Sylphy,2014.0,12.0,87000.0,1790.0,Nugegoda,Used,Petrol,Automatic,Saloon,black
BYD,Dolphin,2025.0,1.0,16000.0,,Kesbewa,Used,Petrol,Automatic,Hatchback,gray
Suzuki,Wagon R,2016.0,10.0,139000.0,660.0,Wadduwa,Used,Petrol,Automatic,Hatchback,silver
Nissan,March,1997.0,29.0,135000.0,1000.0,Mount Lavinia,Used,Petrol,Automatic,Hatchback,white
Honda,Aria,2004.0,22.0,190000.0,1500.0,Beruwala,Used,Petrol,Tiptronic,Sedan,silver
Suzuki,Wagon R,2018.0,8.0,120000.0,660.0,Boralesgamuwa,Used,Hybrid,Automatic,Hatchback,silver
Honda,Accord,2013.0,13.0,0.0,1500.0,Nawala,Used,Petrol,Automatic,Liftback,white
Honda,Grace,2017.0,9.0,130000.0,1500.0,Wellawatta (Colombo 06),Excellent running condition,Petrol,Automatic,Hatchback,white
Suzuki,Alto,2015.0,11.0,125000.0,800.0,Balana,Used,Petrol,Manual,Liftback,gray
Suzuki,Maruti,2007.0,19.0,67500.0,800.0,Ratnapura,Used,Petrol,Manual,Hatchback,blue
Toyota,Aqua,2014.0,12.0,110000.0,1500.0,Ambalangoda,Used,Petrol,Automatic,Hatchback,white
Suzuki,Wagon R,2016.0,10.0,90000.0,650.0,Matara,Reconditioned,Petrol,Automatic,Hatchback,red
Toyota,Carina,1999.0,27.0,200000.0,1500.0,Gampaha,Used,Petrol,Automatic,Saloon,white
Toyota,Corolla,2006.0,20.0,128000.0,1600.0,Anuradhapura,Used,Petrol,Automatic,Liftback,blue
Suzuki,Wagon R,2024.0,2.0,600.0,660.0,Borella (Colombo 08),Brand New,Petrol,Automatic,Hatchback,blue
Toyota,Pixis,2019.0,7.0,140000.0,1000.0,Anuradhapura,Used,Petrol,Automatic,Hatchback,blue
Toyota,Corolla,2001.0,25.0,0.0,1500.0,Matale,Used,Petrol,Automatic,Saloon,black
Toyota,Corolla,1999.0,27.0,,1500.0,Kuliyapitiya,Used,Petrol,Automatic,Sedan,white
Nissan,Dayz,2018.0,8.0,42400.0,660.0,Matara,Used,Petrol,Automatic,Hatchback,white
Mitsubishi,Lancer,2002.0,24.0,0.0,1500.0,Yakkala,Used,Petrol,Manual,Liftback,red
Suzuki,Wagon R,2018.0,8.0,74000.0,1000.0,Kohuwala,Used,Petrol,Automatic,Hatchback,white
Honda,Grace,2015.0,11.0,146000.0,1490.0,Dehiwala,Used,Hybrid,Tiptronic,Sedan,white
Suzuki,Swift,2017.0,9.0,93000.0,1000.0,Galle,Used,Petrol,Automatic,Hatchback,white
Suzuki,Alto,2015.0,11.0,68500.0,800.0,Kirillawala,Used,Petrol,Manual,Hatchback,white
Toyota,Yaris,2023.0,3.0,4300.0,1000.0,Nittambuwa,Reconditioned,Hybrid,Automatic,Hatchback,red
Mercedes Benz,A180,2010.0,16.0,165000.0,1234.0,Ampara,Used,Petrol,Automatic,Hatchback,silver
Daihatsu,Mira,2024.0,2.0,0.0,650.0,Nikaweratiya,Used,Petrol,Automatic,Liftback,white
Suzuki,Celerio,2018.0,8.0,40000.0,1000.0,Ambalangoda,Used,Petrol,Manual,Hatchback,orange
Mazda,Flair,2016.0,10.0,140000.0,660.0,Angoda,Used,Petrol,Automatic,Hatchback,silver
Nissan,Sunny,1990.0,36.0,400000.0,1500.0,Kirillawala,Used,Petrol,Manual,Hatchback,white
Suzuki,Spacia,2023.0,3.0,3500.0,690.0,Agaliya,Brand New,Petrol,Automatic,Hatchback,beige
Suzuki,Wagon R,2018.0,8.0,61000.0,650.0,Batticaloa,Used,Hybrid,Automatic,Station wagon,white
Suzuki,Wagon R,2018.0,8.0,0.0,1500.0,Nugegoda,Reconditioned,Petrol,Automatic,Station wagon,white
Suzuki,Wagon R,2025.0,1.0,150.0,660.0,Kalutara,Brand New,Hybrid,Automatic,Hatchback,white
Suzuki,Alto,2016.0,10.0,82000.0,1000.0,Pallewela,Used,Petrol,Other,Station wagon,white
Suzuki,Hustler,2016.0,10.0,85000.0,1000.0,Ambalangoda,Used,Petrol,Automatic,Hatchback,yellow
Mitsubishi,Lancer,1987.0,39.0,0.0,1400.0,Pilimatalawa,Used,Petrol,Manual,,gray
Micro,Panda Cross,2017.0,9.0,0.0,1000.0,Panadura,Used,Petrol,Automatic,Hatchback,white
Daihatsu,Tanto,2023.0,3.0,4200.0,660.0,Dehiwala,Brand New,Petrol,Automatic,Station wagon,white
Suzuki,Wagon R,2025.0,1.0,0.0,660.0,Moratuwa,Brand New,Hybrid,Automatic,Station wagon,white
Nissan,Sunny,1995.0,31.0,0.0,1500.0,Kirulapone,Used,Petrol,Manual,Saloon,maroon
Toyota,Allion,2004.0,22.0,0.0,1500.0,Ja-Ela,Used,Petrol,Automatic,Saloon,red
Suzuki,Alto,2015.0,11.0,200000.0,800.0,Battaramulla,Used,Petrol,Manual,Hatchback,black
Micro,Panda,2012.0,14.0,0.0,1300.0,Panadura,Used,Petrol,Manual,Hatchback,orange
Honda,Fit,2010.0,16.0,146000.0,1333.0,Narammala,Used,Hybrid,Automatic,Liftback,black
Mercedes Benz,C Class,2019.0,7.0,30000.0,1800.0,Ambalangoda,Used,Petrol,Automatic,Saloon,white
Honda,Fit,2013.0,13.0,0.0,1500.0,Ambalangoda,Used,Hybrid,Automatic,Hatchback,blue
Micro,Panda,2011.0,15.0,118000.0,1300.0,Godagama,Used,Petrol,Manual,Hatchback,white
Suzuki,Wagon R,2023.0,3.0,12500.0,660.0,Gampaha,Brand New,Petrol,Automatic,Hatchback,gray
Suzuki,Hustler,2015.0,11.0,85000.0,660.0,Horana,Used,Hybrid,Automatic,Hatchback,maroon
Suzuki,Wagon R,2016.0,10.0,61000.0,1000.0,Kadawatha,Used,Petrol,Automatic,Hatchback,red
Toyota,Corolla,2004.0,22.0,147000.0,1500.0,Malabe,Used,Petrol,Automatic,Saloon,blue
Toyota,Corolla,2002.0,24.0,170000.0,1300.0,Narahenpita (Colombo 05),Used,Petrol,Manual,Sedan,blue
Honda,Fit,2013.0,13.0,0.0,1317.0,Gampaha,Used,Petrol,Automatic,Hatchback,white
Nissan,Tiida,2007.0,19.0,218000.0,1500.0,Moratuwa,Used,Petrol,Automatic,Sedan,beige
Toyota,Allion,2008.0,18.0,94500.0,1490.0,Homagama,Used,Petrol,Automatic,Hatchback,silver
Suzuki,Wagon R,2016.0,10.0,100000.0,660.0,Dehiwala,Used,Petrol,Automatic,Hatchback,blue
Toyota,Vitz,2016.0,10.0,32900.0,1000.0,Badulla,Used,Petrol,Automatic,Hatchback,silver
Mitsubishi,eK,2016.0,10.0,99899.0,1500.0,Adampan,Used,Hybrid,Automatic,Liftback,pink
Suzuki,Celerio,2016.0,10.0,115000.0,1000.0,Kadawatha,Used,Petrol,Automatic,Hatchback,white
Toyota,Premio,2016.0,10.0,125000.0,1500.0,Ambalangoda,Used,Petrol,Automatic,Saloon,maroon
Toyota,Vitz,2016.0,10.0,123456.0,1490.0,Kandy,Used,Petrol,Automatic,Liftback,white
Mitsubishi,Galant,1998.0,28.0,98000.0,1500.0,Gampaha,Used,Petrol,Manual,Saloon,silver
Toyota,Aqua,2014.0,12.0,141000.0,1330.0,Kalmunai,Used,Petrol,Automatic,Station wagon,silver
Suzuki,Wagon R,2016.0,10.0,100000.0,600.0,Gampaha,Used,Petrol,Automatic,Hatchback,blue
Perodua,Elite,2011.0,15.0,225000.0,1000.0,Kandy,Used,Petrol,Automatic,Liftback,black
Suzuki,Wagon R,2017.0,9.0,150000.0,660.0,Anuradhapura,Used,Petrol,Automatic,Hatchback,white
Perodua,Viva,2010.0,16.0,114000.0,1000.0,Gampaha,Used,Petrol,Automatic,Hatchback,blue
Toyota,Allion,2007.0,19.0,191000.0,1800.0,Maharagama,Used,Petrol,Automatic,Sedan,black
Nissan,Pulsar,1996.0,30.0,244449.0,1490.0,Minuwangoda,Reconditioned,Petrol,Manual,Saloon,silver
Toyota,Axio,2015.0,11.0,0.0,1500.0,Anuradhapura,Used,Petrol,Automatic,Saloon,black
Mitsubishi,eK,2023.0,3.0,5750.0,660.0,Kotte,Brand New,Petrol,Automatic,Hatchback,white
Suzuki,Alto,2024.0,2.0,0.0,660.0,Kurunegala,Brand New,Hybrid,Manual,Station wagon,white
Micro,Panda,2018.0,8.0,55600.0,1000.0,Mulleriyawa New Town,Used,Petrol,Automatic,Hatchback,white
Honda,Fit,2012.0,14.0,0.0,1330.0,Wennappuwa,Used,Hybrid,Automatic,Hatchback,black
Suzuki,Wagon R,2025.0,1.0,0.0,650.0,Nugegoda,Brand New,Petrol,Automatic,Hatchback,white
BMW,3 Series,2016.0,10.0,75000.0,1500.0,Kohuwala,Used,Petrol,Automatic,Saloon,white
Peugeot,306,1999.0,27.0,0.0,1300.0,Pilimatalawa,Used,Petrol,Manual,,black
Toyota,Vitz,2015.0,11.0,94589.0,660.0,Ampara,Used,Petrol,Automatic,Hatchback,white
Perodua,Elite,2009.0,17.0,110000.0,1000.0,Negombo,Used,Petrol,Automatic,Hatchback,black
Suzuki,Alto,2016.0,10.0,0.0,800.0,Anuradhapura,Used,Petrol,Manual,Hatchback,other
Toyota,Aqua,2014.0,12.0,132000.0,1500.0,Ja-Ela,Used,Hybrid,Automatic,Station wagon,white
Toyota,Axio,2013.0,13.0,115000.0,1500.0,Rajagiriya,Used,Petrol,Automatic,Saloon,white
Toyota,Prius,2013.0,13.0,142000.0,1600.0,Panadura,Used,Hybrid,Automatic,Liftback,silver
Toyota,Prius,2010.0,16.0,164000.0,1800.0,Adampan,Used,Hybrid,Automatic,Sedan,black
Suzuki,Alto,2015.0,11.0,0.0,800.0,Angoda,Used,Petrol,Manual,Liftback,red
Mitsubishi,Lancer,1998.0,28.0,240000.0,1500.0,Maharagama,Used,Petrol,Automatic,Sedan,white
Nissan,March,2002.0,24.0,0.0,1300.0,Kandy,Used,Petrol,Automatic,Hatchback,blue
Nissan,Dayz,2025.0,1.0,350.0,658.0,Narammala,Brand New,Hybrid,Automatic,Hatchback,black
Perodua,Viva,2011.0,15.0,154328.0,1000.0,Ambalangoda,Used,Petrol,Automatic,Hatchback,silver
Toyota,Vitz,2019.0,7.0,49000.0,1500.0,Ambalangoda,Used,Petrol,Automatic,Hatchback,white
Honda,City,2003.0,23.0,0.0,1500.0,Ambalangoda,Used,Petrol,Automatic,Liftback,blue
Suzuki,Maruti,1996.0,30.0,65000.0,800.0,Alawwa,Used,Petrol,Manual,Hatchback,red
Honda,Fit,2010.0,16.0,82000.0,1000.0,Wattala,Used,Petrol,Automatic,Liftback,blue
Suzuki,Wagon R,2018.0,8.0,80000.0,950.0,Maharagama,Used,Petrol,Automatic,Station wagon,white
Toyota,Aqua,2012.0,14.0,220000.0,1497.0,Malabe,Used,Hybrid,Automatic,,white
Suzuki,Estilo,2012.0,14.0,98000.0,1000.0,Ragama,Used,Petrol,Manual,Hatchback,gold
Nissan,N 16,2000.0,26.0,145000.0,1300.0,Ganemulla,Used,Petrol,Manual,Saloon,maroon
Toyota,Premio,2015.0,11.0,240000.0,1500.0,Kandy,Used,Petrol,Automatic,Saloon,maroon
Toyota,Corolla,2023.0,3.0,12800.0,1500.0,Ambalangoda,Used,Petrol,Automatic,Liftback,white
Toyota,Prius,2008.0,18.0,200000.0,1497.0,Galle,Used,Hybrid,Automatic,Hatchback,blue
Daihatsu,Cast,2017.0,9.0,76000.0,650.0,Dehiwala,Used,Petrol,Automatic,Hatchback,black
Toyota,Axio,2017.0,9.0,123000.0,1500.0,Jambugahapitiya,Used,Hybrid,Automatic,,white
Suzuki,Spacia,2023.0,3.0,0.0,660.0,Rajagiriya,Brand New,Petrol,Automatic,Hatchback,white
Suzuki,Hustler,2016.0,10.0,106000.0,650.0,Kadawatha,Used,Petrol,Automatic,Hatchback,yellow
Toyota,Axio,2007.0,19.0,220000.0,1500.0,Anuradhapura,Used,Petrol,Automatic,Sedan,silver
Mitsubishi,Lancer,2002.0,24.0,170000.0,1500.0,Gampaha,Used,Petrol,Manual,Saloon,white
Suzuki,Hustler,2023.0,3.0,0.0,660.0,Galle,Brand New,Petrol,Automatic,Hatchback,other
Suzuki,Alto,2023.0,3.0,0.0,660.0,Kurunegala,Brand New,Hybrid,Manual,Station wagon,silver
Suzuki,Wagon R,2024.0,2.0,5000.0,660.0,Dehiwala,Brand New,Petrol,Automatic,Hatchback,yellow
KIA,Picanto,2016.0,10.0,145000.0,1000.0,Nugegoda,Used,Petrol,Automatic,Hatchback,white
Honda,Grace,2015.0,11.0,127000.0,1500.0,Kollupitiya (Colombo 03),Used,Hybrid,Automatic,Sedan,white
Toyota,Premio,2018.0,8.0,81000.0,1500.0,Kalutara,Used,Petrol,Automatic,Liftback,white
Honda,City,2025.0,1.0,0.0,1200.0,Kurunegala,Brand New,Petrol,Automatic,Sedan,white
Suzuki,Wagon R,2018.0,8.0,100000.0,650.0,Ampara,Used,Hybrid,Automatic,Sedan,white
Toyota,Vitz,2017.0,9.0,97000.0,990.0,Ambalangoda,Used,Petrol,Automatic,Hatchback,purple
Toyota,Yaris,2024.0,2.0,11500.0,990.0,Gampaha,Reconditioned,Petrol,Automatic,Hatchback,black
Suzuki,Wagon R,2023.0,3.0,220.0,660.0,Kelaniya,Used,Petrol,Other,Station wagon,silver
Suzuki,Wagon R,2025.0,1.0,0.0,658.0,Kadawatha,Brand New,Hybrid,Automatic,Hatchback,white
Honda,Fit,2011.0,15.0,140000.0,1330.0,Ambalangoda,Used,Hybrid,Automatic,Hatchback,white
Suzuki,Maruti,2008.0,18.0,60000.0,800.0,Ahangama,Used,Petrol,Manual,Hatchback,gray
Toyota,Prius,2016.0,10.0,198000.0,1790.0,Kiribathgoda,Used,Hybrid,Automatic,Saloon,silver
Suzuki,Swift,2017.0,9.0,117500.0,990.0,Matara,Used,Petrol,Automatic,Hatchback,gray
Suzuki,Spacia,2024.0,2.0,11000.0,658.0,Kurunegala,Reconditioned,Petrol,Automatic,Hatchback,white
Daihatsu,Mira,2017.0,9.0,0.0,650.0,Ambalangoda,Used,Petrol,Automatic,Hatchback,red
Suzuki,Wagon R,2018.0,8.0,93000.0,660.0,Anuradhapura,Used,Hybrid,Automatic,Hatchback,white
Suzuki,Alto,2024.0,2.0,0.0,650.0,Kurunegala,Brand New,Petrol,Automatic,Convertible,white
Suzuki,Alto,2015.0,11.0,66000.0,660.0,Kurunegala,Used,Hybrid,Automatic,Hatchback,red
Suzuki,Swift,2008.0,18.0,0.0,1300.0,Kuliyapitiya,Used,Petrol,Manual,Convertible,silver
Suzuki,Maruti,2005.0,21.0,120000.0,800.0,Godakawela,Used,Petrol,Manual,Hatchback,red
Daihatsu,Mira,2016.0,10.0,150000.0,660.0,Horana,Used,Petrol,Automatic,Hatchback,pink
Toyota,Vitz,2015.0,11.0,70000.0,990.0,Mulleriyawa New Town,Used,Petrol,Automatic,Hatchback,blue
BMW,X Series,2018.0,8.0,150000.0,1500.0,Delgoda,Used,Petrol,Automatic,,white
Toyota,Passo,2007.0,19.0,80000.0,1000.0,Kegalle,Used,Petrol,Automatic,Hatchback,white
Suzuki,Wagon R,2023.0,3.0,6600.0,660.0,Kottawa,Brand New,Petrol,Automatic,Hatchback,other
Nissan,Sunny,1998.0,28.0,120000.0,1500.0,Delgoda,Used,Petrol,Automatic,Saloon,white
Toyota,Vitz,2016.0,10.0,161000.0,990.0,Bandaragama,Used,Petrol,Automatic,Hatchback,silver
Toyota,Corona,1995.0,31.0,120000.0,1650.0,Anuradhapura,Used,Petrol,Manual,Hatchback,navy
Suzuki,Alto,2011.0,15.0,80000.0,800.0,Kurunegala,Used,Petrol,Manual,Hatchback,gray
Toyota,Prius,2010.0,16.0,170000.0,1800.0,Ambalangoda,Used,Petrol,Automatic,Liftback,white
Daihatsu,Mira,2023.0,3.0,8500.0,650.0,Kurunegala,Brand New,Petrol,Automatic,Hatchback,gray
Suzuki,Alto,2014.0,12.0,0.0,800.0,Kalagedihena,Used,Petrol,Manual,Hatchback,black
Honda,Insight,2009.0,17.0,220000.0,1300.0,Palapathwela,Used,Hybrid,Automatic,Saloon,silver
Suzuki,Spacia,2024.0,2.0,7000.0,650.0,Kohuwala,Brand New,Petrol,Automatic,Hatchback,silver
Toyota,Vitz,2008.0,18.0,120000.0,1000.0,Kaleliya,Used,Petrol,Automatic,Hatchback,white
Suzuki,Alto,2015.0,11.0,78000.0,1000.0,Sri Jayawardenepura Kotte,Used,Petrol,Automatic,Hatchback,white
Suzuki,Alto,2011.0,15.0,130000.0,990.0,Wellawatta (Colombo 06),Used,Petrol,Manual,Hatchback,other
Suzuki,Alto,2017.0,9.0,75000.0,1300.0,Kaduwela,Used,Petrol,Manual,Liftback,blue
Micro,Panda,2014.0,12.0,0.0,800.0,Kurunegala,Used,Petrol,Manual,Liftback,other
BMW,i Series,2012.0,14.0,139000.0,2000.0,Kelaniya,Used,Petrol,Automatic,Saloon,silver
Suzuki,Maruti,2010.0,16.0,0.0,800.0,Pilimatalawa,Used,Petrol,Manual,,blue
Suzuki,Spacia,2025.0,1.0,3500.0,690.0,Kurunegala,Brand New,Hybrid,Automatic,Hatchback,white
Suzuki,Baleno,2019.0,7.0,156000.0,1000.0,Avissawella,Brand New,Petrol,Automatic,Hatchback,white
Toyota,Axio,2016.0,10.0,180000.0,1500.0,Colombo Fort (Colombo 01),Used,Petrol,Automatic,Hatchback,black
Micro,Panda,2015.0,11.0,63400.0,890.0,Kegalle,Used,Petrol,Manual,Hatchback,white
Perodua,Viva,2013.0,13.0,138000.0,1000.0,Colombo Fort (Colombo 01),Used,Petrol,Automatic,Hatchback,purple
Suzuki,Spacia,2025.0,1.0,6000.0,650.0,Colombo Fort (Colombo 01),Brand New,Petrol,Automatic,Hatchback,white
Micro,Emgrand 7,2015.0,11.0,103000.0,1800.0,Mattakkuliya (Colombo 15),Used,Petrol,Automatic,Saloon,maroon
Toyota,Vitz,2017.0,9.0,44000.0,1000.0,Kottawa,Used,Petrol,Automatic,Saloon,silver
Suzuki,Spacia,2023.0,3.0,4500.0,690.0,Kurunegala,Brand New,Hybrid,Automatic,Hatchback,white
Suzuki,Alto,2017.0,9.0,100000.0,660.0,Piliyandala,Used,Petrol,Automatic,Hatchback,white
BMW,4 Series,2014.0,12.0,,,Ampara,Used,Hybrid,Automatic,Hatchback,white
Mercedes Benz,CLA,2024.0,2.0,8322.0,1300.0,Maradana (Colombo 10),Reconditioned,Hybrid,Automatic,Saloon,black
Suzuki,Celerio,2015.0,11.0,130000.0,960.0,Colombo Fort (Colombo 01),Used,Petrol,Automatic,Hatchback,yellow
Honda,Grace,2014.0,12.0,193000.0,1500.0,Embilipitiya,Used,Hybrid,Automatic,Saloon,white
Toyota,Allion,2012.0,14.0,182000.0,1490.0,Gampaha,Used,Petrol,Automatic,Saloon,other
Suzuki,Alto,2017.0,9.0,50000.0,800.0,Imbulgoda,Used,Petrol,Manual,Hatchback,green
Micro,Panda,2015.0,11.0,0.0,1000.0,Piliyandala,Used,Petrol,Manual,Hatchback,yellow
Suzuki,Alto,2017.0,9.0,54000.0,800.0,Kalmunai,Used,Petrol,Manual,Hatchback,white
Honda,Fit,2012.0,14.0,165800.0,1330.0,Batticaloa,Used,Hybrid,Automatic,Hatchback,black
Suzuki,Spacia,2024.0,2.0,0.0,660.0,Kurunegala,Brand New,Hybrid,Automatic,Hatchback,silver
Suzuki,Wagon R,2010.0,16.0,0.0,650.0,Kirulapone,Used,Petrol,Manual,Hatchback,white
Toyota,Prius,2007.0,19.0,178700.0,1490.0,Medawachchiya,Used,Hybrid,Automatic,Hatchback,silver
Suzuki,Spacia,2024.0,2.0,0.0,650.0,Kurunegala,Brand New,Hybrid,Automatic,,white
Nissan,March,2000.0,26.0,160000.0,1000.0,Ratmalana,Used,Petrol,Automatic,Station wagon,blue
Mazda,Demio,2009.0,17.0,180000.0,1300.0,Pelmadulla,Used,Petrol,Automatic,Hatchback,white
Nissan,Almera,2025.0,1.0,0.0,1000.0,Kalubowila,Brand New,Petrol,Automatic,Saloon,white
Honda,Insight,2009.0,17.0,216000.0,1200.0,Pussellawa,Used,Petrol,Automatic,Hatchback,blue
Toyota,Allion,2013.0,13.0,156000.0,1500.0,Horana,Used,Petrol,Automatic,Sedan,white
Suzuki,A Star,2012.0,14.0,135876.0,1000.0,Badulla,Used,Petrol,Automatic,Hatchback,white
Toyota,Premio,2011.0,15.0,0.0,1500.0,Kurunegala,Used,Petrol,Automatic,Liftback,maroon
Toyota,Premio,2018.0,8.0,76000.0,1490.0,Dankotuwa,Used,Petrol,Automatic,Saloon,white
Nissan,March,2007.0,19.0,150000.0,1300.0,Akuregoda,Used,Petrol,Manual,Saloon,red
Toyota,Wigo,2018.0,8.0,90000.0,998.0,Kurunegala,Used,Petrol,Automatic,Hatchback,red
Perodua,Kenari,2007.0,19.0,0.0,1000.0,Panadura,Used,Petrol,Automatic,Liftback,black
Renault,KWID,2016.0,10.0,120724.0,800.0,Moratuwa,Used,Petrol,Manual,Hatchback,white
Nissan,Tiida,2008.0,18.0,93500.0,1500.0,Dematagoda (Colombo 09),Used,Petrol,Automatic,Sedan,black
Toyota,Vitz,2017.0,9.0,100000.0,1000.0,Talawatugoda,Used,Petrol,Automatic,Hatchback,black
Toyota,Vitz,2017.0,9.0,46000.0,1000.0,Ja-Ela,Used,Petrol,Automatic,,white
Toyota,Aqua,2012.0,14.0,210000.0,1600.0,Ambalangoda,Used,Hybrid,Automatic,Hatchback,blue
Suzuki,Alto,2024.0,2.0,9300.0,650.0,Kalagedihena,Reconditioned,Petrol,Automatic,Sedan,silver
Toyota,Aqua,2013.0,13.0,83000.0,,Slave Island (Colombo 02),Used,Petrol,Manual,Saloon,white
Renault,KWID,2016.0,10.0,51900.0,690.0,Colombo Fort (Colombo 01),Used,Petrol,Automatic,Hatchback,red
Suzuki,Swift,2017.0,9.0,107000.0,1000.0,Rajagiriya,Used,Petrol,Automatic,Hatchback,black
Toyota,Axio,2014.0,12.0,184000.0,1500.0,Moratuwa,Used,Hybrid,Automatic,Saloon,white
Toyota,Aqua,2012.0,14.0,139000.0,1500.0,Galle,Used,Petrol,Automatic,Hatchback,white
Honda,Civic,2017.0,9.0,119000.0,1000.0,Baddegama,Used,Petrol,Automatic,Saloon,white
Toyota,Premio,2016.0,10.0,176000.0,1490.0,Andiambalama,Used,Petrol,Automatic,Sedan,white
Suzuki,Wagon R,2018.0,8.0,90000.0,650.0,Katunayake,Reconditioned,Petrol,Automatic,Hatchback,white
Honda,Civic,1999.0,27.0,0.0,1500.0,Ambalangoda,Used,Petrol,Manual,Saloon,red
Suzuki,Wagon R,2016.0,10.0,86000.0,650.0,Gampaha,Used,Petrol,Automatic,Hatchback,gray
Suzuki,Wagon R,2017.0,9.0,94000.0,650.0,Ambalangoda,Used,Petrol,Automatic,Hatchback,black
Toyota,Vitz,2016.0,10.0,85000.0,1000.0,Ambalangoda,Used,Petrol,Automatic,Hatchback,white
Toyota,Belta,2007.0,19.0,116500.0,1000.0,Matara,Used,Petrol,Automatic,Saloon,silver
BMW,5 Series,2014.0,12.0,130000.0,1995.0,Ambalangoda,Used,Diesel,Automatic,Sedan,white
BMW,5 Series,1998.0,28.0,174500.0,,Dehiwala,Used,Petrol,Automatic,Hatchback,red
Suzuki,Wagon R,2014.0,12.0,99400.0,650.0,Wattala,Used,Hybrid,Automatic,Hatchback,silver
Suzuki,Wagon R,2017.0,9.0,95000.0,800.0,Kadawatha,Used,Petrol,Automatic,Hatchback,black
Toyota,Wigo,2018.0,8.0,91000.0,1198.0,Ratnapura,Used,Petrol,Manual,Liftback,other
Tata,Nano,2015.0,11.0,175000.0,650.0,Moratuwa,Used,Petrol,Manual,Hatchback,white
Daihatsu,Mira,2002.0,24.0,98000.0,650.0,Kalutara,Reconditioned,Petrol,Automatic,Hatchback,white
Toyota,Prius,2012.0,14.0,145000.0,1790.0,Horana,Used,Petrol,Automatic,Hatchback,white
Suzuki,Celerio,2016.0,10.0,96000.0,1000.0,Kadawatha,Used,Petrol,Automatic,Hatchback,white
Honda,City,2025.0,1.0,135.0,1000.0,Athurugiriya,Brand New,Petrol,Automatic,Saloon,white
Micro,Panda,2018.0,8.0,0.0,1000.0,Ambalangoda,Used,Petrol,Manual,Hatchback,white
Suzuki,Alto,2015.0,11.0,72000.0,800.0,Nugegoda,Used,Petrol,Manual,Hatchback,white
Micro,Panda,2011.0,15.0,73000.0,1300.0,Ambalangoda,Used,Petrol,Manual,Hatchback,green
Hyundai,Eon,2015.0,11.0,79000.0,850.0,Ampara,Used,Petrol,Manual,Hatchback,black
Daihatsu,Mira,2025.0,1.0,0.0,660.0,Balapitiya,Reconditioned,Petrol,Automatic,Hatchback,white
Suzuki,Wagon R,2023.0,3.0,3180.0,660.0,Rambukkana,Brand New,Petrol,Automatic,Hatchback,white
Toyota,Aqua,2012.0,14.0,116000.0,1500.0,Ambalangoda,Used,Petrol,Automatic,Hatchback,blue
Suzuki,Wagon R,2018.0,8.0,88000.0,760.0,Kurunegala,Used,Hybrid,Automatic,Hatchback,white
Toyota,Premio,2015.0,11.0,57457.0,990.0,Ampara,Used,Hybrid,Automatic,Liftback,white
Toyota,Premio,2013.0,13.0,172000.0,1500.0,Nittambuwa,Used,Petrol,Automatic,Liftback,white
Toyota,Passo,2023.0,3.0,0.0,1000.0,Kottawa,Brand New,Petrol,Automatic,Liftback,gray
Toyota,Passo,2023.0,3.0,1234.0,660.0,Kottawa,Brand New,Petrol,Automatic,Hatchback,maroon
Mitsubishi,eK,2024.0,2.0,0.0,,Angoda,Brand New,Electric,Automatic,Hatchback,gold
Toyota,Axio,2007.0,19.0,160000.0,1500.0,Matale,Used,Petrol,Automatic,Sedan,silver
Mazda,Flair,2015.0,11.0,128000.0,650.0,Ratnapura,Used,Petrol,Automatic,Hatchback,black
Toyota,Corolla,2004.0,22.0,152000.0,1500.0,Nittambuwa,Used,Petrol,Automatic,Saloon,white
Toyota,Prius,2012.0,14.0,0.0,1490.0,Ja-Ela,Used,Petrol,Automatic,Liftback,silver
Toyota,Axio,2018.0,8.0,69000.0,1500.0,Ambalangoda,Used,Petrol,Automatic,Saloon,blue
Toyota,Aqua,2015.0,11.0,143000.0,1500.0,Pussellawa,Used,Petrol,Automatic,Hatchback,maroon
Suzuki,Wagon R,2023.0,3.0,0.0,660.0,Kurunegala,Brand New,Petrol,Manual,Station wagon,silver
Suzuki,Wagon R,2014.0,12.0,0.0,700.0,Kegalle,Used,Diesel,Automatic,Hatchback,black
Mercedes Benz,CLA,2019.0,7.0,0.0,2000.0,Ambalangoda,Used,Petrol,Automatic,Liftback,gray
Suzuki,Alto,2011.0,15.0,123.0,1000.0,Matugama,Used,Petrol,Manual,Hatchback,black
Suzuki,Wagon R,2024.0,2.0,10900.0,660.0,Kurunegala,Brand New,Petrol,Automatic,Sedan,blue
Nissan,Sunny,2001.0,25.0,0.0,1600.0,Ambalangoda,Used,Petrol,Automatic,Saloon,white
Toyota,Premio,2013.0,13.0,160000.0,1500.0,Ambalangoda,Used,Petrol,Automatic,Saloon,maroon
Suzuki,Wagon R,2017.0,9.0,87000.0,1500.0,Boralesgamuwa,Used,Hybrid,Automatic,Liftback,black
Toyota,Passo,2018.0,8.0,65000.0,1000.0,Maharagama,Used,Petrol,Automatic,Liftback,white
Perodua,Viva,2013.0,13.0,0.0,1000.0,Kandy,Used,Petrol,Automatic,Hatchback,white
Toyota,Yaris,2022.0,4.0,20000.0,1000.0,Borella (Colombo 08),Brand New,Petrol,Automatic,Hatchback,black
Suzuki,Wagon R,2018.0,8.0,0.0,650.0,Kandy,Used,Hybrid,Automatic,Hatchback,white
Suzuki,Wagon R,2024.0,2.0,650.0,650.0,Akkaraipattu,Brand New,Petrol,Automatic,Sedan,white
Suzuki,Celerio,2015.0,11.0,85328.0,1000.0,Batticaloa,Used,Petrol,Automatic,Hatchback,white
Toyota,Yaris,2007.0,19.0,170000.0,1300.0,Athurugiriya,Used,Petrol,Automatic,Sedan,white
Suzuki,Swift,2005.0,21.0,102070.0,1300.0,Piliyandala,Used,Petrol,Automatic,Hatchback,gray
Suzuki,Wagon R,2024.0,2.0,0.0,650.0,Batticaloa,Brand New,Hybrid,Automatic,Sedan,white
Daihatsu,Taft,2025.0,1.0,0.0,650.0,Athurugiriya,Brand New,Petrol,Automatic,Hatchback,white
Suzuki,Wagon R,2018.0,8.0,170000.0,650.0,Katunayake,Used,Hybrid,Automatic,,white
Toyota,Prius,2007.0,19.0,177000.0,1600.0,Kandana,Used,Hybrid,Automatic,Liftback,white
Toyota,Corolla,1986.0,40.0,190000.0,1300.0,Matale,Used,Petrol,Manual,Liftback,white
Toyota,Vitz,2016.0,10.0,118000.0,1000.0,Kadawatha,Used,Petrol,Automatic,Hatchback,gray
Hyundai,Accent,2001.0,25.0,150000.0,1000.0,Pilessa,Used,Petrol,Automatic,Saloon,gray
Honda,Civic,1998.0,28.0,0.0,1500.0,Ambalangoda,Used,Petrol,Manual,Liftback,white
Toyota,Vitz,2019.0,7.0,90000.0,1000.0,Ambalangoda,Used,Petrol,Automatic,Hatchback,white
Suzuki,Alto,2015.0,11.0,191000.0,796.0,Kurunegala,Used,Petrol,Manual,Liftback,silver
Suzuki,Alto,2015.0,11.0,84000.0,1000.0,Kuliyapitiya,Used,Petrol,Manual,Hatchback,white
Nissan,March,2003.0,23.0,2.0,1300.0,Avissawella,Used,Petrol,Manual,Liftback,silver
Daihatsu,Move,2016.0,10.0,78000.0,658.0,Weliveriya,Used,Petrol,Automatic,Hatchback,silver
Suzuki,Wagon R,2025.0,1.0,6800.0,650.0,Mattakkuliya (Colombo 15),Brand New,Petrol,Automatic,Hatchback,white
Nissan,Dayz,2024.0,2.0,6600.0,660.0,Kottawa,Brand New,Petrol,Automatic,Hatchback,other
Daihatsu,Taft,2024.0,2.0,0.0,1000.0,Borella (Colombo 08),Brand New,Petrol,Automatic,Hatchback,black
Suzuki,Swift,2004.0,22.0,165000.0,1300.0,Moratuwa,Used,Petrol,Automatic,Hatchback,silver
Toyota,Axio,2018.0,8.0,0.0,1500.0,Kaduwela,Used,Hybrid,Automatic,Saloon,maroon
Peugeot,206,2000.0,26.0,150000.0,1360.0,Akarawita,Used,Petrol,Manual,Hatchback,orange
Suzuki,Wagon R,2018.0,8.0,88000.0,650.0,Ambalangoda,Used,Hybrid,Automatic,Hatchback,white
Suzuki,Wagon R,2023.0,3.0,0.0,650.0,Kohuwala,Brand New,Hybrid,Automatic,Station wagon,navy
Suzuki,Wagon R,2018.0,8.0,23350.0,660.0,Kamburupitiya,Used,Hybrid,Automatic,Hatchback,white
Honda,Grace,2015.0,11.0,0.0,1496.0,Ambalangoda,Used,Hybrid,Automatic,Sedan,gray
Micro,MX7,2011.0,15.0,92000.0,1500.0,Bandaragama,Used,Petrol,Manual,Sedan,black
Toyota,Prius,2013.0,13.0,0.0,1400.0,Colombo Fort (Colombo 01),Used,Hybrid,Automatic,Hatchback,white
Ford,Laser,1998.0,28.0,100000.0,1600.0,Moratuwa,Used,Petrol,Manual,Saloon,white
Suzuki,Alto,2024.0,2.0,1200.0,650.0,Nittambuwa,Reconditioned,Hybrid,Automatic,Hatchback,gray
Toyota,Axio,2013.0,13.0,1500.0,1500.0,Horana,Used,Petrol,Automatic,Saloon,blue
Geely,Panda,2017.0,9.0,,1000.0,Beliatta,Used,Petrol,Manual,Hatchback,white
Toyota,Axio,2014.0,12.0,160000.0,1500.0,Gampaha,Used,Hybrid,Automatic,Sedan,maroon
Suzuki,Wagon R,2018.0,8.0,110000.0,650.0,Pussellawa,Used,Petrol,Automatic,Hatchback,white
Suzuki,Wagon R,2018.0,8.0,89500.0,650.0,Malabe,Brand New,Petrol,Automatic,Hatchback,white
Toyota,Corolla,1999.0,27.0,275000.0,1500.0,Hanwella,Used,Petrol,Manual,Sedan,white
Suzuki,Wagon R,2014.0,12.0,119000.0,650.0,Ambalangoda,Used,Hybrid,Automatic,Hatchback,red
Suzuki,Alto,2015.0,11.0,105000.0,800.0,Kalmunai,Used,Petrol,Manual,Hatchback,white
Micro,Panda Cross,2013.0,13.0,0.0,1300.0,Moratuwa,Used,Petrol,Manual,Sports,black
Suzuki,Maruti,2011.0,15.0,0.0,800.0,Kandy,Used,Petrol,Manual,Hatchback,maroon
Toyota,Vitz,2016.0,10.0,21500.0,1000.0,Mawanella,Used,Petrol,Automatic,Hatchback,black
Toyota,Aqua,2012.0,14.0,140000.0,1500.0,Ambalangoda,Used,Petrol,Automatic,Hatchback,orange
Toyota,Allion,2007.0,19.0,239000.0,1800.0,Negombo,Used,Petrol,Automatic,Saloon,blue
Toyota,Vitz,2000.0,26.0,200000.0,990.0,Kochchikade,Used,Petrol,Automatic,Hatchback,black
Toyota,Vitz,2018.0,8.0,68000.0,990.0,Negombo,Used,Petrol,Automatic,Hatchback,black
Toyota,Axio,2015.0,11.0,116000.0,990.0,Gampaha,Used,Petrol,Automatic,Hatchback,white
Toyota,Vitz,2007.0,19.0,195000.0,1000.0,Gampaha,Used,Petrol,Automatic,Hatchback,blue
Toyota,Axio,2016.0,10.0,100000.0,1500.0,Kalutara,Used,Hybrid,Automatic,Saloon,white
Nissan,March,2002.0,24.0,100000.0,1240.0,Badulla,Used,Petrol,Automatic,Hatchback,other
Toyota,Axio,2014.0,12.0,225000.0,1500.0,Colombo Fort (Colombo 01),Used,Petrol,Automatic,Liftback,black
Chevrolet,Aveo,2008.0,18.0,140000.0,,Kotahena (Colombo 13),Used,Petrol,Manual,Hatchback,green
Honda,Fit,2014.0,12.0,120000.0,1500.0,Kegalle,Used,Hybrid,Automatic,Hatchback,blue
Suzuki,Celerio,2019.0,7.0,120000.0,998.0,Kalmunai,Used,Petrol,Automatic,Liftback,brown
Daihatsu,Mira,2025.0,1.0,1000.0,650.0,Ganemulla,Reconditioned,Petrol,Automatic,Hatchback,white
Toyota,Vitz,2018.0,8.0,0.0,1000.0,Habarakada,Used,Petrol,Automatic,Hatchback,white
Suzuki,Wagon R,2017.0,9.0,98000.0,660.0,Kurunegala,Used,Hybrid,Automatic,Liftback,purple
Perodua,Axia,2017.0,9.0,148000.0,998.0,Ambalangoda,Used,Petrol,Automatic,Hatchback,silver
Suzuki,Wagon R,2024.0,2.0,7600.0,660.0,Ampara,Brand New,Hybrid,Automatic,Hatchback,silver
Suzuki,Alto,2006.0,20.0,160000.0,800.0,Mirigama,Used,Petrol,Manual,Hatchback,black
Suzuki,Wagon R,2017.0,9.0,0.0,800.0,Gampaha,Used,Petrol,Automatic,Liftback,gold
Suzuki,Alto,2024.0,2.0,6600.0,660.0,Kottawa,Brand New,Petrol,Automatic,Hatchback,black
Honda,Fit,2012.0,14.0,159400.0,1500.0,Dehiwala,Used,Hybrid,Automatic,Station wagon,yellow
Toyota,Premio,2015.0,11.0,145000.0,,Kollupitiya (Colombo 03),Used,Petrol,Automatic,Saloon,maroon
Tata,Indigo,2015.0,11.0,47353.0,1200.0,Rikillagaskada,Used,Petrol,Manual,,white
Micro,MX7,2013.0,13.0,0.0,1500.0,Panadura,Used,Petrol,Manual,Sedan,silver
Toyota,Axio,2014.0,12.0,121000.0,1500.0,Boralesgamuwa,Used,Hybrid,Automatic,Saloon,white
Suzuki,Alto,2015.0,11.0,0.0,800.0,Horagala,Used,Petrol,Manual,Hatchback,white
Suzuki,Wagon R,2018.0,8.0,61000.0,660.0,Dehiwala,Used,Hybrid,Automatic,Hatchback,white
Honda,Fit,2014.0,12.0,0.0,1500.0,Negombo,Used,Hybrid,Automatic,Hatchback,white
Nissan,Sunny,2000.0,26.0,0.0,1497.0,Ratnapura,Used,Petrol,Manual,Sedan,other
Suzuki,Swift,2017.0,9.0,115000.0,1240.0,Raddolugama,Used,Hybrid,Automatic,Liftback,red
Toyota,Vitz,2010.0,16.0,137867.0,990.0,Agalawatta,Used,Petrol,Automatic,Hatchback,black
Nissan,Wingroad,2003.0,23.0,190000.0,1490.0,Udugampola,Used,Petrol,Automatic,Hatchback,black
Micro,Panda,2014.0,12.0,0.0,1000.0,Polgasowita,Used,Petrol,Manual,Hatchback,silver
Suzuki,Wagon R,2024.0,2.0,4900.0,650.0,Kurunegala,Reconditioned,Petrol,Automatic,Hatchback,red
Suzuki,Wagon R,2015.0,11.0,130000.0,650.0,Slave Island (Colombo 02),Used,Petrol,Automatic,Sedan,white
Suzuki,Wagon R,2024.0,2.0,0.0,650.0,Kurunegala,Brand New,Hybrid,Automatic,Hatchback,white
Suzuki,Alto,2024.0,2.0,1500.0,660.0,Kottawa,Brand New,Petrol,Automatic,Hatchback,black
Suzuki,Alto,2010.0,16.0,0.0,800.0,Ragama,Used,Petrol,Manual,Hatchback,other
Suzuki,Alto,2015.0,11.0,197000.0,800.0,Kadawatha,Used,Petrol,Manual,Hatchback,red
Honda,Fit,2012.0,14.0,153115.0,1330.0,Siyambalape,Reconditioned,Petrol,Automatic,Station wagon,other
Toyota,Vitz,2017.0,9.0,42000.0,1000.0,Marawila,Used,Petrol,Automatic,Hatchback,white
Suzuki,Wagon R,2018.0,8.0,89000.0,660.0,Kottawa,Used,Hybrid,Automatic,Hatchback,white
Nissan,Sunny,2002.0,24.0,0.0,1500.0,Bibile,Reconditioned,Diesel,Automatic,Saloon,other
Toyota,Axio,2017.0,9.0,158000.0,1500.0,Kirulapone,Used,Petrol,Automatic,Saloon,white
Toyota,Passo,2004.0,22.0,185000.0,990.0,Ambalangoda,Used,Petrol,Automatic,Hatchback,pink
Nissan,Sunny,2003.0,23.0,0.0,1300.0,Kadawatha,Used,Petrol,Manual,Saloon,gray
Suzuki,Maruti,2010.0,16.0,0.0,800.0,Galkulama,Used,Petrol,Manual,Liftback,black
Suzuki,Alto,2015.0,11.0,112000.0,800.0,Embilipitiya,Brand New,Petrol,Manual,Hatchback,silver
Toyota,Belta,2007.0,19.0,140000.0,1000.0,Ambalangoda,Used,Petrol,Automatic,Saloon,white
Suzuki,Swift,2017.0,9.0,97000.0,1300.0,Ambalangoda,Used,Petrol,Automatic,Hatchback,gray
Mitsubishi,Lancer,2002.0,24.0,200000.0,1300.0,Anuradhapura,Used,Petrol,Manual,Saloon,white
Suzuki,Wagon R,2025.0,1.0,0.0,660.0,Gampaha,Brand New,Petrol,Automatic,Hatchback,white
Toyota,Axio,2018.0,8.0,145000.0,1500.0,Ambalangoda,Used,Petrol,Automatic,Saloon,white
Suzuki,Alto,2014.0,12.0,92456.0,800.0,Kaduwela,Used,Petrol,Manual,Liftback,silver
Suzuki,Wagon R,2025.0,1.0,0.0,650.0,Attanagalla,Brand New,Hybrid,Automatic,Hatchback,white
Perodua,Viva,2013.0,13.0,140000.0,1000.0,Battaramulla,Used,Petrol,Automatic,Hatchback,black
Suzuki,Swift,2017.0,9.0,130000.0,1000.0,Ambalangoda,Used,Petrol,Automatic,Hatchback,red
Suzuki,Alto,2015.0,11.0,128000.0,800.0,Colombo Fort (Colombo 01),Used,Petrol,Manual,Liftback,silver
Toyota,Yaris,2023.0,3.0,6500.0,1000.0,Kelaniya,Brand New,Petrol,Automatic,Liftback,red
Suzuki,Alto,2016.0,10.0,,1000.0,Anuradhapura,Used,Petrol,Manual,Liftback,black
Toyota,Premio,2017.0,9.0,135000.0,1500.0,Kurunegala,Used,Petrol,Automatic,Sedan,red
Suzuki,Alto,2011.0,15.0,65850.0,800.0,Minuwangoda,Used,Petrol,Manual,Hatchback,black
Mercedes Benz,C Class,2017.0,9.0,43000.0,2000.0,Ambalangoda,Used,Hybrid,Automatic,Sedan,black
Toyota,Prius,2012.0,14.0,200000.0,1800.0,Nugegoda,Used,Hybrid,Automatic,Saloon,silver
Suzuki,Alto,2015.0,11.0,70000.0,800.0,Moratuwa,Used,Petrol,Manual,Hatchback,black
Nissan,AD Wagon,1999.0,27.0,100000.0,1290.0,Badulla,Used,Petrol,Automatic,,white
Suzuki,Celerio,2018.0,8.0,78000.0,1000.0,Kadawatha,Used,Petrol,Automatic,Hatchback,white
Mercedes Benz,S Class,2010.0,16.0,98000.0,3000.0,Kirulapone,Used,Petrol,Automatic,Sedan,black
Perodua,Elite,2011.0,15.0,146000.0,1197.0,Ambalangoda,Used,Petrol,Automatic,Hatchback,white
Suzuki,Wagon R,2016.0,10.0,83000.0,650.0,Ambalangoda,Used,Petrol,Automatic,Hatchback,white
Toyota,Prius,2009.0,17.0,150000.0,1497.0,Ahangama,Used,Petrol,Automatic,Hatchback,silver
Toyota,Aqua,2015.0,11.0,140000.0,1500.0,Ambalangoda,Used,Hybrid,Automatic,Hatchback,black
Toyota,Vitz,2016.0,10.0,0.0,,Ambalangoda,Used,Petrol,Automatic,Hatchback,black
Suzuki,Alto,2015.0,11.0,152000.0,800.0,Ja-Ela,Used,Petrol,Manual,Hatchback,white
Nissan,B12,2003.0,23.0,320000.0,998.0,Moratuwa,Used,Petrol,Manual,Saloon,silver
Suzuki,A Star,2012.0,14.0,119678.0,1000.0,Katunayake,Used,Petrol,Manual,Hatchback,brown
Suzuki,Alto,2003.0,23.0,350000.0,1000.0,Warakapola,Used,Petrol,Other,Liftback,black
Toyota,Prius,2013.0,13.0,0.0,1500.0,Alutgama,Used,Hybrid,Automatic,,white
Toyota,Vitz,2017.0,9.0,186000.0,1000.0,Agalawatta,Used,Petrol,Automatic,Hatchback,white
Suzuki,Alto,2017.0,9.0,108021.0,650.0,Rambukkana,Used,Petrol,Automatic,Liftback,black
Suzuki,Wagon R,2025.0,1.0,0.0,660.0,Kelaniya,Brand New,Hybrid,Automatic,Liftback,white
Toyota,Pixis,2023.0,3.0,0.0,660.0,Rajagiriya,Brand New,Petrol,Automatic,Station wagon,red
Suzuki,Wagon R,2017.0,9.0,95000.0,650.0,Ambalangoda,Used,Hybrid,Automatic,Hatchback,red
Suzuki,Alto,2024.0,2.0,0.0,660.0,Rajagiriya,Brand New,Petrol,Automatic,Hatchback,gray
Toyota,Vitz,2016.0,10.0,87900.0,1490.0,Maharagama,Used,Hybrid,Automatic,Hatchback,red
Suzuki,Alto,2006.0,20.0,0.0,800.0,Ambalangoda,Used,Petrol,Manual,Hatchback,red
Toyota,Aqua,2012.0,14.0,108000.0,1000.0,Yakkala,Used,Hybrid,Automatic,Hatchback,blue
Nissan,March,1997.0,29.0,98000.0,990.0,Bandaragama,Used,Petrol,Manual,Hatchback,silver
Daihatsu,Canbus,2023.0,3.0,6600.0,660.0,Kottawa,Brand New,Petrol,Automatic,Hatchback,white
Toyota,Vitz,2019.0,7.0,29000.0,1000.0,Yakkala,Used,Petrol,Automatic,Hatchback,white
Suzuki,Alto,2023.0,3.0,10000.0,660.0,Katugastota,Used,Petrol,Automatic,Hatchback,red
Suzuki,Swift,2017.0,9.0,62500.0,1300.0,Ambalangoda,Used,Hybrid,Automatic,Hatchback,red
Honda,N BOX,2023.0,3.0,6600.0,660.0,Kottawa,Reconditioned,Petrol,Automatic,Hatchback,silver
Nissan,FB 15,2000.0,26.0,107000.0,1500.0,Adampan,Used,Petrol,Automatic,Saloon,white
Toyota,Aqua,2014.0,12.0,99000.0,1490.0,Ambalangoda,Used,Hybrid,Automatic,Liftback,black
Suzuki,Alto,2018.0,8.0,70000.0,650.0,Ambalangoda,Used,Petrol,Automatic,Hatchback,gray
Suzuki,Wagon R,2015.0,11.0,100000.0,650.0,Kurunegala,Used,Hybrid,Automatic,Hatchback,black
Suzuki,Swift,2017.0,9.0,150000.0,990.0,Kuruwita,Used,Petrol,Automatic,Hatchback,gray
Hyundai,Sonata,2000.0,26.0,144000.0,1500.0,Kalutara,Used,Petrol,Automatic,Saloon,other
Daihatsu,Esse,2024.0,2.0,0.0,650.0,Polonnaruwa,Brand New,Petrol,Automatic,Hatchback,white
Toyota,Corolla,2006.0,20.0,250000.0,1500.0,Ambalangoda,Used,Petrol,Automatic,Saloon,blue
Toyota,Premio,2013.0,13.0,121000.0,1490.0,Wariyapola,Used,Petrol,Automatic,Liftback,other
Toyota,Vios,2004.0,22.0,134000.0,1497.0,Ambalangoda,Used,Petrol,Automatic,Sedan,blue
Audi,A4,2019.0,7.0,60000.0,1400.0,Boralesgamuwa,Used,Petrol,Automatic,Saloon,white
Honda,Grace,2017.0,9.0,277000.0,1500.0,Pannipitiya,Used,Hybrid,Automatic,Saloon,black
Suzuki,Wagon R,2014.0,12.0,128700.0,660.0,Piliyandala,Used,Petrol,Automatic,Hatchback,black
Suzuki,Wagon R,2024.0,2.0,5000.0,660.0,Angoda,Used,Hybrid,Automatic,Station wagon,other
Suzuki,Wagon R,2016.0,10.0,80000.0,650.0,Colombo Fort (Colombo 01),Reconditioned,Petrol,Automatic,Hatchback,blue
Honda,Fit,2014.0,12.0,140000.0,1500.0,Ambalangoda,Used,Petrol,Automatic,Hatchback,white
Toyota,Vitz,2017.0,9.0,94000.0,1000.0,Anuradhapura,Used,Petrol,Automatic,Hatchback,black
Toyota,Axio,2008.0,18.0,147500.0,1500.0,Kandy,Used,Petrol,Automatic,Saloon,silver
Toyota,Yaris Ativ,2025.0,1.0,0.0,1200.0,Mount Lavinia,Brand New,Petrol,Automatic,Hatchback,white
BMW,5 Series,2013.0,13.0,140000.0,2500.0,Kurunegala,Used,Diesel,Automatic,Saloon,white
Toyota,Prius,2011.0,15.0,171000.0,1800.0,Bandaragama,Used,Hybrid,Automatic,Hatchback,white
BMW,M Series,2011.0,15.0,140000.0,1500.0,Boralesgamuwa,Used,Petrol,Automatic,Sedan,black
Suzuki,Wagon R,2018.0,8.0,94000.0,650.0,Kurunegala,Used,Petrol,Automatic,Hatchback,white
Toyota,Vitz,2019.0,7.0,103000.0,1500.0,Kattankudi,Used,Hybrid,Automatic,,white
Suzuki,A Star,2011.0,15.0,165000.0,990.0,Ampara,Used,Petrol,Manual,Convertible,silver
Mercedes Benz,C200,2025.0,1.0,0.0,1500.0,Kohuwala,Brand New,Petrol,Automatic,Sedan,black
Nissan,Bluebird,2000.0,26.0,169000.0,1800.0,Ukuwela,Used,Petrol,Automatic,Sedan,maroon
Daihatsu,Mira,2024.0,2.0,2400.0,660.0,Kollupitiya (Colombo 03),Brand New,Petrol,Automatic,Hatchback,blue
Toyota,Aqua,2012.0,14.0,250000.0,1500.0,Ja-Ela,Used,Petrol,Automatic,Hatchback,white
Toyota,Aqua,2014.0,12.0,148000.0,1496.0,Galle,Used,Petrol,Automatic,Hatchback,white
Nissan,AD Wagon,2012.0,14.0,182012.0,1498.0,Ragama,Used,Petrol,Automatic,Station wagon,white
Toyota,Vitz,2015.0,11.0,45000.0,1000.0,Pannipitiya,Used,Petrol,Automatic,Hatchback,black
Toyota,Starlet,1988.0,38.0,154000.0,1300.0,Kottawa,Used,Petrol,Manual,Hatchback,white
Suzuki,Wagon R,2014.0,12.0,112000.0,650.0,Homagama,Used,Petrol,Automatic,Hatchback,white
Nissan,N 16,2000.0,26.0,170000.0,1500.0,Nikaweratiya,Used,Petrol,Automatic,Saloon,silver
Suzuki,Alto,2015.0,11.0,135000.0,800.0,Ambalangoda,Used,Petrol,Manual,Hatchback,red
Suzuki,Wagon R,2024.0,2.0,0.0,600.0,Kuliyapitiya,Brand New,Hybrid,Automatic,Liftback,gray
Toyota,Axio,2014.0,12.0,85000.0,1200.0,Ampara,Used,Petrol,Manual,Hatchback,white
Mazda,Flair,2016.0,10.0,0.0,700.0,Ambalangoda,Used,Petrol,Automatic,,white
Nissan,Wingroad,2007.0,19.0,110000.0,1300.0,Akkaraipattu,Used,Petrol,Automatic,Saloon,silver
Toyota,Prius,2014.0,12.0,250000.0,,Colombo Fort (Colombo 01),Used,Petrol,Automatic,Hatchback,silver
Toyota,Premio,2014.0,12.0,102172.0,1500.0,Wariyapola,Used,Petrol,Automatic,Sedan,white
Toyota,Vitz,2018.0,8.0,0.0,1200.0,Kollupitiya (Colombo 03),Used,Petrol,Automatic,Sports,white
Honda,S660,2016.0,10.0,27000.0,1000.0,Borella (Colombo 08),Used,Petrol,Automatic,Hatchback,white
Suzuki,Maruti,2006.0,20.0,100000.0,800.0,Matara,Used,Petrol,Manual,Hatchback,green
Honda,Fit,2011.0,15.0,183000.0,1300.0,Ambalangoda,Used,Hybrid,Automatic,Hatchback,white
Suzuki,Alto,2012.0,14.0,97291.0,800.0,Eppawala,Used,Petrol,Manual,Hatchback,beige
Toyota,Allion,2017.0,9.0,114000.0,1500.0,Aniwatta,Used,Petrol,Automatic,Sedan,other
Daihatsu,Mira,2017.0,9.0,75000.0,1300.0,Nittambuwa,Used,Petrol,Other,Hatchback,white
Datsun,Redi Go,2016.0,10.0,47200.0,800.0,Padukka,Used,Petrol,Manual,Hatchback,green
Suzuki,Alto,2015.0,11.0,92000.0,800.0,Kegalle,Used,Petrol,Manual,Hatchback,gray
Toyota,Belta,2007.0,19.0,166600.0,1000.0,Homagama,Used,Petrol,Automatic,Saloon,silver
Toyota,Corolla,1996.0,30.0,193134.0,1300.0,Kandy,Reconditioned,Petrol,Manual,Saloon,white
Toyota,Vitz,2006.0,20.0,135000.0,1000.0,Kuliyapitiya,Used,Petrol,Automatic,Hatchback,white
Nissan,Dayz,2023.0,3.0,7660.0,660.0,Kurunegala,Reconditioned,Petrol,Automatic,,blue
Suzuki,Wagon R,2018.0,8.0,93000.0,660.0,Borella (Colombo 08),Used,Hybrid,Automatic,Hatchback,purple
Toyota,Vitz,2018.0,8.0,0.0,,Kandy,Used,Petrol,Automatic,Liftback,white
Micro,Panda Cross,2017.0,9.0,69110.0,1300.0,Homagama,Used,Petrol,Manual,Hatchback,white
Suzuki,Wagon R,2025.0,1.0,8000.0,650.0,Hettipola,Brand New,Petrol,Automatic,Hatchback,gray
Toyota,Vitz,2018.0,8.0,61345.0,1000.0,Pannala,Used,Petrol,Manual,Sports,silver
Suzuki,Alto,2014.0,12.0,150000.0,800.0,Kandy,Used,Petrol,Manual,Hatchback,black
Nissan,March,1997.0,29.0,181000.0,990.0,Kelaniya,Used,Petrol,Automatic,Hatchback,blue
Suzuki,Wagon R,2025.0,1.0,35.0,650.0,Kohuwala,Brand New,Hybrid,Automatic,Hatchback,white
Suzuki,Wagon R,2025.0,1.0,200.0,650.0,Wennappuwa,Brand New,Hybrid,Automatic,Hatchback,white
Mercedes Benz,C200,2004.0,22.0,0.0,1500.0,Alutnuwara,Used,Petrol,Automatic,Saloon,black
KIA,Cerato,2012.0,14.0,90000.0,1500.0,Moratuwa,Used,Petrol,Automatic,Saloon,red
Toyota,Axio,2017.0,9.0,121000.0,1500.0,Ambalangoda,Used,Hybrid,Automatic,Saloon,white
Toyota,Aqua,2015.0,11.0,139000.0,1500.0,Katugastota,Used,Petrol,Automatic,Hatchback,black
Suzuki,Wagon R,2014.0,12.0,134526.0,650.0,Kollupitiya (Colombo 03),Used,Petrol,Automatic,Station wagon,blue
Honda,Civic,1999.0,27.0,200000.0,1500.0,Malabe,Used,Petrol,Automatic,Saloon,white
Suzuki,Wagon R,2018.0,8.0,86000.0,660.0,Homagama,Used,Hybrid,Automatic,Hatchback,white
Suzuki,Alto,2017.0,9.0,86000.0,650.0,Kurunegala,Used,Hybrid,Automatic,Hatchback,silver
Toyota,Axio,2025.0,1.0,0.0,1500.0,Nugegoda,Brand New,Hybrid,Automatic,Saloon,silver
Suzuki,Wagon R,2017.0,9.0,0.0,650.0,Kandy,Used,Hybrid,Automatic,Hatchback,black
Honda,Grace,2016.0,10.0,96000.0,1490.0,Kalutara,Used,Hybrid,Automatic,Saloon,red
Daihatsu,Taft,2023.0,3.0,6500.0,660.0,Kurunegala,Used,Petrol,Automatic,Hatchback,green
Suzuki,Celerio,2016.0,10.0,129000.0,1000.0,Kadawatha,Used,Petrol,Automatic,Hatchback,gray
Suzuki,Wagon R,2018.0,8.0,75000.0,650.0,Boralesgamuwa,Used,Hybrid,Automatic,Liftback,red
Suzuki,Wagon R,2016.0,10.0,90000.0,650.0,Ambalangoda,Used,Hybrid,Automatic,Hatchback,red
Suzuki,XBee,2023.0,3.0,0.0,1000.0,Kottawa,Brand New,Petrol,Automatic,Hatchback,green
Suzuki,Alto,2015.0,11.0,88000.0,1200.0,Deiyandara,Used,Petrol,Manual,Sports,black
Micro,Panda,2012.0,14.0,0.0,1500.0,Moratuwa,Used,Petrol,Manual,Hatchback,white
Micro,Panda,2015.0,11.0,87000.0,1300.0,Ambalangoda,Used,Petrol,Manual,Hatchback,white
Toyota,Yaris,2025.0,1.0,1500.0,1000.0,Kotte,Brand New,Hybrid,Automatic,,white
Suzuki,Wagon R,2024.0,2.0,1000.0,1000.0,Rajagiriya,Brand New,Petrol,Automatic,Station wagon,other
Renault,KWID,2016.0,10.0,160000.0,600.0,Ampara,Used,Petrol,Manual,Hatchback,black
Toyota,Premio,2017.0,9.0,75000.0,1996.0,Hambantota,Used,Petrol,Automatic,Saloon,white
Toyota,Prius,2011.0,15.0,180000.0,1800.0,Galle,"✨ Spotless exterior – no dents, scratches or stains",Hybrid,Automatic,Hatchback,black
Suzuki,Alto,2015.0,11.0,94000.0,800.0,Vavuniya,Used,Petrol,Manual,Liftback,gray
Suzuki,Celerio,2015.0,11.0,97500.0,996.0,Moratuwa,Used,Petrol,Automatic,Hatchback,gray
Renault,KWID,2017.0,9.0,52000.0,1000.0,Batticaloa,Used,Petrol,Automatic,Hatchback,black
Suzuki,Swift,2010.0,16.0,24000.0,1242.0,Maharagama,Used,Petrol,Automatic,Hatchback,gray
Nissan,Dayz,2024.0,2.0,2500.0,659.0,Rajagiriya,Brand New,Petrol,Automatic,Hatchback,blue
Toyota,Vitz,2019.0,7.0,59000.0,1000.0,Kalmunai,Used,Petrol,Automatic,,white
Audi,A1,2016.0,10.0,33000.0,1400.0,Ambalangoda,Used,Petrol,Automatic,Hatchback,red
Perodua,Bezza,2018.0,8.0,63000.0,1000.0,Narahenpita (Colombo 05),Used,Petrol,Manual,Hatchback,white
Toyota,Aqua,2017.0,9.0,127000.0,1500.0,Malabe,Used,Hybrid,Automatic,Hatchback,white
Suzuki,Swift,2004.0,22.0,0.0,1320.0,Ambalangoda,Used,Petrol,Automatic,Hatchback,blue
Toyota,Axio,2024.0,2.0,0.0,1500.0,Kottawa,Brand New,Hybrid,Automatic,Sedan,silver
Honda,Grace,2015.0,11.0,120000.0,1500.0,Dehiwala,Used,Hybrid,Automatic,Saloon,silver
Toyota,Passo,2016.0,10.0,87700.0,1000.0,Malabe,Reconditioned,Petrol,Automatic,Hatchback,silver
Suzuki,Swift,2004.0,22.0,156000.0,760.0,Yatiyantota,Used,Petrol,Manual,Hatchback,red
Honda,Fit,2013.0,13.0,118000.0,1330.0,Batticaloa,Used,Petrol,Automatic,Station wagon,silver
Daihatsu,Mira,2023.0,3.0,1234.0,660.0,Kottawa,Brand New,Petrol,Automatic,Liftback,blue
Nissan,Sunny,1998.0,28.0,106300.0,1500.0,Ambalangoda,Used,Petrol,Automatic,Saloon,gray
Suzuki,A Star,2011.0,15.0,95000.0,1000.0,Gampaha,Used,Petrol,Automatic,Hatchback,pink
Honda,Grace,2016.0,10.0,68000.0,1200.0,Kiribathgoda,Used,Petrol,Automatic,Sedan,white
Mitsubishi,eK,2023.0,3.0,100000.0,660.0,Rajagiriya,Brand New,Hybrid,Automatic,Hatchback,gray
Suzuki,Wagon R,2018.0,8.0,59000.0,650.0,Nittambuwa,Used,Hybrid,Automatic,Hatchback,white
Honda,Insight,2010.0,16.0,155000.0,1500.0,Alutgama,Used,Petrol,Automatic,Liftback,red
Toyota,Yaris,2024.0,2.0,9000.0,1000.0,Kalubowila,Reconditioned,Petrol,Automatic,Hatchback,black
Suzuki,Wagon R,2018.0,8.0,72000.0,650.0,Pannala,Used,Petrol,Automatic,Convertible,white
Suzuki,Wagon R,2014.0,12.0,84000.0,650.0,Matara,Used,Petrol,Automatic,Station wagon,black
Suzuki,Hustler,2024.0,2.0,0.0,660.0,Cinnamon Garden (Colombo 07),Brand New,Petrol,Automatic,Station wagon,green
Toyota,Belta,2007.0,19.0,145000.0,1300.0,Kurunegala,Used,Petrol,Automatic,Hatchback,blue
Toyota,Vios,2005.0,21.0,0.0,1500.0,Kollupitiya (Colombo 03),Used,Hybrid,Automatic,Sedan,black
Suzuki,Swift,2007.0,19.0,153000.0,1300.0,Kirillawala,Used,Petrol,Manual,Hatchback,gray
Daihatsu,Mira,2004.0,22.0,229000.0,660.0,Ambalangoda,Used,Petrol,Automatic,Hatchback,maroon
Suzuki,Wagon R,2014.0,12.0,103000.0,660.0,Avissawella,Used,Hybrid,Automatic,Hatchback,red
Mitsubishi,Space Wagon,2023.0,3.0,7000.0,650.0,Kohuwala,Brand New,Petrol,Automatic,Hatchback,silver
Toyota,Prius,2009.0,17.0,180000.0,1500.0,Ambalangoda,Used,Petrol,Automatic,Liftback,silver
Suzuki,Swift,2004.0,22.0,122000.0,760.0,Matara,Used,Petrol,Manual,Hatchback,black
Suzuki,Celerio,2015.0,11.0,73428.0,998.0,Nugegoda,Used,Petrol,Manual,Liftback,beige
Suzuki,Alto,2015.0,11.0,110.0,800.0,Hanwella,Used,Petrol,Manual,Hatchback,red
Toyota,Premio,2015.0,11.0,200000.0,1500.0,Borella (Colombo 08),Used,Petrol,Automatic,Saloon,maroon
Toyota,Alpha,2012.0,14.0,140000.0,1800.0,Marawila,Used,Hybrid,Automatic,Hatchback,silver
Ford,Laser,2000.0,26.0,100000.0,1600.0,Matara,Used,Petrol,Manual,Saloon,silver
Toyota,Premio,2018.0,8.0,195000.0,1500.0,Mirigama,Used,Petrol,Automatic,Saloon,white
Suzuki,Wagon R,2016.0,10.0,112000.0,650.0,Kurunegala,Used,Petrol,Automatic,Station wagon,white
Honda,Fit,2013.0,13.0,0.0,1500.0,Wennappuwa,Used,Hybrid,Automatic,Liftback,black
Honda,Grace,2014.0,12.0,108300.0,1500.0,Talawatugoda,Used,Petrol,Automatic,Sedan,black
Toyota,Premio,2017.0,9.0,99000.0,1500.0,Negombo,Used,Petrol,Automatic,Sedan,red
Renault,KWID,2016.0,10.0,53842.0,1000.0,Panadura,Used,Petrol,Manual,Hatchback,white
Toyota,Axio,2013.0,13.0,135000.0,1500.0,Bopitiya,Used,Petrol,Automatic,Saloon,white
Toyota,Axio,2024.0,2.0,5000.0,1500.0,Kottawa,Brand New,Hybrid,Automatic,Hatchback,silver
Toyota,Aqua,2012.0,14.0,122387.0,1490.0,Anuradhapura,Used,Hybrid,Automatic,Liftback,black
Suzuki,Maruti,2011.0,15.0,93000.0,800.0,Morontuduwa,Used,Petrol,Manual,Hatchback,black
Toyota,Premio,2012.0,14.0,160000.0,1500.0,Wennappuwa,Used,Petrol,Automatic,Saloon,white
Toyota,Vitz,2016.0,10.0,154000.0,1300.0,Aluthkade (Colombo 12),Used,Petrol,Automatic,Hatchback,silver
Toyota,Vitz,2008.0,18.0,0.0,1500.0,Matugama,Used,Petrol,Manual,Hatchback,silver
Suzuki,Swift,2006.0,20.0,170000.0,1300.0,Dehiwala,Used,Petrol,Manual,Liftback,other
Suzuki,Alto,2016.0,10.0,103000.0,800.0,Anuradhapura,Used,Petrol,Manual,Liftback,red
Suzuki,Alto,2014.0,12.0,140000.0,650.0,Avissawella,Used,Petrol,Automatic,Hatchback,black
Toyota,Premio,2013.0,13.0,48900.0,1500.0,Ragama,Used,Petrol,Automatic,Saloon,white
Micro,Panda,2014.0,12.0,0.0,800.0,Homagama,Used,Petrol,Manual,Hatchback,red
Toyota,Tank,2017.0,9.0,114000.0,1000.0,Panadura,Used,Petrol,Automatic,Hatchback,black
Nissan,Almera,2025.0,1.0,0.0,1000.0,Kohuwala,Brand New,Petrol,Automatic,Saloon,white
Suzuki,Wagon R,2015.0,11.0,120000.0,650.0,Hambantota,Used,Hybrid,Manual,Sedan,white
Toyota,Avanza,2013.0,13.0,139000.0,1400.0,Bandarawela,Used,Petrol,Automatic,Hatchback,black
Hyundai,Eon,2016.0,10.0,86530.0,814.0,Batticaloa,Used,Petrol,Manual,Hatchback,white
Toyota,Vitz,2007.0,19.0,188000.0,1000.0,Borella (Colombo 08),Used,Petrol,Automatic,Hatchback,black
Toyota,Yaris,2023.0,3.0,76500.0,1000.0,Kotte,Reconditioned,Petrol,Automatic,Hatchback,white
Nissan,FB 14,1996.0,30.0,200000.0,1500.0,Matale,Used,Petrol,Manual,Saloon,gold
Suzuki,Wagon R,2018.0,8.0,80000.0,1500.0,Adampan,Used,Hybrid,Automatic,Liftback,white
Toyota,Corolla,2007.0,19.0,125000.0,1600.0,Kadawatha,Used,Petrol,Automatic,Sedan,white
Perodua,Axia,2015.0,11.0,89.0,990.0,Pannipitiya,Reconditioned,Petrol,Automatic,Hatchback,blue
Honda,Shuttle,2018.0,8.0,95000.0,1500.0,Yakkala,Used,Hybrid,Automatic,Hatchback,black
Toyota,Corolla,2003.0,23.0,173000.0,1500.0,Kirindiwela,Used,Petrol,Automatic,Saloon,silver
BMW,M Series,2017.0,9.0,77000.0,2000.0,Ambalangoda,Used,Petrol,Automatic,Liftback,white
Mitsubishi,eK,2023.0,3.0,7000.0,660.0,Kottawa,Reconditioned,Petrol,Automatic,Hatchback,white
Tata,Nano,2015.0,11.0,93000.0,624.0,Yakkala,Used,Petrol,Manual,Hatchback,white
Suzuki,Wagon R,2024.0,2.0,4200.0,660.0,Nittambuwa,Brand New,Petrol,Automatic,Hatchback,black
Hyundai,Santro,2004.0,22.0,202781.0,1000.0,Boralesgamuwa,Used,Petrol,Manual,Hatchback,silver
Honda,N BOX,2015.0,11.0,245000.0,650.0,Raddolugama,Used,Petrol,Automatic,Station wagon,black
BMW,M Series,2014.0,12.0,107000.0,2000.0,Gampaha,Used,Diesel,Automatic,Saloon,white
Toyota,Aqua,2014.0,12.0,130000.0,1500.0,Nikaweratiya,Used,Petrol,Automatic,Hatchback,black
Toyota,Vios,2003.0,23.0,143000.0,1500.0,Matara,Used,Petrol,Automatic,Sedan,blue
Tata,Nano,2017.0,9.0,134500.0,624.0,Adampan,Used,Petrol,Automatic,Hatchback,silver
Mercedes Benz,E350,2018.0,8.0,22000.0,1500.0,Colombo Fort (Colombo 01),Used,Petrol,Automatic,Sedan,black
Suzuki,Wagon R,2018.0,8.0,76000.0,650.0,Wellampitiya,Used,Petrol,Automatic,Station wagon,white
Audi,A3,2023.0,3.0,0.0,1000.0,Kiribathgoda,Brand New,Petrol,Automatic,Sedan,blue
Nissan,March,2002.0,24.0,193000.0,1240.0,Uragasmanhandiya,Reconditioned,Petrol,Automatic,Hatchback,other
Toyota,Prius,2011.0,15.0,154000.0,1800.0,Kandy,Used,Hybrid,Automatic,Hatchback,blue
Suzuki,Maruti,2008.0,18.0,107000.0,800.0,Nugegoda,Used,Petrol,Manual,Hatchback,gray
Honda,ARIA,2013.0,13.0,123.0,,Kuliyapitiya,Used,Petrol,Automatic,Saloon,silver
Daihatsu,Esse,2024.0,2.0,0.0,650.0,Polonnaruwa,Brand New,Petrol,Automatic,Hatchback,red
Suzuki,Swift,2004.0,22.0,125000.0,1320.0,Kalmunai,Used,Petrol,Automatic,Hatchback,silver
Toyota,Allion,2011.0,15.0,205000.0,1500.0,Ambalangoda,Used,Petrol,Automatic,Saloon,black
Daihatsu,Cast,2023.0,3.0,6600.0,660.0,Kottawa,Brand New,Petrol,Automatic,Hatchback,brown
Honda,Fit,2013.0,13.0,105000.0,1490.0,Homagama,Used,Hybrid,Automatic,Hatchback,blue
Honda,Insight,2009.0,17.0,190000.0,1330.0,Trincomalee,Reconditioned,Hybrid,Automatic,Sedan,red
Nissan,Dayz,2024.0,2.0,6600.0,660.0,Kottawa,Brand New,Petrol,Automatic,Hatchback,black
Suzuki,Alto,2007.0,19.0,180000.0,800.0,Nintavur,Used,Petrol,Manual,Hatchback,red
Suzuki,Wagon R,2015.0,11.0,90000.0,650.0,Kalmunai,Used,Petrol,Automatic,Sedan,white
Toyota,Prius,2023.0,3.0,0.0,1800.0,Kurunegala,Brand New,Hybrid,Manual,Liftback,gray
Nissan,Sunny,2003.0,23.0,210000.0,1600.0,Katugastota,Used,Petrol,Automatic,Hatchback,gray
Toyota,Aqua,2014.0,12.0,90905.0,1500.0,Ambalangoda,Used,Hybrid,Automatic,Liftback,blue
Toyota,Prius,2014.0,12.0,0.0,1600.0,Ambalangoda,Used,Hybrid,Automatic,Liftback,black
Suzuki,Alto,2023.0,3.0,0.0,660.0,Kurunegala,Brand New,Petrol,Manual,Station wagon,silver
Suzuki,Wagon R,2023.0,3.0,1800.0,650.0,Malabe,Brand New,Hybrid,Automatic,,black
Toyota,Allion,2003.0,23.0,0.0,1400.0,Nittambuwa,Used,Petrol,Automatic,Saloon,silver
Suzuki,Alto,2023.0,3.0,3000.0,690.0,Agaliya,Brand New,Hybrid,Automatic,Liftback,silver
Toyota,Passo,2008.0,18.0,150000.0,650.0,Pannipitiya,Used,Petrol,Automatic,Liftback,navy
Toyota,Axio,2016.0,10.0,145000.0,1496.0,Baddegama,Used,Petrol,Automatic,Sedan,white
Toyota,Allion,2016.0,10.0,116000.0,1500.0,Negombo,Used,Petrol,Automatic,Saloon,white
Honda,Fit,2011.0,15.0,186100.0,1330.0,Negombo,Used,Hybrid,Automatic,Hatchback,blue
Toyota,Prius,2009.0,17.0,161000.0,1798.0,Waskaduwa,Used,Petrol,Automatic,Hatchback,black
Suzuki,Wagon R,2018.0,8.0,110000.0,650.0,Ambalangoda,Used,Hybrid,Automatic,Hatchback,white
Mercedes Benz,E200,2010.0,16.0,107000.0,1797.0,Moratuwa,Used,Petrol,Automatic,Saloon,maroon
Mercedes Benz,C180,2010.0,16.0,201461.0,1600.0,Moratuwa,Used,Petrol,Automatic,Saloon,black
Honda,Civic,2017.0,9.0,71000.0,1000.0,Ambalangoda,Used,Petrol,Automatic,Sedan,black
Suzuki,Alto,2011.0,15.0,193000.0,800.0,Neboda,Used,Petrol,Manual,Hatchback,white
Suzuki,Wagon R,2017.0,9.0,173000.0,650.0,Ambalangoda,Used,Hybrid,Automatic,Hatchback,black
Suzuki,Wagon R,2023.0,3.0,10000.0,660.0,Matara,Brand New,Hybrid,Automatic,Hatchback,white
Nissan,ExSunny,2008.0,18.0,175000.0,1295.0,Ambalangoda,Used,Petrol,Automatic,Saloon,gold
Suzuki,Alto,2015.0,11.0,133000.0,800.0,Ampara,Used,Petrol,Manual,Hatchback,white
Honda,Accord,2001.0,25.0,192000.0,1800.0,Panadura,Used,Petrol,Automatic,Sedan,silver
Toyota,Axio,2014.0,12.0,119700.0,1500.0,Ja-Ela,Used,Petrol,Automatic,Saloon,blue
Suzuki,Wagon R,2014.0,12.0,200000.0,650.0,Ambalangoda,Used,Petrol,Automatic,Hatchback,black
Toyota,Aqua,2015.0,11.0,124000.0,1500.0,Ratnapura,Used,Hybrid,Automatic,Saloon,purple
Mercedes Benz,Car,2015.0,11.0,50000.0,2000.0,Kalubowila,Used,Hybrid,Automatic,Saloon,red
Suzuki,Maruti,2011.0,15.0,46500.0,800.0,Nittambuwa,Used,Petrol,Manual,Hatchback,blue
Toyota,Premio,2011.0,15.0,160000.0,1500.0,Ambalangoda,Used,Petrol,Automatic,Sedan,brown
Mercedes Benz,C200,2020.0,6.0,150000.0,2000.0,Ambalangoda,Used,Petrol,Automatic,Liftback,black
Audi,A3,2018.0,8.0,115000.0,990.0,Ambalangoda,Used,Petrol,Automatic,Saloon,red
Suzuki,Wagon R,2025.0,1.0,0.0,650.0,Kurunegala,Brand New,Petrol,Automatic,Hatchback,white
Suzuki,Wagon R,2024.0,2.0,3300.0,650.0,Kotahena (Colombo 13),Reconditioned,Petrol,Automatic,Hatchback,black
Honda,Civic,2018.0,8.0,98800.0,1000.0,Nawala,Used,Petrol,Tiptronic,Hatchback,silver
Daihatsu,G100s,1987.0,39.0,0.0,1000.0,Beruwala,Used,Petrol,Automatic,Hatchback,white
Suzuki,Alto,2015.0,11.0,172000.0,800.0,Hambantota,Used,Petrol,Manual,Sedan,white
Suzuki,Alto,2011.0,15.0,131000.0,800.0,Avissawella,Used,Petrol,Manual,Sedan,maroon
Hyundai,Accent,2000.0,26.0,106000.0,1495.0,Godagama,Used,Petrol,Manual,Sedan,red
Toyota,Aqua,2013.0,13.0,230000.0,1200.0,Pussellawa,Used,Petrol,Automatic,Hatchback,black
Daihatsu,Mira,2024.0,2.0,3200.0,660.0,Matara,Brand New,Petrol,Automatic,Liftback,silver
Toyota,Axio,2015.0,11.0,,1500.0,Nikaweratiya,Used,Petrol,Automatic,Saloon,white
Mitsubishi,eK,2023.0,3.0,6600.0,660.0,Kottawa,Brand New,Petrol,Automatic,Hatchback,black
Nissan,Sylphy,2001.0,25.0,0.0,1000.0,Gampaha,Used,Petrol,Automatic,Saloon,other
Nissan,Dayz,2017.0,9.0,115500.0,660.0,Rajagiriya,Reconditioned,Petrol,Automatic,Station wagon,silver
Suzuki,Wagon R,2025.0,1.0,0.0,660.0,Kalutara,Brand New,Hybrid,Automatic,Hatchback,white
Honda,Fit,2013.0,13.0,0.0,1500.0,Wennappuwa,Used,Hybrid,Automatic,Liftback,blue
Nissan,Tiida,2005.0,21.0,129000.0,1500.0,Matara,Used,Petrol,Automatic,Saloon,beige
Perodua,Axia,2017.0,9.0,137000.0,998.0,Piliyandala,Used,Petrol,Automatic,Hatchback,white
Toyota,Prius,2007.0,19.0,165000.0,1500.0,Kalutara,Used,Hybrid,Automatic,Sedan,silver
Nissan,FB 15,2002.0,24.0,154000.0,1500.0,Anuradhapura,Used,Petrol,Automatic,Saloon,silver
Hyundai,Eon,2000.0,26.0,198000.0,1599.0,Trincomalee,Used,Petrol,Manual,Hatchback,white
Mitsubishi,Lancer,1991.0,35.0,0.0,1800.0,Mawanella,Used,Diesel,Manual,Saloon,blue
Toyota,Premio,2011.0,15.0,0.0,1500.0,Kurunegala,Used,Petrol,Automatic,Saloon,maroon
Toyota,Corolla,2005.0,21.0,140000.0,1500.0,Anuradhapura,Used,Petrol,Automatic,Hatchback,blue
Suzuki,Alto,2015.0,11.0,98000.0,800.0,Kalmunai,Used,Petrol,Manual,Liftback,silver
Suzuki,Alto,2014.0,12.0,0.0,800.0,Kesbewa,Used,Petrol,Manual,Hatchback,white
Suzuki,Wagon R,2018.0,8.0,62600.0,650.0,Kalmunai,Used,Hybrid,Automatic,Sedan,white
Mitsubishi,eK,2023.0,3.0,8000.0,660.0,Kotte,Reconditioned,Petrol,Automatic,Hatchback,black
Toyota,Premio,2014.0,12.0,150000.0,1500.0,Ampara,Used,Petrol,Automatic,Hatchback,white
Suzuki,Swift,2005.0,21.0,153000.0,1320.0,Batticaloa,Used,Petrol,Automatic,Hatchback,silver
Toyota,Axio,2016.0,10.0,140000.0,1500.0,Ambalangoda,Used,Hybrid,Automatic,Sedan,white
Suzuki,Swift,2008.0,18.0,76500.0,1240.0,Wattala,Used,Petrol,Automatic,Hatchback,blue
Honda,Fit,2014.0,12.0,76800.0,650.0,Piliyandala,Used,Petrol,Automatic,Hatchback,black
Suzuki,Wagon R,2014.0,12.0,92000.0,650.0,Kegalle,Reconditioned,Petrol,Automatic,Hatchback,white
Honda,Grace,2019.0,7.0,62000.0,1500.0,Ambalangoda,Used,Petrol,Automatic,Liftback,red
Toyota,Axio,2017.0,9.0,104500.0,1500.0,Rajagiriya,Used,Petrol,Automatic,Hatchback,white
Mazda,Familia,1990.0,36.0,180000.0,1500.0,Kaduruwela,Used,Petrol,Manual,Hatchback,white
Toyota,Corolla,1992.0,34.0,47000.0,1331.0,Kiribathgoda,Used,Petrol,Manual,Hatchback,blue
Nissan,Dayz,2025.0,1.0,0.0,650.0,Borella (Colombo 08),Brand New,Petrol,Automatic,Hatchback,silver
Suzuki,Alto,2015.0,11.0,92000.0,690.0,Ampara,Used,Petrol,Manual,Hatchback,red
Micro,Voleex,2012.0,14.0,128000.0,1300.0,Ja-Ela,Used,Petrol,Automatic,Hatchback,red
Suzuki,Wagon R,2024.0,2.0,8000.0,650.0,Ambalangoda,Brand New,Petrol,Automatic,,black
KIA,Picanto,2018.0,8.0,59000.0,1000.0,Kalubowila,Used,Petrol,Automatic,Convertible,white
Suzuki,Zen,2006.0,20.0,145000.0,1000.0,Matugama,Used,Petrol,Manual,Hatchback,black
Perodua,Viva,2011.0,15.0,150000.0,1000.0,Beruwala,Used,Petrol,Automatic,Hatchback,silver
Suzuki,Maruti,2011.0,15.0,0.0,800.0,Kandy,Used,Petrol,Manual,Hatchback,white
Suzuki,Wagon R,2014.0,12.0,87000.0,650.0,Galle,Used,Petrol,Automatic,Station wagon,black
Hyundai,Elantra,2001.0,25.0,95000.0,1699.0,Godagama,Used,Petrol,Automatic,Sedan,blue
Zotye,Z100,2020.0,6.0,28500.0,1000.0,Elpitiya,Used,Petrol,Manual,Hatchback,white
Suzuki,Alto,2024.0,2.0,0.0,660.0,Adampan,Brand New,Petrol,Manual,Station wagon,white
Suzuki,Swift,2014.0,12.0,,,Ampara,Used,Petrol,Manual,Hatchback,blue
Daihatsu,Mira,2014.0,12.0,76500.0,650.0,Kottawa,Used,Petrol,Automatic,Hatchback,pink
Suzuki,Wagon R,2025.0,1.0,0.0,650.0,Kurunegala,Brand New,Hybrid,Automatic,Liftback,white
Honda,Civic,1998.0,28.0,191000.0,1500.0,Kelaniya,Used,Petrol,Manual,Sedan,silver
Daewoo,Racer ETI,1995.0,31.0,123456.0,1500.0,Mawanella,Used,Petrol,Manual,Saloon,white
Suzuki,Wagon R,2025.0,1.0,18.0,650.0,Kurunegala,Brand New,Hybrid,Automatic,Station wagon,white
Nissan,Sunny,2000.0,26.0,180000.0,1600.0,Dambulla,Used,Petrol,Automatic,Saloon,silver
Toyota,Vitz,2017.0,9.0,78000.0,1300.0,Ambalangoda,Used,Petrol,Automatic,Hatchback,black
Suzuki,Wagon R,2017.0,9.0,125000.0,650.0,Ambalangoda,Used,Hybrid,Automatic,Hatchback,white
Suzuki,Celerio,2016.0,10.0,123000.0,996.0,Ambalangoda,Used,Petrol,Automatic,Hatchback,white
Suzuki,Alto,2015.0,11.0,96000.0,800.0,Maharagama,Used,Petrol,Manual,Liftback,red
Suzuki,Spacia,2025.0,1.0,0.0,650.0,Kurunegala,Brand New,Hybrid,Automatic,,white
Suzuki,Celerio,2016.0,10.0,78000.0,1000.0,Ragama,Used,Petrol,Automatic,Hatchback,red
Suzuki,Spacia,2017.0,9.0,102000.0,800.0,Adampan,Used,Hybrid,Automatic,Sedan,purple
Toyota,Aqua,2013.0,13.0,50000.0,1500.0,Badalgama,Used,Hybrid,Automatic,Hatchback,black
KIA,Rio,2001.0,25.0,155000.0,1500.0,Narahenpita (Colombo 05),Used,Petrol,Automatic,Hatchback,silver
Mitsubishi,Lancer,1991.0,35.0,150000.0,1600.0,Peradeniya,Used,Petrol,Manual,Sedan,green
Nissan,Sunny,2001.0,25.0,75000.0,1300.0,Mandawala,Used,Petrol,Other,Saloon,black
Suzuki,Wagon R,2025.0,1.0,7.0,660.0,Rajagiriya,Brand New,Hybrid,Automatic,Hatchback,black
Honda,Fit,2013.0,13.0,134000.0,1500.0,Negombo,Used,Petrol,Automatic,,black
Daihatsu,Mira,2025.0,1.0,0.0,660.0,Nittambuwa,Brand New,Petrol,Automatic,Hatchback,red
Toyota,IST,2004.0,22.0,163000.0,1300.0,Ambalangoda,Used,Petrol,Automatic,Hatchback,white
Toyota,Aqua,2013.0,13.0,132000.0,1500.0,Anuradhapura,Used,Hybrid,Automatic,Saloon,white
Suzuki,Spacia,2015.0,11.0,138000.0,960.0,Monaragala,Used,Petrol,Automatic,Hatchback,pink
Toyota,Corolla,2006.0,20.0,160000.0,1500.0,Ambalangoda,Used,Petrol,Automatic,Saloon,white
Daihatsu,Mira,2024.0,2.0,2808.0,660.0,Kottawa,Brand New,Petrol,Automatic,Hatchback,blue
Tata,Indigo,2015.0,11.0,110008.0,1200.0,Veyangoda,Used,Petrol,Manual,Hatchback,white
Nissan,Sunny,2008.0,18.0,98000.0,1300.0,Kalmunai,Used,Petrol,Automatic,Saloon,silver
Toyota,Allion,2008.0,18.0,178000.0,1500.0,Maharagama,Used,Petrol,Automatic,,silver
Suzuki,Swift,2017.0,9.0,64000.0,1000.0,Kadawatha,Used,Petrol,Automatic,Liftback,red
Suzuki,Alto,2015.0,11.0,130000.0,800.0,Kotte,Used,Petrol,Manual,Hatchback,white
Toyota,Axio,2018.0,8.0,106000.0,1500.0,Padukka,Used,Hybrid,Automatic,Sedan,white
Honda,Fit,2013.0,13.0,270000.0,1320.0,Ja-Ela,Used,Hybrid,Automatic,Station wagon,white
Ford,Fiesta,2011.0,15.0,217000.0,1400.0,Adampan,Used,Petrol,Automatic,Sedan,gray
Nissan,Dayz,2023.0,3.0,0.0,650.0,Kurunegala,Brand New,Petrol,Automatic,Hatchback,silver
Toyota,Axio,2014.0,12.0,121000.0,1500.0,Ja-Ela,Used,Hybrid,Automatic,Hatchback,white
Toyota,Axio,2011.0,15.0,0.0,1500.0,Ambalangoda,Used,Petrol,Automatic,Saloon,black
Suzuki,Alto,2011.0,15.0,100000.0,800.0,Gampaha,Used,Petrol,Manual,Hatchback,black
Hyundai,Accent,2001.0,25.0,210000.0,1500.0,Veyangoda,Used,Petrol,Manual,Sedan,brown
Hyundai,Eon,2016.0,10.0,51000.0,649.0,Batticaloa,Used,Petrol,Manual,Hatchback,white
Toyota,Premio,2017.0,9.0,150000.0,1500.0,Ambalangoda,Used,Petrol,Automatic,Sedan,white
Toyota,Aqua,2013.0,13.0,83000.0,1500.0,Ambalangoda,Used,Petrol,Automatic,Hatchback,white
Suzuki,Alto,2016.0,10.0,70000.0,650.0,Nugegoda,Used,Petrol,Automatic,Hatchback,white
Suzuki,Celerio,2015.0,11.0,98000.0,1000.0,Kadawatha,Used,Petrol,Automatic,Hatchback,white
Suzuki,Celerio,2017.0,9.0,58000.0,1000.0,Kadawatha,Used,Petrol,Automatic,Hatchback,gray
Suzuki,Spacia,2023.0,3.0,6600.0,660.0,Kottawa,Brand New,Petrol,Automatic,Hatchback,yellow
Perodua,Viva,2009.0,17.0,150000.0,1000.0,Delgoda,Used,Petrol,Manual,Hatchback,black
Toyota,Aqua,2012.0,14.0,11112.0,1490.0,Kurunegala,Used,Petrol,Automatic,Hatchback,gray
Ford,Fiesta,2015.0,11.0,1000.0,1600.0,Gampaha,Used,Petrol,Automatic,Sedan,white
Honda,Fit,2014.0,12.0,32000.0,1300.0,Anuradhapura,Used,Hybrid,Automatic,Hatchback,white
Toyota,Allion,2010.0,16.0,0.0,1500.0,Ambalangoda,Used,Petrol,Automatic,Sedan,black
Nissan,Dayz,2023.0,3.0,6052.0,660.0,Kotte,Brand New,Petrol,Automatic,Hatchback,silver
Toyota,Aqua,2014.0,12.0,130000.0,1000.0,Kandy,Reconditioned,Petrol,Automatic,Hatchback,white
Honda,Civic,2004.0,22.0,150000.0,1500.0,Wellawatta (Colombo 06),Used,Petrol,Automatic,,other
Daihatsu,Taft,2025.0,1.0,0.0,660.0,Negombo,Brand New,Petrol,Automatic,Liftback,white
Toyota,Vitz,2011.0,15.0,115000.0,990.0,Kiribathkumbura,Used,Petrol,Automatic,Hatchback,black
Honda,Fit,2014.0,12.0,140000.0,1490.0,Kurunegala,Used,Petrol,Automatic,Liftback,white
Suzuki,Alto,2012.0,14.0,96000.0,800.0,Pitabeddara,Used,Petrol,Manual,Hatchback,gold
Toyota,Carina,1999.0,27.0,120000.0,1500.0,Marandagahamula,Used,Petrol,Automatic,Saloon,white
Suzuki,Wagon R,2023.0,3.0,2300.0,690.0,Kurunegala,Brand New,Hybrid,Automatic,Hatchback,silver
Toyota,Yaris,2023.0,3.0,0.0,1000.0,Angoda,Brand New,Petrol,Automatic,Saloon,white
Toyota,Aqua,2012.0,14.0,129500.0,1490.0,Dehiwala,Used,Hybrid,Automatic,Saloon,white
Mazda,6,2015.0,11.0,185000.0,2500.0,Negombo,Used,Petrol,Automatic,Saloon,red
Hyundai,Eon,2016.0,10.0,65000.0,814.0,Ambalangoda,Used,Petrol,Automatic,Hatchback,black
Suzuki,Wagon R,2023.0,3.0,5600.0,690.0,Kurunegala,Brand New,Hybrid,Automatic,Hatchback,black
Perodua,Axia,2016.0,10.0,90000.0,1000.0,Malabe,Used,Petrol,Automatic,Hatchback,black
Nissan,Sunny,1996.0,30.0,215000.0,1970.0,Matugama,Used,Diesel,Automatic,Saloon,silver
Suzuki,Zen,2006.0,20.0,136000.0,1000.0,Panadura,Used,Petrol,Manual,Hatchback,yellow
Honda,Shuttle,2012.0,14.0,0.0,1500.0,Ratnapura,Used,Hybrid,Automatic,,blue
Mercedes Benz,C200,2011.0,15.0,96000.0,1800.0,Malabe,Used,Petrol,Tiptronic,Sedan,silver
Daihatsu,Thor,2023.0,3.0,11700.0,1000.0,Borella (Colombo 08),Brand New,Petrol,Automatic,Hatchback,white
Toyota,Aqua,2014.0,12.0,0.0,1500.0,Ambalangoda,Used,Petrol,Automatic,Hatchback,white
Daihatsu,Boon,2017.0,9.0,81000.0,996.0,Ambalangoda,Used,Petrol,Automatic,Hatchback,blue
Toyota,Allion,2010.0,16.0,150000.0,1490.0,Akarawita,Used,Petrol,Automatic,Saloon,maroon
Toyota,Starlet,1993.0,33.0,247000.0,1300.0,Kelaniya,Used,Petrol,Manual,Hatchback,blue
Suzuki,XBee,2023.0,3.0,11000.0,990.0,Nugegoda,Reconditioned,Petrol,Automatic,Hatchback,brown
Toyota,Vitz,2015.0,11.0,150000.0,1000.0,Elpitiya,Used,Petrol,Automatic,Hatchback,black
Toyota,Vitz,2018.0,8.0,79000.0,1000.0,Galle,Used,Petrol,Automatic,Liftback,maroon
Honda,City,2025.0,1.0,0.0,1498.0,Ambalangoda,Brand New,Petrol,Automatic,Sedan,white
Suzuki,Hustler,2023.0,3.0,14000.0,650.0,Kurunegala,Brand New,Hybrid,Automatic,Hatchback,red
Suzuki,Wagon R,2023.0,3.0,8000.0,650.0,Matara,Brand New,Hybrid,Automatic,Hatchback,black
Toyota,Starlet,1999.0,27.0,75000.0,1000.0,Kimbulapitiya,Used,Petrol,Manual,Hatchback,white
Suzuki,Swift,2003.0,23.0,140000.0,1300.0,Pilimatalawa,Used,Petrol,Automatic,Hatchback,black
Hyundai,Eon,2015.0,11.0,75000.0,1200.0,Hingurakgoda,Used,Petrol,Automatic,Liftback,gray
Toyota,Aqua,2013.0,13.0,102000.0,1500.0,Ambalangoda,Used,Petrol,Automatic,Hatchback,white
Toyota,Vitz,2018.0,8.0,30500.0,1000.0,Peradeniya,Used,Petrol,Automatic,Hatchback,blue
Suzuki,Alto,2015.0,11.0,131500.0,800.0,Wattala,Used,Petrol,Manual,Hatchback,gray
Suzuki,Swift,2017.0,9.0,0.0,1000.0,Negombo,Used,Hybrid,Automatic,Hatchback,red
Toyota,Vitz,2015.0,11.0,66815.0,990.0,Polonnaruwa,Used,Petrol,Automatic,Hatchback,blue
Perodua,Axia,2017.0,9.0,91000.0,1000.0,Kadawatha,Used,Petrol,Automatic,Hatchback,silver
Suzuki,Alto,2015.0,11.0,110000.0,660.0,Kalutara,Used,Petrol,Manual,Hatchback,silver
Suzuki,Alto,2015.0,11.0,130000.0,800.0,Ambalangoda,Used,Petrol,Manual,Hatchback,gray
Mazda,Familia,1994.0,32.0,0.0,1200.0,Ambalangoda,Used,Petrol,Manual,Saloon,white
Suzuki,Alto,2014.0,12.0,110000.0,800.0,Colombo Fort (Colombo 01),Used,Petrol,Manual,Hatchback,blue
Suzuki,Alto,2015.0,11.0,0.0,800.0,Godagama,Used,Petrol,Manual,Liftback,black
Mitsubishi,eK,2023.0,3.0,6600.0,660.0,Kottawa,Brand New,Petrol,Automatic,Hatchback,silver
Suzuki,Wagon R,2018.0,8.0,190000.0,1500.0,Adampan,Used,Hybrid,Automatic,Liftback,white
Toyota,Vitz,2016.0,10.0,89000.0,1300.0,Ambalangoda,Used,Petrol,Automatic,Hatchback,blue
Toyota,Premio,2018.0,8.0,130000.0,1500.0,Galle,Used,Petrol,Automatic,Sedan,red
Toyota,Premio,2018.0,8.0,70000.0,1500.0,Kandy,Used,Petrol,Automatic,Sedan,white
Suzuki,Wagon R,2018.0,8.0,100000.0,660.0,Kotahena (Colombo 13),Reconditioned,Hybrid,Automatic,Hatchback,white
Daihatsu,Taft,2023.0,3.0,2000.0,658.0,Horana,Brand New,Petrol,Automatic,Hatchback,black
Suzuki,Wagon R,2017.0,9.0,83000.0,660.0,Battuluoya,Used,Hybrid,Automatic,Hatchback,white
Suzuki,Wagon R,2018.0,8.0,89000.0,650.0,Balana,Reconditioned,Petrol,Automatic,Station wagon,white
Subaru,Stella,2023.0,3.0,18000.0,660.0,Kottawa,Brand New,Petrol,Automatic,Hatchback,silver
Suzuki,Wagon R,2024.0,2.0,18000.0,650.0,Panadura,Brand New,Petrol,Automatic,Station wagon,blue
Mitsubishi,Lancer,1997.0,29.0,0.0,1500.0,Baduraliya,Used,Petrol,Manual,Sports,silver
Toyota,Yaris,2025.0,1.0,0.0,1000.0,Nawala,Brand New,Petrol,Automatic,Hatchback,white
Toyota,Allion,2004.0,22.0,0.0,1300.0,Adampan,Used,Petrol,Automatic,Hatchback,blue
Honda,Insight,2011.0,15.0,172664.0,1330.0,Ambalangoda,Used,Petrol,Automatic,Liftback,black
Suzuki,Astra,2010.0,16.0,143000.0,800.0,Kalutara,Used,Petrol,Manual,Hatchback,black
Audi,RS3,2010.0,16.0,0.0,2480.0,Ambalangoda,Used,Petrol,Automatic,Sedan,gray
Suzuki,Wagon R,2017.0,9.0,172000.0,650.0,Ambalangoda,Used,Hybrid,Automatic,Hatchback,brown
Suzuki,Alto,2016.0,10.0,,,Dehiwala,Used,Petrol,Manual,Hatchback,gray
Toyota,Aqua,2015.0,11.0,134000.0,1300.0,Kandy,Used,Petrol,Automatic,Hatchback,black
Suzuki,Wagon R,2014.0,12.0,109000.0,690.0,Matara,Used,Petrol,Automatic,,black
Suzuki,Swift,2004.0,22.0,170000.0,1320.0,Kadawatha,Used,Petrol,Automatic,Hatchback,black
Mitsubishi,eK,2023.0,3.0,6600.0,660.0,Kottawa,Brand New,Petrol,Automatic,Hatchback,white
Honda,Fit,2013.0,13.0,73000.0,1300.0,Panadura,Used,Petrol,Automatic,Hatchback,gray
Perodua,Bezza,2025.0,1.0,5500.0,990.0,Bandaragama,Brand New,Petrol,Automatic,Sedan,gray
Suzuki,Wagon R,2014.0,12.0,100000.0,650.0,Bandaragama,Used,Hybrid,Automatic,Convertible,black
Mercedes Benz,C Class,2016.0,10.0,100000.0,2000.0,Kalubowila,Used,Hybrid,Automatic,Saloon,white
Suzuki,Wagon R,2024.0,2.0,304.0,660.0,Batuwatta,Reconditioned,Hybrid,Automatic,Hatchback,white
Toyota,Passo,2007.0,19.0,8000.0,990.0,Kegalle,Used,Petrol,Automatic,Hatchback,white
Toyota,Tercel,1997.0,29.0,100000.0,1300.0,Dompe,Used,Petrol,Automatic,Saloon,black
Suzuki,Wagon R,2014.0,12.0,118000.0,650.0,Ambalangoda,Used,Hybrid,Automatic,Hatchback,black
Micro,Panda,2014.0,12.0,52000.0,1000.0,Alawwa,Used,Petrol,Manual,Hatchback,white
Toyota,Premio,2017.0,9.0,97000.0,1500.0,Ratnapura,Used,Petrol,Automatic,Liftback,white
Toyota,Yaris,2023.0,3.0,8500.0,1000.0,Kelaniya,Brand New,Petrol,Automatic,Liftback,red
Suzuki,Wagon R,2017.0,9.0,120000.0,650.0,Gampaha,Used,Petrol,Automatic,Hatchback,white
Hyundai,Accent,2001.0,25.0,123456.0,1500.0,Dikwella,Used,Petrol,Automatic,Saloon,gold
Toyota,Allion,2004.0,22.0,0.0,1500.0,Ambalangoda,Used,Petrol,Automatic,Saloon,black
Toyota,Vitz,2018.0,8.0,112000.0,,Maharagama,Used,Petrol,Automatic,Saloon,gray
Toyota,Axio,2013.0,13.0,150000.0,1500.0,Kottawa,Used,Petrol,Automatic,Saloon,gold
Suzuki,MR wagon,2016.0,10.0,127000.0,650.0,Puttalam,Used,Hybrid,Automatic,Station wagon,brown
Audi,A6,2013.0,13.0,120000.0,2000.0,Nugegoda,Used,Diesel,Automatic,Sedan,silver
Suzuki,Wagon R,2014.0,12.0,195000.0,650.0,Nugegoda,Used,Petrol,Automatic,Hatchback,white
Toyota,Corolla,1999.0,27.0,350000.0,1975.0,Malabe,Used,Diesel,Manual,Hatchback,silver
Toyota,Corolla,2003.0,23.0,150000.0,1490.0,Ampara,Used,Petrol,Manual,Hatchback,beige
Toyota,Yaris,2025.0,1.0,0.0,1000.0,Kurunegala,Brand New,Petrol,Automatic,Hatchback,white
Suzuki,Wagon R,2024.0,2.0,2500.0,690.0,Kurunegala,Brand New,Hybrid,Automatic,Hatchback,white
Suzuki,Alto,2017.0,9.0,61450.0,657.0,Bandaragama,Used,Petrol,Automatic,Hatchback,silver
Nissan,Dayz,2023.0,3.0,8900.0,650.0,Kelaniya,Brand New,Petrol,Automatic,,white
Suzuki,Alto,2015.0,11.0,96000.0,796.0,Medirigiriya,Used,Petrol,Manual,Hatchback,red
Suzuki,Swift,2005.0,21.0,222000.0,1500.0,Ruwanwella,Used,Petrol,Tiptronic,Hatchback,white
Toyota,Passo,2023.0,3.0,6000.0,1000.0,Kottawa,Brand New,Petrol,Automatic,,green
Toyota,Premio,2019.0,7.0,89000.0,1500.0,Kohuwala,Used,Petrol,Automatic,Saloon,silver
Suzuki,Alto,2015.0,11.0,144000.0,800.0,Kuliyapitiya,Used,Petrol,Manual,Hatchback,red
Toyota,Aqua,2012.0,14.0,180000.0,1430.0,Dambulla,Used,Hybrid,Automatic,Hatchback,black
Suzuki,Spacia,2025.0,1.0,1000.0,660.0,Kurunegala,Reconditioned,Hybrid,Automatic,Hatchback,gray
Suzuki,Spacia,2024.0,2.0,0.0,650.0,Panadura,Reconditioned,Hybrid,Automatic,Hatchback,white
Daihatsu,Mira,2023.0,3.0,4200.0,660.0,Divulapitiya,Brand New,Petrol,Automatic,Hatchback,black
Toyota,Vitz,2007.0,19.0,107000.0,1300.0,Kesbewa,Used,Petrol,Automatic,Hatchback,silver
Toyota,Corolla,1992.0,34.0,83472.0,1830.0,Kalutara,Used,Diesel,Automatic,Saloon,white
Suzuki,Maruti,2007.0,19.0,,800.0,Meegoda,Used,Petrol,Manual,Hatchback,red
Suzuki,Spacia,2016.0,10.0,131000.0,660.0,Dehiwala,Used,Petrol,Automatic,Hatchback,purple
Daihatsu,Mira,2024.0,2.0,1700.0,650.0,Malabe,Reconditioned,Petrol,Automatic,Hatchback,blue
Opel,Astra,1995.0,31.0,65210.0,1500.0,Rikillagaskada,Used,Petrol,Manual,Saloon,black
Toyota,Yaris,2024.0,2.0,7000.0,1000.0,Dehiwala,Reconditioned,Petrol,Automatic,Hatchback,white
Toyota,Aqua,2013.0,13.0,260000.0,1500.0,Ambalangoda,Used,Petrol,Automatic,Hatchback,yellow
Toyota,Premio,2017.0,9.0,95000.0,1500.0,Galle,Used,Petrol,Automatic,Saloon,white
Perodua,Kelisa,2007.0,19.0,127600.0,1000.0,Nugegoda,Used,Petrol,Automatic,Hatchback,gold
Toyota,Premio,2007.0,19.0,118000.0,1500.0,Kandy,Used,Petrol,Automatic,Hatchback,white
Suzuki,Wagon R,2018.0,8.0,63000.0,998.0,Sri Jayawardenepura Kotte,Used,Hybrid,Automatic,Hatchback,black
Hyundai,Matrix,2001.0,25.0,171132.0,1599.0,Dehiwala,Used,Petrol,Automatic,Hatchback,blue
Micro,MX7,2012.0,14.0,0.0,1500.0,Panadura,Used,Petrol,Manual,Sedan,red
Toyota,Allion,2013.0,13.0,136500.0,1490.0,Kalutara,Used,Petrol,Automatic,Sedan,white
Toyota,Corolla,2002.0,24.0,143000.0,2000.0,Narammala,Used,Diesel,Automatic,Saloon,white
Honda,Fit,2013.0,13.0,0.0,1500.0,Kaduwela,Used,Hybrid,Automatic,Liftback,blue
Toyota,Corolla,2002.0,24.0,650000.0,1200.0,Pussellawa,Used,Petrol,Automatic,Hatchback,white
Honda,Fit,2013.0,13.0,161000.0,1330.0,Minuwangoda,Used,Petrol,Automatic,Station wagon,black
Toyota,Premio,2018.0,8.0,60000.0,1500.0,Panadura,Used,Petrol,Automatic,Saloon,white
Mitsubishi,Lancer,2002.0,24.0,246000.0,1460.0,Ambalangoda,Used,Petrol,Automatic,Sedan,green
Suzuki,Celerio,2015.0,11.0,82000.0,1000.0,Nugegoda,Used,Petrol,Tiptronic,Hatchback,yellow
Toyota,Axio,2013.0,13.0,230000.0,1350.0,Maharagama,Used,Petrol,Automatic,Hatchback,blue
Perodua,Axia,2017.0,9.0,115000.0,1000.0,Kadawatha,Used,Petrol,Automatic,Hatchback,silver
Toyota,Aqua,2014.0,12.0,130000.0,1500.0,Nikaweratiya,Used,Petrol,Automatic,Hatchback,white
Suzuki,Wagon R,2015.0,11.0,80000.0,650.0,Matara,Reconditioned,Petrol,Automatic,Hatchback,blue
Nissan,Aura,2024.0,2.0,0.0,1000.0,Embilipitiya,Reconditioned,Petrol,Automatic,Hatchback,black
Toyota,Prius,2013.0,13.0,110000.0,1600.0,Ambalangoda,Used,Hybrid,Automatic,Liftback,white
Suzuki,Wagon R,2018.0,8.0,123000.0,650.0,Ambalangoda,Used,Hybrid,Automatic,Hatchback,black
Nissan,Roox,2024.0,2.0,0.0,660.0,Bellanwila,Brand New,Hybrid,Automatic,Station wagon,gray
Toyota,Starlet,2001.0,25.0,0.0,1500.0,Narahenpita (Colombo 05),Used,Petrol,Manual,Liftback,gray
Toyota,Yaris,2025.0,1.0,0.0,1500.0,Katugastota,Reconditioned,Hybrid,Automatic,Hatchback,black
Datsun,Redi Go,2016.0,10.0,47090.0,800.0,Padukka,Used,Petrol,Manual,Hatchback,green
Honda,Fit,2010.0,16.0,184000.0,1330.0,Maharagama,Used,Petrol,Automatic,Hatchback,green
Toyota,Corolla,2018.0,8.0,103000.0,1500.0,Negombo,Used,Petrol,Automatic,Sedan,white
Suzuki,Spacia,2024.0,2.0,0.0,658.0,Nugegoda,Brand New,Petrol,Automatic,Hatchback,white
Suzuki,Maruti,2008.0,18.0,0.0,650.0,Maho,Used,Petrol,Manual,,blue
Toyota,Corolla,2023.0,3.0,0.0,1500.0,Kurunegala,Brand New,Petrol,Manual,Saloon,white
Suzuki,Maruti,2006.0,20.0,84585.0,800.0,Minuwangoda,Used,Petrol,Manual,Hatchback,blue
Suzuki,Alto,2023.0,3.0,4210.0,660.0,Divulapitiya,Brand New,Hybrid,Automatic,Hatchback,silver
Toyota,Aqua,2016.0,10.0,133440.0,1500.0,Ambalangoda,Used,Hybrid,Automatic,Liftback,white
Daihatsu,Mira,2025.0,1.0,0.0,650.0,Gampaha,Brand New,Petrol,Automatic,Hatchback,red
Suzuki,Spacia,2025.0,1.0,900.0,660.0,Kelaniya,Brand New,Petrol,Automatic,Hatchback,white
Nissan,Dayz,2023.0,3.0,21000.0,660.0,Kottawa,Brand New,Petrol,Automatic,Hatchback,orange
Nissan,Sunny,2003.0,23.0,180000.0,1490.0,Wennappuwa,Used,Petrol,Automatic,Saloon,silver
Nissan,Note,2023.0,3.0,2000.0,1198.0,Horana,Brand New,Petrol,Automatic,Hatchback,maroon
Toyota,Vitz,2016.0,10.0,53000.0,1000.0,Kundasale,Reconditioned,Petrol,Automatic,Hatchback,black
Suzuki,Wagon R,2025.0,1.0,0.0,660.0,Wennappuwa,Brand New,Petrol,Automatic,Hatchback,white
Toyota,Aqua,2012.0,14.0,120000.0,1500.0,Colombo Fort (Colombo 01),Used,Hybrid,Automatic,Liftback,blue
Nissan,March,2002.0,24.0,140000.0,1300.0,Ambalangoda,Used,Petrol,Automatic,Hatchback,orange
Suzuki,Wagon R,2025.0,1.0,0.0,660.0,Matara,Brand New,Hybrid,Automatic,Hatchback,white
BMW,5 Series,2013.0,13.0,147000.0,2000.0,Ambalangoda,Used,Diesel,Automatic,Sedan,black
Mercedes Benz,EQB,2024.0,2.0,0.0,,Kotahena (Colombo 13),Brand New,Electric,Automatic,Hatchback,blue
Toyota,Vitz,2019.0,7.0,76000.0,1000.0,Akkaraipattu,Used,Petrol,Automatic,Sedan,white
Daihatsu,Mira,2024.0,2.0,3000.0,650.0,Galle,Reconditioned,Petrol,Automatic,Hatchback,black
Daihatsu,Taft,2025.0,1.0,0.0,650.0,Galnewa,Brand New,Petrol,Automatic,Liftback,black
Suzuki,Swift,2003.0,23.0,142000.0,1300.0,Ambalangoda,Used,Petrol,Automatic,Hatchback,gray
Suzuki,Wagon R,2025.0,1.0,0.0,660.0,Yakkala,Brand New,Petrol,Automatic,,white
Toyota,Aqua,2013.0,13.0,251780.0,1200.0,Pussellawa,Used,Petrol,Automatic,Hatchback,blue
Suzuki,Wagon R,2025.0,1.0,0.0,650.0,Maharagama,Brand New,Petrol,Automatic,Station wagon,white
Toyota,Yaris,2007.0,19.0,190000.0,,Galle,Used,Petrol,Manual,Saloon,black
Suzuki,Swift,2002.0,24.0,176000.0,1300.0,Mattakkuliya (Colombo 15),Used,Petrol,Automatic,Hatchback,black
Renault,KWID,2017.0,9.0,0.0,999.0,Ambalangoda,Used,Petrol,Manual,,red
Honda,Civic,2017.0,9.0,26700.0,1000.0,Padukka,Used,Petrol,Automatic,Hatchback,white
Toyota,Aqua,2012.0,14.0,136000.0,1500.0,Galle,Used,Hybrid,Automatic,Hatchback,gray
Toyota,Vitz,2015.0,11.0,112000.0,1300.0,Ambalangoda,Used,Petrol,Automatic,Hatchback,black
Mercedes Benz,CLA,2018.0,8.0,52000.0,1600.0,Ja-Ela,Used,Petrol,Tiptronic,Saloon,white
Toyota,Carina,2003.0,23.0,0.0,1500.0,Wellawatta (Colombo 06),Used,Petrol,Manual,Sedan,silver
Toyota,Aqua,2013.0,13.0,109000.0,1500.0,Monaragala,Used,Petrol,Automatic,Hatchback,white
Suzuki,Wagon R,2014.0,12.0,150000.0,650.0,Ambalangoda,Used,Hybrid,Automatic,Hatchback,pink
Mazda,Familia,1999.0,27.0,140000.0,1499.0,Battaramulla,Used,Petrol,Automatic,Saloon,silver
Suzuki,Wagon R,2023.0,3.0,6600.0,660.0,Kottawa,Brand New,Petrol,Automatic,Hatchback,blue
Suzuki,Wagon R,2018.0,8.0,88000.0,650.0,Akurana,Used,Petrol,Automatic,Liftback,red
Renault,KWID,2016.0,10.0,172320.0,850.0,Batticaloa,Used,Petrol,Manual,Hatchback,red
Suzuki,Hustler,2025.0,1.0,0.0,658.0,Nawala,Brand New,Petrol,Automatic,Hatchback,blue
Suzuki,Alto,2015.0,11.0,105000.0,800.0,Kuliyapitiya,Used,Petrol,Manual,Hatchback,silver
Mercedes Benz,S Class,2014.0,12.0,90000.0,3000.0,Kohuwala,Used,Petrol,Automatic,Sedan,white
Hyundai,Accent,2002.0,24.0,165000.0,1500.0,Ampara,Used,Petrol,Manual,Hatchback,white
Toyota,Vios,2003.0,23.0,190000.0,1900.0,Nittambuwa,Used,Petrol,Automatic,Saloon,black
Hyundai,Eon,2014.0,12.0,134839.0,800.0,Kaduwela,Used,Petrol,Manual,Liftback,brown
Daihatsu,Mira,1998.0,28.0,0.0,850.0,Ambalangoda,Used,Petrol,Manual,Hatchback,red
Audi,Q3,2019.0,7.0,78000.0,1500.0,Ambalangoda,Used,Petrol,Automatic,Hatchback,white
Toyota,Premio,2007.0,19.0,100000.0,1500.0,Polonnaruwa,Used,Petrol,Automatic,Saloon,white
Toyota,Belta,2008.0,18.0,106000.0,1300.0,Kelaniya,Used,Petrol,Automatic,Saloon,silver
Toyota,Corolla,2002.0,24.0,280000.0,1000.0,Batawala,Used,Petrol,Automatic,Liftback,blue
Suzuki,Wagon R,2018.0,8.0,150000.0,690.0,Ampara,Used,Hybrid,Automatic,Hatchback,white
Suzuki,Wagon R,2024.0,2.0,6000.0,650.0,Negombo,Brand New,Hybrid,Automatic,Hatchback,white
Suzuki,A Star,2010.0,16.0,150000.0,1000.0,Kadawatha,Used,Petrol,Automatic,Hatchback,gray
Honda,Fit,2015.0,11.0,140000.0,690.0,Kalutara,Used,Petrol,Automatic,Hatchback,black
Daihatsu,Mira,2024.0,2.0,2000.0,658.0,Minuwangoda,Reconditioned,Petrol,Automatic,Liftback,white
Suzuki,Wagon R,2018.0,8.0,0.0,658.0,Ampitiya,Used,Hybrid,Automatic,,maroon
Toyota,Aqua,2015.0,11.0,134000.0,1490.0,Kandy,Used,Hybrid,Automatic,Hatchback,gray
Suzuki,Wagon R,2018.0,8.0,120000.0,1500.0,Adampan,Used,Hybrid,Automatic,Liftback,white
Suzuki,Alto,2024.0,2.0,11000.0,660.0,Nugegoda,Brand New,Petrol,Automatic,Hatchback,blue
Suzuki,Wagon R,2014.0,12.0,124654.0,650.0,Ambalangoda,Used,Hybrid,Automatic,Hatchback,white
Toyota,Aqua,2013.0,13.0,18000.0,1497.0,Maharagama,Used,Hybrid,Manual,Hatchback,blue
Suzuki,Wagon R,2018.0,8.0,68000.0,650.0,Gampaha,Used,Petrol,Automatic,Hatchback,silver
Suzuki,Swift,2017.0,9.0,80000.0,1300.0,Ambalangoda,Used,Petrol,Automatic,Hatchback,blue
Suzuki,Wagon R,2025.0,1.0,0.0,660.0,Kurunegala,Brand New,Hybrid,Automatic,Sedan,white
Daihatsu,Taft,2022.0,4.0,0.0,660.0,Kurunegala,Brand New,Petrol,Automatic,,red
Honda,Fit,2013.0,13.0,102000.0,1490.0,Dehiwala,Used,Hybrid,Automatic,Hatchback,blue
Suzuki,Wagon R,2017.0,9.0,125500.0,660.0,Nittambuwa,Used,Petrol,Automatic,Hatchback,blue
Toyota,Allion,2010.0,16.0,230000.0,1500.0,Panadura,Used,Petrol,Automatic,Saloon,black
Suzuki,Maruti,2010.0,16.0,0.0,800.0,Kurunegala,Used,Petrol,Manual,Liftback,black
Honda,Civic,2002.0,24.0,200000.0,1500.0,Kottawa,Used,Petrol,Automatic,Saloon,red
Toyota,Corolla,2001.0,25.0,131400.0,1450.0,Embilipitiya,Used,Petrol,Manual,Saloon,silver
Toyota,Vitz,2008.0,18.0,130000.0,1000.0,Aniwatta,Used,Petrol,Automatic,Hatchback,gray
Micro,Panda,2012.0,14.0,80000.0,1342.0,Ambalangoda,Used,Petrol,Manual,Hatchback,red
Suzuki,Wagon R,2014.0,12.0,140000.0,650.0,Ambalangoda,Used,Petrol,Automatic,Station wagon,red
Zotye,Z100,2020.0,6.0,56000.0,1000.0,Kaduwela,Used,Petrol,Other,Liftback,white
Suzuki,Hustler,2024.0,2.0,18326.0,650.0,Rajagiriya,Brand New,Petrol,Automatic,Hatchback,blue
Suzuki,Wagon R,2017.0,9.0,0.0,650.0,Kurunegala,Used,Hybrid,Automatic,Hatchback,white
Suzuki,Wagon R,2024.0,2.0,9800.0,650.0,Gampaha,Brand New,Petrol,Automatic,Hatchback,brown
Daihatsu,Taft,2024.0,2.0,0.0,660.0,Wattala,Brand New,Petrol,Automatic,Hatchback,green
Mitsubishi,eK,2023.0,3.0,8000.0,650.0,Veyangoda,Reconditioned,Petrol,Automatic,Station wagon,black
Suzuki,Alto,2024.0,2.0,900.0,650.0,Piliyandala,Brand New,Petrol,Automatic,Hatchback,white
Perodua,Bezza,2019.0,7.0,72000.0,1000.0,Ambalangoda,Used,Petrol,Automatic,Liftback,blue
Hyundai,Eon,2025.0,1.0,0.0,1000.0,Batticaloa,Brand New,Petrol,Automatic,Hatchback,red
Suzuki,Wagon R,2017.0,9.0,,658.0,Murutalawa,Used,Petrol,Automatic,Hatchback,silver
Toyota,Aqua,2012.0,14.0,140000.0,1500.0,Matara,Used,Hybrid,Automatic,Hatchback,black
Mitsubishi,Lancer,2006.0,20.0,242884.0,1300.0,Kelaniya,Used,Petrol,Manual,Saloon,red
Perodua,Viva,2011.0,15.0,110000.0,960.0,Matara,Used,Petrol,Manual,Hatchback,black
Volkswagen,Beetle,,,100000.0,1200.0,Negombo,Used,Petrol,Manual,Saloon,blue
Suzuki,Wagon R,2015.0,11.0,138000.0,650.0,Pussellawa,Used,Petrol,Automatic,Hatchback,white
Toyota,Vitz,2015.0,11.0,,1500.0,Ambalangoda,Used,Petrol,Automatic,Hatchback,white
Suzuki,Celerio,2014.0,12.0,1000.0,1000.0,Kadawatha,Used,Petrol,Automatic,Hatchback,red
Toyota,Aqua,2012.0,14.0,0.0,1500.0,Beliatta,Used,Hybrid,Automatic,Hatchback,white
Honda,Civic,2003.0,23.0,212647.0,1490.0,Colombo Fort (Colombo 01),Used,Petrol,Automatic,Hatchback,silver
Nissan,Tiida,2008.0,18.0,181000.0,1500.0,Boralesgamuwa,Used,Petrol,Automatic,Hatchback,silver
Toyota,Vitz,2019.0,7.0,46000.0,1000.0,Negombo,Used,Petrol,Automatic,,red
Toyota,Yaris Ativ,2025.0,1.0,0.0,1500.0,Kohuwala,Brand New,Hybrid,Automatic,Sedan,white
Suzuki,Wagon R,2023.0,3.0,6500.0,660.0,Kotte,Reconditioned,Petrol,Automatic,Hatchback,gray
Toyota,Vitz,2018.0,8.0,40000.0,1000.0,Ambalangoda,Used,Petrol,Automatic,Hatchback,white
Suzuki,Spacia,2023.0,3.0,0.0,650.0,Negombo,Brand New,Petrol,Automatic,Hatchback,white
BMW,740Le,2018.0,8.0,0.0,2000.0,Kohuwala,Used,Petrol,Automatic,Sedan,black
Toyota,Roomy,2022.0,4.0,50000.0,1500.0,Peliyagoda,Used,Hybrid,Automatic,Liftback,red
Suzuki,Wagon R,2025.0,1.0,0.0,660.0,Borella (Colombo 08),Brand New,Petrol,Automatic,Hatchback,black
Toyota,Corolla,,,0.0,1300.0,Dummalasuriya,Used,Petrol,Manual,Saloon,red
Toyota,Axio,2007.0,19.0,0.0,1500.0,Ambalangoda,Used,Petrol,Automatic,Saloon,blue
Toyota,Belta,2009.0,17.0,156450.0,1300.0,Dehiwala,Used,Petrol,Automatic,Saloon,white
Suzuki,Wagon R,2018.0,8.0,115000.0,650.0,Kollupitiya (Colombo 03),Used,Petrol,Automatic,,black
Honda,Fit,2012.0,14.0,126650.0,1339.0,Moratuwa,Used,Petrol,Automatic,Hatchback,silver
Honda,Civic,2001.0,25.0,180000.0,1500.0,Anuradhapura,Used,Petrol,Automatic,Hatchback,navy
Toyota,Axio,2014.0,12.0,125000.0,1500.0,Narahenpita (Colombo 05),Used,Hybrid,Automatic,Saloon,blue
Audi,Q2,2018.0,8.0,0.0,1400.0,Katugastota,Used,Petrol,Automatic,Saloon,black
Perodua,Viva,2010.0,16.0,120000.0,1000.0,Horana,Used,Petrol,Automatic,Hatchback,blue
Suzuki,Swift,2017.0,9.0,63000.0,1000.0,Welimada,Used,Petrol,Automatic,Liftback,blue
Mercedes Benz,CLA,2025.0,1.0,0.0,1332.0,Wellawatta (Colombo 06),Brand New,Petrol,Automatic,Sedan,white
Suzuki,Wagon R,2018.0,8.0,75000.0,650.0,Batticaloa,Used,Hybrid,Automatic,Sedan,white
Toyota,Vitz,2008.0,18.0,75000.0,1000.0,Pita Kotte,Used,Petrol,Automatic,Hatchback,silver
Suzuki,Celerio,2016.0,10.0,71000.0,1000.0,Kadawatha,Used,Petrol,Automatic,Hatchback,blue
Suzuki,Estilo,2010.0,16.0,142500.0,800.0,Batticaloa,Used,Petrol,Manual,Hatchback,silver
Perodua,Viva,2011.0,15.0,0.0,660.0,Kaduwela,Used,Petrol,Automatic,Liftback,white
Nissan,Pulsar,1997.0,29.0,0.0,1490.0,Aralaganwila,Used,Petrol,Manual,Liftback,white
Nissan,March,1999.0,27.0,225000.0,1000.0,Kadawatha,Used,Petrol,Automatic,Hatchback,silver
Nissan,Leaf,2014.0,12.0,46000.0,,Piliyandala,Used,Electric,Automatic,Hatchback,gray
Toyota,Tercel,1996.0,30.0,0.0,1290.0,Alawwa,Used,Petrol,Manual,Sedan,red
Toyota,Aqua,2013.0,13.0,140000.0,1500.0,Dehiwala,Used,Hybrid,Automatic,Liftback,blue
Suzuki,Wagon R,2017.0,9.0,110700.0,660.0,Minuwangoda,Used,Petrol,Automatic,Hatchback,white
Suzuki,Celerio,2014.0,12.0,0.0,990.0,Horana,Used,Petrol,Manual,Hatchback,black
Toyota,Vitz,2005.0,21.0,0.0,1000.0,Gampola,Used,Hybrid,Automatic,Hatchback,blue
Mercedes Benz,C180,2018.0,8.0,20000.0,1500.0,Imbulgoda,Used,Petrol,Automatic,Saloon,silver
Suzuki,Alto,2011.0,15.0,153000.0,1000.0,Kurunegala,Used,Petrol,Manual,Convertible,silver
Toyota,Prius,2014.0,12.0,210000.0,1500.0,Ambalangoda,Used,Petrol,Automatic,Liftback,white
Honda,Fit,2012.0,14.0,159000.0,1330.0,Wattala,Used,Petrol,Automatic,Hatchback,silver
Toyota,Yaris,2024.0,2.0,5000.0,1500.0,Maharagama,Brand New,Petrol,Automatic,Hatchback,black
Toyota,Vitz,2018.0,8.0,77900.0,1300.0,Katuneriya,Used,Petrol,Automatic,Liftback,white
Nissan,Sunny,2002.0,24.0,158600.0,1500.0,Peradeniya,Used,Petrol,Automatic,Saloon,silver
Suzuki,Liana,2006.0,20.0,0.0,1300.0,Polgahawela,Used,Petrol,Manual,Hatchback,black
Hyundai,Eon,2015.0,11.0,33000.0,800.0,Galle,Used,Petrol,Manual,Hatchback,white
Suzuki,Spacia,2025.0,1.0,288.0,650.0,Kandy,Brand New,Petrol,Automatic,,white
Toyota,Premio,2013.0,13.0,143000.0,1500.0,Ambalangoda,Used,Petrol,Automatic,Sedan,brown
Toyota,Prius,2013.0,13.0,159000.0,1490.0,Kurunegala,Used,Petrol,Automatic,Liftback,white
Toyota,Aqua,2013.0,13.0,140000.0,1330.0,Batticaloa,Used,Petrol,Automatic,Station wagon,silver
Subaru,Stella,2023.0,3.0,6600.0,660.0,Kottawa,Brand New,Petrol,Automatic,Hatchback,white
Toyota,Vitz,2016.0,10.0,123456.0,1500.0,Neluwa,Used,Petrol,Automatic,Hatchback,white
Suzuki,Estilo,2010.0,16.0,98500.0,1000.0,Kalmunai,Used,Petrol,Manual,Hatchback,brown
Suzuki,Wagon R,2016.0,10.0,69000.0,650.0,Nikaweratiya,Used,Petrol,Automatic,Hatchback,other
Toyota,Vitz,2016.0,10.0,170000.0,990.0,Galle,Used,Petrol,Automatic,Liftback,gray
Toyota,Vitz,2018.0,8.0,94000.0,1000.0,Kalmunai,Used,Petrol,Automatic,Sedan,white
Toyota,Vitz,2016.0,10.0,80000.0,1000.0,Chilaw,Used,Petrol,Automatic,Liftback,silver
Suzuki,Alto,2015.0,11.0,116000.0,800.0,Baduraliya,Used,Petrol,Manual,Hatchback,gray
Honda,City,2025.0,1.0,50.0,1000.0,Gampaha,Brand New,Petrol,Automatic,Sedan,gray
Suzuki,Alto,2011.0,15.0,0.0,800.0,Matara,Used,Petrol,Manual,Hatchback,white
Tata,Nano,2015.0,11.0,109000.0,650.0,Embilipitiya,Used,Petrol,Manual,Hatchback,red
Toyota,Axio,2015.0,11.0,0.0,1500.0,Ambalangoda,Used,Petrol,Automatic,Saloon,maroon
Toyota,Prius,2011.0,15.0,150000.0,1600.0,Ambalangoda,Used,Hybrid,Automatic,Liftback,blue
Suzuki,Alto,2015.0,11.0,97816.0,800.0,Batticaloa,Used,Petrol,Manual,Hatchback,silver
Toyota,Vios,2005.0,21.0,181000.0,1500.0,Kandy,Used,Petrol,Automatic,Sedan,silver
Hyundai,Eon,2016.0,10.0,106500.0,800.0,Colombo Fort (Colombo 01),Used,Petrol,Manual,Saloon,red
Mazda,Familia,2002.0,24.0,120000.0,1500.0,Bibile,Used,Petrol,Automatic,Saloon,silver
Toyota,Axio,2017.0,9.0,121000.0,1500.0,Kohuwala,Used,Hybrid,Automatic,Saloon,other
Mitsubishi,Lancer,2004.0,22.0,203485.0,1300.0,Anuradhapura,Used,Petrol,Automatic,Sports,red
Micro,Panda,2015.0,11.0,0.0,1000.0,Bombuwala,Used,Petrol,Automatic,Hatchback,silver
Toyota,Aqua,2013.0,13.0,216000.0,1490.0,Anuradhapura,Used,Hybrid,Automatic,Hatchback,black
Toyota,Aqua,2018.0,8.0,0.0,1500.0,Ambalangoda,Used,Petrol,Automatic,Hatchback,white
Toyota,Vitz,2015.0,11.0,150000.0,1000.0,Galagedara,Used,Petrol,Automatic,Hatchback,white
Mitsubishi,i-MiEV,2013.0,13.0,90000.0,600.0,Kiribathgoda,Used,Electric,Automatic,Saloon,white
BMW,5 Series,2015.0,11.0,65000.0,2000.0,Ambalangoda,Used,Diesel,Automatic,Saloon,white
BYD,ATTO1,2025.0,1.0,0.0,,Cinnamon Garden (Colombo 07),Brand New,Electric,Automatic,Hatchback,white
Toyota,Premio,2013.0,13.0,,1200.0,Pussellawa,Used,Petrol,Automatic,Hatchback,white
Toyota,Wigo,2017.0,9.0,42000.0,1000.0,Kohuwala,Used,Petrol,Automatic,Hatchback,other
Micro,Panda,2014.0,12.0,0.0,1000.0,Panadura,Used,Petrol,Manual,Hatchback,blue
Suzuki,Hustler,2015.0,11.0,,650.0,Pussellawa,Used,Petrol,Automatic,Hatchback,red
Mitsubishi,Lancer,1992.0,34.0,100000.0,1000.0,Polonnaruwa,Used,Petrol,Manual,Saloon,blue
Honda,Grace,2016.0,10.0,158400.0,1500.0,Moratuwa,Used,Hybrid,Automatic,Saloon,white
Honda,Fit,2014.0,12.0,130000.0,1500.0,Badulla,Used,Petrol,Automatic,Station wagon,white
Toyota,Vitz,2018.0,8.0,90600.0,1500.0,Ambalangoda,Used,Petrol,Automatic,Hatchback,black
Nissan,FB 15,2000.0,26.0,185000.0,1500.0,Kurunegala,Used,Petrol,Automatic,Saloon,silver
Toyota,Prius,2011.0,15.0,120000.0,1790.0,Puttalam,Used,Petrol,Automatic,Liftback,black
Mercedes Benz,C200,2008.0,18.0,163000.0,1800.0,Moratuwa,Used,Petrol,Automatic,Saloon,white
Suzuki,Wagon R,2018.0,8.0,90000.0,658.0,Kiribathgoda,Used,Petrol,Automatic,Hatchback,white
Toyota,Aqua,2014.0,12.0,146000.0,1500.0,Ambalangoda,Used,Petrol,Automatic,Hatchback,white
Suzuki,Wagon R,2025.0,1.0,1000.0,998.0,Kurunegala,Brand New,Hybrid,Automatic,Hatchback,white
Honda,Civic,2007.0,19.0,142000.0,1800.0,Wattala,Used,Petrol,Automatic,Saloon,navy
Honda,Grace,2015.0,11.0,110000.0,1500.0,Dambulla,Used,Petrol,Automatic,Sedan,silver
Toyota,Vitz,2015.0,11.0,112139.0,1000.0,Malabe,Used,Petrol,Automatic,Liftback,silver
Toyota,Starlet,1995.0,31.0,23425.0,1500.0,Hambantota,Used,Diesel,Manual,Hatchback,black
Honda,Fit,2014.0,12.0,150000.0,1330.0,Ambalangoda,Used,Hybrid,Automatic,Hatchback,white
Suzuki,Wagon R,2018.0,8.0,,650.0,Kadawatha,Used,Petrol,Automatic,Hatchback,white
Toyota,Premio,2013.0,13.0,180000.0,1500.0,Kandy,Used,Petrol,Automatic,Liftback,maroon
Mercedes Benz,C200,2023.0,3.0,10000.0,1500.0,Kohuwala,Reconditioned,Petrol,Automatic,Sedan,white
Suzuki,Wagon R,2016.0,10.0,96000.0,650.0,Piliyandala,Used,Hybrid,Automatic,,white
Toyota,Premio,2014.0,12.0,106000.0,1500.0,Monaragala,Used,Petrol,Automatic,Liftback,white
Suzuki,Wagon R,2015.0,11.0,0.0,900.0,Dedunupitiya,Used,Petrol,Automatic,Liftback,other
Nissan,Dayz,2024.0,2.0,0.0,660.0,Kottawa,Brand New,Petrol,Automatic,Liftback,black
Chery,Yoyo,2015.0,11.0,0.0,1100.0,Panadura,Used,Petrol,Manual,Station wagon,silver
Toyota,Prius,2012.0,14.0,260000.0,1600.0,Ambalangoda,Used,Hybrid,Automatic,Liftback,red
Renault,KWID,2016.0,10.0,70900.0,800.0,Trincomalee,Used,Petrol,Manual,Hatchback,gray
Suzuki,Alto,2010.0,16.0,133000.0,660.0,Kadawatha,Used,Petrol,Manual,Hatchback,maroon
Toyota,Pixis,2023.0,3.0,0.0,660.0,Rajagiriya,Brand New,Petrol,Automatic,Station wagon,blue
Perodua,Bezza,2019.0,7.0,90000.0,1000.0,Moratuwa,Used,Petrol,Automatic,Saloon,white
Suzuki,Wagon R,2017.0,9.0,60000.0,996.0,Kirillawala,Used,Petrol,Automatic,Hatchback,white
Nissan,Roox,2024.0,2.0,0.0,1200.0,Dehiwala,Brand New,Petrol,Automatic,,red
Nissan,Almera,2025.0,1.0,0.0,1000.0,Kohuwala,Brand New,Petrol,Automatic,Sedan,red
Hyundai,Eon,2018.0,8.0,65000.0,814.0,Kelaniya,Used,Petrol,Manual,Saloon,gray
Daihatsu,Move,2017.0,9.0,90000.0,650.0,Pepiliyana,Used,Petrol,Automatic,Hatchback,yellow
Suzuki,Spacia,2016.0,10.0,80000.0,700.0,Pujapitiya,Used,Petrol,Automatic,Hatchback,black
Suzuki,Swift,2004.0,22.0,128678.0,1300.0,Matugama,Used,Petrol,Automatic,Hatchback,silver
Suzuki,Maruti,2007.0,19.0,75000.0,800.0,Kegalle,Used,Petrol,Manual,Hatchback,blue
Suzuki,Swift,2004.0,22.0,119000.0,1300.0,Gampaha,Used,Petrol,Automatic,Hatchback,black
Suzuki,Alto,2024.0,2.0,0.0,660.0,Matara,Brand New,Hybrid,Automatic,Liftback,white
Toyota,Starlet,1993.0,33.0,245588.0,1330.0,Hanwella,Used,Petrol,Manual,Sports,blue
Perodua,Elite,2011.0,15.0,0.0,990.0,Ambalangoda,Used,Petrol,Manual,Hatchback,silver
KIA,Picanto,2016.0,10.0,97000.0,1000.0,Kadawatha,Used,Petrol,Automatic,Hatchback,white
Mazda,3,2010.0,16.0,160000.0,1600.0,Negombo,Used,Petrol,Automatic,Saloon,blue
Daihatsu,Mira,2023.0,3.0,6610.0,660.0,Sapugaskanda,Brand New,Petrol,Automatic,Hatchback,black
Nissan,Sunny,2003.0,23.0,194000.0,1600.0,Mirigama,Used,Petrol,Manual,Saloon,gray
Subaru,R2,2003.0,23.0,182000.0,650.0,Moratuwa,Used,Petrol,Automatic,Hatchback,gray
Toyota,Allion,2007.0,19.0,98000.0,1500.0,Ambalangoda,Used,Petrol,Automatic,Saloon,white
Toyota,Prius,2014.0,12.0,144000.0,1800.0,Kalutara,Used,Hybrid,Automatic,Hatchback,white
Toyota,Aqua,2014.0,12.0,200000.0,1490.0,Colombo Fort (Colombo 01),Reconditioned,Petrol,Automatic,Hatchback,silver
Toyota,Corolla,2001.0,25.0,219386.0,1500.0,Ratnapura,Used,Petrol,Automatic,Saloon,black
Toyota,Prius,2016.0,10.0,96000.0,1500.0,Batticaloa,Used,Hybrid,Automatic,Sedan,white
Suzuki,Estilo,2010.0,16.0,165000.0,990.0,Kahawatta,Used,Petrol,Manual,Hatchback,red
Toyota,Vitz,2017.0,9.0,91000.0,1000.0,Anuradhapura,Used,Hybrid,Automatic,Saloon,white
Toyota,Premio,2017.0,9.0,140000.0,1500.0,Ambalangoda,Used,Petrol,Automatic,Saloon,white
Suzuki,Alto,2006.0,20.0,165000.0,800.0,Kandy,Used,Petrol,Manual,Sedan,red
Honda,Civic,2018.0,8.0,500.0,1000.0,Kuliyapitiya,Used,Hybrid,Automatic,Hatchback,white
Daihatsu,Mira,2023.0,3.0,0.0,650.0,Mawathagama,Brand New,Petrol,Automatic,Station wagon,red
Suzuki,Swift,2014.0,12.0,64000.0,1300.0,Muddaragama,Used,Petrol,Other,Liftback,white
Suzuki,Alto,2004.0,22.0,18100.0,650.0,Nikaweratiya,Used,Petrol,Automatic,Hatchback,white
Nissan,Dayz,2024.0,2.0,6600.0,660.0,Kottawa,Brand New,Petrol,Automatic,Hatchback,black
Suzuki,Wagon R,2023.0,3.0,4500.0,690.0,Kurunegala,Brand New,Hybrid,Automatic,Liftback,white
Daihatsu,Mira,2023.0,3.0,7300.0,660.0,Mount Lavinia,Reconditioned,Petrol,Automatic,Hatchback,silver
Daihatsu,Taft,2024.0,2.0,0.0,660.0,Homagama,Brand New,Petrol,Automatic,Hatchback,green
Daihatsu,Mira,2024.0,2.0,0.0,650.0,Polonnaruwa,Brand New,Petrol,Automatic,Hatchback,white
Suzuki,Wagon R,2023.0,3.0,4500.0,660.0,Kurunegala,Brand New,Hybrid,Automatic,Hatchback,beige
Toyota,Prius,2014.0,12.0,170000.0,1500.0,Ambalangoda,Used,Petrol,Automatic,Liftback,white
Suzuki,Wagon R,2023.0,3.0,22194.0,650.0,Negombo,Brand New,Petrol,Automatic,Hatchback,white
Toyota,Aqua,2014.0,12.0,116000.0,1490.0,Pepiliyana,Used,Hybrid,Automatic,Hatchback,white
Toyota,Prius,2011.0,15.0,198000.0,1800.0,Piliyandala,Used,Hybrid,Automatic,Saloon,gray
Toyota,Axio,2018.0,8.0,125000.0,1500.0,Boralesgamuwa,Used,Hybrid,Automatic,Saloon,red
Suzuki,Celerio,2016.0,10.0,94000.0,1000.0,Kadawatha,Used,Petrol,Automatic,Hatchback,red
Toyota,Belta,2007.0,19.0,175.0,1300.0,Ambalangoda,Used,Petrol,Automatic,Saloon,black
Suzuki,Wagon R,2014.0,12.0,30650.0,650.0,Moratuwa,Used,Petrol,Automatic,Hatchback,black
Toyota,Vitz,2019.0,7.0,81700.0,1000.0,Sainthamaruthu,Used,Petrol,Automatic,Hatchback,white
Honda,Grace,2014.0,12.0,54000.0,1500.0,Batticaloa,Used,Petrol,Automatic,Sedan,black
Toyota,Yaris,2008.0,18.0,189000.0,1300.0,Piliyandala,Used,Petrol,Manual,Hatchback,blue
Suzuki,Wagon R,2017.0,9.0,0.0,,Kurunegala,Used,Petrol,Manual,Hatchback,white
Suzuki,Alto,2015.0,11.0,60000.0,800.0,Nittambuwa,Used,Petrol,Manual,Hatchback,silver
Suzuki,Wagon R,2025.0,1.0,0.0,650.0,Nikaweratiya,Brand New,Petrol,Automatic,Hatchback,white
Suzuki,Celerio,2017.0,9.0,93000.0,1000.0,Kadawatha,Used,Petrol,Automatic,Hatchback,red
Nissan,Wingroad,2001.0,25.0,226000.0,1490.0,Seeduwa,Used,Petrol,Automatic,Hatchback,white
Toyota,Vitz,2016.0,10.0,87565.0,1000.0,Kandy,Used,Petrol,Automatic,Hatchback,white
Toyota,Allion,2007.0,19.0,0.0,1500.0,Kurunegala,Used,Petrol,Manual,Convertible,white
Toyota,Axio Fielder,2017.0,9.0,0.0,1500.0,Ambalangoda,Used,Hybrid,Automatic,Liftback,black
Toyota,Vitz,2016.0,10.0,58000.0,1000.0,Adampan,Used,Petrol,Automatic,Hatchback,silver
Honda,Fit,2015.0,11.0,188000.0,1330.0,Ambalangoda,Used,Hybrid,Automatic,Hatchback,white
Suzuki,Wagon R,2015.0,11.0,100749.0,660.0,Katunayake,Used,Hybrid,Automatic,,white
Suzuki,A Star,2010.0,16.0,137000.0,998.0,Polgolla,Used,Petrol,Manual,Hatchback,silver
Daihatsu,Copen,2016.0,10.0,65000.0,650.0,Ambalangoda,Used,Petrol,Automatic,Convertible,silver
Suzuki,Celerio,2016.0,10.0,102000.0,1000.0,Kadawatha,Used,Petrol,Automatic,Hatchback,red
Suzuki,Wagon R,2014.0,12.0,98000.0,650.0,Alampil,Used,Petrol,Automatic,Station wagon,silver
Honda,Civic,2017.0,9.0,77000.0,988.0,Ambalangoda,Used,Hybrid,Automatic,Hatchback,red
Daihatsu,Charade,1988.0,38.0,97285.0,990.0,Nittambuwa,Used,Diesel,Manual,Hatchback,green
Suzuki,Wagon R,2015.0,11.0,0.0,650.0,Kirulapone,Used,Petrol,Automatic,Hatchback,white
Toyota,Allion,2011.0,15.0,232000.0,1500.0,Ambalangoda,Used,Petrol,Automatic,Sedan,maroon
Suzuki,Alto,2011.0,15.0,164000.0,1000.0,Homagama,Used,Petrol,Manual,Hatchback,other
Mercedes Benz,E Class,2013.0,13.0,78000.0,2143.0,Piliyandala,Used,Hybrid,Automatic,Sedan,white
Toyota,Vitz,2015.0,11.0,78000.0,1000.0,Angoda,Used,Petrol,Automatic,Hatchback,beige
Toyota,Corolla,2007.0,19.0,155000.0,1500.0,Athurugiriya,Used,Petrol,Manual,Sedan,silver
Suzuki,Swift,2010.0,16.0,105000.0,1300.0,Bandaragama,Used,Petrol,Automatic,Hatchback,black
Suzuki,Wagon R,2014.0,12.0,101000.0,650.0,Malabe,Used,Hybrid,Automatic,Hatchback,gray
Daihatsu,Mira,2023.0,3.0,6600.0,660.0,Kottawa,Brand New,Petrol,Automatic,Hatchback,blue
Suzuki,Hustler,2024.0,2.0,7000.0,1400.0,Sri Jayawardenepura Kotte,Brand New,Hybrid,Automatic,Hatchback,other
Toyota,Vitz,2013.0,13.0,116680.0,990.0,Dekatana,Used,Petrol,Automatic,Hatchback,black
Suzuki,Wagon R,2018.0,8.0,50000.0,650.0,Valaichenai,Used,Petrol,Automatic,Station wagon,white
Nissan,Atlas,2023.0,3.0,0.0,1000.0,Rajagiriya,Brand New,Electric,Automatic,Station wagon,purple
Suzuki,Wagon R,2014.0,12.0,100000.0,650.0,Wattala,Used,Petrol,Automatic,Sedan,white
Suzuki,Wagon R,2018.0,8.0,88000.0,650.0,Kandy,Used,Petrol,Automatic,Station wagon,white
Daihatsu,Mira,2024.0,2.0,6600.0,660.0,Colombo Fort (Colombo 01),Reconditioned,Petrol,Automatic,Hatchback,silver
Toyota,Premio,2013.0,13.0,138000.0,1600.0,Ambalangoda,Used,Petrol,Automatic,Saloon,white
Toyota,DX Wagon,1986.0,40.0,20000.0,1200.0,Padaviya,Used,Petrol,Manual,Station wagon,white
Toyota,Aqua,2013.0,13.0,170000.0,1000.0,Colombo Fort (Colombo 01),Used,Petrol,Automatic,Hatchback,white
Toyota,Corolla,2001.0,25.0,280000.0,2140.0,Ambalantota,Used,Diesel,Manual,Hatchback,silver
Micro,Panda Cross,2014.0,12.0,71300.0,1300.0,Kaduwela,Used,Petrol,Manual,Hatchback,orange
Toyota,Corolla,2008.0,18.0,158000.0,1490.0,Yakkala,Used,Petrol,Automatic,Sedan,blue
Suzuki,Wagon R,2024.0,2.0,5562.0,660.0,Alawwa,Reconditioned,Hybrid,Automatic,Hatchback,white
Suzuki,Wagon R,2024.0,2.0,0.0,660.0,Kurunegala,Brand New,Hybrid,Manual,Station wagon,silver
Suzuki,Every,2018.0,8.0,75000.0,1000.0,Pallewela,Used,Petrol,Other,Hatchback,white
Toyota,Starlet,1993.0,33.0,1000.0,1330.0,Pitipana Homagama,Used,Petrol,Manual,Sports,blue
Suzuki,Spacia,2017.0,9.0,120000.0,650.0,Pussellawa,Used,Petrol,Automatic,Hatchback,white
Daihatsu,Thor,2023.0,3.0,0.0,660.0,Kottawa,Brand New,Petrol,Automatic,Liftback,gray
Suzuki,Hustler,2025.0,1.0,7000.0,650.0,Kurunegala,Brand New,Hybrid,Automatic,Hatchback,white
Mazda,Flair,2023.0,3.0,15500.0,658.0,Yakkala,Brand New,Petrol,Automatic,Hatchback,black
Toyota,Yaris,2023.0,3.0,10000.0,1000.0,Negombo,Brand New,Petrol,Automatic,Liftback,white
Toyota,Premio,2017.0,9.0,67000.0,1500.0,Ambalangoda,Used,Petrol,Automatic,Sedan,brown
Toyota,Passo,2023.0,3.0,6600.0,660.0,Kottawa,Brand New,Petrol,Automatic,Hatchback,brown
Suzuki,Swift,2017.0,9.0,64000.0,1000.0,Kadawatha,Used,Petrol,Automatic,Saloon,red
Micro,Panda,2012.0,14.0,120500.0,1300.0,Maradana (Colombo 10),Used,Petrol,Manual,Hatchback,white
Suzuki,Wagon R,2016.0,10.0,96000.0,660.0,Peradeniya,Used,Petrol,Automatic,Hatchback,gray
Toyota,Crown,1993.0,33.0,245000.0,2500.0,Ja-Ela,Used,Diesel,Automatic,Sedan,blue
Mercedes Benz,CLA,2017.0,9.0,53000.0,1590.0,Bandaragama,Used,Petrol,Automatic,Saloon,white
Suzuki,Wagon R,2014.0,12.0,123.0,1000.0,Matugama,Reconditioned,Petrol,Automatic,Station wagon,white
Suzuki,Alto,2016.0,10.0,150000.0,800.0,Ambalangoda,Used,Petrol,Manual,Hatchback,gray
Suzuki,Wagon R,2025.0,1.0,0.0,650.0,Kurunegala,Reconditioned,Hybrid,Automatic,Hatchback,white
Toyota,Vitz,2016.0,10.0,90000.0,1200.0,Pussellawa,Used,Petrol,Automatic,Hatchback,blue
BMW,3 Series,2000.0,26.0,139000.0,2000.0,Adampan,Used,Diesel,Manual,Saloon,green
Toyota,Prius,2010.0,16.0,241000.0,1790.0,Boralesgamuwa,Used,Hybrid,Automatic,Sedan,blue
Toyota,Passo,2007.0,19.0,158000.0,1000.0,Kurunegala,Used,Petrol,Automatic,Hatchback,maroon
Suzuki,Hustler,2024.0,2.0,0.0,660.0,Kurunegala,Brand New,Hybrid,Manual,Station wagon,white
Honda,Grace,2015.0,11.0,114000.0,1200.0,Pussellawa,Used,Petrol,Automatic,Hatchback,black
Suzuki,Alto,2015.0,11.0,123000.0,800.0,Kadawatha,Used,Petrol,Manual,Hatchback,red
Honda,Grace,2016.0,10.0,121000.0,1490.0,Matara,Used,Hybrid,Automatic,Saloon,black
Toyota,Axio,2011.0,15.0,172000.0,1496.0,Ja-Ela,Used,Petrol,Automatic,Saloon,black
Suzuki,Celerio,2015.0,11.0,97000.0,1000.0,Nawala,Used,Petrol,Automatic,Hatchback,black
Perodua,Axia,2016.0,10.0,86000.0,1000.0,Kadawatha,Used,Petrol,Automatic,Hatchback,white
Suzuki,Wagon R,2017.0,9.0,92000.0,650.0,Bambalapitiya (Colombo 04),Used,Petrol,Automatic,Hatchback,gray
Daihatsu,Taft,2023.0,3.0,6600.0,660.0,Kottawa,Brand New,Hybrid,Automatic,Convertible,other
Suzuki,Alto,2003.0,23.0,131000.0,800.0,Ratnapura,Used,Petrol,Manual,Hatchback,blue
Suzuki,Swift,2017.0,9.0,130000.0,650.0,Pussellawa,Used,Petrol,Automatic,Hatchback,red
Suzuki,Spacia,2017.0,9.0,125000.0,658.0,Ambalangoda,Used,Petrol,Automatic,Hatchback,white
Toyota,Prius,2013.0,13.0,0.0,660.0,Matale,Used,Petrol,Automatic,Hatchback,white
Suzuki,Wagon R,2024.0,2.0,5000.0,650.0,Kandy,Brand New,Petrol,Automatic,Hatchback,black
Suzuki,Liana,2006.0,20.0,200000.0,1328.0,Kesbewa,Used,Petrol,Manual,Sedan,red
Toyota,Yaris,2023.0,3.0,0.0,1200.0,Kandana,Brand New,Petrol,Automatic,Hatchback,white
Toyota,Premio,2013.0,13.0,41750.0,1400.0,Malabe,Used,Petrol,Automatic,Saloon,maroon
Honda,N BOX,2023.0,3.0,0.0,658.0,Kandy,Brand New,Petrol,Automatic,Hatchback,white
Honda,Fit,2011.0,15.0,190000.0,1300.0,Ampara,Used,Petrol,Automatic,Hatchback,white
Nissan,Presea,1994.0,32.0,0.0,1500.0,Tennekumbura,Used,Petrol,Automatic,Sedan,white
Suzuki,Wagon R,2017.0,9.0,55000.0,650.0,Medirigiriya,Used,Petrol,Automatic,Station wagon,white
Chery,QQ,2006.0,20.0,82000.0,803.0,Katunayake,Used,Petrol,Manual,Hatchback,black
Toyota,Wigo,2017.0,9.0,0.0,1000.0,Nugegoda,Used,Petrol,Automatic,Hatchback,black
Honda,Insight,2009.0,17.0,172000.0,1234.0,Kiribathgoda,Used,Petrol,Automatic,Liftback,white
Suzuki,Alto,2015.0,11.0,128000.0,650.0,Hanwella,Used,Petrol,Manual,Hatchback,blue
Toyota,Aqua,2012.0,14.0,124000.0,1500.0,Ambalangoda,Used,Petrol,Automatic,Hatchback,black
Honda,Fit,2014.0,12.0,16000.0,1500.0,Mount Lavinia,Used,Hybrid,Automatic,Hatchback,white
Renault,KWID,2016.0,10.0,41000.0,999.0,Batticaloa,Used,Petrol,Manual,Hatchback,black
Honda,Fit,2014.0,12.0,230000.0,1000.0,Kollupitiya (Colombo 03),Used,Petrol,Automatic,Hatchback,black
Suzuki,A Star,2011.0,15.0,119000.0,1000.0,Boralesgamuwa,Used,Petrol,Manual,Hatchback,white
Suzuki,Wagon R,2023.0,3.0,10000.0,998.0,Galle,Used,Petrol,Automatic,Station wagon,silver
Nissan,Cefiro,2000.0,26.0,165000.0,2000.0,Kekirawa,Used,Petrol,Automatic,Saloon,white
Mitsubishi,eK,2023.0,3.0,6600.0,660.0,Kottawa,Brand New,Petrol,Automatic,Hatchback,red
BMW,740Le,2017.0,9.0,18000.0,2000.0,Kohuwala,Used,Petrol,Automatic,Saloon,white
Suzuki,Swift,2009.0,17.0,132500.0,1300.0,Maharagama,Used,Petrol,Automatic,Liftback,other
Hyundai,Accent,2001.0,25.0,0.0,1500.0,Ragama,Used,Diesel,Manual,Saloon,gray
Perodua,Viva,2011.0,15.0,127800.0,1000.0,Gampaha,Used,Petrol,Manual,Hatchback,black
Nissan,Bluebird,2007.0,19.0,175000.0,1500.0,Panadura,Used,Petrol,Automatic,Saloon,maroon
Toyota,Prius,2014.0,12.0,98000.0,1500.0,Ambalangoda,Used,Petrol,Automatic,Liftback,black
Toyota,Corolla,1999.0,27.0,268000.0,1580.0,Kurunegala,Used,Petrol,Automatic,Saloon,blue
Toyota,Vitz,2018.0,8.0,69100.0,1000.0,Wennappuwa,Used,Petrol,Automatic,Hatchback,white
Toyota,Vitz,2017.0,9.0,64000.0,1500.0,Baduraliya,Used,Petrol,Automatic,Hatchback,brown
Honda,City,2001.0,25.0,137000.0,1500.0,Alutgama,Used,Petrol,Automatic,Saloon,gray
Toyota,Aqua,2014.0,12.0,153000.0,1500.0,Ambalangoda,Used,Hybrid,Automatic,Hatchback,white
Toyota,Vitz,2016.0,10.0,160000.0,1500.0,Adampan,Used,Hybrid,Automatic,Liftback,white
Toyota,Axio,2015.0,11.0,115000.0,1500.0,Bombuwala,Used,Hybrid,Automatic,Saloon,maroon
Nissan,Tiida,2008.0,18.0,167000.0,1500.0,Nawala,Used,Petrol,Automatic,Hatchback,black
Perodua,Axia,2017.0,9.0,119000.0,1000.0,Kadawatha,Used,Petrol,Automatic,Hatchback,blue
Toyota,Vitz,2016.0,10.0,0.0,1500.0,Ambalangoda,Used,Petrol,Automatic,Hatchback,red
Suzuki,Wagon R,2024.0,2.0,0.0,650.0,Katugastota,Brand New,Hybrid,Automatic,Hatchback,green
Perodua,Axia,2016.0,10.0,167236.0,1000.0,Moratuwa,Used,Petrol,Automatic,Hatchback,silver
Toyota,Roomy,2025.0,1.0,0.0,990.0,Halloluwa,Brand New,Petrol,Automatic,Hatchback,white
Mitsubishi,eK,2023.0,3.0,3400.0,660.0,Kottawa,Brand New,Petrol,Automatic,Hatchback,other
Tata,Indica,2014.0,12.0,141000.0,1200.0,Matara,Used,Petrol,Manual,Hatchback,maroon
Toyota,AE100,1992.0,34.0,180000.0,1500.0,Kadawatha,Used,Petrol,Manual,Saloon,blue
Suzuki,Alto,2010.0,16.0,98000.0,800.0,Homagama,Used,Petrol,Manual,Hatchback,silver
Suzuki,Spacia,2025.0,1.0,0.0,650.0,Nugegoda,Brand New,Hybrid,Automatic,Station wagon,white
Suzuki,Wagon R,2018.0,8.0,140000.0,660.0,Boralesgamuwa,Used,Hybrid,Automatic,Hatchback,white
Nissan,Note X,2024.0,2.0,18000.0,1200.0,Kurunegala,Brand New,Hybrid,Manual,Hatchback,black
Suzuki,Wagon R,2017.0,9.0,140000.0,1500.0,Adampan,Used,Hybrid,Automatic,Liftback,white
Nissan,Dayz,2023.0,3.0,19600.0,650.0,Ja-Ela,Brand New,Hybrid,Automatic,Station wagon,orange
Toyota,Premio,2013.0,13.0,120000.0,1500.0,Ambalangoda,Used,Petrol,Automatic,Saloon,white
Toyota,Axio,2007.0,19.0,0.0,1500.0,Mahiyanganaya,Used,Petrol,Automatic,Saloon,silver
Toyota,Corona,1988.0,38.0,0.0,1500.0,Ja-Ela,Used,Petrol,Manual,Saloon,gray
Toyota,Axio,2012.0,14.0,161000.0,1490.0,Nugegoda,Used,Petrol,Automatic,Sedan,silver
Toyota,Yaris,2007.0,19.0,134000.0,1300.0,Akurana,Used,Petrol,Manual,Hatchback,blue
Toyota,Prius,2013.0,13.0,0.0,1500.0,Ambalangoda,Used,Petrol,Automatic,Liftback,purple
Toyota,Aqua,2012.0,14.0,98000.0,,Wellawatta (Colombo 06),Used,Petrol,Automatic,Sports,blue
Tesla,Model 3,2024.0,2.0,0.0,,Kotahena (Colombo 13),Reconditioned,Electric,Automatic,Hatchback,red
Suzuki,Baleno,2019.0,7.0,50900.0,1000.0,Kelaniya,Used,Petrol,Tiptronic,Hatchback,blue
Suzuki,Spacia,2018.0,8.0,52000.0,658.0,Maradana (Colombo 10),Used,Petrol,Automatic,Hatchback,red
Mitsubishi,eK,2023.0,3.0,4500.0,690.0,Kurunegala,Brand New,Hybrid,Automatic,Hatchback,white
Suzuki,Alto,2017.0,9.0,50000.0,660.0,Kurunegala,Used,Petrol,Automatic,Convertible,black
Toyota,Yaris,2023.0,3.0,20000.0,1200.0,Gampaha,Reconditioned,Petrol,Automatic,Hatchback,white
Suzuki,Wagon R,2016.0,10.0,100000.0,650.0,Ambalangoda,Used,Petrol,Automatic,Hatchback,white
Toyota,Aqua,2013.0,13.0,175000.0,1500.0,Trincomalee,Used,Petrol,Automatic,Hatchback,blue
Toyota,Starlet,1997.0,29.0,90000.0,800.0,Kandy,Used,Petrol,Automatic,Hatchback,blue
Nissan,Bluebird,2004.0,22.0,190000.0,1490.0,Monaragala,Brand New,Petrol,Automatic,Sedan,gold
Suzuki,Wagon R,2014.0,12.0,50000.0,650.0,Panadura,Used,Petrol,Automatic,Hatchback,red
Suzuki,Maruti,2012.0,14.0,95780.0,800.0,Batapola,Used,Petrol,Automatic,Hatchback,silver
Suzuki,Wagon R,2025.0,1.0,0.0,650.0,Kurunegala,Brand New,Petrol,Automatic,Hatchback,red
Nissan,N 16,2003.0,23.0,173000.0,1300.0,Badulla,Used,Petrol,Manual,Saloon,silver
Suzuki,Wagon R,2017.0,9.0,120000.0,650.0,Katana,Used,Petrol,Automatic,Hatchback,brown
Suzuki,Wagon R,2014.0,12.0,183000.0,660.0,Gampaha,Used,Hybrid,Automatic,Hatchback,black
Honda,N BOX,2023.0,3.0,8000.0,660.0,Kottawa,Brand New,Petrol,Automatic,Hatchback,black
Suzuki,Swift,2011.0,15.0,143000.0,1200.0,Borella (Colombo 08),Used,Petrol,Manual,Saloon,silver
Suzuki,Alto,2015.0,11.0,129000.0,800.0,Beliatta,Used,Petrol,Manual,Hatchback,black
Toyota,Vitz,2016.0,10.0,125000.0,950.0,Maharagama,Used,Petrol,Automatic,Hatchback,white
Toyota,Yaris,2008.0,18.0,157000.0,1300.0,Bandarawela,Used,Petrol,Manual,Sedan,gold
Suzuki,Wagon R,2017.0,9.0,81300.0,650.0,Nugegoda,Used,Petrol,Automatic,Hatchback,brown
Suzuki,Wagon R,2018.0,8.0,69000.0,,Athurugiriya,Used,Petrol,Automatic,,white
Suzuki,Wagon R,2023.0,3.0,0.0,660.0,Kandy,Used,Petrol,Automatic,,orange
Suzuki,Alto,2014.0,12.0,95000.0,800.0,Kuliyapitiya,Used,Petrol,Manual,Hatchback,white
Suzuki,Wagon R,2015.0,11.0,106900.0,650.0,Bandaragama,Used,Petrol,Automatic,Liftback,white
Toyota,Passo,2023.0,3.0,8000.0,1000.0,Kotte,Reconditioned,Petrol,Automatic,Hatchback,black
Toyota,Prius,2013.0,13.0,140000.0,1798.0,Panadura,Used,Petrol,Automatic,Hatchback,silver
Micro,Panda Cross,2013.0,13.0,131000.0,1300.0,Gothatuwa,Used,Petrol,Manual,Hatchback,white
Toyota,Aqua,2013.0,13.0,126000.0,1500.0,Galewela,Used,Petrol,Automatic,Hatchback,white
Toyota,Allion,2007.0,19.0,0.0,1600.0,Ambalangoda,Used,Petrol,Automatic,Saloon,black
Suzuki,Alto,2007.0,19.0,123.0,800.0,Dodangoda,Used,Petrol,Manual,Hatchback,black
Nissan,Sunny,2002.0,24.0,170000.0,1500.0,Minuwangoda,Used,Petrol,Automatic,Saloon,gray
Renault,KWID,2016.0,10.0,89100.0,800.0,Panadura,Used,Petrol,Manual,Hatchback,red
Daihatsu,Mira,2023.0,3.0,5000.0,660.0,Negombo,Reconditioned,Petrol,Automatic,,black
Suzuki,Wagon R,2023.0,3.0,32000.0,660.0,Kandy,Used,Petrol,Automatic,Hatchback,orange
Suzuki,Wagon R,2024.0,2.0,12000.0,650.0,Anuradhapura,Brand New,Petrol,Automatic,Hatchback,silver
Toyota,Premio,2011.0,15.0,16000.0,1490.0,Adampan,Used,Petrol,Automatic,Saloon,maroon
Daihatsu,Tanto,2023.0,3.0,12000.0,660.0,Makola,Used,Petrol,Automatic,Hatchback,white
Lexus,LX,2014.0,12.0,131500.0,1500.0,Panadura,Used,Petrol,Manual,Sedan,white
Toyota,Roomy,2024.0,2.0,0.0,1000.0,Polonnaruwa,Brand New,Petrol,Automatic,Hatchback,silver
Toyota,Axio,2007.0,19.0,210000.0,1500.0,Baddegama,Used,Petrol,Automatic,Sedan,blue
Suzuki,Wagon R,2023.0,3.0,8000.0,650.0,Kalubowila,Reconditioned,Petrol,Automatic,Hatchback,silver
Toyota,Vitz,2010.0,16.0,200000.0,1300.0,Matara,Used,Petrol,Automatic,,silver
Suzuki,Wagon R,2025.0,1.0,0.0,650.0,Kohuwala,Brand New,Petrol,Automatic,Hatchback,white
Toyota,Starlet,2000.0,26.0,75000.0,1000.0,Katugastota,Used,Petrol,Manual,Hatchback,black
Toyota,Prius,2012.0,14.0,159000.0,1800.0,Ambalangoda,Used,Petrol,Automatic,Liftback,white
Toyota,Prius,2012.0,14.0,250000.0,1500.0,Baduraliya,Used,Petrol,Manual,Sports,silver
Ford,Festiva,1996.0,30.0,0.0,1500.0,Pepiliyana,Used,Petrol,Automatic,Hatchback,red
Toyota,Passo,2010.0,16.0,200000.0,1000.0,Athurugiriya,Used,Petrol,Automatic,Hatchback,black
Suzuki,Swift,2007.0,19.0,137424.0,1300.0,Dehiwala,Used,Petrol,Automatic,Hatchback,blue
Toyota,Premio,2018.0,8.0,86000.0,1500.0,Nattandiya,Used,Petrol,Automatic,Saloon,white
Suzuki,Wagon R,2015.0,11.0,179000.0,650.0,Veyangoda,Used,Petrol,Automatic,Hatchback,white
Suzuki,Wagon R,2018.0,8.0,123000.0,650.0,Pussellawa,Used,Petrol,Automatic,Hatchback,black
Honda,Insight,2009.0,17.0,0.0,1330.0,Wennappuwa,Used,Hybrid,Automatic,Saloon,gray
Honda,Civic,2018.0,8.0,133000.0,1500.0,Ambalangoda,Used,Petrol,Automatic,Liftback,black
Suzuki,Alto,2006.0,20.0,127000.0,800.0,Horana,Used,Petrol,Manual,Hatchback,blue
Mercedes Benz,B Class,2016.0,10.0,120000.0,,Kotte,Used,Electric,Automatic,Hatchback,white
KIA,Mentor,2000.0,26.0,65000.0,1500.0,Ja-Ela,Used,Petrol,Automatic,Saloon,black
Perodua,Kelisa,2007.0,19.0,75000.0,1000.0,Kelaniya,Used,Petrol,Other,Hatchback,silver
Nissan,FB 15,1997.0,29.0,125559.0,1500.0,Avissawella,Used,Petrol,Automatic,Saloon,silver
Toyota,Corolla,2006.0,20.0,190000.0,1300.0,Dodangaslanda,Used,Petrol,Manual,Sedan,black
Suzuki,Alto,2019.0,7.0,67790.0,660.0,Ratnapura,Used,Petrol,Automatic,Hatchback,red
Suzuki,Celerio,2016.0,10.0,115000.0,1000.0,Kadawatha,Used,Petrol,Automatic,Hatchback,white
Suzuki,Wagon R,2024.0,2.0,1700.0,650.0,Negombo,Brand New,Petrol,Automatic,Hatchback,black
Suzuki,Spacia,2021.0,5.0,6000.0,660.0,Ja-Ela,Brand New,Hybrid,Automatic,Hatchback,white
Toyota,Aqua,2013.0,13.0,140000.0,1499.0,Narammala,Reconditioned,Petrol,Automatic,Hatchback,black
Suzuki,Wagon R,2017.0,9.0,90000.0,660.0,Sooriyawewa Town,Used,Petrol,Automatic,Hatchback,purple
Toyota,Yaris,2024.0,2.0,0.0,950.0,Polonnaruwa,Brand New,Petrol,Automatic,Hatchback,white
Nissan,Sunny,1990.0,36.0,0.0,1600.0,Chilaw,Used,Diesel,Manual,Saloon,white
Chery,QQ,2007.0,19.0,117116.0,812.0,Delgoda,Used,Petrol,Automatic,Hatchback,silver
Suzuki,Wagon R,2023.0,3.0,0.0,650.0,Kelaniya,Brand New,Petrol,Automatic,Station wagon,silver
Honda,Grace,2015.0,11.0,0.0,1300.0,Mudungoda,Used,Petrol,Automatic,Liftback,black
Suzuki,Wagon R,2014.0,12.0,97000.0,658.0,Galle,Used,Petrol,Automatic,Hatchback,black
Toyota,Tercel,1997.0,29.0,28100.0,1300.0,Kurunegala,Used,Petrol,Manual,Hatchback,white
Toyota,Allion,2003.0,23.0,180000.0,1796.0,Athurugiriya,Used,Petrol,Automatic,Sedan,black
Suzuki,Wagon R,2014.0,12.0,75000.0,658.0,Ja-Ela,Used,Petrol,Other,Station wagon,white
Suzuki,Wagon R,2023.0,3.0,4000.0,690.0,Kurunegala,Brand New,Hybrid,Automatic,Hatchback,silver
Toyota,Vitz,2019.0,7.0,41000.0,990.0,Kalmunai,Used,Petrol,Automatic,Sedan,white
Suzuki,Wagon R,2018.0,8.0,190000.0,650.0,Maharagama,Used,Petrol,Automatic,Hatchback,white
Honda,Civic,2008.0,18.0,120000.0,1600.0,Peradeniya,Used,Petrol,Automatic,Sedan,black
Audi,Q2,2019.0,7.0,146000.0,999.0,Athurugiriya,Used,Petrol,Automatic,Hatchback,gray
Toyota,Passo,2009.0,17.0,131275.0,1000.0,Gampaha,Used,Petrol,Automatic,Hatchback,silver
Toyota,Prius,2011.0,15.0,0.0,1500.0,Baduraliya,Used,Petrol,Manual,Sports,black
Suzuki,Wagon R,2018.0,8.0,68000.0,650.0,Yakkala,Used,Hybrid,Automatic,Hatchback,white
Suzuki,Maruti,2007.0,19.0,0.0,,Kurunegala,Used,Petrol,Manual,Hatchback,maroon
Nissan,Sunny,1994.0,32.0,0.0,1500.0,Boralesgamuwa,Used,Petrol,Manual,,silver
Suzuki,Wagon R,2025.0,1.0,0.0,650.0,Kottawa,Brand New,Hybrid,Automatic,Station wagon,blue
Nissan,March,2002.0,24.0,122215.0,1000.0,Moratuwa,Used,Petrol,Automatic,Hatchback,white
Mitsubishi,eK,2023.0,3.0,6600.0,660.0,Kottawa,Brand New,Petrol,Automatic,Hatchback,black
BMW,3 Series,2011.0,15.0,70000.0,2000.0,Kalubowila,Used,Diesel,Automatic,Saloon,silver
Tata,Indica,2015.0,11.0,78635.0,999.0,Mahiyanganaya,Used,Petrol,Manual,Liftback,white
Toyota,Prius,2010.0,16.0,210000.0,1500.0,Nugegoda,Used,Hybrid,Manual,Saloon,black
Volkswagen,Beetle,2017.0,9.0,101000.0,1200.0,Nugegoda,Used,Petrol,Automatic,Sedan,other
Mitsubishi,eK,2023.0,3.0,0.0,650.0,Kottawa,Brand New,Petrol,Automatic,Liftback,red
Suzuki,Spacia,2024.0,2.0,3000.0,990.0,Halloluwa,Brand New,Petrol,Automatic,Hatchback,white
Toyota,Yaris,2024.0,2.0,0.0,999.0,Kelaniya,Brand New,Petrol,Automatic,Hatchback,white
Toyota,Axio,2015.0,11.0,25000.0,1496.0,Katunayake,Used,Petrol,Automatic,Hatchback,white
Toyota,Yaris,2023.0,3.0,76000.0,1000.0,Kotte,Reconditioned,Petrol,Automatic,Hatchback,white
Suzuki,Hustler,2015.0,11.0,100000.0,660.0,Gampaha,Used,Petrol,Automatic,Hatchback,green
Daihatsu,Move,2023.0,3.0,15000.0,660.0,Embilipitiya,Reconditioned,Petrol,Automatic,Hatchback,white
Nissan,Sunny,1992.0,34.0,100000.0,1000.0,Katunayake,Used,Petrol,Manual,Saloon,white
Datsun,Redi Go,2017.0,9.0,65000.0,800.0,Athurugiriya,Used,Petrol,Manual,Hatchback,gray
Tesla,Model 3,2025.0,1.0,0.0,,Nugegoda,Brand New,Electric,Automatic,Saloon,white
Toyota,Axio,2016.0,10.0,164000.0,1500.0,Kottawa,Used,Petrol,Automatic,Station wagon,brown
Suzuki,Wagon R,2018.0,8.0,90000.0,660.0,Boralesgamuwa,Used,Hybrid,Automatic,Hatchback,green
Toyota,Axio,2018.0,8.0,74000.0,1500.0,Kadawatha,Used,Hybrid,Automatic,Saloon,white
Suzuki,Celerio,2018.0,8.0,64000.0,1000.0,Kadawatha,Used,Petrol,Automatic,Hatchback,red
Daihatsu,Boon,2023.0,3.0,5100.0,996.0,Yakkala,Brand New,Petrol,Manual,Liftback,green
Suzuki,Wagon R,2018.0,8.0,34000.0,650.0,Batticaloa,Used,Hybrid,Automatic,Sedan,white
Toyota,Vios,2004.0,22.0,133009.0,1500.0,Rajagiriya,Used,Petrol,Automatic,Saloon,blue
Mercedes Benz,CLA,2017.0,9.0,58000.0,1590.0,Kohuwala,Used,Petrol,Automatic,Sedan,white
Toyota,Axio,2015.0,11.0,0.0,1500.0,Ambalangoda,Used,Petrol,Automatic,Sedan,white
Honda,Accord,1987.0,39.0,124000.0,1250.0,Gampola,Used,Petrol,Manual,Saloon,black
Suzuki,Wagon R,2018.0,8.0,78500.0,650.0,Anuradhapura,Reconditioned,Hybrid,Automatic,Hatchback,blue
Suzuki,Spacia,2018.0,8.0,75000.0,660.0,Gampaha,Used,Petrol,Automatic,,white
BMW,ActiveHybrid 7,2014.0,12.0,40000.0,2979.0,Nittambuwa,Used,Petrol,Automatic,Saloon,silver
Honda,Fit,2012.0,14.0,200000.0,1500.0,Ambalangoda,Used,Petrol,Automatic,Hatchback,white
Suzuki,Wagon R,2024.0,2.0,5000.0,660.0,Kegalle,Brand New,Petrol,Automatic,Hatchback,white
Toyota,Aqua,2015.0,11.0,106000.0,1000.0,Anuradhapura,Used,Petrol,Automatic,Liftback,white
Toyota,Vitz,2019.0,7.0,85830.0,990.0,Ja-Ela,Used,Petrol,Automatic,Liftback,white
Toyota,Axio,2013.0,13.0,230000.0,1500.0,Boralesgamuwa,Used,Hybrid,Automatic,Saloon,blue
Toyota,Corolla,1997.0,29.0,240000.0,2000.0,Mulleriyawa New Town,Used,Diesel,Automatic,Hatchback,blue
Nissan,FB 15,2001.0,25.0,125000.0,1490.0,Sainthamaruthu,Used,Petrol,Automatic,Saloon,white
Suzuki,Wagon R,2024.0,2.0,2594.0,650.0,Bandaragama,Brand New,Hybrid,Automatic,Hatchback,white
BMW,3 Series,2011.0,15.0,0.0,1990.0,Panadura,Used,Diesel,Automatic,Sedan,white
Perodua,Elite,2011.0,15.0,167320.0,1000.0,Dompe,Used,Petrol,Automatic,Hatchback,green
Suzuki,Wagon R,2017.0,9.0,58000.0,650.0,Nittambuwa,Used,Hybrid,Automatic,Hatchback,blue
Geely,Panda,2015.0,11.0,67000.0,1000.0,Kottawa,Used,Petrol,Manual,Hatchback,black
Suzuki,Wagon R,2025.0,1.0,0.0,650.0,Kataragama,Brand New,Hybrid,Automatic,Hatchback,white
Honda,Fit,2013.0,13.0,129000.0,1500.0,Kegalle,Used,Hybrid,Automatic,Hatchback,black
Hyundai,Accent,2002.0,24.0,200000.0,1500.0,Hikkaduwa,Used,Petrol,Automatic,Hatchback,green
Suzuki,Celerio,2015.0,11.0,80000.0,1000.0,Kalmunai,Used,Petrol,Automatic,Hatchback,white
Toyota,Premio,2017.0,9.0,80915.0,1500.0,Kohuwala,Reconditioned,Petrol,Automatic,Saloon,black
Suzuki,Wagon R,2014.0,12.0,200000.0,660.0,Ragama,Reconditioned,Petrol,Automatic,Station wagon,black
Nissan,Presea,1995.0,31.0,150000.0,1500.0,Katugastota,Used,Petrol,Manual,Hatchback,black
Nissan,AD Wagon,2012.0,14.0,171909.0,1490.0,Ragama,Used,Petrol,Automatic,Station wagon,white
Nissan,FB 15,1998.0,28.0,220000.0,1500.0,Kekirawa,Used,Petrol,Automatic,Saloon,silver
Mazda,2,2015.0,11.0,58000.0,1500.0,Delgoda,Used,Petrol,Automatic,Saloon,red
Toyota,Aqua,2012.0,14.0,164000.0,1490.0,Wattala,Used,Hybrid,Automatic,Hatchback,white
Suzuki,Hustler,2024.0,2.0,0.0,658.0,Ambalangoda,Brand New,Petrol,Automatic,Hatchback,green
Nissan,Almera,2025.0,1.0,0.0,1000.0,Kalubowila,Brand New,Petrol,Automatic,Saloon,red
Suzuki,Wagon R,2018.0,8.0,88000.0,650.0,Kalmunai,Used,Hybrid,Automatic,Sedan,white
Honda,ARIA,2005.0,21.0,171500.0,1490.0,Kurunegala,Used,Petrol,Manual,Saloon,white
Toyota,Prius,2011.0,15.0,160000.0,1800.0,Ja-Ela,Used,Petrol,Automatic,Liftback,blue
Toyota,Prius,2014.0,12.0,,1800.0,Anuradhapura,Used,Petrol,Automatic,Hatchback,blue
Suzuki,Wagon R,2018.0,8.0,89000.0,660.0,Kegalle,Used,Hybrid,Automatic,Hatchback,purple
Nissan,FB 15,2011.0,15.0,0.0,1500.0,Kuliyapitiya,Used,Diesel,Manual,Saloon,white
Suzuki,Celerio,2016.0,10.0,94000.0,1000.0,Kadawatha,Used,Petrol,Automatic,Hatchback,red
Honda,Fit,2015.0,11.0,133000.0,1500.0,Ambalangoda,Used,Hybrid,Automatic,Hatchback,white
Toyota,Premio,2005.0,21.0,0.0,1496.0,Kandy,Used,Petrol,Automatic,Sedan,blue
Honda,Grace,2014.0,12.0,102000.0,1490.0,Weeraketiya,Reconditioned,Hybrid,Automatic,Sedan,white
Toyota,Aqua,2014.0,12.0,140000.0,1500.0,Ambalangoda,Used,Hybrid,Automatic,Liftback,white
Suzuki,Swift,2000.0,26.0,180000.0,1300.0,Nugegoda,Used,Petrol,Automatic,Hatchback,blue
Suzuki,Alto,2006.0,20.0,123456.0,800.0,Kurunegala,Used,Petrol,Manual,Convertible,white
Nissan,ExSunny,2001.0,25.0,0.0,1295.0,Ambalangoda,Used,Petrol,Manual,Saloon,red
Daihatsu,Taft,2024.0,2.0,9900.0,660.0,Rajagiriya,Reconditioned,Petrol,Automatic,Hatchback,green
Suzuki,Alto,2007.0,19.0,250000.0,800.0,Moratuwa,Used,Petrol,Manual,Hatchback,silver
Toyota,Corolla,2007.0,19.0,160000.0,1500.0,Padukka,Used,Petrol,Automatic,Sedan,white
Toyota,Axio,2016.0,10.0,125000.0,1400.0,Athurugiriya,Used,Petrol,Automatic,,white
BMW,i Series,2006.0,20.0,0.0,1400.0,Colombo Fort (Colombo 01),Used,Petrol,Automatic,Hatchback,white
Daihatsu,Mira,2017.0,9.0,99300.0,650.0,Negombo,Used,Petrol,Automatic,Hatchback,white
Toyota,Carina,1987.0,39.0,124000.0,1500.0,Mawathagama,Used,Petrol,Manual,Station wagon,white
Micro,Panda,2012.0,14.0,81000.0,1300.0,Chinabay,Used,Petrol,Manual,Hatchback,red
Toyota,Vitz,2017.0,9.0,84000.0,1000.0,Gampaha,Used,Petrol,Automatic,Sedan,silver
Daihatsu,Cast,2016.0,10.0,0.0,650.0,Kandy,Used,Petrol,Automatic,Hatchback,maroon
Suzuki,Alto,2003.0,23.0,200117.0,650.0,Pussellawa,Used,Petrol,Automatic,Hatchback,silver
Honda,Civic,2004.0,22.0,210000.0,1500.0,Embilipitiya,Used,Petrol,Automatic,Hatchback,blue
Suzuki,Wagon R,2018.0,8.0,107000.0,650.0,Kirulapone,Used,Petrol,Automatic,Hatchback,red
Toyota,Vitz,2017.0,9.0,123000.0,1000.0,Nugegoda,Used,Petrol,Automatic,Hatchback,blue
Suzuki,XBee,2023.0,3.0,15000.0,1000.0,Kottawa,Brand New,Hybrid,Automatic,Hatchback,green
Toyota,Aqua,2014.0,12.0,0.0,1500.0,Kaduwela,Used,Hybrid,Automatic,Liftback,white
Toyota,Premio,2016.0,10.0,0.0,1000.0,Padukka,Used,Diesel,Automatic,Hatchback,red
Zotye,Z100,2017.0,9.0,87000.0,1000.0,Kotikawatta,Used,Petrol,Manual,Hatchback,blue
Toyota,Vitz,2019.0,7.0,49000.0,1200.0,Colombo Fort (Colombo 01),Used,Petrol,Automatic,Hatchback,white
Mercedes Benz,CLA,2017.0,9.0,,1500.0,Kohuwala,Used,Petrol,Automatic,Sedan,red
Toyota,Aqua,2012.0,14.0,75872.0,1490.0,Kurunegala,Used,Hybrid,Automatic,Hatchback,black
Toyota,Vitz,2017.0,9.0,55000.0,1000.0,Alutgama,Used,Petrol,Automatic,Hatchback,white
Toyota,Belta,2007.0,19.0,116000.0,1300.0,Hettipola,Used,Petrol,Automatic,Liftback,other
Suzuki,Alto,2007.0,19.0,138000.0,799.0,Kolonnawa,Used,Petrol,Manual,Liftback,red
Suzuki,Celerio,2015.0,11.0,66200.0,1000.0,Piliyandala,Used,Petrol,Automatic,Hatchback,white
Toyota,Aqua,2012.0,14.0,160000.0,1490.0,Dehiwala,Used,Hybrid,Automatic,Hatchback,orange
Toyota,Yaris,2023.0,3.0,4500.0,690.0,Kurunegala,Brand New,Hybrid,Automatic,Hatchback,silver
Suzuki,Wagon R,2018.0,8.0,81000.0,650.0,Ambalangoda,Used,Hybrid,Automatic,Hatchback,white
Suzuki,Swift,2004.0,22.0,0.0,1000.0,Mirigama,Used,Petrol,Manual,Hatchback,black
Toyota,Axio,2016.0,10.0,120000.0,1500.0,Ambalangoda,Used,Petrol,Automatic,Saloon,white
Renault,KWID,2016.0,10.0,102000.0,800.0,Boralesgamuwa,Used,Petrol,Manual,Hatchback,red
Suzuki,Wagon R,2014.0,12.0,120000.0,650.0,Polonnaruwa,Reconditioned,Petrol,Automatic,Hatchback,white
Suzuki,Maruti,2011.0,15.0,85400.0,800.0,Kaduwela,Used,Petrol,Manual,Hatchback,black
Peugeot,307,2004.0,22.0,123456.0,1600.0,Sri Jayawardenepura Kotte,Used,Diesel,Manual,Hatchback,green
Nissan,March,2002.0,24.0,149000.0,1000.0,Ragama,Used,Petrol,Automatic,Liftback,red
Honda,N WGN,2024.0,2.0,100.0,658.0,Negombo,Brand New,Petrol,Automatic,Hatchback,black
Toyota,Vitz,2018.0,8.0,58000.0,1000.0,Kurunegala,Used,Petrol,Automatic,Hatchback,purple
Micro,Panda,2018.0,8.0,91000.0,1000.0,Panadura,Used,Petrol,Automatic,Hatchback,white
Nissan,Leaf,2014.0,12.0,230000.0,,Dehiwala,Used,Electric,Automatic,Hatchback,red
BMW,M Series,2017.0,9.0,90000.0,2000.0,Katugastota,Used,Petrol,Automatic,Saloon,black
Toyota,Corolla,2006.0,20.0,163000.0,1500.0,Piliyandala,Used,Petrol,Automatic,Saloon,blue
Toyota,Wigo,2017.0,9.0,129000.0,1000.0,Homagama,Used,Petrol,Automatic,Liftback,red
Daihatsu,Taft,2023.0,3.0,100.0,660.0,Angoda,Brand New,Petrol,Automatic,Hatchback,white
Nissan,Sunny,1999.0,27.0,0.0,1500.0,Gampola,Used,Petrol,Automatic,Saloon,other
Honda,Airwave,2008.0,18.0,227700.0,1500.0,Ja-Ela,Used,Petrol,Other,Hatchback,silver
Toyota,Allion,2012.0,14.0,98000.0,1500.0,Kesbewa,Used,Petrol,Automatic,Saloon,white
Toyota,Axio,2015.0,11.0,150000.0,1500.0,Ambalangoda,Used,Hybrid,Automatic,Sedan,blue
Toyota,Corolla,1998.0,28.0,0.0,1587.0,Kurunegala,Used,Petrol,Manual,Hatchback,white
Suzuki,Wagon R,2014.0,12.0,0.0,658.0,Kandy,Used,Hybrid,Automatic,Hatchback,silver
Suzuki,Alto,2017.0,9.0,85000.0,1000.0,Borella (Colombo 08),Used,Petrol,Manual,Hatchback,white
Nissan,Bluebird,1998.0,28.0,0.0,1800.0,Tennekumbura,Used,Petrol,Automatic,Saloon,silver
Toyota,Vitz,2019.0,7.0,0.0,990.0,Ambalangoda,Used,Petrol,Automatic,Hatchback,white
Toyota,Sprinter,1999.0,27.0,302000.0,2000.0,Dehiwala,Used,Diesel,Manual,Saloon,silver
Suzuki,Wagon R,2008.0,18.0,75800.0,1000.0,Homagama,Used,Petrol,Manual,Hatchback,red
Suzuki,Wagon R,2017.0,9.0,48000.0,660.0,Ja-Ela,Used,Hybrid,Automatic,Hatchback,maroon
Suzuki,Spacia,2023.0,3.0,1200.0,650.0,Kalagedihena,Reconditioned,Hybrid,Automatic,Sedan,red
Toyota,Axio,2008.0,18.0,120000.0,1500.0,Kegalle,Used,Petrol,Automatic,Liftback,white
Suzuki,Wagon R,2017.0,9.0,115000.0,660.0,Sooriyawewa Town,Used,Petrol,Automatic,Hatchback,gray
Toyota,Roomy,2017.0,9.0,59000.0,1000.0,Kolonnawa,Used,Petrol,Automatic,Liftback,orange
Suzuki,Hustler,2016.0,10.0,126000.0,660.0,Boralesgamuwa,Used,Petrol,Automatic,Hatchback,green
Toyota,Aqua,2013.0,13.0,143000.0,1496.0,Baddegama,Used,Petrol,Automatic,Hatchback,black
Daihatsu,Taft,2023.0,3.0,9000.0,800.0,Kurunegala,Used,Petrol,Automatic,,silver
Toyota,Vitz,2013.0,13.0,125500.0,1000.0,Battaramulla,Used,Petrol,Automatic,Hatchback,red
Toyota,Roomy,2023.0,3.0,12000.0,1000.0,Kelaniya,Brand New,Petrol,Automatic,Liftback,white
Daihatsu,Mira,2023.0,3.0,5000.0,660.0,Ambalangoda,Brand New,Petrol,Automatic,Hatchback,blue
Toyota,Allion,2002.0,24.0,179000.0,1490.0,Kegalle,Used,Petrol,Automatic,Hatchback,silver
Suzuki,Wagon R,2018.0,8.0,75000.0,690.0,Colombo Fort (Colombo 01),Used,Hybrid,Automatic,Hatchback,white
Suzuki,Wagon R,2024.0,2.0,7000.0,660.0,Gampaha,Brand New,Petrol,Automatic,Hatchback,white
Honda,Insight,2011.0,15.0,220000.0,1330.0,Gampaha,Used,Petrol,Automatic,Saloon,black
Toyota,Premio,2010.0,16.0,0.0,1800.0,Kirulapone,Used,Petrol,Automatic,Saloon,blue
Suzuki,Celerio,2018.0,8.0,64000.0,1000.0,Kadawatha,Used,Petrol,Automatic,Hatchback,white
Mitsubishi,eK,2023.0,3.0,3400.0,660.0,Kottawa,Brand New,Petrol,Automatic,Hatchback,white
Suzuki,Alto,2015.0,11.0,0.0,800.0,Beliatta,Used,Petrol,Manual,Hatchback,white
Suzuki,Wagon R,2025.0,1.0,0.0,650.0,Nittambuwa,Brand New,Hybrid,Automatic,Station wagon,black
Suzuki,Alto,2015.0,11.0,0.0,800.0,Battaramulla,Used,Petrol,Manual,Liftback,black
Suzuki,Wagon R,2000.0,26.0,75000.0,1500.0,Katugastota,Used,Petrol,Other,Hatchback,black
Suzuki,Wagon R,2017.0,9.0,88600.0,650.0,Attanagalla,Used,Hybrid,Automatic,Hatchback,white
Toyota,Raize,2025.0,1.0,5.0,1200.0,Pannipitiya,Brand New,Hybrid,Automatic,Hatchback,black
Honda,Fit,2014.0,12.0,119000.0,1300.0,Ambalangoda,Used,Petrol,Automatic,Hatchback,silver
Suzuki,Maruti,2006.0,20.0,120000.0,800.0,Nugegoda,Used,Petrol,Manual,Liftback,other
Toyota,Aqua,2014.0,12.0,120000.0,1500.0,Wattala,Used,Petrol,Automatic,Hatchback,green
Suzuki,Swift,2008.0,18.0,130000.0,1300.0,Malabe,Used,Petrol,Automatic,Hatchback,blue
KIA,Spectra,2002.0,24.0,35000.0,1600.0,Kuliyapitiya,Used,Petrol,Manual,Saloon,gray
Suzuki,Spacia,2023.0,3.0,5500.0,660.0,Kottawa,Brand New,Petrol,Automatic,Hatchback,yellow
Volkswagen,Beetle,,,0.0,1300.0,Maharagama,Used,Petrol,Manual,,maroon
Suzuki,Spacia,2024.0,2.0,9000.0,660.0,Kurunegala,Brand New,Hybrid,Automatic,Convertible,brown
Toyota,Allion,2010.0,16.0,110000.0,1490.0,Wattala,Used,Petrol,Automatic,Saloon,black
Suzuki,Wagon R,2014.0,12.0,128800.0,650.0,Ambalangoda,Used,Hybrid,Automatic,Hatchback,black
Daihatsu,Taft,2022.0,4.0,0.0,658.0,Kurunegala,Brand New,Petrol,Automatic,Station wagon,red
Suzuki,Wagon R,2014.0,12.0,77900.0,660.0,Narahenpita (Colombo 05),Reconditioned,Petrol,Automatic,Hatchback,white
Toyota,Corolla,1997.0,29.0,270000.0,2000.0,Pilimatalawa,Used,Petrol,Manual,Saloon,silver
Toyota,Prius,2012.0,14.0,0.0,1200.0,Kataragama,Used,Hybrid,Automatic,Liftback,white
Suzuki,Alto,2002.0,24.0,0.0,1000.0,Katugastota,Used,Petrol,Manual,Hatchback,blue
Toyota,Yaris,2022.0,4.0,56000.0,1000.0,Nugegoda,Brand New,Petrol,Automatic,Hatchback,white
Suzuki,Wagon R,2017.0,9.0,180000.0,998.0,Kadawatha,Used,Petrol,Automatic,Hatchback,white
Toyota,Aqua,2012.0,14.0,12000.0,1500.0,Matugama,Used,Petrol,Automatic,Hatchback,white
Suzuki,Swift,2004.0,22.0,165000.0,1300.0,Moratuwa,Used,Petrol,Automatic,Hatchback,silver
Mercedes Benz,C Class,2013.0,13.0,116000.0,2200.0,Kandy,Used,Diesel,Automatic,Saloon,white
Nissan,Dayz,2023.0,3.0,1500.0,650.0,Pasyala,Brand New,Petrol,Automatic,Station wagon,red
Daihatsu,Mira,2025.0,1.0,2000.0,660.0,Nittambuwa,Reconditioned,Petrol,Automatic,Hatchback,white
Mazda,Familia,1997.0,29.0,0.0,1700.0,Ambalangoda,Used,Diesel,Automatic,Saloon,white
Toyota,Prius,2014.0,12.0,129251.0,1800.0,Piliyandala,Used,Hybrid,Automatic,Hatchback,black
Toyota,Vios,2004.0,22.0,0.0,1500.0,Anuradhapura,Used,Petrol,Automatic,Saloon,gold
Honda,Civic,2018.0,8.0,65000.0,1000.0,Ambalangoda,Used,Petrol,Automatic,Liftback,black
Suzuki,Wagon R,2018.0,8.0,0.0,650.0,Panadura,Used,Petrol,Automatic,Hatchback,orange
Toyota,Yaris,2023.0,3.0,0.0,1000.0,Ambalangoda,Used,Petrol,Automatic,Hatchback,white
Toyota,Premio,2013.0,13.0,110000.0,1490.0,Kurunegala,Used,Petrol,Automatic,Saloon,red
Suzuki,Alto,2007.0,19.0,350000.0,796.0,Horana,Used,Petrol,Manual,Hatchback,blue
Hyundai,Sonata,2000.0,26.0,89999.0,2000.0,Galewela,Used,Petrol,Automatic,Saloon,white
Suzuki,Spacia,2024.0,2.0,2000.0,660.0,Kurunegala,Reconditioned,Petrol,Automatic,Hatchback,white
Suzuki,Wagon R,2017.0,9.0,35360.0,650.0,Piliyandala,Used,Hybrid,Automatic,Sedan,purple
Suzuki,Swift,2006.0,20.0,200000.0,1000.0,Galgamuwa,Used,Petrol,Automatic,Hatchback,black
Toyota,Corolla,2002.0,24.0,123456.0,1500.0,Monaragala,Used,Petrol,Automatic,Saloon,gray
Suzuki,Swift,2010.0,16.0,160000.0,1300.0,Panadura,Reconditioned,Petrol,Automatic,Hatchback,white
Audi,A5,2019.0,7.0,54450.0,1000.0,Colombo Fort (Colombo 01),Used,Petrol,Automatic,Hatchback,blue
Suzuki,Wagon R,2015.0,11.0,106000.0,1490.0,Deiyandara,Reconditioned,Hybrid,Automatic,Station wagon,black
Toyota,Vitz,2019.0,7.0,26000.0,1000.0,Kohuwala,Used,Petrol,Automatic,Hatchback,red
Suzuki,Wagon R,2014.0,12.0,83000.0,660.0,Embilipitiya,Used,Petrol,Automatic,Hatchback,navy
Toyota,Aqua,2014.0,12.0,80460.0,1500.0,Pelmadulla,Used,Hybrid,Automatic,Hatchback,yellow
Toyota,Prius,2011.0,15.0,125555.0,1490.0,Makola,Used,Petrol,Automatic,Hatchback,white
Honda,Grace,2015.0,11.0,187000.0,1496.0,Ambalangoda,Used,Hybrid,Automatic,Sedan,white
Mitsubishi,Lancer,2008.0,18.0,138000.0,1300.0,Ambalangoda,Used,Petrol,Automatic,Sedan,blue
Honda,City,2025.0,1.0,0.0,1000.0,Kalubowila,Brand New,Petrol,Automatic,Saloon,white
Toyota,Corolla,1996.0,30.0,0.0,1200.0,Pilimatalawa,Used,Diesel,Automatic,,white
Perodua,Axia,2019.0,7.0,,998.0,Gampaha,Used,Petrol,Automatic,Hatchback,white
Suzuki,Swift,2017.0,9.0,125000.0,1000.0,Panadura,Used,Petrol,Automatic,Liftback,red
Chery,QQ,2010.0,16.0,125000.0,800.0,Batticaloa,Used,Petrol,Manual,Sedan,silver
Hyundai,Accent,2005.0,21.0,0.0,1500.0,Biyagama,Used,Petrol,Automatic,Hatchback,black
Toyota,Vitz,2018.0,8.0,84000.0,1000.0,Homagama,Used,Petrol,Automatic,Hatchback,white
Honda,Grace,2015.0,11.0,141800.0,1500.0,Bambalapitiya (Colombo 04),Used,Hybrid,Automatic,Hatchback,maroon
Nissan,FB 15,2000.0,26.0,150000.0,1500.0,Elpitiya,Used,Petrol,Automatic,Saloon,gray
Toyota,Aqua,2014.0,12.0,93000.0,1496.0,Ragama,Used,Petrol,Automatic,Hatchback,white
Suzuki,Alto,2013.0,13.0,0.0,800.0,Horana,Used,Petrol,Manual,Hatchback,other
Suzuki,Wagon R,2024.0,2.0,6500.0,650.0,Negombo,Brand New,Petrol,Automatic,Liftback,silver
Toyota,Corolla,2003.0,23.0,231000.0,1500.0,Ja-Ela,Used,Petrol,Automatic,Saloon,white
Suzuki,Celerio,2019.0,7.0,78000.0,1000.0,Kadawatha,Used,Petrol,Automatic,Hatchback,white
Toyota,Prius,2012.0,14.0,98000.0,1500.0,Bambalapitiya (Colombo 04),Used,Hybrid,Automatic,,white
Suzuki,Maruti,2005.0,21.0,0.0,800.0,Kiribathgoda,Used,Petrol,Manual,Hatchback,gray
Daihatsu,Mira,2025.0,1.0,3000.0,658.0,Anuradhapura,Brand New,Petrol,Automatic,,silver
Nissan,Note X,2010.0,16.0,150000.0,1300.0,Ambalangoda,Used,Petrol,Automatic,Hatchback,silver
Toyota,Aqua,2013.0,13.0,140000.0,1500.0,Matara,Reconditioned,Petrol,Automatic,Hatchback,black
Suzuki,Maruti,2006.0,20.0,159600.0,1000.0,Kurunegala,Used,Petrol,Manual,Hatchback,black
Honda,Fit,2014.0,12.0,95600.0,1500.0,Kalmunai,Used,Petrol,Automatic,Station wagon,white
Suzuki,Alto,2015.0,11.0,22.17,850.0,Badulla,Used,Petrol,Manual,Liftback,blue
Suzuki,Wagon R,2024.0,2.0,0.0,650.0,Polonnaruwa,Brand New,Hybrid,Automatic,Hatchback,silver
Suzuki,Wagon R,2024.0,2.0,4000.0,650.0,Panadura,Brand New,Hybrid,Automatic,Hatchback,red
Suzuki,Wagon R,2015.0,11.0,83000.0,650.0,Kalmunai,Used,Petrol,Automatic,Sedan,black
Honda,Fit,2015.0,11.0,113000.0,1500.0,Rajagiriya,Used,Hybrid,Automatic,Hatchback,black
Suzuki,Wagon R,2025.0,1.0,0.0,650.0,Waskaduwa,Brand New,Hybrid,Automatic,Hatchback,white
Suzuki,Alto,2015.0,11.0,120000.0,800.0,Nugegoda,Used,Petrol,Manual,Liftback,gray
Suzuki,Swift,2003.0,23.0,154000.0,1300.0,Horana,Used,Petrol,Automatic,Hatchback,black
Honda,Grace,2015.0,11.0,97350.0,1500.0,Nawala,Used,Hybrid,Automatic,Sedan,maroon
Toyota,Premio,2014.0,12.0,169000.0,1500.0,Ambalangoda,Used,Petrol,Automatic,Sedan,brown
Renault,KWID,2016.0,10.0,112400.0,1000.0,Gampaha,Used,Petrol,Manual,Hatchback,white
Toyota,Belta,2009.0,17.0,186000.0,1300.0,Kurunegala,Used,Petrol,Automatic,Hatchback,silver
Suzuki,Wagon R,2017.0,9.0,110000.0,660.0,Kirillawala,Used,Petrol,Automatic,Hatchback,white
Toyota,Aqua,2015.0,11.0,150000.0,1300.0,Kotawehera,Used,Petrol,Automatic,Liftback,white
Suzuki,Swift,2008.0,18.0,116000.0,1300.0,Malabe,Used,Petrol,Automatic,Hatchback,blue
Mini,Cooper,2017.0,9.0,53000.0,1500.0,Rajagiriya,Used,Petrol,Automatic,,red
Toyota,Aqua,2014.0,12.0,79800.0,1490.0,Kalmunai,Used,Petrol,Automatic,Sedan,silver
Toyota,Premio,2018.0,8.0,80000.0,1500.0,Adampan,Used,Hybrid,Automatic,Saloon,white
Toyota,Corolla,2008.0,18.0,168000.0,1500.0,Moratuwa,Used,Petrol,Automatic,Saloon,blue
Micro,Panda,2018.0,8.0,65600.0,1000.0,Kaleliya,Used,Petrol,Tiptronic,Hatchback,black
Toyota,Vitz,2016.0,10.0,100000.0,990.0,Ambalangoda,Used,Petrol,Automatic,Hatchback,black
Toyota,Premio,2010.0,16.0,176000.0,1500.0,Akkaraipattu,Used,Petrol,Automatic,Liftback,white
Suzuki,Wagon R,2014.0,12.0,0.0,900.0,Rambukkana,Used,Petrol,Automatic,Hatchback,red
Toyota,Premio,2018.0,8.0,112000.0,1500.0,Anuradhapura,Used,Petrol,Automatic,Hatchback,white
Suzuki,Alto,2014.0,12.0,200000.0,800.0,Kundasale,Used,Petrol,Manual,Hatchback,gray
Nissan,Sunny,1996.0,30.0,150000.0,1500.0,Matale,Used,Petrol,Automatic,Saloon,gold
Toyota,Prius,2011.0,15.0,200000.0,1800.0,Anuradhapura,Used,Hybrid,Automatic,Saloon,silver
Toyota,Premio,2017.0,9.0,94000.0,1500.0,Talawatugoda,Used,Petrol,Automatic,Saloon,black
Toyota,Corolla,2001.0,25.0,115000.0,1500.0,Anuradhapura,Used,Petrol,Automatic,Saloon,silver
Toyota,Prius,2010.0,16.0,181000.0,1790.0,Ambalangoda,Used,Hybrid,Automatic,Sedan,blue
Mitsubishi,Lancer,1997.0,29.0,398000.0,1990.0,Pannipitiya,Used,Diesel,Automatic,Sports,red
Toyota,Vitz,2015.0,11.0,46400.0,1000.0,Trincomalee,Used,Petrol,Automatic,Hatchback,orange
Suzuki,Wagon R,2024.0,2.0,5000.0,650.0,Negombo,Brand New,Petrol,Automatic,,silver
Toyota,Axio,2015.0,11.0,0.0,1500.0,Ambalangoda,Used,Hybrid,Automatic,Saloon,white
Toyota,Passo,2023.0,3.0,6600.0,660.0,Kottawa,Brand New,Petrol,Automatic,Hatchback,black
Micro,Panda,2018.0,8.0,75000.0,1300.0,Nugegoda,Used,Petrol,Other,Liftback,white
Honda,N BOX,2026.0,0.0,6600.0,660.0,Kottawa,Brand New,Petrol,Automatic,Hatchback,gray
Micro,Panda,2012.0,14.0,150000.0,1300.0,Kolonnawa,Used,Petrol,Manual,Hatchback,red
Suzuki,Alto,2012.0,14.0,119000.0,800.0,Piliyandala,Used,Petrol,Manual,Hatchback,black
Perodua,Elite,2011.0,15.0,130000.0,1000.0,Hakmana,Used,Petrol,Automatic,Hatchback,white
Micro,Panda,2011.0,15.0,105605.0,1300.0,Tangalla,Used,Petrol,Manual,Hatchback,yellow
Toyota,Axio,2014.0,12.0,145500.0,1500.0,Bandarawela,Used,Hybrid,Automatic,Saloon,maroon
Audi,A4,2011.0,15.0,140000.0,1984.0,Ambalangoda,Used,Petrol,Automatic,Sedan,purple
Honda,ARIA,2003.0,23.0,140000.0,1500.0,Godagama,Used,Petrol,Automatic,Saloon,gold
Suzuki,Every,2013.0,13.0,107000.0,650.0,Ja-Ela,Used,Petrol,Automatic,Station wagon,black
Toyota,Premio,2018.0,8.0,63000.0,1500.0,Dehiwala,Used,Petrol,Automatic,Liftback,white
Toyota,Vitz,2007.0,19.0,188200.0,1000.0,Ratmalana,Used,Petrol,Automatic,Hatchback,blue
Tata,Indica,2015.0,11.0,31000.0,1200.0,Adampan,Used,Petrol,Manual,Hatchback,maroon
Suzuki,Wagon R,2025.0,1.0,0.0,650.0,Kurunegala,Brand New,Petrol,Automatic,Hatchback,white
Toyota,Aqua,2013.0,13.0,143000.0,1500.0,Colombo Fort (Colombo 01),Used,Petrol,Automatic,Hatchback,silver
Suzuki,Hustler,2024.0,2.0,0.0,650.0,Mawathagama,Brand New,Petrol,Automatic,Station wagon,blue
Toyota,Axio,2014.0,12.0,140000.0,1490.0,Beruwala,Used,Petrol,Automatic,Saloon,white
Suzuki,Wagon R,2014.0,12.0,0.0,650.0,Hokandara,Used,Petrol,Automatic,Liftback,silver
Honda,Grace,2015.0,11.0,160000.0,1000.0,Kadugannawa,Used,Hybrid,Automatic,Saloon,maroon
Suzuki,Celerio,2016.0,10.0,124000.0,1000.0,Matara,Used,Petrol,Automatic,Hatchback,white
Micro,Panda,2015.0,11.0,57000.0,1000.0,Bandaragama,Used,Petrol,Manual,Hatchback,black
Suzuki,Wagon R,2018.0,8.0,0.0,900.0,Keppetipola,Used,Petrol,Automatic,Liftback,white
Suzuki,Wagon R,2016.0,10.0,113000.0,650.0,Ambalangoda,Used,Hybrid,Automatic,Hatchback,silver
Toyota,Vitz,2018.0,8.0,68000.0,990.0,Kandana,Used,Hybrid,Automatic,Hatchback,gray
Suzuki,Maruti,2004.0,22.0,126000.0,800.0,Horana,Used,Petrol,Manual,Hatchback,gray
Toyota,Corsa,1993.0,33.0,200800.0,1300.0,Badulla,Reconditioned,Petrol,Manual,Saloon,black
Toyota,Yaris,2023.0,3.0,2500.0,690.0,Kurunegala,Brand New,Hybrid,Automatic,Hatchback,black
Suzuki,Wagon R,2003.0,23.0,129000.0,1100.0,Athurugiriya,Used,Petrol,Manual,Hatchback,silver
Toyota,Prius,2014.0,12.0,132000.0,1200.0,Colombo Fort (Colombo 01),Used,Petrol,Automatic,Hatchback,silver
Toyota,Vitz,2018.0,8.0,65000.0,1000.0,Galle,Reconditioned,Petrol,Automatic,Sedan,white
Suzuki,Wagon R,2017.0,9.0,0.0,650.0,Ambalangoda,Used,Petrol,Automatic,Hatchback,blue
Toyota,Corolla,2003.0,23.0,206500.0,1500.0,Dompe,Used,Petrol,Automatic,Saloon,white
Geely,Panda,2013.0,13.0,53000.0,1200.0,Panadura,Used,Petrol,Manual,Hatchback,white
Toyota,Starlet,1987.0,39.0,200000.0,1300.0,Seeduwa,Used,Petrol,Manual,Hatchback,white
Suzuki,Wagon R,2018.0,8.0,92000.0,998.0,Baddegama,Used,Petrol,Automatic,Hatchback,white
Toyota,Aqua,2013.0,13.0,158000.0,1500.0,Malabe,Used,Hybrid,Automatic,Hatchback,orange
Suzuki,Alto,2015.0,11.0,79000.0,800.0,Boralesgamuwa,Used,Petrol,Manual,Hatchback,red
Suzuki,Alto,2011.0,15.0,60231.0,1000.0,Ambalangoda,Used,Petrol,Manual,Hatchback,white
Toyota,Premio,2012.0,14.0,179800.0,1500.0,Panadura,Used,Petrol,Automatic,Saloon,black
Toyota,Axio,2015.0,11.0,150000.0,,Akarawita,Used,Petrol,Automatic,Sports,white
Suzuki,Wagon R,2023.0,3.0,9941.0,650.0,Panadura,Used,Petrol,Automatic,Station wagon,silver
Toyota,Premio,2020.0,6.0,90000.0,1500.0,Negombo,Used,Petrol,Automatic,Sedan,white
Nissan,March,2008.0,18.0,0.0,1300.0,Ambalangoda,Used,Petrol,Automatic,Hatchback,red
Suzuki,Wagon R,2018.0,8.0,115000.0,660.0,Wattala,Used,Hybrid,Automatic,,white
Toyota,Roomy,2023.0,3.0,2600.0,1000.0,Cinnamon Garden (Colombo 07),Brand New,Petrol,Automatic,Hatchback,white
Suzuki,Celerio,2015.0,11.0,161000.0,1000.0,Adampan,Used,Petrol,Manual,Hatchback,gray
Toyota,Premio,2008.0,18.0,120000.0,690.0,Kurunegala,Used,Petrol,Automatic,Hatchback,gray
Toyota,Prius,2011.0,15.0,191500.0,1500.0,Rajagiriya,Used,Petrol,Automatic,Saloon,white
Toyota,Corolla,1996.0,30.0,190000.0,1970.0,Pelmadulla,Used,Diesel,Automatic,Sedan,white
Toyota,Axio,2015.0,11.0,200000.0,1500.0,Dehiwala,Used,Hybrid,Automatic,Saloon,black
Toyota,Marino,1992.0,34.0,180000.0,1500.0,Kadawatha,Used,Petrol,Manual,Saloon,blue
Honda,Grace,2016.0,10.0,220000.0,1500.0,Ambalangoda,Used,Hybrid,Automatic,Saloon,white
Nissan,Dayz,2023.0,3.0,1500.0,660.0,Kottawa,Brand New,Petrol,Automatic,Hatchback,black
Hyundai,Eon,2016.0,10.0,24500.0,814.0,Batticaloa,Used,Petrol,Manual,Hatchback,white
Suzuki,Wagon R,2018.0,8.0,119000.0,650.0,Gampaha,Reconditioned,Petrol,Automatic,Hatchback,white
Toyota,Prius,2012.0,14.0,230000.0,1800.0,Dankotuwa,Used,Hybrid,Automatic,Saloon,white
Toyota,Yaris Ativ,2019.0,7.0,103140.0,1200.0,Kottawa,Used,Petrol,Automatic,Saloon,silver
Toyota,Yaris,2025.0,1.0,0.0,1000.0,Kelaniya,Brand New,Petrol,Automatic,Liftback,white
Toyota,Axio,2007.0,19.0,225000.0,1500.0,Dodangoda,Used,Petrol,Automatic,Saloon,white
Suzuki,Wagon R,2018.0,8.0,54000.0,650.0,Pussellawa,Used,Petrol,Automatic,Hatchback,black
Toyota,Aqua,2013.0,13.0,129100.0,1490.0,Ingiriya,Used,Petrol,Automatic,Hatchback,black
Toyota,Allion,2004.0,22.0,160000.0,1490.0,Gampaha,Used,Petrol,Automatic,Liftback,red
Daihatsu,Mira,2024.0,2.0,2500.0,690.0,Kurunegala,Brand New,Hybrid,Automatic,Hatchback,red
Toyota,Prius,2012.0,14.0,177500.0,1800.0,Kollupitiya (Colombo 03),Used,Hybrid,Automatic,Saloon,white
Nissan,N 16,2000.0,26.0,300000.0,1500.0,Panadura,Used,Petrol,Manual,Saloon,silver
Suzuki,Alto,2007.0,19.0,160000.0,800.0,Telijjawila,Used,Petrol,Manual,Liftback,maroon
Suzuki,Swift,2009.0,17.0,120000.0,1300.0,Battaramulla,Used,Petrol,Automatic,Hatchback,silver
Suzuki,Swift,2009.0,17.0,180000.0,1300.0,Dehiwala,Used,Petrol,Automatic,Hatchback,blue
Toyota,Premio,2015.0,11.0,175000.0,1500.0,Kohuwala,Used,Petrol,Automatic,Saloon,maroon
Toyota,Yaris,2014.0,12.0,89000.0,1500.0,Nittambuwa,Used,Petrol,Automatic,Saloon,gray
Perodua,Kancil,2003.0,23.0,0.0,,Kandy,Used,Petrol,Manual,,green
Nissan,Magnite,2025.0,1.0,2800.0,999.0,Anuradhapura,Used,Petrol,Automatic,Hatchback,silver
Toyota,Premio,2019.0,7.0,113000.0,1500.0,Wellawatta (Colombo 06),Used,Petrol,Automatic,Liftback,white
Toyota,Corolla,2008.0,18.0,30000.0,1498.0,Maharagama,Used,Petrol,Automatic,Hatchback,other
Mazda,Axela,2004.0,22.0,338000.0,1496.0,Ambalangoda,Used,Petrol,Manual,Sedan,gray
Honda,Airwave,2006.0,20.0,240300.0,1200.0,Akurana,Reconditioned,Petrol,Automatic,Saloon,orange
Suzuki,Wagon R,2014.0,12.0,126000.0,650.0,Kurunegala,Used,Petrol,Automatic,Hatchback,white
Suzuki,Swift,2007.0,19.0,145000.0,760.0,Mawathagama,Used,Petrol,Manual,Hatchback,black
Daihatsu,Taft,2025.0,1.0,0.0,1000.0,Pilimatalawa,Brand New,Petrol,Automatic,Hatchback,white
Suzuki,Wagon R,2025.0,1.0,0.0,660.0,Embilipitiya,Reconditioned,Petrol,Automatic,Hatchback,white
Toyota,Aqua,2015.0,11.0,152000.0,1490.0,Ambalangoda,Used,Hybrid,Automatic,Hatchback,white
Toyota,Yaris,2022.0,4.0,53000.0,1300.0,Ibbagamuwa,Used,Petrol,Automatic,Hatchback,white
Toyota,Wigo,2017.0,9.0,0.0,1000.0,Kottawa,Used,Petrol,Automatic,Hatchback,red
Suzuki,Alto,2017.0,9.0,80000.0,650.0,Kandana,Used,Petrol,Automatic,Station wagon,silver
Standard,Vanguard,2020.0,6.0,15000.0,1000.0,Mirigama,Used,Petrol,Manual,Hatchback,white
Nissan,Sunny,2001.0,25.0,78000.0,1490.0,Galewela,Used,Petrol,Automatic,Saloon,white
Nissan,Pulsar,2004.0,22.0,0.0,1500.0,Pannala,Used,Petrol,Manual,Sports,white
Mazda,Demio,1999.0,27.0,99000.0,1320.0,Mawathagama,Used,Petrol,Automatic,Hatchback,silver
Honda,Insight,2012.0,14.0,128000.0,1200.0,Pussellawa,Used,Petrol,Automatic,Hatchback,silver
Nissan,Note,2024.0,2.0,8200.0,1200.0,Kadawatha,Used,Hybrid,Automatic,Hatchback,gray
Toyota,Vitz,2009.0,17.0,100000.0,1000.0,Narammala,Used,Petrol,Automatic,Hatchback,black
Toyota,Starlet,1998.0,28.0,200000.0,1450.0,Alawatugoda,Used,Diesel,Automatic,Hatchback,white
Honda,Fit,2014.0,12.0,132000.0,1500.0,Negombo,Used,Petrol,Automatic,Hatchback,black
Hyundai,Grand i10,2024.0,2.0,3000.0,998.0,Negombo,Used,Petrol,Automatic,Hatchback,black
Mercedes Benz,C200,2019.0,7.0,38000.0,2000.0,Wellampitiya,Used,Petrol,Automatic,Saloon,silver
Toyota,Premio,2015.0,11.0,190000.0,1490.0,Piliyandala,Used,Petrol,Automatic,Saloon,maroon
Daihatsu,Taft,2023.0,3.0,0.0,660.0,Kurunegala,Reconditioned,Petrol,Automatic,,white
Suzuki,Maruti,2010.0,16.0,95000.0,800.0,Dambadeniya,Used,Petrol,Manual,Liftback,other
Toyota,Aqua,2013.0,13.0,125000.0,1496.0,Ambalangoda,Used,Petrol,Automatic,Hatchback,black
Toyota,Prius,2016.0,10.0,163000.0,1500.0,Delgoda,Used,Hybrid,Automatic,Liftback,white
Suzuki,Swift,2010.0,16.0,102000.0,1197.0,Kaduwela,Used,Petrol,Manual,Hatchback,red
Suzuki,Wagon R,2014.0,12.0,150000.0,690.0,Kilinochchi,Used,Petrol,Automatic,Hatchback,white
Suzuki,Wagon R,2018.0,8.0,123000.0,650.0,Ambalangoda,Used,Petrol,Automatic,Hatchback,black
Suzuki,Estilo,2010.0,16.0,102000.0,1000.0,Peradeniya,Used,Petrol,Manual,Hatchback,orange
Suzuki,Wagon R,2023.0,3.0,4000.0,690.0,Batticaloa,Brand New,Hybrid,Automatic,Hatchback,silver
Toyota,Axio,2002.0,24.0,0.0,650.0,Kobeigane,Used,Petrol,Automatic,Saloon,white
Nissan,Sunny,1996.0,30.0,0.0,1290.0,Malabe,Used,Petrol,Automatic,Saloon,blue
Daihatsu,Mira,2023.0,3.0,2000.0,650.0,Kurunegala,Used,Petrol,Automatic,Convertible,blue
Toyota,Vitz,2018.0,8.0,45500.0,990.0,Wattala,Used,Petrol,Automatic,Hatchback,purple
Honda,Civic,2012.0,14.0,0.0,1800.0,Ambalangoda,Used,Petrol,Automatic,Sedan,brown
Suzuki,Wagon R,2017.0,9.0,86000.0,650.0,Vavuniya,Used,Hybrid,Automatic,Hatchback,gray
Suzuki,Wagon R,2017.0,9.0,117000.0,660.0,Athurugiriya,Used,Hybrid,Automatic,Hatchback,black
Toyota,Yaris,2022.0,4.0,0.0,1000.0,Polonnaruwa,Brand New,Petrol,Automatic,Hatchback,white
Suzuki,Wagon R,2024.0,2.0,2800.0,660.0,Katugastota,Brand New,Hybrid,Automatic,Station wagon,silver
Suzuki,Wagon R,2025.0,1.0,0.0,650.0,Gampaha,Brand New,Hybrid,Automatic,Hatchback,white
Suzuki,Wagon R,2018.0,8.0,120000.0,950.0,Maharagama,Used,Petrol,Automatic,Station wagon,silver
Toyota,Corolla,1998.0,28.0,190000.0,1500.0,Dekatana,Used,Petrol,Automatic,Saloon,white
Suzuki,Maruti,2012.0,14.0,66000.0,800.0,Embilipitiya,Used,Petrol,Manual,Hatchback,red
Toyota,Aqua,2012.0,14.0,290.0,1497.0,Malabe,Used,Hybrid,Automatic,Hatchback,blue
Suzuki,Spacia,2017.0,9.0,150200.0,660.0,Anuradhapura,Used,Petrol,Automatic,Liftback,white
Toyota,Prius,2011.0,15.0,205000.0,1800.0,Kurunegala,Used,Hybrid,Automatic,Hatchback,silver
Mitsubishi,Lancer,2002.0,24.0,70000.0,1600.0,Boralesgamuwa,Used,Petrol,Manual,Sedan,gray
Suzuki,Alto,2005.0,21.0,324000.0,800.0,Kotikawatta,Used,Petrol,Manual,Liftback,green
Hyundai,Accent,2001.0,25.0,0.0,1300.0,Pepiliyana,Used,Petrol,Automatic,Saloon,gold
Audi,A1,2016.0,10.0,137000.0,1390.0,Ambalangoda,Used,Petrol,Automatic,Hatchback,black
Honda,Grace,2017.0,9.0,88500.0,1500.0,Hapugala,Used,Hybrid,Automatic,Saloon,purple
Suzuki,Cultus,1995.0,31.0,114000.0,1300.0,Kalubowila,Used,Petrol,Manual,Hatchback,other
Suzuki,Wagon R,2018.0,8.0,50000.0,650.0,Kohuwala,Used,Petrol,Automatic,Hatchback,white
Toyota,Yaris,2024.0,2.0,9000.0,1200.0,Negombo,Brand New,Petrol,Automatic,Hatchback,white
Micro,Panda,2015.0,11.0,60500.0,1000.0,Minuwangoda,Used,Petrol,Manual,Hatchback,black
Suzuki,Wagon R,2024.0,2.0,8000.0,650.0,Kandy,Brand New,Petrol,Automatic,Hatchback,blue
Toyota,Yaris,2023.0,3.0,20000.0,1000.0,Kurunegala,Brand New,Petrol,Automatic,Hatchback,silver
Suzuki,Maruti,2005.0,21.0,0.0,1000.0,Alutgama,Used,Petrol,Manual,Hatchback,blue
Toyota,Vitz,2010.0,16.0,178000.0,1000.0,Nattandiya,Used,Petrol,Manual,Hatchback,white
Suzuki,Wagon R,2018.0,8.0,144000.0,650.0,Nikaweratiya,Used,Petrol,Automatic,Hatchback,white
Suzuki,Alto,2015.0,11.0,76000.0,800.0,Vavuniya,Used,Petrol,Automatic,Liftback,gray
Daihatsu,Mira,2025.0,1.0,5000.0,660.0,Balapitiya,Brand New,Petrol,Automatic,Hatchback,white
Toyota,Axio,2015.0,11.0,178000.0,1500.0,Anuradhapura,Used,Petrol,Automatic,Liftback,black
Audi,A5,2018.0,8.0,17000.0,1790.0,Nugegoda,Used,Petrol,Automatic,Hatchback,blue
Honda,Fit,2014.0,12.0,76800.0,1500.0,Adampan,Used,Hybrid,Automatic,Hatchback,black
Mazda,Carol,2023.0,3.0,10000.0,650.0,Minuwangoda,Brand New,Petrol,Automatic,,white
Toyota,Vitz,2016.0,10.0,0.0,1000.0,Ratnapura,Used,Petrol,Automatic,,black
Nissan,FB 15,2000.0,26.0,180000.0,1490.0,Batticaloa,Used,Petrol,Automatic,Saloon,gray
Daihatsu,Cast,2017.0,9.0,78190.0,650.0,Panadura,Used,Petrol,Automatic,Hatchback,white
Honda,Grace,2017.0,9.0,240000.0,1500.0,Kotikawatta,Used,Hybrid,Automatic,Sedan,red
Perodua,Axia,2016.0,10.0,88500.0,998.0,Ambalangoda,Used,Petrol,Automatic,Hatchback,gray
Honda,City,2003.0,23.0,190000.0,1490.0,Piliyandala,Used,Petrol,Automatic,Hatchback,blue
Micro,Panda,2014.0,12.0,0.0,997.0,Ambalangoda,Used,Petrol,Manual,Hatchback,white
Suzuki,Swift,2017.0,9.0,102000.0,1000.0,Batticaloa,Used,Petrol,Automatic,Sedan,white
Renault,KWID,2016.0,10.0,97000.0,800.0,Malabe,Used,Petrol,Manual,Hatchback,white
Toyota,Axio,2007.0,19.0,123.0,1500.0,Matugama,Reconditioned,Petrol,Automatic,Sedan,silver
Toyota,Vitz,1999.0,27.0,0.0,800.0,Kelinkanda,Used,Petrol,Automatic,Hatchback,gold
Toyota,Premio,2008.0,18.0,128000.0,1500.0,Kandy,Used,Petrol,Automatic,Saloon,red
Toyota,Belta,2007.0,19.0,183000.0,1500.0,Kiribathgoda,Used,Petrol,Automatic,Sedan,blue
Toyota,Yaris,2024.0,2.0,45000.0,1000.0,Bellanwila,Reconditioned,Hybrid,Automatic,Liftback,white
Toyota,Vitz,2017.0,9.0,100000.0,1000.0,Boralesgamuwa,Used,Petrol,Automatic,Hatchback,white
Suzuki,Alto,2016.0,10.0,138000.0,800.0,Beruwala,Used,Petrol,Manual,Hatchback,black
Toyota,Vitz,2016.0,10.0,77000.0,1000.0,Kuliyapitiya,Used,Petrol,Automatic,Liftback,silver
Suzuki,Swift,2004.0,22.0,200000.0,1300.0,Haputale,Used,Petrol,Manual,Hatchback,blue
Suzuki,Wagon R,2017.0,9.0,126000.0,650.0,Ambalangoda,Used,Hybrid,Automatic,Hatchback,white
Suzuki,Spacia,2015.0,11.0,150000.0,658.0,Ambalangoda,Used,Petrol,Automatic,Hatchback,blue
Suzuki,Wagon R,2025.0,1.0,0.0,660.0,Kurunegala,Brand New,Hybrid,Automatic,Station wagon,white
Suzuki,Alto,2015.0,11.0,132000.0,800.0,Anuradhapura,Used,Petrol,Manual,Hatchback,black
Toyota,Aqua,2014.0,12.0,123000.0,1496.0,Jambugahapitiya,Used,Hybrid,Automatic,Hatchback,white
Honda,Fit,2012.0,14.0,160000.0,1500.0,Ambalangoda,Used,Hybrid,Automatic,Hatchback,blue
Toyota,Vios,2004.0,22.0,303000.0,1500.0,Anuradhapura,Used,Petrol,Automatic,Saloon,gold
Mahindra,KUV,2021.0,5.0,59000.0,1200.0,Baddegama,Used,Petrol,Manual,Hatchback,white
Toyota,Premio,2016.0,10.0,125000.0,1600.0,Ambalangoda,Used,Petrol,Automatic,Saloon,red
Nissan,Dayz,2023.0,3.0,1500.0,660.0,Kottawa,Brand New,Hybrid,Automatic,Hatchback,black
Honda,Civic,2019.0,7.0,85000.0,1000.0,Ambalangoda,Used,Petrol,Automatic,Sedan,gray
Toyota,Vitz,2009.0,17.0,118000.0,1330.0,Kandy,Used,Petrol,Automatic,Sedan,silver
Suzuki,Swift,2003.0,23.0,90316.0,1328.0,Piliyandala,Used,Petrol,Automatic,Liftback,silver
Toyota,Axio,2014.0,12.0,220000.0,1500.0,Talawatugoda,Used,Hybrid,Automatic,Saloon,maroon
Toyota,Aqua,2013.0,13.0,132000.0,1490.0,Adampan,Used,Hybrid,Automatic,Liftback,white
Toyota,Corolla,1997.0,29.0,0.0,1500.0,Gampaha,Used,Petrol,Automatic,Liftback,black
Daihatsu,Taft,2023.0,3.0,0.0,660.0,Kottawa,Brand New,Petrol,Automatic,Liftback,blue
Toyota,Premio,2013.0,13.0,0.0,1500.0,Kollupitiya (Colombo 03),Used,Petrol,Automatic,Saloon,black
Suzuki,Swift,2003.0,23.0,190000.0,1320.0,Badulla,Used,Petrol,Manual,Hatchback,white
Suzuki,Alto,2012.0,14.0,0.0,800.0,Kaduruwela,Used,Petrol,Manual,Hatchback,other
Toyota,Prius,2007.0,19.0,250000.0,1797.0,Ambalangoda,Used,Hybrid,Automatic,Hatchback,white
Suzuki,Alto,2015.0,11.0,117000.0,800.0,Batticaloa,Used,Petrol,Manual,Hatchback,gray
Mitsubishi,Lancer,1994.0,32.0,0.0,1300.0,Ambalangoda,Used,Petrol,Manual,Sedan,white
Suzuki,Spacia,2025.0,1.0,1200.0,690.0,Ampara,Brand New,Petrol,Automatic,Hatchback,white
Alfa Romeo,Car,1995.0,31.0,56000.0,800.0,Katuneriya,Used,Petrol,Manual,Sedan,red
Suzuki,Swift,2004.0,22.0,110000.0,1320.0,Galle,Used,Petrol,Automatic,Liftback,blue
Toyota,Vitz,2017.0,9.0,80000.0,1000.0,Hokandara,Used,Petrol,Automatic,Hatchback,silver
Mitsubishi,eK,2023.0,3.0,8800.0,6600.0,Kottawa,Brand New,Petrol,Automatic,Hatchback,black
Toyota,Vitz,2007.0,19.0,180000.0,1000.0,Boralesgamuwa,Used,Petrol,Automatic,Hatchback,silver
Toyota,Axio,2014.0,12.0,117000.0,1500.0,Negombo,Used,Hybrid,Automatic,Saloon,white
Daihatsu,Thor,2023.0,3.0,6600.0,660.0,Kottawa,Brand New,Petrol,Automatic,Hatchback,gray
Toyota,Prius,2013.0,13.0,81000.0,690.0,Kuliyapitiya,Used,Hybrid,Automatic,Hatchback,black
Nissan,B13,1991.0,35.0,145000.0,1400.0,Horana,Used,Petrol,Manual,Saloon,white
Toyota,Passo,2007.0,19.0,146000.0,996.0,Kirillawala,Used,Petrol,Automatic,Hatchback,blue
Bajaj,Qute,2019.0,7.0,,,Panadura,Used,Petrol,Manual,Station wagon,white
Toyota,Axio,2007.0,19.0,0.0,1500.0,Ambalangoda,Used,Petrol,Automatic,Sedan,silver
Suzuki,Alto,2015.0,11.0,123456.0,800.0,Ampara,Used,Petrol,Manual,Hatchback,red
Toyota,Premio,2018.0,8.0,156900.0,1496.0,Ambalangoda,Used,Petrol,Automatic,Sedan,silver
Suzuki,Wagon R,2023.0,3.0,5000.0,660.0,Kurunegala,Brand New,Hybrid,Automatic,Sedan,beige
Honda,ARIA,2003.0,23.0,180000.0,1300.0,Ibbagamuwa,Used,Petrol,Automatic,Saloon,gold
Suzuki,Wagon R,2018.0,8.0,75000.0,650.0,Horana,Used,Hybrid,Automatic,,white
Honda,Fit,2013.0,13.0,134000.0,1300.0,Seeduwa,Used,Hybrid,Automatic,Station wagon,black
Mitsubishi,eK,2023.0,3.0,3400.0,660.0,Kottawa,Brand New,Hybrid,Automatic,Station wagon,blue
Hyundai,Elantra,2000.0,26.0,173342.0,1600.0,Rajagiriya,Used,Petrol,Automatic,Saloon,silver
Suzuki,Wagon R,2017.0,9.0,98456.0,650.0,Kaduwela,Used,Hybrid,Automatic,Sports,black
Nissan,FB 15,2003.0,23.0,,1000.0,Kegalle,Used,Diesel,Manual,Saloon,silver
Suzuki,Alto,2015.0,11.0,108000.0,800.0,Homagama,Used,Petrol,Manual,Hatchback,red
Suzuki,Spacia,2025.0,1.0,0.0,658.0,Ambalangoda,Reconditioned,Petrol,Automatic,Hatchback,white
Nissan,Cefiro,2003.0,23.0,75000.0,1300.0,Hingurakgoda,Used,Petrol,Manual,Liftback,gray
Toyota,Premio,2017.0,9.0,107000.0,690.0,Ampara,Used,Petrol,Automatic,Hatchback,white
Suzuki,Spacia,2024.0,2.0,0.0,1500.0,Kandy,Brand New,Hybrid,Automatic,Hatchback,white
Subaru,Stella,2023.0,3.0,0.0,660.0,Embilipitiya,Brand New,Petrol,Automatic,Station wagon,white
Suzuki,Wagon R,2023.0,3.0,0.0,660.0,Kurunegala,Brand New,Petrol,Automatic,Station wagon,white
Suzuki,Alto,2012.0,14.0,170000.0,1000.0,Negombo,Used,Petrol,Manual,Hatchback,maroon
Suzuki,Alto,2015.0,11.0,0.0,800.0,Gampaha,Used,Petrol,Manual,Hatchback,white
Suzuki,Alto,2015.0,11.0,130000.0,800.0,Ambalangoda,Used,Petrol,Manual,Hatchback,gray
Honda,Grace,2015.0,11.0,140000.0,1500.0,Ambalangoda,Used,Petrol,Automatic,Liftback,gray
Suzuki,Wagon R,2017.0,9.0,117000.0,650.0,Maharagama,Used,Petrol,Automatic,Station wagon,black
Toyota,Corolla,1996.0,30.0,0.0,1500.0,Horana,Used,Petrol,Manual,,white
Toyota,Axio,2014.0,12.0,145000.0,1500.0,Athurugiriya,Used,Petrol,Automatic,Hatchback,white
Suzuki,Wagon R,2018.0,8.0,58947.0,650.0,Maharagama,Used,Petrol,Automatic,Station wagon,white
Suzuki,Alto,2015.0,11.0,85000.0,800.0,Vavuniya,Used,Petrol,Manual,Liftback,white
Toyota,Allion,2004.0,22.0,260000.0,1500.0,Anuradhapura,Used,Petrol,Automatic,Sedan,silver
Toyota,Premio,2020.0,6.0,60000.0,1300.0,Maharagama,Used,Petrol,Automatic,Sedan,white
Toyota,Yaris,2023.0,3.0,19000.0,1000.0,Nittambuwa,Brand New,Petrol,Automatic,Hatchback,white
Toyota,Corolla,2008.0,18.0,182300.0,1600.0,Ambalangoda,Used,Petrol,Automatic,Saloon,white
Honda,Fit,2012.0,14.0,0.0,1330.0,Negombo,Used,Hybrid,Automatic,Hatchback,red
Toyota,Aqua,2005.0,21.0,0.0,1800.0,Kirulapone,Used,Petrol,Automatic,Hatchback,orange
Nissan,B13,1992.0,34.0,120000.0,1300.0,Weerapokuna,Used,Petrol,Manual,Sedan,silver
Nissan,Sunny,1997.0,29.0,0.0,1000.0,Padukka,Reconditioned,Diesel,Automatic,Hatchback,silver
Toyota,Vitz,2019.0,7.0,68000.0,1000.0,Kalmunai,Used,Petrol,Automatic,,white
Toyota,Axio,2014.0,12.0,128000.0,1500.0,Karapitiya,Used,Hybrid,Automatic,Sedan,white
Toyota,Vitz,2017.0,9.0,55000.0,1500.0,Kandy,Used,Petrol,Automatic,,gray
Suzuki,SX,2018.0,8.0,81000.0,1200.0,Piliyandala,Used,Petrol,Automatic,Hatchback,black
Toyota,Aqua,2012.0,14.0,124000.0,1496.0,Baddegama,Used,Hybrid,Automatic,Hatchback,black
Toyota,Vitz,2016.0,10.0,85000.0,1000.0,Kuliyapitiya,Used,Petrol,Automatic,Hatchback,white
Toyota,Premio,2007.0,19.0,152000.0,1500.0,Tissamaharama,Used,Petrol,Automatic,Saloon,white
Toyota,Aqua,2012.0,14.0,145000.0,1500.0,Mirigama,Used,Petrol,Automatic,Hatchback,silver
Toyota,Allion,2007.0,19.0,0.0,1500.0,Divulapitiya,Used,Petrol,Automatic,Liftback,red
Audi,A6,2012.0,14.0,142000.0,1800.0,Panadura,Used,Diesel,Manual,Saloon,white
Toyota,Passo,2023.0,3.0,18100.0,1000.0,Kottawa,Brand New,Petrol,Automatic,Hatchback,beige
Suzuki,Alto,2016.0,10.0,63000.0,658.0,Katugastota,Used,Petrol,Manual,Hatchback,red
Nissan,Cefiro,2000.0,26.0,256890.0,1990.0,Angoda,Used,Diesel,Manual,Saloon,silver
Toyota,Aqua,2013.0,13.0,35000.0,1496.0,Kandy,Used,Petrol,Automatic,Hatchback,blue
Toyota,Aqua,2012.0,14.0,206000.0,1500.0,Kiribathgoda,Used,Hybrid,Automatic,Liftback,orange
Mazda,2,2019.0,7.0,40000.0,1500.0,Athurugiriya,Used,Petrol,Automatic,Sedan,black
Tata,Nano,2011.0,15.0,75000.0,1300.0,Pannipitiya,Used,Petrol,Other,Hatchback,white
Honda,Fit,2012.0,14.0,148000.0,1330.0,Kurunegala,Used,Hybrid,Automatic,Hatchback,green
Suzuki,Wagon R,2024.0,2.0,0.0,650.0,Gampaha,Brand New,Petrol,Automatic,Station wagon,blue
Toyota,Yaris,2023.0,3.0,30000.0,1000.0,Kalubowila,Reconditioned,Petrol,Automatic,Hatchback,gold
Suzuki,Wagon R,2017.0,9.0,140000.0,650.0,Pussellawa,Used,Petrol,Automatic,Hatchback,white
Toyota,Axio,2016.0,10.0,120000.0,1500.0,Nugegoda,Used,Hybrid,Automatic,Saloon,white
Honda,City,2025.0,1.0,0.0,1000.0,Kelaniya,Brand New,Petrol,Automatic,,black
Daihatsu,Taft,2025.0,1.0,0.0,660.0,Divulapitiya,Brand New,Petrol,Automatic,Hatchback,beige
Toyota,Axio,2010.0,16.0,177000.0,1496.0,Kirillawala,Used,Petrol,Automatic,Sedan,silver
KIA,Sephia,2002.0,24.0,162481.0,1331.0,Mattegoda,Used,Petrol,Automatic,Sedan,gray
Toyota,Prius,2025.0,1.0,0.0,1490.0,Battaramulla,Brand New,Hybrid,Automatic,Hatchback,white
Toyota,Allion,2010.0,16.0,195000.0,1460.0,Athurugiriya,Used,Petrol,Automatic,Saloon,other
Suzuki,Wagon R,2017.0,9.0,123.0,1000.0,Matugama,Reconditioned,Petrol,Automatic,Liftback,black
Toyota,Aqua,2013.0,13.0,83000.0,1600.0,Ambalangoda,Used,Hybrid,Automatic,Hatchback,white
Suzuki,Maruti,2004.0,22.0,0.0,800.0,Hanwella,Used,Petrol,Manual,Saloon,maroon
Toyota,IST,2004.0,22.0,142000.0,1300.0,Malabe,Used,Petrol,Automatic,Hatchback,white
Toyota,Corolla,1987.0,39.0,123456.0,1500.0,Ratnapura,Used,Petrol,Manual,Sedan,white
Toyota,Vitz,2016.0,10.0,124000.0,1000.0,Ganemulla,Used,Petrol,Automatic,,gray
Hyundai,Eon,2016.0,10.0,0.0,800.0,Ambalangoda,Used,Petrol,Manual,Hatchback,red
Suzuki,Alto,2016.0,10.0,0.0,800.0,Balangoda,Used,Petrol,Manual,Liftback,white
Suzuki,Alto,2013.0,13.0,0.0,1500.0,Alutgama,Reconditioned,Petrol,Automatic,Hatchback,black
Honda,Grace,2016.0,10.0,155000.0,1500.0,Ambalangoda,Used,Hybrid,Automatic,Sedan,silver
Toyota,Yaris,2008.0,18.0,140000.0,1300.0,Wattala,Used,Petrol,Automatic,Saloon,white
Suzuki,Wagon R,2025.0,1.0,0.0,650.0,Kurunegala,Brand New,Petrol,Automatic,Hatchback,red
Suzuki,Wagon R,2014.0,12.0,133000.0,,Kurunegala,Used,Petrol,Automatic,Hatchback,red
Suzuki,Celerio,2015.0,11.0,235000.0,1000.0,Gampaha,Used,Petrol,Automatic,Hatchback,gray
Hyundai,Eon,2015.0,11.0,88000.0,990.0,Ambalangoda,Used,Petrol,Manual,Liftback,white
Suzuki,Hustler,2016.0,10.0,154000.0,660.0,Ethul Kotte,Used,Hybrid,Automatic,Hatchback,white
Daihatsu,Mira,2023.0,3.0,7000.0,690.0,Batticaloa,Brand New,Hybrid,Automatic,Liftback,blue
Suzuki,Spacia,2023.0,3.0,6600.0,660.0,Kottawa,Brand New,Petrol,Automatic,Hatchback,white
Suzuki,Alto,2015.0,11.0,92000.0,800.0,Anamaduwa,Used,Petrol,Manual,Hatchback,white
Suzuki,Alto,2015.0,11.0,78625.0,800.0,Ekala,Used,Petrol,Manual,Sedan,black
Suzuki,Wagon R,2024.0,2.0,4500.0,660.0,Kandana,Brand New,Petrol,Automatic,Station wagon,white
Honda,Insight,2009.0,17.0,0.0,1498.0,Ambalangoda,Used,Hybrid,Automatic,Liftback,black
Toyota,Allion,2013.0,13.0,110000.0,1490.0,Kandy,Used,Petrol,Automatic,Saloon,maroon
Suzuki,Alto,2015.0,11.0,97942.0,800.0,Athurugiriya,Used,Petrol,Manual,Hatchback,white
Honda,Insight,2012.0,14.0,13600.0,1500.0,Kirindiwela,Used,Petrol,Automatic,Hatchback,silver
Suzuki,Maruti,2006.0,20.0,0.0,800.0,Bandarawela,Used,Petrol,Manual,Hatchback,black
Mitsubishi,Lancer,1993.0,33.0,200000.0,1500.0,Kuruwita,Used,Petrol,Manual,Sedan,red
Toyota,Passo,2014.0,12.0,59000.0,900.0,Thihagoda,Used,Petrol,Automatic,Sedan,silver
Toyota,Vitz,2008.0,18.0,152000.0,1000.0,Waikkal,Used,Petrol,Automatic,Hatchback,white
Honda,Grace,2014.0,12.0,145000.0,1500.0,Kadawatha,Used,Hybrid,Automatic,Saloon,white
Suzuki,Wagon R,2017.0,9.0,81000.0,,Narahenpita (Colombo 05),Used,Petrol,Automatic,,maroon
Toyota,Premio,2008.0,18.0,120000.0,1500.0,Veyangoda,Used,Petrol,Automatic,Saloon,white
Suzuki,Wagon R,2025.0,1.0,0.0,650.0,Nintavur,Brand New,Hybrid,Automatic,Sedan,white
Suzuki,Maruti,2011.0,15.0,70000.0,800.0,Thihagoda,Used,Petrol,Manual,Hatchback,silver
Mitsubishi,Lancer,2003.0,23.0,100000.0,1600.0,Dambulla,Used,Petrol,Manual,Saloon,silver
Suzuki,Celerio,2017.0,9.0,41000.0,1000.0,Kinniya,Used,Petrol,Automatic,Liftback,silver
Nissan,March,2001.0,25.0,150000.0,1000.0,Athurugiriya,Used,Petrol,Manual,Saloon,other
Toyota,Allion,2004.0,22.0,0.0,1500.0,Ambalangoda,Used,Petrol,Automatic,Sedan,red
Toyota,Prius,2011.0,15.0,147000.0,2000.0,Dambulla,Used,Hybrid,Automatic,Saloon,white
Toyota,Allion,2020.0,6.0,75000.0,1300.0,Hingurakgoda,Used,Petrol,Other,Liftback,maroon
Toyota,Premio,2017.0,9.0,0.0,1500.0,Ambalangoda,Used,Petrol,Automatic,Saloon,white
Honda,City,2025.0,1.0,0.0,1000.0,Mount Lavinia,Brand New,Petrol,Automatic,Sedan,white
Daihatsu,Mira,2024.0,2.0,7000.0,650.0,Ganemulla,Reconditioned,Petrol,Automatic,Hatchback,silver
KIA,Picanto,2016.0,10.0,180000.0,1000.0,Nikaweratiya,Used,Petrol,Automatic,Hatchback,white
Daihatsu,Mira,2023.0,3.0,17900.0,1200.0,Kesbewa,Used,Petrol,Automatic,Hatchback,red
Toyota,Axio,2017.0,9.0,180.0,1496.0,Ambalangoda,Used,Hybrid,Automatic,Saloon,white
Suzuki,Swift,2009.0,17.0,0.0,1200.0,Kuliyapitiya,Used,Petrol,Manual,Hatchback,blue
Suzuki,Alto,2018.0,8.0,62000.0,,Kilinochchi,Used,Petrol,Manual,Hatchback,silver
Renault,KWID,2017.0,9.0,34070.0,1000.0,Mount Lavinia,Used,Petrol,Automatic,Hatchback,red
Toyota,Aqua,2013.0,13.0,172000.0,1490.0,Nugegoda,Used,Hybrid,Automatic,Liftback,silver
Ford,Laser,1993.0,33.0,265000.0,1300.0,Wattala,Used,Petrol,Manual,Sedan,maroon
Daihatsu,Mira,2025.0,1.0,0.0,1000.0,Ambalangoda,Brand New,Petrol,Automatic,Hatchback,red
Suzuki,Hustler,2025.0,1.0,0.0,1000.0,Hanwella,Brand New,Petrol,Automatic,Hatchback,white
Suzuki,Wagon R,2014.0,12.0,0.0,650.0,Kandy,Used,Hybrid,Automatic,Hatchback,white
Suzuki,Wagon R,2025.0,1.0,4300.0,650.0,Peradeniya,Brand New,Hybrid,Automatic,Hatchback,silver
Toyota,Axio,2015.0,11.0,555.0,1500.0,Kirindiwela,Used,Hybrid,Automatic,Hatchback,white
Toyota,Prius,2014.0,12.0,128000.0,1790.0,Ambalangoda,Used,Hybrid,Automatic,Liftback,white
Toyota,Vitz,2007.0,19.0,138000.0,1000.0,Kaduwela,Used,Petrol,Automatic,Hatchback,silver
Toyota,Premio,2017.0,9.0,140000.0,1500.0,Ambalangoda,Used,Petrol,Automatic,Saloon,brown
Suzuki,Celerio,2015.0,11.0,108000.0,1000.0,Jaffna,Used,Petrol,Automatic,Hatchback,gray
Toyota,Vitz,2008.0,18.0,215000.0,990.0,Boralesgamuwa,Used,Petrol,Automatic,Hatchback,silver
Nissan,Clipper,2023.0,3.0,6600.0,660.0,Kottawa,Reconditioned,Petrol,Automatic,Hatchback,white
Toyota,Aqua,2013.0,13.0,92000.0,1500.0,Maharagama,Used,Hybrid,Automatic,Hatchback,white
Toyota,Aqua,2013.0,13.0,,1500.0,Kottawa,Used,Hybrid,Automatic,Hatchback,black
Toyota,Axio,2015.0,11.0,186000.0,1500.0,Mount Lavinia,Used,Hybrid,Automatic,Saloon,brown
Honda,Fit,2013.0,13.0,190000.0,1000.0,Negombo,Used,Hybrid,Automatic,Hatchback,black
Toyota,Mark II,2003.0,23.0,185000.0,2000.0,Kaduwela,Used,Petrol,Automatic,Saloon,white
Toyota,Vitz,2019.0,7.0,1254.0,1500.0,Wennappuwa,Used,Petrol,Automatic,Hatchback,white
Suzuki,Zen,2011.0,15.0,105000.0,1000.0,Polgampola,Brand New,Petrol,Manual,Hatchback,maroon
Suzuki,Alto,2004.0,22.0,0.0,650.0,Ambalangoda,Used,Petrol,Automatic,Hatchback,white
Suzuki,Wagon R,2023.0,3.0,600.0,650.0,Akkaraipattu,Brand New,Petrol,Automatic,Sedan,white
Suzuki,Swift,2005.0,21.0,155000.0,1300.0,Kegalle,Used,Petrol,Automatic,Hatchback,black
Toyota,Axio,2018.0,8.0,50000.0,1500.0,Gampaha,Used,Hybrid,Automatic,Saloon,brown
Nissan,Dayz,2024.0,2.0,6600.0,660.0,Kottawa,Brand New,Petrol,Automatic,Hatchback,black
Toyota,Axio,2018.0,8.0,145000.0,1500.0,Nittambuwa,Used,Hybrid,Automatic,,white
Suzuki,Wagon R,2025.0,1.0,0.0,650.0,Kohuwala,Brand New,Petrol,Automatic,Hatchback,white
Suzuki,Alto,2023.0,3.0,5000.0,660.0,Nugegoda,Reconditioned,Petrol,Automatic,Hatchback,blue
Suzuki,Wagon R,2023.0,3.0,4500.0,690.0,Kurunegala,Brand New,Hybrid,Automatic,Liftback,blue
Audi,A3,2023.0,3.0,11000.0,1000.0,Ambalangoda,Brand New,Hybrid,Tiptronic,Sedan,white
Toyota,Allion,2004.0,22.0,0.0,1500.0,Ambalangoda,Used,Petrol,Automatic,Sedan,silver
Perodua,Kelisa,2007.0,19.0,181000.0,1000.0,Gothatuwa,Used,Petrol,Automatic,Hatchback,gray
Mitsubishi,eK,2017.0,9.0,92100.0,660.0,Kottawa,Used,Petrol,Automatic,Hatchback,black
Toyota,Vios,2003.0,23.0,154000.0,1500.0,Ambalangoda,Used,Petrol,Automatic,Sedan,silver
Toyota,Prius,2013.0,13.0,135000.0,1790.0,Kalutara,Used,Petrol,Automatic,Hatchback,white
Honda,Fit,2014.0,12.0,125000.0,1500.0,Moratuwa,Used,Hybrid,Automatic,Liftback,black
Suzuki,Alto,2015.0,11.0,110000.0,800.0,Minuwangoda,Used,Petrol,Manual,Saloon,gray
Suzuki,Celerio,2015.0,11.0,114000.0,1500.0,Ragama,Used,Petrol,Automatic,Hatchback,blue
Toyota,Axio,2013.0,13.0,230000.0,1500.0,Boralesgamuwa,Used,Hybrid,Automatic,,blue
Nissan,NV100,2016.0,10.0,84000.0,800.0,Dematagoda (Colombo 09),Used,Petrol,Automatic,Convertible,white
Toyota,Allion,2013.0,13.0,180000.0,1200.0,Kegalle,Used,Hybrid,Automatic,Hatchback,maroon
Suzuki,Wagon R,2025.0,1.0,0.0,650.0,Kandy,Brand New,Hybrid,Automatic,Hatchback,white
Mercedes Benz,GLA200,2018.0,8.0,49000.0,1600.0,Seeduwa,Used,Petrol,Tiptronic,Saloon,red
Toyota,Passo,2016.0,10.0,112000.0,1000.0,Athurugiriya,Used,Petrol,Automatic,Hatchback,red
Toyota,IST,2003.0,23.0,178000.0,1300.0,Ratnapura,Used,Petrol,Automatic,Hatchback,blue
Toyota,Allion,2007.0,19.0,162000.0,1490.0,Ambalangoda,Used,Petrol,Automatic,Saloon,gold
Daihatsu,Mira,2024.0,2.0,0.0,660.0,Kotte,Brand New,Petrol,Automatic,Hatchback,blue
Honda,City,2025.0,1.0,0.0,1000.0,Ratmalana,Brand New,Petrol,Automatic,Sedan,black
Nissan,March,2001.0,25.0,0.0,1000.0,Mawanella,Used,Petrol,Manual,Hatchback,silver
Nissan,Primera,2002.0,24.0,150000.0,1800.0,Welimada,Used,Petrol,Automatic,Saloon,black
Nissan,Sunny,2002.0,24.0,1000.0,1500.0,Hingurakgoda,Used,Petrol,Automatic,Sedan,white
Toyota,Prius,2012.0,14.0,78000.0,1800.0,Ragama,Used,Hybrid,Automatic,Hatchback,white
Honda,Insight,2009.0,17.0,166000.0,1339.0,Matara,Reconditioned,Petrol,Automatic,Liftback,gray
Suzuki,Wagon R,2018.0,8.0,68000.0,650.0,Pussellawa,Used,Petrol,Automatic,Hatchback,white
Toyota,Aqua,2015.0,11.0,105000.0,1500.0,Kohuwala,Used,Petrol,Automatic,Hatchback,white
Toyota,Corolla,2002.0,24.0,83300.0,1790.0,Akuressa,Used,Petrol,Automatic,Saloon,black
Toyota,Axio,2014.0,12.0,0.0,,Colombo Fort (Colombo 01),Used,Petrol,Automatic,Hatchback,white
Toyota,Vitz,2007.0,19.0,150000.0,1330.0,Cheddikulam,Used,Petrol,Automatic,Sedan,silver
Nissan,Sunny,2002.0,24.0,139896.0,1299.0,Kotikawatta,Used,Petrol,Automatic,Saloon,white
Nissan,Primera,2001.0,25.0,131000.0,2000.0,Trincomalee,Used,Petrol,Automatic,Saloon,silver
Toyota,Premio,2012.0,14.0,102000.0,1500.0,Ambalangoda,Used,Petrol,Automatic,Saloon,white
Honda,Fit,2013.0,13.0,175000.0,1500.0,Dehiwala,Used,Hybrid,Automatic,Hatchback,black
Suzuki,Wagon R,2025.0,1.0,0.0,660.0,Nittambuwa,Brand New,Petrol,Automatic,Hatchback,white
Nissan,Aura,2023.0,3.0,0.0,1200.0,Embilipitiya,Reconditioned,Petrol,Automatic,Hatchback,white
Toyota,Passo,2023.0,3.0,4000.0,1000.0,Katugastota,Reconditioned,Hybrid,Automatic,Hatchback,maroon
Suzuki,Estilo,2012.0,14.0,73267.0,650.0,Batticaloa,Used,Petrol,Manual,Hatchback,white
Audi,A1,2019.0,7.0,137000.0,1500.0,Ambalangoda,Used,Petrol,Automatic,Hatchback,black
Honda,Grace,2016.0,10.0,105000.0,1500.0,Cinnamon Garden (Colombo 07),Used,Hybrid,Automatic,Sedan,white
Micro,Panda,2011.0,15.0,0.0,1000.0,Kadawatha,Used,Petrol,Manual,Hatchback,red
Suzuki,Wagon R,2017.0,9.0,70000.0,660.0,Ja-Ela,Used,Hybrid,Automatic,Hatchback,brown
Perodua,Kenari,2007.0,19.0,0.0,989.0,Ambalangoda,Used,Petrol,Manual,Hatchback,red
Suzuki,Wagon R,2018.0,8.0,80000.0,650.0,Malabe,Used,Petrol,Automatic,Hatchback,red
Mitsubishi,Lancer,2003.0,23.0,115000.0,,Anuradhapura,Used,Petrol,Manual,Liftback,black
Honda,Insight,2013.0,13.0,0.0,1500.0,Ambalangoda,Used,Petrol,Automatic,Liftback,white
Suzuki,Spacia,2023.0,3.0,100.0,658.0,Angoda,Brand New,Petrol,Automatic,Hatchback,blue
Suzuki,Wagon R,2014.0,12.0,133000.0,658.0,Kandy,Used,Petrol,Automatic,Hatchback,black
Nissan,Dayz,2017.0,9.0,64000.0,660.0,Ja-Ela,Used,Petrol,Automatic,Station wagon,red
Toyota,Corolla,2023.0,3.0,11600.0,1500.0,Ambalangoda,Used,Petrol,Automatic,Sedan,white
Toyota,Corona,1988.0,38.0,0.0,1300.0,Kalagedihena,Used,Petrol,Automatic,Saloon,white
Suzuki,Wagon R,2014.0,12.0,112000.0,998.0,Anuradhapura,Used,Hybrid,Automatic,Station wagon,white
Suzuki,Wagon R,2014.0,12.0,140000.0,650.0,Gampaha,Used,Petrol,Automatic,Hatchback,other
Toyota,Vitz,2017.0,9.0,143000.0,1000.0,Negombo,Used,Petrol,Automatic,Hatchback,white
Honda,Grace,2014.0,12.0,173000.0,1500.0,Ratmalana,Used,Petrol,Automatic,Hatchback,white
Hyundai,XG 30,1999.0,27.0,100000.0,2000.0,Nugegoda,Used,Petrol,Automatic,Sedan,gold
Suzuki,Wagon R,2016.0,10.0,90000.0,650.0,Galle,Reconditioned,Petrol,Automatic,Hatchback,red
Honda,Fit,2011.0,15.0,247000.0,650.0,Kurunegala,Used,Petrol,Automatic,Hatchback,white
Audi,A8,2013.0,13.0,110000.0,2995.0,Colombo Fort (Colombo 01),Used,Petrol,Automatic,Sedan,white
Suzuki,Spacia,2018.0,8.0,51000.0,650.0,Kurunegala,Used,Hybrid,Automatic,Station wagon,red
Toyota,Soluna,2000.0,26.0,96000.0,1498.0,Batticaloa,Used,Petrol,Manual,Hatchback,navy
Nissan,Sunny,2004.0,22.0,280000.0,1300.0,Piliyandala,Used,Petrol,Manual,Saloon,green
Suzuki,Wagon R,2008.0,18.0,150000.0,1000.0,Bandarawela,Used,Petrol,Manual,Hatchback,red
Maruti,Estilo,2011.0,15.0,64384.0,1000.0,Watinapaha,Used,Petrol,Manual,Hatchback,silver
Toyota,Vitz,2017.0,9.0,110000.0,990.0,Gampaha,Used,Petrol,Automatic,Hatchback,silver
Toyota,Corolla,2000.0,26.0,97500.0,1500.0,Rikillagaskada,Reconditioned,Petrol,Automatic,Saloon,white
Toyota,Corolla,2000.0,26.0,198000.0,1500.0,Athurugiriya,Used,Petrol,Automatic,Sedan,white
Toyota,Corolla,2005.0,21.0,103000.0,1299.0,Bandarawela,Used,Diesel,Automatic,Hatchback,silver
Suzuki,Spacia,2024.0,2.0,6500.0,660.0,Ambalangoda,Reconditioned,Hybrid,Automatic,Hatchback,green
Toyota,Corolla,1990.0,36.0,294000.0,1390.0,Kandy,Used,Petrol,Manual,Saloon,white
Suzuki,Spacia,2017.0,9.0,95000.0,650.0,Homagama,Used,Petrol,Automatic,Station wagon,white
Suzuki,Wagon R,2007.0,19.0,122000.0,1061.0,Mulleriyawa New Town,Used,Petrol,Manual,Hatchback,black
Suzuki,Wagon R,2014.0,12.0,109000.0,650.0,Ambalangoda,Used,Hybrid,Automatic,Hatchback,black
Toyota,Vitz,2017.0,9.0,,1000.0,Ampara,Used,Hybrid,Automatic,Liftback,black
Toyota,Yaris,2022.0,4.0,0.0,1000.0,Kurunegala,Brand New,Petrol,Automatic,Hatchback,silver
Daihatsu,Mira,2024.0,2.0,3500.0,650.0,Veyangoda,Brand New,Petrol,Automatic,Hatchback,silver
Nissan,Dayz,2024.0,2.0,0.0,660.0,Colombo Fort (Colombo 01),Reconditioned,Petrol,Automatic,Hatchback,black
Perodua,Bezza,2017.0,9.0,140000.0,998.0,Talawatugoda,Used,Petrol,Automatic,Saloon,silver
BMW,Z Series,2011.0,15.0,130000.0,1995.0,Nugegoda,Used,Diesel,Automatic,Saloon,red
Toyota,Camry,2011.0,15.0,140000.0,1600.0,Ambalangoda,Used,Petrol,Automatic,Saloon,white
Suzuki,Estilo,2011.0,15.0,150000.0,1000.0,Adampan,Used,Petrol,Manual,Hatchback,brown
Suzuki,Spacia,2024.0,2.0,43.0,650.0,Kurunegala,Brand New,Hybrid,Automatic,,black
Suzuki,Alto,2003.0,23.0,150000.0,660.0,Panadura,Used,Petrol,Automatic,Liftback,white
Daihatsu,Mira,2024.0,2.0,0.0,650.0,Boralesgamuwa,Brand New,Petrol,Automatic,Hatchback,gray
Toyota,Aqua,2013.0,13.0,170000.0,1500.0,Kohuwala,Used,Petrol,Automatic,Hatchback,blue
Toyota,Axio,2007.0,19.0,155000.0,1500.0,Pussellawa,Used,Petrol,Automatic,Hatchback,blue
Suzuki,Alto,2016.0,10.0,78000.0,796.0,Anuradhapura,Used,Petrol,Manual,Hatchback,white
Nissan,Primera,2001.0,25.0,170000.0,1200.0,Colombo Fort (Colombo 01),Used,Petrol,Manual,Hatchback,silver
Toyota,Yaris,2023.0,3.0,40000.0,1000.0,Kochchikade,Used,Petrol,Automatic,Hatchback,black
Suzuki,Spacia,2023.0,3.0,150.0,660.0,Kottawa,Brand New,Petrol,Automatic,Hatchback,black
Suzuki,Swift,2003.0,23.0,178000.0,1330.0,Ja-Ela,Used,Petrol,Automatic,Liftback,silver
Toyota,Vitz,2016.0,10.0,135000.0,990.0,Polonnaruwa,Used,Petrol,Automatic,Liftback,black
Suzuki,Wagon R,2018.0,8.0,109000.0,658.0,Kekanadurra,* Used as a family vehicle,Petrol,Automatic,Hatchback,silver
Daihatsu,Tanto,2017.0,9.0,0.0,1000.0,Murunkan,Used,Petrol,Automatic,Liftback,red
Suzuki,Alto,2024.0,2.0,0.0,660.0,Kurunegala,Brand New,Petrol,Manual,Station wagon,silver
Nissan,March,2000.0,26.0,105000.0,990.0,Seeduwa,Used,Petrol,Manual,Liftback,gray
Nissan,Almera,2025.0,1.0,0.0,1000.0,Colombo Fort (Colombo 01),Brand New,Petrol,Automatic,Saloon,white
Toyota,Prius,2013.0,13.0,195000.0,1600.0,Ambalangoda,Used,Hybrid,Automatic,Sedan,black
Nissan,Primera,2002.0,24.0,176000.0,1990.0,Kegalle,Used,Petrol,Automatic,Saloon,blue
Honda,Grace,2016.0,10.0,100000.0,1200.0,Adampan,Used,Hybrid,Automatic,Saloon,white
Suzuki,Spacia,2024.0,2.0,14500.0,660.0,Kurunegala,Brand New,Hybrid,Automatic,Sedan,blue
Toyota,Axio,2015.0,11.0,110000.0,1500.0,Ambalangoda,Used,Petrol,Automatic,Saloon,white
Daihatsu,Mira,2017.0,9.0,80000.0,660.0,Alawwa,Used,Petrol,Automatic,Hatchback,red
Toyota,Yaris,2023.0,3.0,1200.0,1200.0,Negombo,Brand New,Petrol,Automatic,Hatchback,white
Mitsubishi,Lancer,1992.0,34.0,250000.0,1500.0,Battaramulla,Used,Petrol,Manual,Sedan,blue
Toyota,Vitz,2017.0,9.0,105000.0,1490.0,Kalmunai,Used,Petrol,Automatic,Sedan,white
Hyundai,Sonata,2002.0,24.0,0.0,1997.0,Ambalangoda,Used,Petrol,Tiptronic,Saloon,silver
Nissan,Dayz,2015.0,11.0,91500.0,650.0,Dematagoda (Colombo 09),Used,Petrol,Automatic,Hatchback,pink
Toyota,Vitz,2018.0,8.0,22000.0,1000.0,Divulapitiya,Used,Petrol,Automatic,Hatchback,white
Nissan,Wingroad,2001.0,25.0,216000.0,1940.0,Negombo,Reconditioned,Petrol,Manual,Hatchback,silver
Suzuki,Wagon R,2025.0,1.0,0.0,658.0,Kandy,Brand New,Hybrid,Automatic,Hatchback,white
Suzuki,Spacia,2017.0,9.0,124000.0,660.0,Dehiwala,Used,Hybrid,Automatic,,red
Toyota,Aqua,2012.0,14.0,150000.0,690.0,Ampara,Used,Petrol,Automatic,Liftback,beige
Suzuki,Wagon R,2017.0,9.0,83000.0,660.0,Mahakumbukkadawala,Used,Petrol,Automatic,Hatchback,white
Micro,Panda,2015.0,11.0,104000.0,1000.0,Mirigama,Used,Petrol,Manual,Hatchback,black
Micro,Panda,2015.0,11.0,80000.0,1000.0,Wewagama,Used,Petrol,Manual,Hatchback,white
Toyota,Sprinter,1986.0,40.0,150000.0,1350.0,Narammala,Used,Petrol,Manual,Saloon,white
Toyota,Allion,2016.0,10.0,100000.0,1500.0,Galewela,Used,Hybrid,Automatic,Saloon,white
Suzuki,Swift,2009.0,17.0,112000.0,1500.0,Bandaragama,Used,Petrol,Automatic,Liftback,white
Toyota,Aqua,2012.0,14.0,165000.0,1490.0,Ambalangoda,Used,Hybrid,Automatic,Liftback,orange
Daihatsu,Mira,2025.0,1.0,525.0,660.0,Anuradhapura,Brand New,Petrol,Automatic,Hatchback,white
Mitsubishi,Space Wagon,2023.0,3.0,0.0,660.0,Polonnaruwa,Brand New,Petrol,Automatic,Hatchback,white
Toyota,Aqua,2014.0,12.0,106000.0,1500.0,Kurunegala,Used,Hybrid,Automatic,Hatchback,black
Audi,A1,2017.0,9.0,82000.0,1000.0,Galle,Used,Petrol,Automatic,Liftback,red
Toyota,Roomy,2025.0,1.0,0.0,996.0,Kotahena (Colombo 13),Brand New,Petrol,Automatic,,white
Toyota,Aqua,2015.0,11.0,126000.0,1500.0,Walasmulla,Used,Hybrid,Automatic,Hatchback,purple
Suzuki,Swift,2000.0,26.0,180000.0,1300.0,Nugegoda,Used,Petrol,Automatic,Hatchback,blue
Toyota,Corolla,1996.0,30.0,0.0,1970.0,Ambalangoda,Used,Petrol,Automatic,Saloon,white
Toyota,Allion,2016.0,10.0,57000.0,1500.0,Kottawa,Used,Petrol,Automatic,Saloon,black
Suzuki,Maruti,2010.0,16.0,119000.0,800.0,Talawatugoda,Used,Petrol,Manual,Hatchback,other
Honda,Insight,2010.0,16.0,155000.0,1500.0,Ambalangoda,Used,Hybrid,Automatic,Liftback,black
Suzuki,Wagon R,2017.0,9.0,90930.0,650.0,Moratuwa,Used,Hybrid,Automatic,Hatchback,maroon
Suzuki,Alto,2015.0,11.0,76511.0,800.0,Ambalangoda,Used,Petrol,Manual,Hatchback,silver
Suzuki,Alto,2015.0,11.0,165000.0,1000.0,Kiribathgoda,Used,Petrol,Manual,Hatchback,maroon
Toyota,Allion,2010.0,16.0,155000.0,1300.0,Kollupitiya (Colombo 03),Used,Petrol,Manual,Hatchback,white
Toyota,Premio,2013.0,13.0,137500.0,1500.0,Ja-Ela,Used,Petrol,Automatic,Sedan,maroon
Toyota,Aqua,2014.0,12.0,150000.0,690.0,Ampara,Used,Petrol,Manual,Hatchback,white
Suzuki,Wagon R,2023.0,3.0,4500.0,690.0,Kurunegala,Brand New,Hybrid,Automatic,Hatchback,white
Toyota,Carina,1992.0,34.0,23000.0,1500.0,Matugama,Used,Petrol,Manual,Saloon,white
Toyota,Aqua,2016.0,10.0,136000.0,1500.0,Colombo Fort (Colombo 01),Used,Hybrid,Automatic,Hatchback,blue
Toyota,Prius,2012.0,14.0,216000.0,1800.0,Maharagama,Used,Petrol,Automatic,Sedan,silver
Toyota,Corolla,2000.0,26.0,97000.0,1500.0,Ginigathhena,Reconditioned,Petrol,Automatic,Saloon,white
Toyota,Aqua,2012.0,14.0,176000.0,1500.0,Ambalangoda,Used,Petrol,Automatic,Hatchback,white
Suzuki,Wagon R,2024.0,2.0,17000.0,650.0,Kottawa,Brand New,Petrol,Automatic,Station wagon,black
Suzuki,Swift,2017.0,9.0,86000.0,1000.0,Colombo Fort (Colombo 01),Used,Petrol,Automatic,Hatchback,red
Suzuki,Maruti,2003.0,23.0,0.0,800.0,Kaduwela,Used,Petrol,Manual,Hatchback,silver
Suzuki,Wagon R,2018.0,8.0,64000.0,800.0,Kotte,Used,Petrol,Automatic,Liftback,maroon
BMW,7 Series,2017.0,9.0,45000.0,2000.0,Kohuwala,Used,Petrol,Automatic,Saloon,silver
Micro,Panda,2015.0,11.0,140000.0,998.0,Ambalangoda,Used,Petrol,Manual,Hatchback,white
Toyota,Axio,2017.0,9.0,105000.0,1500.0,Delgoda,Used,Hybrid,Automatic,Saloon,white
Suzuki,Estilo,2010.0,16.0,115000.0,1000.0,Ragama,Used,Petrol,Manual,Hatchback,brown
Toyota,Prius,2010.0,16.0,146700.0,1800.0,Wattala,Used,Hybrid,Automatic,Hatchback,silver
Toyota,Vitz,2015.0,11.0,0.0,990.0,Bandaragama,Used,Petrol,Automatic,Hatchback,blue
Suzuki,Wagon R,2023.0,3.0,0.0,660.0,Kottawa,Brand New,Petrol,Automatic,Hatchback,gray
Toyota,Vitz,2013.0,13.0,112450.0,1000.0,Kandy,Used,Petrol,Automatic,Hatchback,white
Toyota,Corolla,1992.0,34.0,123456.0,1500.0,Anamaduwa,Used,Petrol,Manual,Saloon,white
Toyota,Axio,2016.0,10.0,109000.0,1500.0,Borella (Colombo 08),Used,Petrol,Automatic,Saloon,brown
Toyota,Aqua,2012.0,14.0,11200.0,1500.0,Sri Jayawardenepura Kotte,Used,Hybrid,Automatic,Hatchback,silver
Suzuki,Wagon R,2014.0,12.0,83000.0,660.0,Athurugiriya,Used,Hybrid,Automatic,,white
Suzuki,Wagon R,2025.0,1.0,0.0,650.0,Gampaha,Brand New,Petrol,Automatic,Station wagon,white
Mazda,Familia,2000.0,26.0,123000.0,1300.0,Kelaniya,Used,Petrol,Automatic,Hatchback,white
Toyota,Aqua,2015.0,11.0,119000.0,1500.0,Ambalangoda,Used,Petrol,Automatic,Hatchback,white
Honda,Grace,2016.0,10.0,125000.0,1500.0,Kalawila Kiranthidiya,Used,Hybrid,Automatic,Sedan,red
Suzuki,Wagon R,2017.0,9.0,119587.0,650.0,Ambalangoda,Used,Hybrid,Automatic,Hatchback,white
BMW,F30,2017.0,9.0,65000.0,1500.0,Cinnamon Garden (Colombo 07),Used,Petrol,Automatic,Sedan,white
Suzuki,Wagon R,2023.0,3.0,7000.0,660.0,Moratuwa,Brand New,Petrol,Automatic,,purple
Suzuki,Wagon R,2018.0,8.0,81000.0,650.0,Ahungalla,Used,Hybrid,Automatic,Hatchback,silver
Micro,Panda Cross,2013.0,13.0,0.0,1300.0,Panadura,Used,Petrol,Manual,Hatchback,silver
Toyota,Vitz,2016.0,10.0,0.0,1500.0,Alutgama,Used,Petrol,Automatic,Hatchback,blue
Toyota,Axio,2007.0,19.0,236835.0,1500.0,Moratuwa,Used,Petrol,Automatic,Saloon,gold
Micro,Panda,2011.0,15.0,133592.0,1342.0,Moratuwa,Used,Petrol,Manual,Hatchback,white
Honda,Accord,1998.0,28.0,170000.0,2000.0,Giriulla,Used,Petrol,Manual,Saloon,black
Suzuki,Swift,2008.0,18.0,119220.0,1300.0,Kalutara,Used,Petrol,Automatic,Hatchback,red
Suzuki,Swift,2002.0,24.0,80000.0,800.0,Kandy,Reconditioned,Petrol,Automatic,Hatchback,silver
Toyota,Yaris,2013.0,13.0,120000.0,1490.0,Moratuwa,Used,Petrol,Manual,Sedan,blue
Daihatsu,Move,2017.0,9.0,61000.0,658.0,Pallekelle,Used,Petrol,Automatic,,gray
Mercedes Benz,E Class,2018.0,8.0,18000.0,2000.0,Kohuwala,Used,Petrol,Automatic,Sports,red
Honda,Fit,2015.0,11.0,100000.0,1490.0,Battaramulla,Used,Petrol,Automatic,Hatchback,red
Daihatsu,Mira,2024.0,2.0,12000.0,650.0,Athurugiriya,Brand New,Petrol,Automatic,Saloon,white
Audi,A2,2016.0,10.0,74000.0,1000.0,Ambalangoda,Used,Petrol,Automatic,Hatchback,black
Daihatsu,Taft,2023.0,3.0,34000.0,650.0,Veyangoda,Brand New,Petrol,Automatic,Station wagon,blue
Nissan,FB 15,1994.0,32.0,123456.0,1500.0,Anuradhapura,Used,Petrol,Automatic,Sedan,gray
Suzuki,Alto,2015.0,11.0,75000.0,1000.0,Battaramulla,Used,Petrol,Other,Hatchback,black
Toyota,Aqua,2013.0,13.0,104000.0,1500.0,Raddolugama,Used,Hybrid,Automatic,Hatchback,black
Tata,Indica,2005.0,21.0,261000.0,1200.0,Kaduruwela,Used,Petrol,Manual,Liftback,red
Hyundai,Eon,2016.0,10.0,93000.0,814.0,Colombo Fort (Colombo 01),Used,Petrol,Manual,Hatchback,black
Toyota,Passo,2025.0,1.0,0.0,660.0,Moratuwa,Reconditioned,Petrol,Automatic,Hatchback,other
