Brand,Model_Name,Model_Year,Vehicle_Age,Mileage_km,Engine_Capacity,Location_District,Condition,Fuel_Type,Transmission,Body_Type,Colour,Price_LKR
Mazda,Flair,2025.0,1.0,10000.0,650.0,Panadura,Reconditioned,Hybrid,Automatic,Hatchback,white,8225000.0
Suzuki,Alto,2015.0,11.0,58000.0,650.0,Batticaloa,Used,Petrol,Manual,Hatchback,white,3800000.0
Suzuki,Wagon R,2017.0,9.0,130000.0,660.0,Maharagama,Used,Hybrid,Automatic,Liftback,white,6150000.0
Toyota,Yaris Ativ,2025.0,1.0,0.0,1000.0,Kurunegala,Brand New,Petrol,Automatic,Sedan,black,19300000.0
Mazda,Axela,2004.0,22.0,186000.0,1490.0,Ambalangoda,Used,Petrol,Automatic,Saloon,silver,5300000.0
Tata,Indigo,2015.0,11.0,119000.0,1200.0,Kirillawala,Used,Petrol,Manual,Hatchback,silver,3290000.0
Suzuki,Alto,2016.0,10.0,0.0,650.0,Horana,Used,Petrol,Manual,Liftback,white,3890000.0
Toyota,Aqua,2013.0,13.0,140000.0,1300.0,Alawala,Used,Petrol,Automatic,Liftback,black,8100000.0
Toyota,Premio,2017.0,9.0,152000.0,1496.0,Kurunegala,Used,Petrol,Automatic,Sedan,white,14700000.0
Toyota,Allion,2007.0,19.0,180000.0,1500.0,Moratuwa,Used,Petrol,Automatic,Sedan,black,8200000.0
Toyota,Vitz,2007.0,19.0,158000.0,1000.0,Ambalangoda,Used,Petrol,Automatic,Hatchback,white,5000000.0
Mercedes Benz,C200,2025.0,1.0,0.0,1500.0,Maradana (Colombo 10),Brand New,Hybrid,Automatic,Saloon,black,48900000.0
Honda,N BOX,2023.0,3.0,1234.0,658.0,Kottawa,Brand New,Petrol,Automatic,Liftback,silver,7550000.0
Honda,Fit,2014.0,12.0,84000.0,1500.0,Malabe,Used,Hybrid,Automatic,Hatchback,blue,8200000.0
Daihatsu,Mira,2024.0,2.0,0.0,660.0,Ratmalana,Brand New,Petrol,Automatic,,blue,6900000.0
Suzuki,Wagon R,2025.0,1.0,0.0,660.0,Moratuwa,Brand New,Petrol,Automatic,Station wagon,white,9950000.0
Suzuki,Wagon R,2024.0,2.0,6600.0,660.0,Kottawa,Brand New,Petrol,Automatic,Hatchback,other,7150000.0
Suzuki,Spacia,2024.0,2.0,0.0,650.0,Kurunegala,Brand New,Hybrid,Automatic,,gray,9600000.0
Toyota,Vitz,2007.0,19.0,128000.0,1000.0,Akurana,Used,Petrol,Automatic,Hatchback,white,5400000.0
Daewoo,Matiz,2000.0,26.0,75000.0,1200.0,Alawwa,Used,Petrol,Automatic,Liftback,red,1375000.0
Suzuki,Wagon R,2024.0,2.0,230.0,660.0,Kurunegala,Brand New,Petrol,Automatic,Hatchback,silver,7350000.0
Suzuki,Baleno,2017.0,9.0,98702.0,1000.0,Athurugiriya,Used,Petrol,Automatic,Hatchback,red,7500000.0
Suzuki,Wagon R,2014.0,12.0,114600.0,650.0,Yakkala,Reconditioned,Hybrid,Automatic,Hatchback,black,5700000.0
Toyota,Pixis,2015.0,11.0,0.0,650.0,Adampan,Used,Petrol,Automatic,,white,4950000.0
Suzuki,Swift,2017.0,9.0,76000.0,1000.0,Kalutara,Used,Petrol,Automatic,Hatchback,silver,7700000.0
Nissan,March,2001.0,25.0,131000.0,1000.0,Ambalangoda,Used,Petrol,Automatic,Hatchback,gray,3200000.0
Toyota,Aqua,2013.0,13.0,108000.0,1500.0,Ambalangoda,Used,Hybrid,Automatic,Liftback,silver,7275000.0
Tata,Indica,2006.0,20.0,125000.0,1000.0,Kurunegala,Used,Petrol,Manual,Hatchback,red,2800000.0
Suzuki,Alto,2017.0,9.0,0.0,650.0,Boralesgamuwa,Used,Petrol,Manual,Liftback,gray,5450000.0
Suzuki,Alto,2018.0,8.0,92000.0,800.0,Kiribathgoda,Used,Petrol,Automatic,,white,5750000.0
Suzuki,Swift,2017.0,9.0,134000.0,1000.0,Nawala,Used,Petrol,Automatic,Hatchback,red,8200000.0
Mitsubishi,Lancer,1992.0,34.0,0.0,1000.0,Kesbewa,Used,Petrol,Manual,Hatchback,red,2600000.0
Suzuki,Alto,2012.0,14.0,123.0,1000.0,Colombo Fort (Colombo 01),Reconditioned,Petrol,Manual,Hatchback,black,3000000.0
Suzuki,Wagon R,2024.0,2.0,2500.0,660.0,Panadura,Brand New,Petrol,Automatic,Hatchback,red,7095000.0
Toyota,Axio,2015.0,11.0,0.0,1500.0,Ja-Ela,Used,Petrol,Manual,Convertible,black,8400000.0
Daihatsu,Mira,2025.0,1.0,0.0,990.0,Hettipola,Brand New,Petrol,Automatic,Liftback,white,7450000.0
Nissan,March,1997.0,29.0,99000.0,990.0,Panadura,Used,Petrol,Manual,Saloon,other,2645000.0
Toyota,Vitz,2017.0,9.0,85000.0,1000.0,Homagama,Used,Petrol,Automatic,Hatchback,white,7550000.0
Toyota,Yaris,2025.0,1.0,200.0,1000.0,Katugastota,Reconditioned,Hybrid,Automatic,Saloon,white,10300000.0
Toyota,Premio,2018.0,8.0,90000.0,1500.0,Ambalangoda,Used,Petrol,Automatic,Sedan,white,15500000.0
Honda,Fit,2013.0,13.0,68700.0,1339.0,Ambalangoda,Used,Hybrid,Automatic,Liftback,blue,8900000.0
Honda,Fit,2015.0,11.0,113000.0,1500.0,Piliyandala,Used,Petrol,Automatic,Hatchback,red,7850000.0
Nissan,FB 14,1997.0,29.0,0.0,1500.0,Weliveriya,Used,Petrol,Manual,,red,2500000.0
Suzuki,Alto,2015.0,11.0,0.0,800.0,Kesbewa,Used,Petrol,Manual,Hatchback,other,4000000.0
Suzuki,Spacia,2023.0,3.0,6600.0,660.0,Kottawa,Brand New,Petrol,Automatic,Hatchback,gray,7150000.0
Suzuki,Wagon R,2025.0,1.0,0.0,650.0,Polonnaruwa,Brand New,Hybrid,Automatic,Hatchback,white,8800000.0
Suzuki,Spacia,2024.0,2.0,0.0,657.0,Kurunegala,Brand New,Petrol,Automatic,Saloon,black,9000000.0
Toyota,Premio,2018.0,8.0,53995.0,1500.0,Alutwewa,Used,Petrol,Automatic,Saloon,white,15200000.0
Perodua,Axia,2017.0,9.0,111000.0,1000.0,Kadawatha,Used,Petrol,Automatic,Hatchback,white,5790000.0
Suzuki,Wagon R,2017.0,9.0,94000.0,650.0,Pussellawa,Used,Petrol,Automatic,Hatchback,black,7200000.0
Suzuki,Alto,2011.0,15.0,146000.0,899.0,Katugastota,Used,Petrol,Manual,Hatchback,red,3150000.0
Honda,Grace,2015.0,11.0,155000.0,1500.0,Panadura,Used,Hybrid,Automatic,Sedan,white,9000000.0
Suzuki,Alto,2023.0,3.0,2300.0,1000.0,Ambalangoda,Used,Petrol,Automatic,Hatchback,silver,6850000.0
Honda,Grace,2015.0,11.0,120000.0,1500.0,Anuradhapura,Used,Hybrid,Automatic,Liftback,white,8950000.0
Toyota,Vitz,2019.0,7.0,37500.0,990.0,Ambalangoda,Used,Petrol,Automatic,Hatchback,red,8300000.0
Suzuki,Alto,2008.0,18.0,202000.0,800.0,Kotagala,Used,Petrol,Manual,Hatchback,red,2700000.0
Suzuki,Wagon R,2024.0,2.0,600.0,660.0,Kotte,Reconditioned,Petrol,Automatic,Hatchback,blue,7200000.0
Honda,Insight,2009.0,17.0,104045.0,1333.0,Embilipitiya,Reconditioned,Hybrid,Automatic,Saloon,blue,6850000.0
Mercedes Benz,E Class,2015.0,11.0,120000.0,2143.0,Ratmalana,Used,Diesel,Automatic,Saloon,silver,18300000.0
Suzuki,A Star,2011.0,15.0,40000.0,800.0,Horana,Used,Petrol,Manual,Hatchback,white,4150000.0
Suzuki,Maruti,2002.0,24.0,95000.0,,Piliyandala,Used,Petrol,Manual,Convertible,brown,3650000.0
Suzuki,Alto,2016.0,10.0,110000.0,650.0,Athurugiriya,Used,Hybrid,Automatic,Hatchback,black,5050000.0
Suzuki,Wagon R,2025.0,1.0,0.0,,Panadura,Brand New,Petrol,Automatic,Hatchback,white,8795000.0
Toyota,Aqua,2015.0,11.0,76000.0,1500.0,Gampaha,Used,Petrol,Automatic,Liftback,white,9000000.0
Toyota,Vitz,2017.0,9.0,114000.0,1000.0,Kollupitiya (Colombo 03),Used,Petrol,Automatic,Sports,gray,7000000.0
Toyota,Prius,2010.0,16.0,110000.0,1800.0,Gampaha,Used,Hybrid,Automatic,Saloon,silver,8150000.0
Toyota,Sprinter,1996.0,30.0,203000.0,1970.0,Matale,Used,Diesel,Manual,Sedan,white,3540000.0
Toyota,Vitz,2016.0,10.0,118000.0,1000.0,Ambalangoda,Used,Petrol,Automatic,Hatchback,blue,7200000.0
Toyota,Aqua,2013.0,13.0,210000.0,1490.0,Ambalangoda,Used,Hybrid,Automatic,Hatchback,white,7625000.0
Suzuki,Alto,2015.0,11.0,65000.0,660.0,Kurunegala,Used,Petrol,Automatic,Hatchback,red,4875000.0
Micro,Panda,2011.0,15.0,77100.0,1300.0,Badulla,Used,Petrol,Manual,Hatchback,silver,2575000.0
Toyota,Vitz,2007.0,19.0,85000.0,990.0,Walasmulla,Used,Petrol,Automatic,Hatchback,white,6050000.0
Suzuki,Wagon R,2024.0,2.0,4900.0,660.0,Matara,Brand New,Petrol,Automatic,Hatchback,blue,7290000.0
Daihatsu,Tanto,2025.0,1.0,0.0,660.0,Kurunegala,Brand New,Petrol,Automatic,Station wagon,green,8200000.0
Toyota,Belta,2010.0,16.0,164000.0,1000.0,Ja-Ela,Used,Petrol,Automatic,Liftback,blue,6850000.0
Suzuki,Alto,2015.0,11.0,0.0,800.0,Ragama,Used,Petrol,Manual,Hatchback,red,3775000.0
Toyota,Corolla,2008.0,18.0,185000.0,1600.0,Nugegoda,Used,Petrol,Automatic,Saloon,black,7000000.0
Toyota,Prius,2012.0,14.0,142000.0,1800.0,Horana,Used,Hybrid,Automatic,Hatchback,purple,8950000.0
Toyota,Vios,2005.0,21.0,120000.0,1497.0,Piliyandala,Used,Petrol,Manual,Saloon,orange,4690000.0
Toyota,Pixis,2018.0,8.0,55000.0,960.0,Negombo,Used,Petrol,Manual,Hatchback,white,5675000.0
Suzuki,Spacia,2023.0,3.0,0.0,660.0,Gampaha,Brand New,Petrol,Automatic,Hatchback,blue,8900000.0
Toyota,Passo,2023.0,3.0,6600.0,660.0,Kottawa,Brand New,Petrol,Automatic,Hatchback,black,7950000.0
Honda,Fit,2010.0,16.0,38000.0,1330.0,Ambalangoda,Used,Hybrid,Automatic,Hatchback,silver,5800000.0
Mitsubishi,eK,2016.0,10.0,99000.0,660.0,Pannipitiya,Used,Petrol,Automatic,Hatchback,pink,5350000.0
Suzuki,Spacia,2024.0,2.0,200.0,650.0,Kurunegala,Brand New,Hybrid,Automatic,,black,9600000.0
Suzuki,Wagon R,2018.0,8.0,17000.0,660.0,Ragama,Used,Hybrid,Automatic,Station wagon,silver,8500000.0
Nissan,Sunny,2001.0,25.0,113000.0,1300.0,Ambalangoda,Used,Petrol,Automatic,Saloon,gray,4800000.0
Suzuki,Swift,2017.0,9.0,81000.0,1000.0,Pussellawa,Used,Petrol,Automatic,Hatchback,white,8600000.0
Toyota,Premio,2010.0,16.0,0.0,1500.0,Polonnaruwa,Reconditioned,Petrol,Automatic,Saloon,red,9700000.0
Toyota,Vios,2005.0,21.0,158000.0,1500.0,Ragama,Used,Petrol,Automatic,Sedan,silver,4975000.0
Suzuki,Swift,2008.0,18.0,165000.0,1330.0,Kollupitiya (Colombo 03),Used,Petrol,Automatic,Hatchback,white,5650000.0
Suzuki,Wagon R,2025.0,1.0,0.0,650.0,Kataragama,Brand New,Hybrid,Automatic,Hatchback,white,7850000.0
Mercedes Benz,S Class,2006.0,20.0,153000.0,3500.0,Piliyandala,Used,Petrol,Automatic,Sedan,gray,23850000.0
Suzuki,Hustler,2024.0,2.0,0.0,999.0,Kelaniya,Brand New,Petrol,Automatic,Hatchback,white,7900000.0
Daihatsu,Taft,2025.0,1.0,3500.0,690.0,Kurunegala,Brand New,Hybrid,Automatic,Hatchback,green,7850000.0
Suzuki,Swift,2010.0,16.0,156000.0,1000.0,Vavuniya,Used,Petrol,Automatic,Hatchback,black,5850000.0
Geely,Panda,2012.0,14.0,75000.0,1300.0,Dankotuwa,Used,Petrol,Manual,Liftback,silver,2490000.0
Suzuki,Alto,2015.0,11.0,103000.0,800.0,Homagama,Used,Petrol,Manual,Liftback,black,3675000.0
Toyota,Yaris,2025.0,1.0,0.0,1000.0,Wattala,Brand New,Petrol,Automatic,Hatchback,white,10750000.0
Toyota,Axio,2018.0,8.0,125000.0,1500.0,Galle,Used,Hybrid,Automatic,Saloon,red,13000000.0
Toyota,Yaris,2025.0,1.0,10000.0,1000.0,Wattala,Brand New,Petrol,Automatic,Hatchback,white,9900000.0
Honda,Fit,2012.0,14.0,164000.0,1330.0,Siyambalape,Reconditioned,Petrol,Automatic,Hatchback,blue,6150000.0
Toyota,CHR,2019.0,7.0,20481.0,1190.0,Pilimatalawa,Used,Petrol,Automatic,Hatchback,white,16000000.0
Daihatsu,Taft,2024.0,2.0,0.0,890.0,Gampaha,Brand New,Petrol,Automatic,Station wagon,black,8500000.0
Suzuki,Maruti,2006.0,20.0,112000.0,800.0,Divulapitiya,Used,Petrol,Manual,Hatchback,gray,2040000.0
Toyota,Vitz,2017.0,9.0,140000.0,1000.0,Boralesgamuwa,Used,Hybrid,Automatic,Liftback,black,7300000.0
Toyota,Premio,2017.0,9.0,0.0,1500.0,Ambalangoda,Used,Petrol,Automatic,Sedan,brown,14100000.0
Toyota,Allion,2011.0,15.0,205000.0,1500.0,Alutgama,Reconditioned,Petrol,Automatic,Liftback,black,9000000.0
Suzuki,Swift,2017.0,9.0,77000.0,1000.0,Bandaragama,Used,Petrol,Automatic,Hatchback,gray,7950000.0
Toyota,Corolla,2008.0,18.0,128000.0,1600.0,Anuradhapura,Used,Petrol,Manual,Liftback,blue,7350000.0
Mazda,Demio,2009.0,17.0,178000.0,1300.0,Talawatugoda,Used,Petrol,Automatic,Hatchback,white,5450000.0
Nissan,Sunny,1987.0,39.0,152520.0,1500.0,Kohuwala,Used,Petrol,Manual,Saloon,white,1690000.0
Suzuki,Wagon R,2014.0,12.0,90000.0,650.0,Matara,Reconditioned,Petrol,Automatic,Hatchback,gray,5500000.0
Suzuki,Wagon R,2024.0,2.0,0.0,660.0,Kurunegala,Brand New,Hybrid,Manual,Station wagon,white,8650000.0
Suzuki,Wagon R,2023.0,3.0,18000.0,658.0,Polonnaruwa,Used,Petrol,Automatic,Hatchback,black,7600000.0
Honda,City,2025.0,1.0,0.0,1000.0,Kurunegala,Brand New,Petrol,Automatic,Hatchback,white,13700000.0
Honda,Insight,2009.0,17.0,0.0,1330.0,Kuruwita,Used,Hybrid,Automatic,Sedan,blue,6675000.0
Suzuki,Swift,2004.0,22.0,154000.0,1300.0,Panadura,Used,Petrol,Automatic,Hatchback,beige,3875000.0
Suzuki,Baleno,2016.0,10.0,131440.0,1000.0,Morontuduwa,Used,Petrol,Automatic,Hatchback,red,7900000.0
Mitsubishi,eK,2023.0,3.0,6600.0,660.0,Kottawa,Brand New,Petrol,Automatic,Hatchback,silver,6850000.0
Suzuki,Wagon R,2018.0,8.0,72000.0,650.0,Kurunegala,Used,Hybrid,Automatic,Hatchback,white,6750000.0
Suzuki,Wagon R,2017.0,9.0,160000.0,650.0,Panadura,Used,Petrol,Automatic,Hatchback,white,5975000.0
BMW,3 Series,2017.0,9.0,136000.0,1500.0,Ambalangoda,Used,Petrol,Tiptronic,Saloon,white,19500000.0
Toyota,Axio,2010.0,16.0,180000.0,1500.0,Ambalangoda,Used,Petrol,Automatic,Saloon,white,7800000.0
Honda,Fit,2013.0,13.0,85000.0,1500.0,Kohuwala,Used,Petrol,Automatic,Hatchback,other,6950000.0
Micro,Panda,2014.0,12.0,128000.0,1000.0,Maharagama,Used,Petrol,Automatic,Sports,yellow,2800000.0
Toyota,Axio,2016.0,10.0,120.0,1500.0,Negombo,Used,Hybrid,Automatic,Saloon,white,10000000.0
Suzuki,Wagon R,2025.0,1.0,0.0,650.0,Akkaraipattu,Brand New,Hybrid,Automatic,Sedan,white,9400000.0
Suzuki,Alto,2017.0,9.0,200000.0,660.0,Matale,Used,Petrol,Automatic,Hatchback,silver,5250000.0
Toyota,Yaris,2025.0,1.0,0.0,1000.0,Horana,Brand New,Petrol,Automatic,Hatchback,white,10675000.0
Toyota,Axio,2015.0,11.0,136000.0,1500.0,Akuressa,Used,Petrol,Automatic,Saloon,white,10500000.0
Suzuki,Wagon R,2023.0,3.0,0.0,660.0,Kottawa,Brand New,Petrol,Automatic,Hatchback,other,7250000.0
Suzuki,A Star,2011.0,15.0,140000.0,1000.0,Panadura,Used,Petrol,Manual,Hatchback,black,4100000.0
Suzuki,Wagon R,2018.0,8.0,12000.0,650.0,Maharagama,Used,Petrol,Automatic,Station wagon,white,7200000.0
Suzuki,Alto,2024.0,2.0,0.0,660.0,Kottawa,Brand New,Petrol,Automatic,Hatchback,black,6500000.0
Audi,A3,2018.0,8.0,100000.0,1400.0,Sri Jayawardenepura Kotte,Used,Petrol,Tiptronic,Sedan,white,16500000.0
Toyota,Aqua,2014.0,12.0,195000.0,1500.0,Ampara,Used,Hybrid,Automatic,,white,8250000.0
Toyota,Carina,1997.0,29.0,0.0,1500.0,Dodangoda,Reconditioned,Petrol,Manual,Saloon,gray,5300000.0
Suzuki,Wagon R,2014.0,12.0,89000.0,,Hokandara,Used,Petrol,Automatic,Hatchback,purple,5300000.0
Honda,Fit,2012.0,14.0,0.0,1500.0,Ambalangoda,Used,Hybrid,Automatic,Hatchback,white,5800000.0
Suzuki,Wagon R,2017.0,9.0,160000.0,790.0,Moratuwa,Used,Petrol,Automatic,Hatchback,white,5975000.0
Perodua,Kelisa,2007.0,19.0,176000.0,1000.0,Matale,Used,Petrol,Manual,Hatchback,blue,2850000.0
Suzuki,Wagon R,2014.0,12.0,49120.0,660.0,Pannala,Used,Petrol,Automatic,Hatchback,purple,5875000.0
Suzuki,Alto,2006.0,20.0,0.0,650.0,Kuruwita,Used,Petrol,Manual,Liftback,black,2780000.0
Suzuki,Spacia,2017.0,9.0,132000.0,660.0,Ja-Ela,Used,Petrol,Automatic,,white,5890000.0
Toyota,Axio,2015.0,11.0,145000.0,1496.0,Marawila,Used,Petrol,Automatic,Sedan,white,9500000.0
Toyota,Axio,2013.0,13.0,103050.0,1500.0,Narahenpita (Colombo 05),Used,Hybrid,Automatic,Saloon,white,9075000.0
Toyota,Aqua,2013.0,13.0,163000.0,1500.0,Ambalangoda,Used,Hybrid,Automatic,Liftback,silver,6700000.0
Suzuki,Alto,2016.0,10.0,104000.0,800.0,Homagama,Used,Petrol,Manual,Hatchback,black,3895000.0
Suzuki,Wagon R,2024.0,2.0,2700.0,650.0,Moratuwa,Brand New,Hybrid,Automatic,Liftback,white,8350000.0
Suzuki,Wagon R,2023.0,3.0,8800.0,660.0,Kottawa,Brand New,Petrol,Automatic,Hatchback,other,7250000.0
Toyota,Vitz,2008.0,18.0,180000.0,1300.0,Homagama,Used,Petrol,Automatic,Hatchback,orange,6000000.0
Toyota,Axio,2015.0,11.0,50500.0,1500.0,Kandana,Used,Petrol,Automatic,Saloon,brown,11000000.0
Suzuki,Celerio,2016.0,10.0,102000.0,1000.0,Kadawatha,Used,Petrol,Automatic,Hatchback,white,5175000.0
Daihatsu,Mira,1988.0,38.0,125000.0,850.0,Homagama,Used,Petrol,Manual,Hatchback,red,1350000.0
Suzuki,Alto,2016.0,10.0,112750.0,800.0,Panadura,Used,Petrol,Manual,Hatchback,white,3900000.0
Mitsubishi,Lancer,2002.0,24.0,141321.0,1500.0,Nikaweratiya,Used,Petrol,Manual,Saloon,silver,6050000.0
Suzuki,Celerio,2015.0,11.0,0.0,1000.0,Ambalangoda,Used,Petrol,Manual,Hatchback,white,4400000.0
Toyota,Aqua,2016.0,10.0,140000.0,,Kadawatha,Used,Petrol,Automatic,Liftback,white,8400000.0
Suzuki,Wagon R,2018.0,8.0,78000.0,650.0,Batticaloa,Used,Petrol,Automatic,Station wagon,white,6600000.0
Toyota,Axio,2015.0,11.0,153000.0,1500.0,Kurunegala,Used,Petrol,Automatic,Sedan,silver,9300000.0
Suzuki,Wagon R,2017.0,9.0,160000.0,,Negombo,Used,Petrol,Automatic,,white,6000000.0
Suzuki,Wagon R,2024.0,2.0,3000.0,650.0,Negombo,Brand New,Petrol,Automatic,Hatchback,purple,7400000.0
Perodua,Kelisa,2006.0,20.0,80000.0,989.0,Anuradhapura,Used,Petrol,Automatic,,gold,3175000.0
Toyota,Premio,2019.0,7.0,98000.0,1500.0,Negombo,Used,Petrol,Automatic,Sedan,white,16800000.0
Toyota,Aqua,2014.0,12.0,168000.0,1200.0,Pussellawa,Used,Hybrid,Automatic,Hatchback,blue,8200000.0
Perodua,Elite,2012.0,14.0,103000.0,1000.0,Adampan,Used,Petrol,Automatic,Hatchback,silver,4350000.0
Suzuki,Alto,2015.0,11.0,120000.0,660.0,Rajagiriya,Used,Petrol,Tiptronic,Hatchback,blue,5300000.0
Suzuki,Wagon R,2014.0,12.0,35000.0,660.0,Kaduwela,Used,Hybrid,Automatic,,white,5890000.0
Micro,Panda,2015.0,11.0,82000.0,1000.0,Wanela,Used,Petrol,Manual,Hatchback,orange,3550000.0
Honda,Fit,2014.0,12.0,180000.0,1500.0,Hapugala,Used,Hybrid,Automatic,Hatchback,white,7750000.0
KIA,Rio,2015.0,11.0,145000.0,1500.0,Ambalangoda,Used,Petrol,Automatic,Saloon,red,8250000.0
Suzuki,Wagon R,2017.0,9.0,110000.0,660.0,Katunayake,Used,Hybrid,Automatic,Liftback,white,6950000.0
Suzuki,Wagon R,2017.0,9.0,74000.0,650.0,Anamaduwa,Used,Petrol,Automatic,Hatchback,white,6490000.0
Toyota,Tank,2018.0,8.0,80000.0,1200.0,Kandy,Used,Petrol,Automatic,Hatchback,white,7600000.0
Honda,ARIA,2008.0,18.0,1234.0,1500.0,Ella,Used,Petrol,Automatic,Saloon,silver,5650000.0
Mercedes Benz,E Class,1998.0,28.0,0.0,2000.0,Wellawatta (Colombo 06),Used,Petrol,Manual,Saloon,black,5900000.0
Suzuki,Spacia,2023.0,3.0,12000.0,660.0,Kotte,Reconditioned,Petrol,Automatic,Hatchback,yellow,7100000.0
Toyota,Allion,2017.0,9.0,178000.0,1200.0,Negombo,Used,Petrol,Automatic,Hatchback,white,12500000.0
Toyota,Vitz,2018.0,8.0,79000.0,1496.0,Gampaha,Used,Hybrid,Automatic,Hatchback,white,7700000.0
Honda,Civic,2018.0,8.0,95000.0,1000.0,Alutgama,Used,Petrol,Automatic,Hatchback,gray,11200000.0
Toyota,Passo,2015.0,11.0,145000.0,1000.0,Dehiwala,Used,Petrol,Automatic,Saloon,white,6050000.0
Suzuki,Swift,2010.0,16.0,140000.0,1200.0,Batticaloa,Used,Petrol,Manual,Hatchback,silver,4900000.0
Audi,A6,2013.0,13.0,165000.0,1968.0,Slave Island (Colombo 02),Used,Diesel,Automatic,Sedan,black,14000000.0
Toyota,Prius,2013.0,13.0,143000.0,1600.0,Ambalangoda,Used,Hybrid,Automatic,Liftback,silver,10500000.0
Perodua,Elite,2011.0,15.0,117000.0,1000.0,Ambalangoda,Used,Petrol,Automatic,Hatchback,white,4125000.0
Toyota,Corolla,2008.0,18.0,110000.0,1600.0,Kandy,Used,Petrol,Automatic,Saloon,white,7350000.0
Micro,Panda,2016.0,10.0,71752.0,1000.0,Pelmadulla,Used,Petrol,Manual,Hatchback,black,3395000.0
Suzuki,Swift,2003.0,23.0,241000.0,1300.0,Ampitiya,Used,Petrol,Automatic,Hatchback,white,4300000.0
Toyota,Aqua,2013.0,13.0,161000.0,1500.0,Matara,Used,Hybrid,Automatic,Hatchback,gray,7600000.0
Daihatsu,Mira,2025.0,1.0,20.0,660.0,Alutgama,Brand New,Petrol,Automatic,Sports,gray,6950000.0
BMW,5 Series,2012.0,14.0,134000.0,1997.0,Colombo Fort (Colombo 01),Used,Petrol,Automatic,Saloon,gold,16500000.0
Suzuki,Wagon R,2017.0,9.0,109000.0,650.0,Alawatugoda,Used,Petrol,Automatic,Station wagon,black,6500000.0
KIA,Cerato,2011.0,15.0,68000.0,1600.0,Kohuwala,Used,Petrol,Automatic,Sedan,blue,6400000.0
Tata,Indica,2006.0,20.0,100000.0,1300.0,Katunayake,Used,Petrol,Manual,Hatchback,silver,3900000.0
Toyota,Roomy,2025.0,1.0,0.0,1000.0,Kottawagama,Brand New,Petrol,Automatic,Station wagon,white,12600000.0
Suzuki,Alto,2017.0,9.0,185000.0,796.0,Kosgoda,Used,Petrol,Manual,Hatchback,white,4875000.0
Toyota,Axio,2015.0,11.0,137000.0,1500.0,Kurunegala,Used,Petrol,Automatic,Convertible,white,10250000.0
Micro,Panda,2015.0,11.0,25000.0,1000.0,Katunayake,Used,Petrol,Manual,Hatchback,silver,2750000.0
Toyota,Vitz,2007.0,19.0,149000.0,1000.0,Waikkal,Used,Petrol,Automatic,Hatchback,silver,5200000.0
Toyota,Prius,2013.0,13.0,159000.0,1500.0,Ambalangoda,Used,Hybrid,Automatic,Liftback,purple,9625000.0
Perodua,Viva,2011.0,15.0,90000.0,800.0,Matara,Used,Petrol,Manual,Hatchback,silver,4400000.0
Daihatsu,Mira,2023.0,3.0,9000.0,660.0,Avissawella,Reconditioned,Petrol,Automatic,Hatchback,blue,6475000.0
Suzuki,Spacia,2022.0,4.0,30000.0,660.0,Alutgama,Brand New,Hybrid,Automatic,Hatchback,white,8350000.0
Honda,Fit,2014.0,12.0,140000.0,1330.0,Pussellawa,Used,Petrol,Automatic,Hatchback,white,8200000.0
Toyota,Yaris,2024.0,2.0,4000.0,1000.0,Adampan,Used,Hybrid,Automatic,Hatchback,gray,9890000.0
Toyota,Vitz,2016.0,10.0,0.0,1000.0,Borella (Colombo 08),Used,Petrol,Automatic,Hatchback,silver,7490000.0
Toyota,Axio,2014.0,12.0,218000.0,1500.0,Dambulla,Used,Petrol,Automatic,Saloon,white,8250000.0
Nissan,FB 14,1996.0,30.0,350000.0,1970.0,Karativu,Used,Diesel,Automatic,Hatchback,silver,2750000.0
Mitsubishi,eK,2024.0,2.0,0.0,660.0,Kurunegala,Used,Petrol,Automatic,Convertible,white,6850000.0
Suzuki,Wagon R,2018.0,8.0,70650.0,650.0,Ratmalana,Used,Petrol,Automatic,Hatchback,black,7100000.0
Suzuki,Alto,2016.0,10.0,82713.0,658.0,Athurugiriya,Used,Petrol,Manual,Hatchback,black,3890000.0
Nissan,HP11,2000.0,26.0,345000.0,2000.0,Narahenpita (Colombo 05),Used,Petrol,Manual,Sedan,black,3585000.0
Toyota,Axio,2007.0,19.0,180000.0,1496.0,Kirillawala,Used,Petrol,Automatic,Sedan,silver,6875000.0
Toyota,Belta,2007.0,19.0,160000.0,1000.0,Homagama,Used,Petrol,Automatic,Saloon,silver,6000000.0
Suzuki,Wagon R,2023.0,3.0,12500.0,660.0,Homagama,Used,Petrol,Automatic,Hatchback,black,7500000.0
Toyota,Premio,2014.0,12.0,180000.0,1500.0,Galle,Used,Petrol,Automatic,Saloon,white,12500000.0
Toyota,Vios,2005.0,21.0,180000.0,1496.0,Mawathagama,Used,Petrol,Automatic,Sedan,silver,5500000.0
Toyota,Allion,2008.0,18.0,189000.0,1490.0,Ambalangoda,Used,Petrol,Automatic,Sedan,silver,7725000.0
Toyota,Vios,2004.0,22.0,240000.0,1500.0,Malabe,Used,Petrol,Automatic,Hatchback,silver,5275000.0
Nissan,Presea,1997.0,29.0,132500.0,1500.0,Hanwella,Used,Petrol,Automatic,Sports,black,2975000.0
Suzuki,Wagon R,2024.0,2.0,3000.0,650.0,Anuradhapura,Brand New,Petrol,Automatic,Hatchback,black,7500000.0
Suzuki,Wagon R,2014.0,12.0,182000.0,650.0,Ambalangoda,Used,Petrol,Automatic,Hatchback,white,5500000.0
Suzuki,Alto,2015.0,11.0,90000.0,800.0,Nittambuwa,Used,Petrol,Manual,Hatchback,blue,3900000.0
Micro,Panda Cross,2018.0,8.0,66800.0,1000.0,Battaramulla,Used,Petrol,Tiptronic,Hatchback,white,4500000.0
Toyota,Yaris,2025.0,1.0,0.0,1000.0,Kohuwala,Brand New,Petrol,Automatic,Hatchback,white,10600000.0
Suzuki,Wagon R,2016.0,10.0,114000.0,660.0,Piliyandala,Used,Petrol,Automatic,Hatchback,black,5575000.0
Nissan,Dayz,2024.0,2.0,250.0,660.0,Kottawa,Brand New,Petrol,Automatic,Hatchback,white,7300000.0
Suzuki,Alto,2016.0,10.0,116000.0,800.0,Kandana,Used,Petrol,Manual,Hatchback,white,3850000.0
Suzuki,Swift,2004.0,22.0,162525.0,1300.0,Negombo,Used,Petrol,Manual,Hatchback,black,5100000.0
Suzuki,Spacia,2025.0,1.0,0.0,660.0,Kurunegala,Brand New,Hybrid,Automatic,Hatchback,silver,9450000.0
Honda,Insight,2011.0,15.0,147000.0,1330.0,Nugegoda,Used,Hybrid,Automatic,Saloon,black,7200000.0
Nissan,Sunny,2000.0,26.0,150000.0,1000.0,Kurunegala,Used,Petrol,Automatic,Saloon,white,4100000.0
Toyota,Aqua,2012.0,14.0,189000.0,,Homagama,Used,Petrol,Manual,Sports,black,6700000.0
Honda,Fit,2015.0,11.0,123.0,,Moratuwa,Used,Hybrid,Automatic,Saloon,blue,8975000.0
Suzuki,Alto,2015.0,11.0,116000.0,796.0,Buttala,Used,Petrol,Manual,Hatchback,silver,3600000.0
BMW,5 Series,2016.0,10.0,97500.0,1998.0,Wennappuwa,Used,Diesel,Automatic,Saloon,white,31000000.0
Mazda,Demio,2009.0,17.0,0.0,1298.0,Ambalangoda,Used,Petrol,Automatic,Hatchback,gray,4800000.0
Suzuki,Wagon R,2018.0,8.0,85000.0,650.0,Kalmunai,Used,Petrol,Automatic,Sedan,white,6950000.0
Suzuki,Swift,2009.0,17.0,175755.0,1242.0,Sapugaskanda,Used,Petrol,Automatic,Hatchback,silver,5800000.0
Suzuki,Zen,2006.0,20.0,125000.0,1000.0,Matugama,Used,Petrol,Manual,Hatchback,red,2590000.0
Toyota,Vitz,2019.0,7.0,61000.0,1000.0,Kadawatha,Used,Petrol,Automatic,Hatchback,red,8375000.0
Suzuki,Alto,2007.0,19.0,0.0,796.0,Ambalangoda,Used,Petrol,Manual,Hatchback,red,2925000.0
Mitsubishi,Lancer,2007.0,19.0,214000.0,1300.0,Homagama,Reconditioned,Petrol,Automatic,Sedan,blue,6550000.0
Suzuki,Wagon R,2017.0,9.0,,660.0,Rajagiriya,Used,Petrol,Automatic,Hatchback,white,8000000.0
Toyota,Belta,2007.0,19.0,14000.0,1000.0,Dehiwala,Used,Petrol,Manual,Hatchback,white,5800000.0
Suzuki,Wagon R,2018.0,8.0,100000.0,650.0,Pelawatta,Used,Petrol,Automatic,Hatchback,black,6900000.0
Honda,Fit,2013.0,13.0,122000.0,1330.0,Pannala,Used,Petrol,Manual,Sports,blue,6450000.0
Suzuki,Spacia,2023.0,3.0,4500.0,690.0,Kurunegala,Reconditioned,Hybrid,Automatic,,black,9850000.0
Suzuki,Wagon R,2014.0,12.0,176000.0,690.0,Ampara,Used,Petrol,Manual,Hatchback,white,4900000.0
Honda,Grace,2017.0,9.0,146000.0,1490.0,Nagoda,Used,Petrol,Automatic,Sedan,gray,9800000.0
Suzuki,Alto,2004.0,22.0,151900.0,650.0,Piliyandala,Used,Petrol,Automatic,Hatchback,blue,3780000.0
Toyota,Corolla,1996.0,30.0,123456.0,1500.0,Kurunegala,Used,Petrol,Manual,,silver,3000000.0
Suzuki,Zen,2006.0,20.0,114000.0,1000.0,Galle,Used,Petrol,Manual,Hatchback,blue,3200000.0
Suzuki,Spacia,2025.0,1.0,0.0,660.0,Ja-Ela,Brand New,Hybrid,Automatic,Liftback,blue,9500000.0
Suzuki,Wagon R,2016.0,10.0,114000.0,650.0,Gampaha,Used,Petrol,Automatic,Hatchback,white,5875000.0
Suzuki,Alto,2003.0,23.0,160000.0,660.0,Kegalle,Used,Petrol,Automatic,Hatchback,white,3700000.0
Toyota,Yaris,2022.0,4.0,30000.0,1000.0,Kurunegala,Reconditioned,Petrol,Automatic,Hatchback,white,9200000.0
Toyota,Vios,2003.0,23.0,130000.0,1500.0,Nugegoda,Reconditioned,Petrol,Automatic,Saloon,gold,5375000.0
Suzuki,Swift,2019.0,7.0,55000.0,1300.0,Ambalangoda,Used,Petrol,Automatic,Hatchback,white,8900000.0
Nissan,FB 14,1996.0,30.0,100000.0,1500.0,Kottawa,Used,Petrol,Manual,Sports,red,2890000.0
Toyota,Passo,2015.0,11.0,115500.0,996.0,Kadawatha,Used,Petrol,Automatic,Hatchback,blue,6850000.0
Toyota,Belta,2007.0,19.0,175000.0,1300.0,Makola,Used,Petrol,Automatic,Saloon,white,6000000.0
Suzuki,Swift,2003.0,23.0,0.0,1300.0,Ambalangoda,Used,Petrol,Automatic,Hatchback,silver,4200000.0
Toyota,Prius,2008.0,18.0,180000.0,1500.0,Kadawatha,Used,Hybrid,Automatic,Saloon,white,6600000.0
Suzuki,Swift,2002.0,24.0,200274.0,1320.0,Kegalle,Used,Petrol,Automatic,Hatchback,red,3600000.0
Nissan,B310,,,0.0,1400.0,Adampan,Used,Petrol,Manual,Sedan,brown,550000.0
Toyota,Vitz,2010.0,16.0,129500.0,1300.0,Kuliyapitiya,Used,Petrol,Automatic,Hatchback,maroon,5900000.0
Daihatsu,Tanto,2024.0,2.0,500.0,658.0,Kalutara,Reconditioned,Petrol,Automatic,Hatchback,white,8700000.0
Toyota,Prius,2013.0,13.0,159000.0,1500.0,Wariyapola,Used,Hybrid,Automatic,Liftback,white,11200000.0
Suzuki,Wagon R,2018.0,8.0,35000.0,650.0,Nugegoda,Used,Petrol,Automatic,Saloon,brown,7800000.0
Mitsubishi,Lancer,1991.0,35.0,126000.0,1500.0,Maharagama,Used,Petrol,Manual,Saloon,silver,1600000.0
Suzuki,Wagon R,2024.0,2.0,0.0,650.0,Battaramulla,Brand New,Petrol,Automatic,Hatchback,white,7590000.0
Toyota,Premio,2008.0,18.0,0.0,1600.0,Ambalangoda,Used,Petrol,Automatic,Sedan,maroon,7800000.0
Daihatsu,Mira,2023.0,3.0,6600.0,660.0,Kottawa,Brand New,Petrol,Automatic,Hatchback,white,6350000.0
Mitsubishi,Galant,1999.0,27.0,150000.0,1600.0,Nugegoda,Used,Petrol,Manual,Saloon,green,2400000.0
Toyota,Axio,2010.0,16.0,0.0,1500.0,Gampaha,Used,Petrol,Automatic,Sedan,white,8150000.0
Suzuki,Alto,2013.0,13.0,92929.0,1000.0,Gampaha,Used,Petrol,Manual,Hatchback,red,3550000.0
Toyota,Axio,2012.0,14.0,175000.0,1500.0,Yakkala,Reconditioned,Petrol,Automatic,Saloon,gold,7750000.0
Suzuki,Alto,2013.0,13.0,142560.0,1500.0,Mirigama,Used,Petrol,Automatic,Hatchback,black,3390000.0
Toyota,Aqua,2023.0,3.0,20000.0,1500.0,Balapitiya,Reconditioned,Hybrid,Automatic,Hatchback,gray,15000000.0
Toyota,Yaris,2025.0,1.0,0.0,1000.0,Kollupitiya (Colombo 03),Brand New,Petrol,Automatic,Hatchback,white,10600000.0
Toyota,Corolla,,,0.0,1400.0,Kandy,Used,Petrol,Manual,Sedan,white,850000.0
Mazda,Flair,2023.0,3.0,15000.0,658.0,Yakkala,Brand New,Petrol,Automatic,Hatchback,white,8750000.0
Suzuki,Spacia,2025.0,1.0,100.0,660.0,Akurana,Brand New,Hybrid,Automatic,Hatchback,white,10000000.0
Suzuki,Maruti,2005.0,21.0,143000.0,800.0,Kekirawa,Used,Petrol,Manual,Hatchback,white,1700000.0
Toyota,Corolla,1999.0,27.0,180000.0,1300.0,Kurunegala,Used,Petrol,Automatic,Station wagon,white,3200000.0
Toyota,Vios,2003.0,23.0,173000.0,1500.0,Gampaha,Used,Petrol,Automatic,Hatchback,gold,5000000.0
Suzuki,Alto,2012.0,14.0,111000.0,650.0,Colombo Fort (Colombo 01),Used,Petrol,Manual,Hatchback,black,3500000.0
Toyota,Axio,2017.0,9.0,,1500.0,Ambalangoda,Used,Petrol,Automatic,Saloon,white,10500000.0
Toyota,Corolla,2007.0,19.0,116300.0,1600.0,Homagama,Used,Petrol,Automatic,Sedan,silver,6450000.0
Toyota,Vitz,2008.0,18.0,140000.0,1000.0,Kadawatha,Used,Petrol,Automatic,Hatchback,gray,5825000.0
Suzuki,Wagon R,2018.0,8.0,49968.0,650.0,Nikaweratiya,Used,Petrol,Automatic,Hatchback,white,6950000.0
Toyota,Vitz,2010.0,16.0,185000.0,996.0,Kurunegala,Used,Petrol,Automatic,Hatchback,silver,5675000.0
Suzuki,Wagon R,2015.0,11.0,107000.0,650.0,Ambalangoda,Used,Hybrid,Automatic,Hatchback,black,5900000.0
Toyota,Vitz,2018.0,8.0,33000.0,1000.0,Ethul Kotte,Used,Petrol,Automatic,Hatchback,silver,8300000.0
Suzuki,Wagon R,2015.0,11.0,75000.0,660.0,Kurunegala,Used,Hybrid,Automatic,Hatchback,white,5400000.0
Toyota,Corolla,1994.0,32.0,0.0,1196.0,Ratnapura,Used,Petrol,Manual,Sedan,blue,3275000.0
Toyota,Axio,2008.0,18.0,197.0,1500.0,Godagama,Used,Petrol,Automatic,Saloon,silver,7100000.0
Toyota,Aqua,2013.0,13.0,11111.0,1490.0,Mirigama,Used,Petrol,Automatic,Hatchback,silver,7475000.0
Suzuki,Wagon R,2025.0,1.0,19000.0,660.0,Matara,Used,Petrol,Automatic,Station wagon,white,8390000.0
Suzuki,Wagon R,2016.0,10.0,90000.0,650.0,Ambalangoda,Used,Hybrid,Automatic,Hatchback,white,6100000.0
Mazda,Familia,2001.0,25.0,180000.0,1500.0,Adampan,Used,Petrol,Manual,Hatchback,white,3200000.0
Hyundai,Santro,2004.0,22.0,197000.0,760.0,Kadawatha,Used,Petrol,Manual,Hatchback,gray,2400000.0
BMW,740Le,2017.0,9.0,67000.0,2000.0,Borella (Colombo 08),Used,Hybrid,Automatic,Saloon,white,49500000.0
Suzuki,Estilo,2011.0,15.0,89000.0,800.0,Sainthamaruthu,Used,Petrol,Automatic,Hatchback,brown,3800000.0
Suzuki,Alto,2018.0,8.0,34602.0,650.0,Ja-Ela,Used,Petrol,Automatic,Sedan,white,5600000.0
Suzuki,Wagon R,2018.0,8.0,96000.0,650.0,Kandy,Used,Petrol,Automatic,Station wagon,white,6650000.0
Suzuki,Alto,2015.0,11.0,81000.0,800.0,Ambalangoda,Used,Petrol,Manual,Hatchback,white,3700000.0
Toyota,Sprinter,1999.0,27.0,148000.0,1300.0,Kurunegala,Used,Petrol,Automatic,Saloon,silver,4000000.0
Suzuki,Wagon R,2015.0,11.0,92000.0,800.0,Gampaha,Used,Petrol,Automatic,Liftback,black,5575000.0
Toyota,Aqua,2012.0,14.0,175000.0,1490.0,Mount Lavinia,Reconditioned,Hybrid,Automatic,Hatchback,orange,6525000.0
Suzuki,Maruti,2011.0,15.0,123456.0,1000.0,Monaragala,Used,Petrol,Manual,Liftback,blue,3750000.0
Nissan,Sunny,2000.0,26.0,130000.0,1600.0,Horana,Used,Petrol,Automatic,Sedan,silver,4250000.0
Toyota,Aqua,2016.0,10.0,200000.0,1500.0,Pussellawa,Used,Petrol,Automatic,Hatchback,white,7950000.0
Toyota,Axio,2015.0,11.0,160000.0,1500.0,Ambalangoda,Used,Petrol,Automatic,Saloon,maroon,9000000.0
Nissan,FB 14,1998.0,28.0,200000.0,1500.0,Dambulla,Used,Petrol,Manual,Saloon,white,2690000.0
Daihatsu,Mira,2023.0,3.0,17000.0,660.0,Kurunegala,Brand New,Petrol,Automatic,Hatchback,silver,6500000.0
Daihatsu,Taft,2023.0,3.0,15100.0,660.0,Kottawa,Brand New,Petrol,Automatic,,blue,7890000.0
Toyota,Prius,2014.0,12.0,0.0,1500.0,Ambalangoda,Used,Petrol,Automatic,Saloon,black,11100000.0
Nissan,FB 14,1996.0,30.0,210000.0,1500.0,Ibbagamuwa,Used,Petrol,Automatic,Saloon,gray,3390000.0
Toyota,Corolla,2008.0,18.0,114000.0,1600.0,Kalutara,Used,Petrol,Automatic,Sedan,gray,7600000.0
Suzuki,Wagon R,2018.0,8.0,123456.0,660.0,Moratuwa,Used,Petrol,Automatic,Liftback,black,6500000.0
Daihatsu,Taft,2023.0,3.0,31000.0,660.0,Horana,Brand New,Petrol,Automatic,Hatchback,black,8275000.0
Suzuki,Celerio,2016.0,10.0,67000.0,1000.0,Avissawella,Used,Petrol,Automatic,Hatchback,silver,5050000.0
Toyota,Vitz,2007.0,19.0,226000.0,1000.0,Kurunegala,Used,Petrol,Automatic,Hatchback,silver,5185000.0
Suzuki,Celerio,2015.0,11.0,102500.0,1000.0,Makandura,Used,Petrol,Automatic,Liftback,silver,5200000.0
Toyota,Vitz,2015.0,11.0,128000.0,960.0,Athurugiriya,Used,Petrol,Automatic,Hatchback,black,7800000.0
Daihatsu,Thor,2023.0,3.0,12000.0,1000.0,Kotte,Reconditioned,Petrol,Automatic,Hatchback,silver,9000000.0
Suzuki,Wagon R,2023.0,3.0,2500.0,650.0,Gampaha,Reconditioned,Petrol,Automatic,Station wagon,white,8700000.0
Toyota,Allion,2008.0,18.0,189000.0,1490.0,Ambalangoda,Used,Petrol,Automatic,Sedan,silver,7500000.0
Suzuki,Alto,2015.0,11.0,95000.0,800.0,Rajagiriya,Used,Petrol,Manual,Liftback,red,3725000.0
Honda,Grace,2015.0,11.0,118000.0,1500.0,Battaramulla,Used,Hybrid,Automatic,Saloon,maroon,8990000.0
Suzuki,Wagon R,2024.0,2.0,7000.0,650.0,Kalubowila,Brand New,Hybrid,Automatic,Hatchback,yellow,8100000.0
Suzuki,Wagon R,2018.0,8.0,107000.0,650.0,Pussellawa,Used,Petrol,Automatic,Hatchback,red,7200000.0
Toyota,Vitz,2018.0,8.0,63000.0,1000.0,Ja-Ela,Used,Petrol,Automatic,,white,8190000.0
Toyota,Aqua,2013.0,13.0,178000.0,1500.0,Kaduwela,Used,Hybrid,Automatic,Hatchback,black,7350000.0
Suzuki,Celerio,2016.0,10.0,96000.0,1000.0,Kadawatha,Used,Petrol,Automatic,Hatchback,white,4975000.0
Suzuki,Wagon R,2017.0,9.0,0.0,660.0,Colombo Fort (Colombo 01),Used,Hybrid,Automatic,Hatchback,black,5950000.0
Toyota,Prius,2014.0,12.0,134000.0,1800.0,Nugegoda,Used,Hybrid,Automatic,Liftback,silver,9500000.0
Toyota,Vitz,2009.0,17.0,142000.0,1000.0,Negombo,Used,Petrol,Automatic,Hatchback,gray,5650000.0
Daihatsu,Taft,2025.0,1.0,300.0,660.0,Pilimatalawa,Brand New,Petrol,Automatic,Hatchback,white,9300000.0
Suzuki,Alto,2015.0,11.0,84200.0,800.0,Kalmunai,Used,Petrol,Manual,Hatchback,gray,4150000.0
Toyota,Vitz,2010.0,16.0,147000.0,1300.0,Embilipitiya,Used,Petrol,Automatic,Hatchback,white,5800000.0
Toyota,Wigo,2018.0,8.0,60000.0,1200.0,Pussellawa,Used,Petrol,Automatic,Hatchback,white,7200000.0
Nissan,HB 12,1987.0,39.0,100000.0,1500.0,Meegoda,Used,Petrol,Manual,Saloon,white,1495000.0
Toyota,Aqua,2012.0,14.0,165000.0,1500.0,Matara,Reconditioned,Hybrid,Automatic,Hatchback,blue,6875000.0
Suzuki,Wagon R,2015.0,11.0,150000.0,650.0,Kegalle,Used,Petrol,Manual,Hatchback,white,5600000.0
Suzuki,Alto,2017.0,9.0,93000.0,650.0,Peradeniya,Reconditioned,Hybrid,Automatic,Hatchback,silver,5100000.0
Toyota,Allion,2008.0,18.0,169000.0,1500.0,Kesbewa,Used,Petrol,Automatic,Sedan,black,9100000.0
Suzuki,Wagon R,2018.0,8.0,93000.0,660.0,Jaffna,Used,Hybrid,Automatic,Hatchback,white,7250000.0
Toyota,Vitz,2018.0,8.0,56000.0,1000.0,Kalmunai,Used,Hybrid,Automatic,Sedan,white,8100000.0
Suzuki,Wagon R,2017.0,9.0,,666.0,Seeduwa,Used,Petrol,Automatic,Hatchback,blue,6600000.0
Toyota,Premio,2010.0,16.0,118000.0,1500.0,Kandy,Used,Petrol,Automatic,Hatchback,black,8950000.0
Suzuki,Wagon R,2023.0,3.0,3500.0,690.0,Kurunegala,Brand New,Hybrid,Automatic,Hatchback,white,7200000.0
Suzuki,Swift,2017.0,9.0,78000.0,1000.0,Dehiwala,Used,Petrol,Automatic,Liftback,white,7850000.0
Daihatsu,Mira,2024.0,2.0,0.0,650.0,Gampaha,Brand New,Petrol,Automatic,Hatchback,white,6750000.0
Audi,A3,2023.0,3.0,24000.0,1000.0,Colombo Fort (Colombo 01),Brand New,Petrol,Automatic,,white,15800000.0
Mitsubishi,Lancer,2014.0,12.0,0.0,1600.0,Kadawatha,Used,Petrol,Automatic,Convertible,black,11200000.0
Toyota,Vitz,2016.0,10.0,130000.0,1000.0,Ahangama,Used,Petrol,Automatic,Hatchback,silver,6950000.0
Toyota,Prius,2010.0,16.0,187000.0,1600.0,Ambalangoda,Used,Hybrid,Automatic,Liftback,silver,6650000.0
Daihatsu,Mira,2023.0,3.0,15000.0,650.0,Kalubowila,Reconditioned,Petrol,Automatic,Hatchback,blue,6950000.0
Nissan,AD Wagon,2009.0,17.0,150000.0,1499.0,Negombo,Used,Petrol,Automatic,Hatchback,silver,1275000.0
Suzuki,Alto,2013.0,13.0,98500.0,800.0,Uswetakeiyawa,Used,Petrol,Automatic,Hatchback,red,3340000.0
Suzuki,Alto,2012.0,14.0,170000.0,990.0,Tawalama,Brand New,Petrol,Manual,Hatchback,white,3500000.0
Suzuki,Celerio,2016.0,10.0,97000.0,1000.0,Kadawatha,Used,Petrol,Automatic,Hatchback,white,5325000.0
Mitsubishi,Lancer,2003.0,23.0,100000.0,1300.0,Mahiyanganaya,Used,Petrol,Manual,Saloon,black,5600000.0
Suzuki,Wagon R,2023.0,3.0,0.0,658.0,Ratnapura,Brand New,Petrol,Automatic,Hatchback,blue,7350000.0
Toyota,Axio,2019.0,7.0,147000.0,1500.0,Tangalla,Used,Petrol,Automatic,Saloon,white,13200000.0
Nissan,ExSunny,2012.0,14.0,66000.0,1400.0,Kurunegala,Used,Petrol,Automatic,Saloon,blue,5600000.0
Toyota,Vitz,2018.0,8.0,159000.0,990.0,Ambalangoda,Used,Petrol,Automatic,Hatchback,white,7500000.0
BMW,740Le,2017.0,9.0,67000.0,2000.0,Cinnamon Garden (Colombo 07),Used,Hybrid,Automatic,Sedan,white,48700000.0
Toyota,Premio,2008.0,18.0,178000.0,1000.0,Homagama,Used,Petrol,Automatic,Hatchback,maroon,9300000.0
Suzuki,Alto,2015.0,11.0,90000.0,795.0,Ambalangoda,Used,Petrol,Manual,Hatchback,orange,3500000.0
Toyota,Premio,2007.0,19.0,146038.0,1490.0,Kelaniya,Used,Petrol,Automatic,Sedan,other,8675000.0
Suzuki,Alto,2015.0,11.0,103000.0,796.0,Godakawela,Used,Petrol,Manual,Hatchback,black,3500000.0
Hyundai,Eon,2016.0,10.0,98000.0,650.0,Vavuniya,Used,Diesel,Manual,Hatchback,red,3850000.0
Nissan,Tiida,2012.0,14.0,160000.0,1500.0,Matale,Used,Petrol,Automatic,Saloon,white,7000000.0
Honda,N BOX,2023.0,3.0,6600.0,660.0,Kottawa,Reconditioned,Petrol,Automatic,Hatchback,black,7650000.0
Datsun,Redi Go,2016.0,10.0,148000.0,800.0,Kadawatha,Used,Petrol,Manual,Hatchback,other,3300000.0
KIA,Picanto,2017.0,9.0,74500.0,998.0,Madampe,Used,Petrol,Tiptronic,Hatchback,white,6200000.0
Audi,A1,2018.0,8.0,96000.0,1000.0,Katugastota,Used,Petrol,Automatic,Hatchback,black,9000000.0
Toyota,Soluna,2001.0,25.0,240420.0,1500.0,Delgoda,Used,Petrol,Automatic,Saloon,green,2500000.0
Suzuki,Wagon R,2024.0,2.0,4000.0,650.0,Yakkala,Reconditioned,Petrol,Automatic,Hatchback,silver,7390000.0
Nissan,Sunny,2001.0,25.0,154000.0,1490.0,Kurunegala,Used,Petrol,Automatic,Saloon,white,3800000.0
Toyota,Aqua,2011.0,15.0,75000.0,1300.0,Sri Jayawardenepura Kotte,Used,Petrol,Other,Hatchback,silver,6795000.0
Suzuki,Spacia,2024.0,2.0,0.0,650.0,Kohuwala,Brand New,Petrol,Automatic,Hatchback,black,9400000.0
Suzuki,Swift,2008.0,18.0,132000.0,1300.0,Malabe,Used,Petrol,Automatic,Hatchback,blue,5550000.0
Suzuki,Wagon R,2015.0,11.0,0.0,650.0,Ambalangoda,Used,Hybrid,Automatic,Hatchback,blue,4900000.0
Nissan,March,1995.0,31.0,170000.0,1000.0,Horana,Used,Petrol,Manual,Hatchback,navy,2675000.0
Nissan,FB 15,2003.0,23.0,175000.0,1200.0,Kurunegala,Used,Petrol,Automatic,Saloon,silver,5175000.0
Suzuki,Wagon R,2024.0,2.0,0.0,660.0,Kurunegala,Brand New,Hybrid,Automatic,Station wagon,white,7975000.0
Mitsubishi,eK,2023.0,3.0,14500.0,660.0,Rajagiriya,Brand New,Petrol,Automatic,Hatchback,gray,8275000.0
Suzuki,Alto,2008.0,18.0,0.0,1000.0,Ambalangoda,Used,Petrol,Manual,Hatchback,black,2800000.0
Suzuki,Wagon R,2023.0,3.0,0.0,660.0,Moratuwa,Used,Petrol,Automatic,Hatchback,white,8450000.0
BMW,3 Series,2018.0,8.0,74442.0,1490.0,Dalugama,Used,Petrol,Automatic,Sedan,white,21500000.0
Toyota,Vios,2003.0,23.0,0.0,1300.0,Buttala,Used,Petrol,Automatic,Hatchback,other,7000000.0
Audi,A1,2017.0,9.0,69297.0,990.0,Ambalangoda,Used,Petrol,Automatic,Hatchback,red,8200000.0
Toyota,Premio,2016.0,10.0,170000.0,1500.0,Nikaweratiya,Used,Petrol,Automatic,Hatchback,white,12000000.0
Honda,Grace,2016.0,10.0,164000.0,1500.0,Anuradhapura,Used,Hybrid,Automatic,Sedan,black,9250000.0
Suzuki,Maruti,2011.0,15.0,0.0,800.0,Mirigama,Used,Petrol,Manual,Hatchback,other,2250000.0
Suzuki,Wagon R,2018.0,8.0,83000.0,650.0,Ambalangoda,Used,Hybrid,Automatic,Hatchback,white,6700000.0
Toyota,Axio,2007.0,19.0,123456.0,,Mahiyanganaya,Used,Petrol,Automatic,Saloon,silver,6900000.0
Suzuki,Celerio,2016.0,10.0,0.0,996.0,Kadawatha,Used,Petrol,Automatic,Hatchback,white,5475000.0
Toyota,Aqua,2012.0,14.0,119000.0,1500.0,Anuradhapura,Used,Hybrid,Automatic,Hatchback,white,7200000.0
Toyota,Premio,2020.0,6.0,68000.0,1500.0,Makola,Used,Petrol,Automatic,Liftback,white,18200000.0
Suzuki,Spacia,2015.0,11.0,93000.0,660.0,Nugegoda,Used,Petrol,Automatic,Saloon,white,6250000.0
Suzuki,Wagon R,2023.0,3.0,11895.0,650.0,Gampaha,Reconditioned,Petrol,Automatic,Hatchback,blue,7450000.0
Audi,A3,2023.0,3.0,0.0,1984.0,Sapugaskanda,Brand New,Petrol,Automatic,Sedan,black,18950000.0
Toyota,Axio,2012.0,14.0,81000.0,1500.0,Kottawa,Used,Petrol,Automatic,Saloon,white,9000000.0
Nissan,Dayz,2023.0,3.0,0.0,660.0,Embilipitiya,Reconditioned,Hybrid,Automatic,Hatchback,blue,8450000.0
Toyota,Vitz,2017.0,9.0,130000.0,990.0,Kadawatha,Used,Petrol,Automatic,Hatchback,black,6800000.0
Nissan,Sunny,2002.0,24.0,91000.0,1500.0,Kelaniya,Used,Petrol,Manual,Saloon,silver,4750000.0
Toyota,Prius,2013.0,13.0,115000.0,1800.0,Maharagama,Used,Hybrid,Automatic,Saloon,white,11000000.0
Toyota,Axio,2017.0,9.0,125470.0,1430.0,Kirindiwela,Used,Hybrid,Automatic,Saloon,white,10375000.0
Toyota,Tercel,1997.0,29.0,148000.0,1300.0,Kurunegala,Used,Petrol,Automatic,Saloon,white,2900000.0
Toyota,Aqua,2015.0,11.0,0.0,1500.0,Horana,Used,Hybrid,Automatic,Hatchback,orange,8290000.0
Toyota,Premio,2017.0,9.0,86000.0,1500.0,Kurunegala,Used,Petrol,Automatic,Saloon,white,14400000.0
Toyota,Corolla,1991.0,35.0,125580.0,1970.0,Maharagama,Used,Diesel,Automatic,Saloon,gray,2550000.0
Toyota,Vitz,2018.0,8.0,10098.0,990.0,Polonnaruwa,Used,Petrol,Automatic,Hatchback,white,9000000.0
Suzuki,Alto,2014.0,12.0,125000.0,800.0,Gampaha,Used,Petrol,Manual,Hatchback,gray,3600000.0
Nissan,Dayz,2023.0,3.0,6900.0,660.0,Kiribathgoda,Used,Petrol,Automatic,Station wagon,white,7125000.0
Toyota,Premio,2014.0,12.0,136000.0,1500.0,Narammala,Used,Petrol,Automatic,Hatchback,maroon,11580000.0
Mitsubishi,Lancer,1990.0,36.0,0.0,1300.0,Anuradhapura,Used,Petrol,Manual,Liftback,white,4300000.0
Suzuki,Alto,2006.0,20.0,139000.0,800.0,Diyabeduma,Used,Petrol,Manual,Hatchback,red,2850000.0
Toyota,Yaris,2024.0,2.0,11500.0,1200.0,Gampaha,Reconditioned,Petrol,Automatic,Hatchback,black,9550000.0
Toyota,Axio,2007.0,19.0,171136.0,1500.0,Sravasthipura,Used,Petrol,Automatic,Liftback,silver,7600000.0
Suzuki,Estilo,2011.0,15.0,65000.0,650.0,Batticaloa,Used,Petrol,Manual,Hatchback,white,3500000.0
Mazda,Flair,2023.0,3.0,38000.0,660.0,Kotte,Reconditioned,Hybrid,Automatic,Hatchback,white,7250000.0
Mazda,Familia,2002.0,24.0,250523.0,1500.0,Moratuwa,Used,Petrol,Automatic,Sedan,white,3690000.0
Hyundai,Accent,2001.0,25.0,158100.0,1500.0,Kadawatha,Used,Petrol,Automatic,Saloon,blue,2800000.0
Toyota,Prius,2014.0,12.0,133000.0,1600.0,Ambalangoda,Used,Hybrid,Automatic,Liftback,black,10900000.0
Toyota,Prius,2011.0,15.0,,1800.0,Malabe,Used,Hybrid,Automatic,Hatchback,white,8900000.0
Honda,Fit,2014.0,12.0,148000.0,1330.0,Ambalangoda,Used,Hybrid,Automatic,Hatchback,blue,10300000.0
Toyota,Vitz,2015.0,11.0,170000.0,1000.0,Kadawatha,Used,Petrol,Automatic,Hatchback,black,6600000.0
Hyundai,Eon,2017.0,9.0,48000.0,800.0,Kalmunai,Used,Petrol,Automatic,Liftback,white,4200000.0
Mitsubishi,eK,2023.0,3.0,6600.0,660.0,Kottawa,Reconditioned,Petrol,Automatic,Hatchback,silver,6925000.0
Toyota,Corolla,2003.0,23.0,180000.0,1500.0,Maharagama,Used,Petrol,Automatic,Hatchback,black,6000000.0
Toyota,Corolla,2000.0,26.0,97000.0,1295.0,Nuwara Eliya,Used,Petrol,Automatic,Sedan,silver,3450000.0
Suzuki,Wagon R,2015.0,11.0,150000.0,650.0,Narammala,Used,Hybrid,Automatic,Station wagon,white,5650000.0
Suzuki,Wagon R,2025.0,1.0,0.0,650.0,Wattala,Brand New,Petrol,Automatic,Hatchback,white,8590000.0
Nissan,Sunny,1986.0,40.0,1000.0,1500.0,Negombo,Used,Petrol,Manual,Saloon,white,1790000.0
Nissan,Pulsar,1987.0,39.0,0.0,1480.0,Ambalangoda,Used,Petrol,Manual,Sedan,white,1450000.0
Suzuki,Celerio,2016.0,10.0,116000.0,1000.0,Kadawatha,Used,Petrol,Automatic,Hatchback,white,5050000.0
Daihatsu,Mira,2023.0,3.0,3000.0,650.0,Kurunegala,Brand New,Petrol,Automatic,Hatchback,blue,6500000.0
Toyota,Corolla,2000.0,26.0,200000.0,1500.0,Kottawa,Used,Petrol,Automatic,Saloon,blue,5650000.0
Toyota,Vitz,2007.0,19.0,163000.0,1300.0,Badulla,Used,Petrol,Automatic,Station wagon,silver,5800000.0
KIA,Cerato,2012.0,14.0,90000.0,1500.0,Moratuwa,Used,Petrol,Automatic,Saloon,red,5750000.0
Toyota,Allion,2019.0,7.0,58000.0,1500.0,Negombo,Used,Petrol,Automatic,Liftback,white,16900000.0
Toyota,Allion,2003.0,23.0,0.0,1200.0,Anuradhapura,Used,Petrol,Manual,Saloon,black,7500000.0
Suzuki,Wagon R,2017.0,9.0,190000.0,660.0,Colombo Fort (Colombo 01),Used,Hybrid,Automatic,Hatchback,white,6590000.0
Honda,Accord,2013.0,13.0,0.0,1500.0,Mawanella,Used,Hybrid,Automatic,Saloon,white,14200000.0
Toyota,Vitz,2007.0,19.0,0.0,1300.0,Kurunegala,Used,Petrol,Automatic,Hatchback,black,5750000.0
Toyota,Prius,2011.0,15.0,180000.0,1800.0,Kolonnawa,Reconditioned,Petrol,Automatic,Sedan,silver,9400000.0
Honda,Grace,2014.0,12.0,130000.0,1500.0,Hettipola,Used,Hybrid,Automatic,Saloon,white,9450000.0
Suzuki,Wagon R,2023.0,3.0,6500.0,650.0,Kurunegala,Used,Petrol,Automatic,Hatchback,white,8500000.0
Toyota,Prius,2013.0,13.0,195000.0,1600.0,Ambalangoda,Used,Hybrid,Automatic,Liftback,white,10800000.0
Toyota,Prius,2011.0,15.0,180000.0,1800.0,Ambalangoda,Used,Petrol,Automatic,Liftback,black,9800000.0
Suzuki,Wagon R,2025.0,1.0,0.0,998.0,Cinnamon Garden (Colombo 07),Brand New,Petrol,Automatic,Hatchback,silver,8750000.0
Honda,N WGN,2017.0,9.0,125450.0,650.0,Ambalangoda,Used,Petrol,Automatic,Hatchback,silver,6600000.0
Suzuki,Maruti,2006.0,20.0,85000.0,800.0,Borella (Colombo 08),Used,Petrol,Manual,Liftback,silver,2050000.0
Suzuki,Alto,2005.0,21.0,0.0,1400.0,Kirulapone,Used,Petrol,Manual,Hatchback,white,3550000.0
Daihatsu,Taft,2025.0,1.0,1500.0,660.0,Matara,Brand New,Petrol,Automatic,,green,9300000.0
Perodua,Kelisa,2007.0,19.0,75000.0,1000.0,Peradeniya,Used,Petrol,Automatic,Liftback,silver,3450000.0
Nissan,Sunny,1992.0,34.0,0.0,1000.0,Katunayake,Used,Petrol,Manual,Saloon,other,1495000.0
Suzuki,Wagon R,2015.0,11.0,158000.0,650.0,Batticaloa,Used,Petrol,Automatic,Sedan,red,5900000.0
Suzuki,Spacia,2023.0,3.0,0.0,660.0,Kottawa,Brand New,Petrol,Automatic,Hatchback,other,7650000.0
Toyota,Aqua,2012.0,14.0,260000.0,1000.0,Colombo Fort (Colombo 01),Used,Petrol,Automatic,Hatchback,white,6400000.0
Suzuki,Swift,2011.0,15.0,105455.0,1400.0,Maharagama,Used,Petrol,Automatic,Liftback,red,5850000.0
Toyota,Aqua,2012.0,14.0,164000.0,1500.0,Ambalangoda,Used,Hybrid,Automatic,Hatchback,yellow,6900000.0
Toyota,Vitz,2015.0,11.0,91634.0,1000.0,Moratuwa,Used,Petrol,Automatic,Hatchback,white,7300000.0
Audi,A3,2023.0,3.0,20000.0,1000.0,Balapitiya,Reconditioned,Petrol,Automatic,Sedan,black,21500000.0
Honda,Grace,2016.0,10.0,155000.0,1496.0,Nittambuwa,Used,Petrol,Automatic,Liftback,gray,9450000.0
Toyota,Yaris Ativ,2017.0,9.0,85000.0,1329.0,Kadawatha,Used,Petrol,Manual,Saloon,black,8975000.0
Nissan,Leaf,2014.0,12.0,72000.0,,Kurunegala,Used,Electric,Automatic,Liftback,gray,5300000.0
Suzuki,Alto,2015.0,11.0,112877.0,800.0,Dehiwala,Used,Petrol,Manual,Liftback,brown,3980000.0
Daihatsu,Boon,2017.0,9.0,83000.0,1000.0,Marawila,Used,Petrol,Automatic,Hatchback,blue,6980000.0
Toyota,Axio,2017.0,9.0,90000.0,1500.0,Malabe,Used,Hybrid,Automatic,Saloon,white,13500000.0
Suzuki,Wagon R,2017.0,9.0,164000.0,650.0,Ambalangoda,Used,Hybrid,Automatic,Hatchback,blue,6100000.0
Suzuki,Hustler,2016.0,10.0,147000.0,650.0,Ambalangoda,Used,Petrol,Automatic,Hatchback,yellow,5850000.0
Toyota,Axio,2017.0,9.0,130000.0,1400.0,Minuwangoda,Used,Petrol,Automatic,Saloon,white,11400000.0
Toyota,Starlet,1997.0,29.0,80000.0,1500.0,Kuliyapitiya,Used,Diesel,Automatic,Hatchback,white,4200000.0
Mitsubishi,Lancer,2003.0,23.0,100000.0,1800.0,Kottawa,Used,Petrol,Automatic,Saloon,blue,5500000.0
Toyota,Corona,1998.0,28.0,180000.0,1600.0,Ragama,Used,Petrol,Automatic,Sedan,white,4600000.0
Suzuki,Zen,2010.0,16.0,124800.0,1000.0,Kaduwela,Used,Petrol,Manual,Liftback,red,2975000.0
Nissan,Primera,2001.0,25.0,140000.0,1800.0,Kegalle,Used,Petrol,Automatic,Sedan,blue,3700000.0
Suzuki,Wagon R,2015.0,11.0,75000.0,650.0,Katugastota,Used,Petrol,Manual,Station wagon,black,5200000.0
Suzuki,Wagon R,2018.0,8.0,100000.0,650.0,Maharagama,Used,Petrol,Automatic,Hatchback,white,5850000.0
Suzuki,Maruti,2011.0,15.0,0.0,650.0,Akuressa,Used,Petrol,Manual,,maroon,2800000.0
Toyota,Starlet,1996.0,30.0,280000.0,1490.0,Dematagoda (Colombo 09),Used,Diesel,Automatic,Hatchback,white,3675000.0
Toyota,Vios,2003.0,23.0,190000.0,1500.0,Kaduwela,Used,Petrol,Other,Saloon,black,5250000.0
Suzuki,Celerio,2017.0,9.0,110000.0,1000.0,Kotikawatta,Used,Petrol,Automatic,,white,5475000.0
Suzuki,Wagon R,2024.0,2.0,17000.0,650.0,Kottawa,Brand New,Petrol,Automatic,Station wagon,black,7450000.0
Suzuki,Swift,2004.0,22.0,250000.0,1000.0,Monaragala,Used,Petrol,Manual,Sedan,blue,4700000.0
Toyota,Premio,2011.0,15.0,0.0,1600.0,Ambalangoda,Used,Petrol,Automatic,Saloon,brown,9300000.0
Suzuki,Alto,2015.0,11.0,86000.0,650.0,Kurunegala,Used,Petrol,Manual,Hatchback,black,3850000.0
Suzuki,Alto,2015.0,11.0,78000.0,800.0,Kalmunai,Used,Petrol,Manual,Liftback,silver,3800000.0
Nissan,FB 15,1999.0,27.0,338000.0,1490.0,Ambalangoda,Used,Petrol,Automatic,Saloon,white,3775000.0
Nissan,Dayz,2016.0,10.0,0.0,660.0,Ambalangoda,Used,Petrol,Automatic,Hatchback,white,5500000.0
Suzuki,Swift,2017.0,9.0,1500.0,1500.0,Nugegoda,Reconditioned,Petrol,Automatic,Hatchback,blue,8250000.0
Toyota,Passo,2024.0,2.0,140009.0,1000.0,Kelaniya,Brand New,Petrol,Automatic,,pink,9500000.0
Toyota,Yaris,2024.0,2.0,15000.0,1500.0,Peliyagoda,Used,Hybrid,Automatic,Hatchback,black,10500000.0
Suzuki,Spacia,2025.0,1.0,0.0,650.0,Kurunegala,Brand New,Hybrid,Automatic,Hatchback,silver,9500000.0
Honda,Civic,2002.0,24.0,155000.0,1700.0,Piliyandala,Used,Petrol,Automatic,Sedan,blue,5650000.0
Suzuki,Every,2018.0,8.0,75000.0,1000.0,Pallewela,Used,Petrol,Other,Station wagon,white,6075000.0
Suzuki,Maruti,2000.0,26.0,60000.0,800.0,Malabe,Used,Petrol,Manual,Hatchback,black,2375000.0
Honda,Grace,2015.0,11.0,120000.0,1500.0,Anuradhapura,Used,Hybrid,Automatic,Liftback,white,9200000.0
Suzuki,Celerio,2015.0,11.0,85300.0,1000.0,Kalmunai,Used,Petrol,Automatic,Hatchback,silver,5100000.0
Suzuki,Wagon R,2018.0,8.0,61000.0,650.0,Malabe,Used,Petrol,Automatic,Hatchback,black,6890000.0
Toyota,Carina,2008.0,18.0,0.0,1500.0,Anuradhapura,Used,Petrol,Manual,Hatchback,other,5500000.0
Suzuki,Alto,2017.0,9.0,80000.0,650.0,Kurunegala,Used,Hybrid,Automatic,Hatchback,blue,5700000.0
Toyota,Allion,2010.0,16.0,121000.0,1500.0,Panadura,Used,Petrol,Automatic,Saloon,maroon,8900000.0
Suzuki,Wagon R,2023.0,3.0,0.0,650.0,Kurunegala,Brand New,Hybrid,Automatic,Hatchback,gray,8900000.0
Nissan,FB 15,1999.0,27.0,100000.0,1500.0,Ambalangoda,Used,Petrol,Automatic,Saloon,blue,4100000.0
Renault,KWID,2017.0,9.0,70000.0,800.0,Batticaloa,Used,Petrol,Manual,Hatchback,white,3650000.0
Nissan,Dayz,2023.0,3.0,0.0,660.0,Ja-Ela,Brand New,Petrol,Automatic,Liftback,white,7990000.0
Toyota,Vitz,2007.0,19.0,114000.0,1000.0,Kadawatha,Used,Petrol,Automatic,Hatchback,purple,5700000.0
Suzuki,Alto,2011.0,15.0,105000.0,800.0,Kiribathgoda,Used,Petrol,Manual,Hatchback,red,3200000.0
Suzuki,Swift,2024.0,2.0,0.0,1500.0,Kohuwala,Brand New,Petrol,Automatic,Hatchback,white,12300000.0
Toyota,Axio,2011.0,15.0,133000.0,1500.0,Kurunegala,Used,Petrol,Automatic,Liftback,white,7650000.0
Nissan,Pulsar,1997.0,29.0,0.0,1500.0,Godakawela,Used,Petrol,Manual,Hatchback,black,2695000.0
Daihatsu,Mira,2023.0,3.0,3900.0,660.0,Divulapitiya,Brand New,Petrol,Automatic,Hatchback,white,6600000.0
Nissan,March,2003.0,23.0,201000.0,1300.0,Piliyandala,Used,Petrol,Automatic,Hatchback,blue,3840000.0
Toyota,Prius,2012.0,14.0,78000.0,1800.0,Ragama,Used,Hybrid,Automatic,Sports,white,12450000.0
Suzuki,Wagon R,2018.0,8.0,96000.0,650.0,Ambalangoda,Used,Hybrid,Automatic,Hatchback,black,5900000.0
Suzuki,Celerio,2016.0,10.0,150000.0,996.0,Kadawatha,Used,Petrol,Automatic,Liftback,yellow,4575000.0
Toyota,Vios,2004.0,22.0,180000.0,1500.0,Athurugiriya,Used,Petrol,Manual,Saloon,white,4775000.0
Suzuki,Maruti,2007.0,19.0,131200.0,800.0,Divulapitiya,Used,Petrol,Manual,Saloon,blue,2175000.0
Toyota,Corolla,2019.0,7.0,66800.0,1200.0,Mirigama,Used,Petrol,Automatic,Hatchback,black,13800000.0
Mercedes Benz,E250,2014.0,12.0,63000.0,1991.0,Kandy,Used,Petrol,Automatic,Hatchback,white,27500000.0
Chery,QQ,2007.0,19.0,65900.0,800.0,Padukka,Used,Petrol,Manual,Hatchback,green,1790000.0
Honda,Integra,1998.0,28.0,175000.0,2000.0,Rajagiriya,Brand New,Petrol,Manual,Sports,white,5500000.0
Suzuki,Alto,2005.0,21.0,136000.0,800.0,Kegalle,Used,Petrol,Manual,Liftback,blue,1975000.0
Toyota,Vitz,2007.0,19.0,0.0,1300.0,Ambalangoda,Used,Petrol,Automatic,Hatchback,white,5200000.0
Toyota,Passo,2017.0,9.0,71000.0,760.0,Kegalle,Used,Petrol,Automatic,Hatchback,blue,5500000.0
Honda,Fit,2011.0,15.0,190000.0,1300.0,Ambalangoda,Used,Hybrid,Automatic,Hatchback,yellow,6600000.0
Honda,Grace,2016.0,10.0,156000.0,1500.0,Ambalangoda,Used,Hybrid,Automatic,Sedan,red,8750000.0
Suzuki,Alto,2009.0,17.0,184000.0,796.0,Pasyala,Used,Petrol,Manual,Hatchback,maroon,2875000.0
Honda,Grace,2015.0,11.0,135000.0,1500.0,Ragama,Used,Hybrid,Automatic,Sedan,white,9100000.0
Suzuki,Spacia,2018.0,8.0,130000.0,660.0,Pannipitiya,Used,Hybrid,Automatic,Sedan,blue,7450000.0
Toyota,Vitz,2016.0,10.0,125000.0,990.0,Wadduwa,Used,Petrol,Automatic,Hatchback,black,7250000.0
Toyota,Aqua,2012.0,14.0,0.0,1500.0,Ambalangoda,Used,Hybrid,Automatic,Liftback,blue,6500000.0
Micro,Panda Cross,2017.0,9.0,85000.0,1300.0,Ambalangoda,Used,Petrol,Automatic,Hatchback,black,4000000.0
Suzuki,Wagon R,2024.0,2.0,2800.0,660.0,Ambalangoda,Brand New,Hybrid,Automatic,Hatchback,blue,8375000.0
Suzuki,Maruti,2011.0,15.0,120000.0,800.0,Kegalle,Used,Petrol,Manual,Hatchback,orange,3700000.0
Mitsubishi,Lancer,1989.0,37.0,190000.0,1200.0,Peradeniya,Used,Petrol,Manual,Sedan,white,1450000.0
Mazda,Flair,2024.0,2.0,22000.0,660.0,Borella (Colombo 08),Brand New,Hybrid,Automatic,Hatchback,blue,9300000.0
Honda,Fit,2015.0,11.0,143000.0,1500.0,Pita Kotte,Used,Hybrid,Automatic,Hatchback,red,7790000.0
Suzuki,Wagon R,2017.0,9.0,84000.0,650.0,Horana,Used,Hybrid,Automatic,Station wagon,white,6700000.0
Toyota,Vitz,2017.0,9.0,166000.0,1000.0,Minuwangoda,Used,Petrol,Automatic,Hatchback,silver,7500000.0
Suzuki,Celerio,2015.0,11.0,0.0,1000.0,Agalawatta,Used,Petrol,Automatic,Hatchback,silver,6075000.0
Micro,Panda,2012.0,14.0,94000.0,1000.0,Akkaraipattu,Used,Petrol,Manual,Hatchback,white,2750000.0
Chevrolet,Cruze,2003.0,23.0,154000.0,1330.0,Kotagala,Used,Petrol,Automatic,Hatchback,silver,4350000.0
Toyota,Passo,2005.0,21.0,121000.0,1000.0,Gampaha,Used,Petrol,Automatic,Saloon,green,4200000.0
Suzuki,Wagon R,2025.0,1.0,0.0,660.0,Kohuwala,Brand New,Petrol,Automatic,,white,7000000.0
Toyota,Premio,2014.0,12.0,0.0,1500.0,Ambalangoda,Used,Petrol,Automatic,Sedan,white,12500000.0
Austin,Mini,,,200000.0,1000.0,Matale,Used,Petrol,Manual,Hatchback,black,2600000.0
Nissan,Dayz,2023.0,3.0,6600.0,660.0,Kottawa,Brand New,Petrol,Automatic,Hatchback,white,7550000.0
Toyota,Mark II,2001.0,25.0,88750.0,2000.0,Ambalangoda,Used,Petrol,Automatic,Saloon,silver,6000000.0
Micro,Panda,2012.0,14.0,88345.0,1300.0,Wennappuwa,Used,Petrol,Other,Hatchback,white,2500000.0
Honda,Fit,2014.0,12.0,229000.0,1490.0,Colombo Fort (Colombo 01),Used,Petrol,Automatic,Hatchback,black,7500000.0
Toyota,Aqua,2014.0,12.0,90905.0,1500.0,Ambalangoda,Used,Petrol,Automatic,Hatchback,blue,7200000.0
Suzuki,Alto,2015.0,11.0,122000.0,1000.0,Kotahena (Colombo 13),Used,Petrol,Automatic,Liftback,gray,4150000.0
Toyota,Aqua,2012.0,14.0,190000.0,1496.0,Ambalangoda,Used,Hybrid,Automatic,Hatchback,black,6425000.0
Suzuki,Baleno,2016.0,10.0,123000.0,1200.0,Godagama,Used,Petrol,Automatic,Hatchback,black,6750000.0
Suzuki,Swift,2004.0,22.0,0.0,1300.0,Ambalangoda,Used,Petrol,Automatic,Hatchback,black,4750000.0
Toyota,Premio,2014.0,12.0,150000.0,1500.0,Ambalangoda,Used,Petrol,Automatic,Sedan,brown,11900000.0
Suzuki,Wagon R,2015.0,11.0,152000.0,1500.0,Boralesgamuwa,Used,Hybrid,Automatic,Liftback,blue,5200000.0
Audi,A3,2023.0,3.0,19500.0,1000.0,Kiribathgoda,Reconditioned,Petrol,Automatic,Saloon,blue,18500000.0
Toyota,Prius,2016.0,10.0,104723.0,1800.0,Ratmalana,Used,Hybrid,Automatic,Liftback,white,13400000.0
BMW,4 Series,2016.0,10.0,40000.0,2000.0,Kahawatta,Used,Petrol,Automatic,Saloon,black,29500000.0
Toyota,Premio,2013.0,13.0,139000.0,1500.0,Kalutara,Used,Petrol,Automatic,Hatchback,white,10890000.0
Toyota,Belta,2008.0,18.0,167000.0,1300.0,Ambalangoda,Used,Petrol,Automatic,Saloon,blue,6000000.0
Suzuki,Alto,2015.0,11.0,82500.0,998.0,Dematagoda (Colombo 09),Used,Petrol,Automatic,Liftback,blue,4500000.0
Audi,A3,2023.0,3.0,11500.0,1000.0,Kelaniya,Reconditioned,Petrol,Automatic,Convertible,white,19500000.0
Mitsubishi,Lancer,2002.0,24.0,100000.0,3000.0,Kurunegala,Reconditioned,Petrol,Manual,Sedan,blue,10500000.0
Toyota,Aqua,2015.0,11.0,145000.0,1500.0,Ambalangoda,Used,Petrol,Automatic,Hatchback,white,8500000.0
Suzuki,Alto,2015.0,11.0,126000.0,800.0,Ambalangoda,Used,Petrol,Manual,Hatchback,blue,3700000.0
Toyota,Vitz,2018.0,8.0,77900.0,1000.0,Katunayake,Used,Petrol,Automatic,Hatchback,white,8600000.0
Suzuki,Wagon R,2017.0,9.0,150000.0,650.0,Baduraliya,Used,Hybrid,Automatic,Hatchback,black,6000000.0
Tata,Indica,2015.0,11.0,112000.0,1200.0,Batticaloa,Used,Petrol,Manual,Hatchback,maroon,2700000.0
Suzuki,Alto,2014.0,12.0,94161.0,800.0,Kaduwela,Used,Petrol,Manual,Saloon,red,3590000.0
Toyota,Allion,2009.0,17.0,238000.0,1500.0,Ambalangoda,Used,Petrol,Automatic,Sedan,black,8500000.0
Nissan,Wingroad,2006.0,20.0,203000.0,1500.0,Pettah (Colombo 11),Used,Petrol,Automatic,Hatchback,green,5450000.0
Toyota,Prius,2007.0,19.0,200.0,1490.0,Ampitiya,Used,Hybrid,Automatic,Convertible,silver,6495000.0
Toyota,Corolla,1997.0,29.0,185000.0,1330.0,Gampaha,Used,Petrol,Automatic,Saloon,white,2500000.0
Toyota,Axio,2014.0,12.0,126000.0,1499.0,Mirigama,Used,Hybrid,Automatic,Sedan,white,9500000.0
Honda,Fit,2014.0,12.0,109000.0,1500.0,Wellawa,Used,Petrol,Automatic,Liftback,white,7850000.0
Toyota,Yaris,2023.0,3.0,0.0,1000.0,Horana,Brand New,Petrol,Automatic,,black,9720000.0
Suzuki,Wagon R,2007.0,19.0,1000.0,1500.0,Piliyandala,Used,Petrol,Manual,Hatchback,white,4200000.0
Toyota,DX Wagon,1986.0,40.0,0.0,1300.0,Pelmadulla,Used,Petrol,Manual,Saloon,white,1175000.0
Suzuki,Alto,2016.0,10.0,107000.0,800.0,Ambalangoda,Used,Petrol,Manual,Hatchback,red,3800000.0
Toyota,Prius,2014.0,12.0,155000.0,1600.0,Ambalangoda,Used,Hybrid,Automatic,Liftback,brown,10900000.0
Toyota,Allion,2010.0,16.0,212000.0,1500.0,Athurugiriya,Brand New,Petrol,Automatic,Saloon,beige,8850000.0
Suzuki,Wagon R,2025.0,1.0,0.0,650.0,Maradana (Colombo 10),Brand New,Hybrid,Automatic,Hatchback,white,9100000.0
Hyundai,Getz,2003.0,23.0,190000.0,1400.0,Batticaloa,Used,Petrol,Automatic,Hatchback,maroon,2800000.0
Suzuki,Spacia,2016.0,10.0,53600.0,670.0,Kandana,Used,Hybrid,Automatic,Station wagon,gray,6125000.0
Suzuki,Wagon R,2018.0,8.0,22.14,650.0,Welimada,Used,Hybrid,Automatic,Hatchback,white,7450000.0
Suzuki,Alto,2012.0,14.0,147000.0,800.0,Adampan,Used,Petrol,Manual,Hatchback,maroon,3300000.0
Toyota,Vitz,2007.0,19.0,120000.0,1000.0,Panadura,Reconditioned,Petrol,Automatic,Hatchback,silver,5250000.0
Honda,Fit,2014.0,12.0,120000.0,1500.0,Ambalangoda,Used,Hybrid,Automatic,Hatchback,yellow,7450000.0
Honda,Fit,2013.0,13.0,0.0,1390.0,Boralesgamuwa,Used,Hybrid,Automatic,Hatchback,silver,6975000.0
Audi,A3,2024.0,2.0,4580.0,1000.0,Kalubowila,Used,Petrol,Automatic,Saloon,blue,24500000.0
Toyota,Vitz,2018.0,8.0,76000.0,1000.0,Boralesgamuwa,Used,Petrol,Automatic,Sports,black,7350000.0
Suzuki,Wagon R,2023.0,3.0,123.0,660.0,Dunagaha,Brand New,Hybrid,Automatic,Sedan,white,8000000.0
Toyota,Starlet,1998.0,28.0,100000.0,1330.0,Kuliyapitiya,Used,Petrol,Automatic,Hatchback,white,2900000.0
Daihatsu,Charade,1990.0,36.0,14000.0,1000.0,Kandy,Used,Petrol,Manual,Hatchback,white,1550000.0
Suzuki,Wagon R,2016.0,10.0,69000.0,650.0,Ambalangoda,Used,Petrol,Automatic,Hatchback,beige,5500000.0
Honda,Odyssey,2000.0,26.0,200000.0,2000.0,Borella (Colombo 08),Used,Petrol,Automatic,Station wagon,gold,3575000.0
Toyota,Vitz,2010.0,16.0,91000.0,650.0,Panadura,Used,Petrol,Automatic,Hatchback,black,5650000.0
Perodua,Elite,2010.0,16.0,125000.0,1000.0,Kurunegala,Used,Petrol,Automatic,Hatchback,green,4200000.0
Honda,Insight,2009.0,17.0,18000.0,1330.0,Ambalangoda,Used,Hybrid,Automatic,Liftback,blue,6775000.0
Zotye,Z100,2017.0,9.0,65000.0,800.0,Bandaragama,Used,Petrol,Manual,Hatchback,white,3295000.0
Honda,CRX,1991.0,35.0,140000.0,1500.0,Ja-Ela,Used,Petrol,Manual,Liftback,white,3600000.0
Toyota,Vitz,2014.0,12.0,139000.0,1000.0,Veyangoda,Used,Petrol,Automatic,Hatchback,blue,6250000.0
Suzuki,Alto,2000.0,26.0,0.0,650.0,Panadura,Used,Petrol,Automatic,Liftback,white,3195000.0
Nissan,Roox,2023.0,3.0,2000.0,660.0,Embilipitiya,Reconditioned,Petrol,Automatic,Hatchback,blue,8600000.0
Nissan,Roox,2025.0,1.0,200.0,660.0,Negombo,Brand New,Petrol,Automatic,Liftback,white,9250000.0
Toyota,Aqua,2014.0,12.0,79500.0,1500.0,Panadura,Used,Hybrid,Automatic,Hatchback,black,7950000.0
Toyota,Aqua,2012.0,14.0,101000.0,1490.0,Maharagama,Used,Hybrid,Automatic,Liftback,silver,7050000.0
Zotye,Z100,2017.0,9.0,37000.0,1000.0,Horana,Used,Petrol,Manual,Hatchback,red,3145000.0
Honda,Grace,2016.0,10.0,158000.0,1500.0,Ambalangoda,Used,Hybrid,Automatic,Sedan,red,8500000.0
Toyota,Premio,2017.0,9.0,90000.0,1500.0,Anuradhapura,Used,Hybrid,Automatic,Hatchback,red,15500000.0
Toyota,Allion,2010.0,16.0,180000.0,1500.0,Gampaha,Used,Petrol,Automatic,Sedan,black,9750000.0
Honda,City,2000.0,26.0,189000.0,1493.0,Monaragala,Used,Petrol,Manual,Hatchback,black,3550000.0
Toyota,Prius,2016.0,10.0,100000.0,1790.0,Katunayake,Reconditioned,Petrol,Automatic,Liftback,white,12700000.0
Toyota,Prius,2014.0,12.0,97000.0,1798.0,Ambalangoda,Used,Hybrid,Automatic,Hatchback,purple,10875000.0
Nissan,Cefiro,1999.0,27.0,210000.0,1500.0,Gampaha,Used,Petrol,Automatic,Sedan,blue,2880000.0
Suzuki,Wagon R,2018.0,8.0,90000.0,650.0,Nikaweratiya,Used,Petrol,Automatic,Hatchback,white,5800000.0
Daihatsu,Taft,2024.0,2.0,3500.0,,Kadawatha,Brand New,Petrol,Automatic,Hatchback,green,7990000.0
Mazda,Familia,2001.0,25.0,0.0,1005.0,Meegoda,Used,Petrol,Manual,Saloon,blue,3870000.0
Suzuki,Wagon R,2018.0,8.0,97000.0,650.0,Anuradhapura,Used,Petrol,Manual,Liftback,white,7250000.0
Suzuki,Wagon R,2023.0,3.0,0.0,1500.0,Kotte,Brand New,Petrol,Automatic,Hatchback,white,8400000.0
Perodua,Axia,2017.0,9.0,111000.0,1000.0,Kadawatha,Used,Petrol,Automatic,Hatchback,white,5750000.0
Toyota,Passo,2023.0,3.0,6600.0,660.0,Kottawa,Reconditioned,Petrol,Automatic,Hatchback,silver,8350000.0
Honda,Insight,2011.0,15.0,176000.0,1300.0,Galle,Used,Hybrid,Automatic,,silver,7850000.0
Renault,KWID,2016.0,10.0,72000.0,800.0,Athurugiriya,Used,Petrol,Manual,Hatchback,gray,3750000.0
Toyota,Aqua,2015.0,11.0,82000.0,1500.0,Maharagama,Used,Hybrid,Automatic,Liftback,black,8790000.0
Nissan,FB 15,2000.0,26.0,100000.0,1300.0,Kaduwela,Used,Petrol,Manual,Hatchback,white,4130000.0
Honda,N WGN,2017.0,9.0,81500.0,660.0,Gunnepana,Used,Petrol,Automatic,Station wagon,blue,6800000.0
Toyota,Carina,1999.0,27.0,165000.0,1500.0,Kuliyapitiya,Used,Petrol,Automatic,Saloon,silver,5850000.0
Nissan,Sunny,2010.0,16.0,184825.0,1000.0,Kaduwela,Used,Petrol,Automatic,Sports,gray,5690000.0
Suzuki,Alto,2010.0,16.0,90367.0,800.0,Hali Ela,Used,Petrol,Manual,Hatchback,blue,3175000.0
Toyota,Custom,2024.0,2.0,2500.0,690.0,Kurunegala,Brand New,Hybrid,Automatic,Hatchback,white,8990000.0
Ford,Laser,1993.0,33.0,238000.0,1300.0,Piliyandala,Used,Petrol,Manual,Sedan,blue,1675000.0
Suzuki,Celerio,2016.0,10.0,94000.0,1000.0,Kadawatha,Used,Petrol,Automatic,Hatchback,red,5275000.0
Toyota,Prius,2008.0,18.0,0.0,1490.0,Embilipitiya,Used,Petrol,Automatic,Convertible,silver,7200000.0
Toyota,Prius,2012.0,14.0,136000.0,1800.0,Maharagama,Used,Hybrid,Automatic,Sedan,silver,10200000.0
Mitsubishi,eK,2023.0,3.0,6600.0,660.0,Kottawa,Brand New,Petrol,Automatic,Hatchback,silver,7200000.0
Mitsubishi,eK,2023.0,3.0,6600.0,660.0,Kottawa,Reconditioned,Petrol,Automatic,Hatchback,silver,6950000.0
Toyota,Axio,2015.0,11.0,52000.0,1490.0,Gampaha,Used,Petrol,Automatic,Sedan,other,10700000.0
Toyota,Premio,2019.0,7.0,65000.0,1500.0,Ambalangoda,Used,Petrol,Automatic,Sedan,red,16700000.0
Suzuki,Maruti,2006.0,20.0,45000.0,796.0,Dehiowita,Used,Petrol,Manual,Hatchback,maroon,2100000.0
Toyota,Premio,2015.0,11.0,97000.0,1500.0,Panadura,Used,Petrol,Automatic,Saloon,black,11450000.0
Nissan,Dayz,2023.0,3.0,0.0,650.0,Kohuwala,Brand New,Petrol,Automatic,Hatchback,blue,8200000.0
Toyota,Passo,2010.0,16.0,87275.0,1000.0,Ragama,Used,Petrol,Automatic,Saloon,red,5300000.0
Mazda,Familia,1995.0,31.0,,1498.0,Horana,Used,Petrol,Other,Saloon,black,2230000.0
Datsun,Redi Go,2016.0,10.0,0.0,800.0,Panadura,Used,Petrol,Manual,Liftback,green,3265000.0
Nissan,N 16,2004.0,22.0,0.0,1500.0,Maharagama,Used,Petrol,Automatic,Saloon,maroon,4000000.0
Suzuki,Wagon R,2024.0,2.0,0.0,650.0,Negombo,Brand New,Petrol,Automatic,Hatchback,gray,7500000.0
Nissan,Note,2023.0,3.0,500.0,1198.0,Anuradhapura,Brand New,Petrol,Automatic,Hatchback,purple,11000000.0
Perodua,Axia,2016.0,10.0,79000.0,1000.0,Piliyandala,Used,Petrol,Automatic,Hatchback,green,5650000.0
Honda,Civic,2003.0,23.0,0.0,1700.0,Ambalangoda,Used,Petrol,Automatic,Saloon,blue,5800000.0
Honda,Fit,2011.0,15.0,110000.0,1339.0,Moratuwa,Used,Petrol,Automatic,Hatchback,silver,7000000.0
Honda,N BOX,2023.0,3.0,0.0,650.0,Colombo Fort (Colombo 01),Brand New,Petrol,Automatic,Hatchback,white,9000000.0
Nissan,Dayz,2024.0,2.0,3400.0,650.0,Kadawatha,Brand New,Petrol,Automatic,Hatchback,gray,8550000.0
BMW,7 Series,2014.0,12.0,73000.0,3000.0,Ambalangoda,Used,Hybrid,Automatic,Sedan,black,27650000.0
Suzuki,Spacia,2025.0,1.0,0.0,650.0,Negombo,Brand New,Hybrid,Automatic,Hatchback,white,10800000.0
Mercedes Benz,C200,2019.0,7.0,6251.0,1500.0,Ratmalana,Used,Petrol,Automatic,Sedan,red,29000000.0
Daihatsu,Move,2023.0,3.0,0.0,660.0,Embilipitiya,Reconditioned,Petrol,Automatic,Hatchback,white,8150000.0
Toyota,Premio,2010.0,16.0,235000.0,1790.0,Borella (Colombo 08),Used,Petrol,Automatic,Saloon,silver,8500000.0
Suzuki,Swift,2003.0,23.0,0.0,1328.0,Ambalangoda,Used,Petrol,Automatic,Hatchback,silver,3800000.0
Daihatsu,Taft,2023.0,3.0,0.0,660.0,Rajagiriya,Brand New,Petrol,Automatic,Convertible,other,8300000.0
Toyota,Premio,2016.0,10.0,139000.0,1500.0,Nugegoda,Used,Petrol,Automatic,Liftback,white,13700000.0
Daihatsu,Mira,2024.0,2.0,0.0,650.0,Nittambuwa,Brand New,Petrol,Automatic,Hatchback,silver,6590000.0
Suzuki,Wagon R,2016.0,10.0,76000.0,650.0,Kurunegala,Used,Petrol,Manual,Station wagon,white,5050000.0
Daihatsu,Mira,2024.0,2.0,3500.0,690.0,Kurunegala,Brand New,Hybrid,Automatic,Hatchback,red,6500000.0
Toyota,Axio,2007.0,19.0,0.0,1200.0,Nikaweratiya,Used,Petrol,Automatic,Hatchback,gray,7250000.0
Nissan,Sylphy,2014.0,12.0,87000.0,1790.0,Nugegoda,Used,Petrol,Automatic,Saloon,black,9500000.0
BYD,Dolphin,2025.0,1.0,16000.0,,Kesbewa,Used,Petrol,Automatic,Hatchback,gray,11650000.0
Suzuki,Wagon R,2016.0,10.0,139000.0,660.0,Wadduwa,Used,Petrol,Automatic,Hatchback,silver,5750000.0
Nissan,March,1997.0,29.0,135000.0,1000.0,Mount Lavinia,Used,Petrol,Automatic,Hatchback,white,2285000.0
Honda,Aria,2004.0,22.0,190000.0,1500.0,Beruwala,Used,Petrol,Tiptronic,Sedan,silver,4750000.0
Suzuki,Wagon R,2018.0,8.0,120000.0,660.0,Boralesgamuwa,Used,Hybrid,Automatic,Hatchback,silver,5890000.0
Honda,Accord,2013.0,13.0,0.0,1500.0,Nawala,Used,Petrol,Automatic,Liftback,white,14200000.0
Honda,Grace,2017.0,9.0,130000.0,1500.0,Wellawatta (Colombo 06),Excellent running condition,Petrol,Automatic,Hatchback,white,9800000.0
Suzuki,Alto,2015.0,11.0,125000.0,800.0,Balana,Used,Petrol,Manual,Liftback,gray,3600000.0
Suzuki,Maruti,2007.0,19.0,67500.0,800.0,Ratnapura,Used,Petrol,Manual,Hatchback,blue,2190000.0
Toyota,Aqua,2014.0,12.0,110000.0,1500.0,Ambalangoda,Used,Petrol,Automatic,Hatchback,white,7700000.0
Suzuki,Wagon R,2016.0,10.0,90000.0,650.0,Matara,Reconditioned,Petrol,Automatic,Hatchback,red,5600000.0
Toyota,Carina,1999.0,27.0,200000.0,1500.0,Gampaha,Used,Petrol,Automatic,Saloon,white,5150000.0
Toyota,Corolla,2006.0,20.0,128000.0,1600.0,Anuradhapura,Used,Petrol,Automatic,Liftback,blue,7150000.0
Suzuki,Wagon R,2024.0,2.0,600.0,660.0,Borella (Colombo 08),Brand New,Petrol,Automatic,Hatchback,blue,8500000.0
Toyota,Pixis,2019.0,7.0,140000.0,1000.0,Anuradhapura,Used,Petrol,Automatic,Hatchback,blue,5500000.0
Toyota,Corolla,2001.0,25.0,0.0,1500.0,Matale,Used,Petrol,Automatic,Saloon,black,5375000.0
Toyota,Corolla,1999.0,27.0,,1500.0,Kuliyapitiya,Used,Petrol,Automatic,Sedan,white,3975000.0
Nissan,Dayz,2018.0,8.0,42400.0,660.0,Matara,Used,Petrol,Automatic,Hatchback,white,6250000.0
Mitsubishi,Lancer,2002.0,24.0,0.0,1500.0,Yakkala,Used,Petrol,Manual,Liftback,red,5100000.0
Suzuki,Wagon R,2018.0,8.0,74000.0,1000.0,Kohuwala,Used,Petrol,Automatic,Hatchback,white,6795000.0
Honda,Grace,2015.0,11.0,146000.0,1490.0,Dehiwala,Used,Hybrid,Tiptronic,Sedan,white,8900000.0
Suzuki,Swift,2017.0,9.0,93000.0,1000.0,Galle,Used,Petrol,Automatic,Hatchback,white,8100000.0
Suzuki,Alto,2015.0,11.0,68500.0,800.0,Kirillawala,Used,Petrol,Manual,Hatchback,white,4000000.0
Toyota,Yaris,2023.0,3.0,4300.0,1000.0,Nittambuwa,Reconditioned,Hybrid,Automatic,Hatchback,red,9800000.0
Mercedes Benz,A180,2010.0,16.0,165000.0,1234.0,Ampara,Used,Petrol,Automatic,Hatchback,silver,19000000.0
Daihatsu,Mira,2024.0,2.0,0.0,650.0,Nikaweratiya,Used,Petrol,Automatic,Liftback,white,6625000.0
Suzuki,Celerio,2018.0,8.0,40000.0,1000.0,Ambalangoda,Used,Petrol,Manual,Hatchback,orange,5600000.0
Mazda,Flair,2016.0,10.0,140000.0,660.0,Angoda,Used,Petrol,Automatic,Hatchback,silver,5400000.0
Nissan,Sunny,1990.0,36.0,400000.0,1500.0,Kirillawala,Used,Petrol,Manual,Hatchback,white,1375000.0
Suzuki,Spacia,2023.0,3.0,3500.0,690.0,Agaliya,Brand New,Petrol,Automatic,Hatchback,beige,8500000.0
Suzuki,Wagon R,2018.0,8.0,61000.0,650.0,Batticaloa,Used,Hybrid,Automatic,Station wagon,white,7200000.0
Suzuki,Wagon R,2018.0,8.0,0.0,1500.0,Nugegoda,Reconditioned,Petrol,Automatic,Station wagon,white,7400000.0
Suzuki,Wagon R,2025.0,1.0,150.0,660.0,Kalutara,Brand New,Hybrid,Automatic,Hatchback,white,8950000.0
Suzuki,Alto,2016.0,10.0,82000.0,1000.0,Pallewela,Used,Petrol,Other,Station wagon,white,5175000.0
Suzuki,Hustler,2016.0,10.0,85000.0,1000.0,Ambalangoda,Used,Petrol,Automatic,Hatchback,yellow,6000000.0
Mitsubishi,Lancer,1987.0,39.0,0.0,1400.0,Pilimatalawa,Used,Petrol,Manual,,gray,675000.0
Micro,Panda Cross,2017.0,9.0,0.0,1000.0,Panadura,Used,Petrol,Automatic,Hatchback,white,4395000.0
Daihatsu,Tanto,2023.0,3.0,4200.0,660.0,Dehiwala,Brand New,Petrol,Automatic,Station wagon,white,7600000.0
Suzuki,Wagon R,2025.0,1.0,0.0,660.0,Moratuwa,Brand New,Hybrid,Automatic,Station wagon,white,8600000.0
Nissan,Sunny,1995.0,31.0,0.0,1500.0,Kirulapone,Used,Petrol,Manual,Saloon,maroon,3850000.0
Toyota,Allion,2004.0,22.0,0.0,1500.0,Ja-Ela,Used,Petrol,Automatic,Saloon,red,7550000.0
Suzuki,Alto,2015.0,11.0,200000.0,800.0,Battaramulla,Used,Petrol,Manual,Hatchback,black,3700000.0
Micro,Panda,2012.0,14.0,0.0,1300.0,Panadura,Used,Petrol,Manual,Hatchback,orange,2495000.0
Honda,Fit,2010.0,16.0,146000.0,1333.0,Narammala,Used,Hybrid,Automatic,Liftback,black,6350000.0
Mercedes Benz,C Class,2019.0,7.0,30000.0,1800.0,Ambalangoda,Used,Petrol,Automatic,Saloon,white,22500000.0
Honda,Fit,2013.0,13.0,0.0,1500.0,Ambalangoda,Used,Hybrid,Automatic,Hatchback,blue,7400000.0
Micro,Panda,2011.0,15.0,118000.0,1300.0,Godagama,Used,Petrol,Manual,Hatchback,white,2495000.0
Suzuki,Wagon R,2023.0,3.0,12500.0,660.0,Gampaha,Brand New,Petrol,Automatic,Hatchback,gray,7150000.0
Suzuki,Hustler,2015.0,11.0,85000.0,660.0,Horana,Used,Hybrid,Automatic,Hatchback,maroon,5925000.0
Suzuki,Wagon R,2016.0,10.0,61000.0,1000.0,Kadawatha,Used,Petrol,Automatic,Hatchback,red,5250000.0
Toyota,Corolla,2004.0,22.0,147000.0,1500.0,Malabe,Used,Petrol,Automatic,Saloon,blue,6190000.0
Toyota,Corolla,2002.0,24.0,170000.0,1300.0,Narahenpita (Colombo 05),Used,Petrol,Manual,Sedan,blue,4850000.0
Honda,Fit,2013.0,13.0,0.0,1317.0,Gampaha,Used,Petrol,Automatic,Hatchback,white,7500000.0
Nissan,Tiida,2007.0,19.0,218000.0,1500.0,Moratuwa,Used,Petrol,Automatic,Sedan,beige,5200000.0
Toyota,Allion,2008.0,18.0,94500.0,1490.0,Homagama,Used,Petrol,Automatic,Hatchback,silver,8350000.0
Suzuki,Wagon R,2016.0,10.0,100000.0,660.0,Dehiwala,Used,Petrol,Automatic,Hatchback,blue,5550000.0
Toyota,Vitz,2016.0,10.0,32900.0,1000.0,Badulla,Used,Petrol,Automatic,Hatchback,silver,7950000.0
Mitsubishi,eK,2016.0,10.0,99899.0,1500.0,Adampan,Used,Hybrid,Automatic,Liftback,pink,5350000.0
Suzuki,Celerio,2016.0,10.0,115000.0,1000.0,Kadawatha,Used,Petrol,Automatic,Hatchback,white,5275000.0
Toyota,Premio,2016.0,10.0,125000.0,1500.0,Ambalangoda,Used,Petrol,Automatic,Saloon,maroon,14200000.0
Toyota,Vitz,2016.0,10.0,123456.0,1490.0,Kandy,Used,Petrol,Automatic,Liftback,white,7450000.0
Mitsubishi,Galant,1998.0,28.0,98000.0,1500.0,Gampaha,Used,Petrol,Manual,Saloon,silver,3750000.0
Toyota,Aqua,2014.0,12.0,141000.0,1330.0,Kalmunai,Used,Petrol,Automatic,Station wagon,silver,7600000.0
Suzuki,Wagon R,2016.0,10.0,100000.0,600.0,Gampaha,Used,Petrol,Automatic,Hatchback,blue,5900000.0
Perodua,Elite,2011.0,15.0,225000.0,1000.0,Kandy,Used,Petrol,Automatic,Liftback,black,4490000.0
Suzuki,Wagon R,2017.0,9.0,150000.0,660.0,Anuradhapura,Used,Petrol,Automatic,Hatchback,white,5200000.0
Perodua,Viva,2010.0,16.0,114000.0,1000.0,Gampaha,Used,Petrol,Automatic,Hatchback,blue,4200000.0
Toyota,Allion,2007.0,19.0,191000.0,1800.0,Maharagama,Used,Petrol,Automatic,Sedan,black,8200000.0
Nissan,Pulsar,1996.0,30.0,244449.0,1490.0,Minuwangoda,Reconditioned,Petrol,Manual,Saloon,silver,2875000.0
Toyota,Axio,2015.0,11.0,0.0,1500.0,Anuradhapura,Used,Petrol,Automatic,Saloon,black,9600000.0
Mitsubishi,eK,2023.0,3.0,5750.0,660.0,Kotte,Brand New,Petrol,Automatic,Hatchback,white,7150000.0
Suzuki,Alto,2024.0,2.0,0.0,660.0,Kurunegala,Brand New,Hybrid,Manual,Station wagon,white,7450000.0
Micro,Panda,2018.0,8.0,55600.0,1000.0,Mulleriyawa New Town,Used,Petrol,Automatic,Hatchback,white,3875000.0
Honda,Fit,2012.0,14.0,0.0,1330.0,Wennappuwa,Used,Hybrid,Automatic,Hatchback,black,8890000.0
Suzuki,Wagon R,2025.0,1.0,0.0,650.0,Nugegoda,Brand New,Petrol,Automatic,Hatchback,white,8700000.0
BMW,3 Series,2016.0,10.0,75000.0,1500.0,Kohuwala,Used,Petrol,Automatic,Saloon,white,18850000.0
Peugeot,306,1999.0,27.0,0.0,1300.0,Pilimatalawa,Used,Petrol,Manual,,black,1275000.0
Toyota,Vitz,2015.0,11.0,94589.0,660.0,Ampara,Used,Petrol,Automatic,Hatchback,white,7800000.0
Perodua,Elite,2009.0,17.0,110000.0,1000.0,Negombo,Used,Petrol,Automatic,Hatchback,black,4200000.0
Suzuki,Alto,2016.0,10.0,0.0,800.0,Anuradhapura,Used,Petrol,Manual,Hatchback,other,4500000.0
Toyota,Aqua,2014.0,12.0,132000.0,1500.0,Ja-Ela,Used,Hybrid,Automatic,Station wagon,white,7000000.0
Toyota,Axio,2013.0,13.0,115000.0,1500.0,Rajagiriya,Used,Petrol,Automatic,Saloon,white,8900000.0
Toyota,Prius,2013.0,13.0,142000.0,1600.0,Panadura,Used,Hybrid,Automatic,Liftback,silver,9850000.0
Toyota,Prius,2010.0,16.0,164000.0,1800.0,Adampan,Used,Hybrid,Automatic,Sedan,black,9600000.0
Suzuki,Alto,2015.0,11.0,0.0,800.0,Angoda,Used,Petrol,Manual,Liftback,red,4000000.0
Mitsubishi,Lancer,1998.0,28.0,240000.0,1500.0,Maharagama,Used,Petrol,Automatic,Sedan,white,2660000.0
Nissan,March,2002.0,24.0,0.0,1300.0,Kandy,Used,Petrol,Automatic,Hatchback,blue,3650000.0
Nissan,Dayz,2025.0,1.0,350.0,658.0,Narammala,Brand New,Hybrid,Automatic,Hatchback,black,8200000.0
Perodua,Viva,2011.0,15.0,154328.0,1000.0,Ambalangoda,Used,Petrol,Automatic,Hatchback,silver,4050000.0
Toyota,Vitz,2019.0,7.0,49000.0,1500.0,Ambalangoda,Used,Petrol,Automatic,Hatchback,white,8500000.0
Honda,City,2003.0,23.0,0.0,1500.0,Ambalangoda,Used,Petrol,Automatic,Liftback,blue,5000000.0
Suzuki,Maruti,1996.0,30.0,65000.0,800.0,Alawwa,Used,Petrol,Manual,Hatchback,red,1145000.0
Honda,Fit,2010.0,16.0,82000.0,1000.0,Wattala,Used,Petrol,Automatic,Liftback,blue,6750000.0
Suzuki,Wagon R,2018.0,8.0,80000.0,950.0,Maharagama,Used,Petrol,Automatic,Station wagon,white,7190000.0
Toyota,Aqua,2012.0,14.0,220000.0,1497.0,Malabe,Used,Hybrid,Automatic,,white,7500000.0
Suzuki,Estilo,2012.0,14.0,98000.0,1000.0,Ragama,Used,Petrol,Manual,Hatchback,gold,3575000.0
Nissan,N 16,2000.0,26.0,145000.0,1300.0,Ganemulla,Used,Petrol,Manual,Saloon,maroon,3950000.0
Toyota,Premio,2015.0,11.0,240000.0,1500.0,Kandy,Used,Petrol,Automatic,Saloon,maroon,13100000.0
Toyota,Corolla,2023.0,3.0,12800.0,1500.0,Ambalangoda,Used,Petrol,Automatic,Liftback,white,17000000.0
Toyota,Prius,2008.0,18.0,200000.0,1497.0,Galle,Used,Hybrid,Automatic,Hatchback,blue,6000000.0
Daihatsu,Cast,2017.0,9.0,76000.0,650.0,Dehiwala,Used,Petrol,Automatic,Hatchback,black,6300000.0
Toyota,Axio,2017.0,9.0,123000.0,1500.0,Jambugahapitiya,Used,Hybrid,Automatic,,white,12100000.0
Suzuki,Spacia,2023.0,3.0,0.0,660.0,Rajagiriya,Brand New,Petrol,Automatic,Hatchback,white,8450000.0
Suzuki,Hustler,2016.0,10.0,106000.0,650.0,Kadawatha,Used,Petrol,Automatic,Hatchback,yellow,6100000.0
Toyota,Axio,2007.0,19.0,220000.0,1500.0,Anuradhapura,Used,Petrol,Automatic,Sedan,silver,7250000.0
Mitsubishi,Lancer,2002.0,24.0,170000.0,1500.0,Gampaha,Used,Petrol,Manual,Saloon,white,5475000.0
Suzuki,Hustler,2023.0,3.0,0.0,660.0,Galle,Brand New,Petrol,Automatic,Hatchback,other,8200000.0
Suzuki,Alto,2023.0,3.0,0.0,660.0,Kurunegala,Brand New,Hybrid,Manual,Station wagon,silver,6950000.0
Suzuki,Wagon R,2024.0,2.0,5000.0,660.0,Dehiwala,Brand New,Petrol,Automatic,Hatchback,yellow,7400000.0
KIA,Picanto,2016.0,10.0,145000.0,1000.0,Nugegoda,Used,Petrol,Automatic,Hatchback,white,5750000.0
Honda,Grace,2015.0,11.0,127000.0,1500.0,Kollupitiya (Colombo 03),Used,Hybrid,Automatic,Sedan,white,8900000.0
Toyota,Premio,2018.0,8.0,81000.0,1500.0,Kalutara,Used,Petrol,Automatic,Liftback,white,15500000.0
Honda,City,2025.0,1.0,0.0,1200.0,Kurunegala,Brand New,Petrol,Automatic,Sedan,white,16800000.0
Suzuki,Wagon R,2018.0,8.0,100000.0,650.0,Ampara,Used,Hybrid,Automatic,Sedan,white,6850000.0
Toyota,Vitz,2017.0,9.0,97000.0,990.0,Ambalangoda,Used,Petrol,Automatic,Hatchback,purple,7300000.0
Toyota,Yaris,2024.0,2.0,11500.0,990.0,Gampaha,Reconditioned,Petrol,Automatic,Hatchback,black,9750000.0
Suzuki,Wagon R,2023.0,3.0,220.0,660.0,Kelaniya,Used,Petrol,Other,Station wagon,silver,8100000.0
Suzuki,Wagon R,2025.0,1.0,0.0,658.0,Kadawatha,Brand New,Hybrid,Automatic,Hatchback,white,8535000.0
Honda,Fit,2011.0,15.0,140000.0,1330.0,Ambalangoda,Used,Hybrid,Automatic,Hatchback,white,5800000.0
Suzuki,Maruti,2008.0,18.0,60000.0,800.0,Ahangama,Used,Petrol,Manual,Hatchback,gray,2200000.0
Toyota,Prius,2016.0,10.0,198000.0,1790.0,Kiribathgoda,Used,Hybrid,Automatic,Saloon,silver,13175000.0
Suzuki,Swift,2017.0,9.0,117500.0,990.0,Matara,Used,Petrol,Automatic,Hatchback,gray,7900000.0
Suzuki,Spacia,2024.0,2.0,11000.0,658.0,Kurunegala,Reconditioned,Petrol,Automatic,Hatchback,white,9800000.0
Daihatsu,Mira,2017.0,9.0,0.0,650.0,Ambalangoda,Used,Petrol,Automatic,Hatchback,red,6250000.0
Suzuki,Wagon R,2018.0,8.0,93000.0,660.0,Anuradhapura,Used,Hybrid,Automatic,Hatchback,white,6550000.0
Suzuki,Alto,2024.0,2.0,0.0,650.0,Kurunegala,Brand New,Petrol,Automatic,Convertible,white,5800000.0
Suzuki,Alto,2015.0,11.0,66000.0,660.0,Kurunegala,Used,Hybrid,Automatic,Hatchback,red,5700000.0
Suzuki,Swift,2008.0,18.0,0.0,1300.0,Kuliyapitiya,Used,Petrol,Manual,Convertible,silver,4700000.0
Suzuki,Maruti,2005.0,21.0,120000.0,800.0,Godakawela,Used,Petrol,Manual,Hatchback,red,2050000.0
Daihatsu,Mira,2016.0,10.0,150000.0,660.0,Horana,Used,Petrol,Automatic,Hatchback,pink,5450000.0
Toyota,Vitz,2015.0,11.0,70000.0,990.0,Mulleriyawa New Town,Used,Petrol,Automatic,Hatchback,blue,7495000.0
BMW,X Series,2018.0,8.0,150000.0,1500.0,Delgoda,Used,Petrol,Automatic,,white,18200000.0
Toyota,Passo,2007.0,19.0,80000.0,1000.0,Kegalle,Used,Petrol,Automatic,Hatchback,white,5500000.0
Suzuki,Wagon R,2023.0,3.0,6600.0,660.0,Kottawa,Brand New,Petrol,Automatic,Hatchback,other,7050000.0
Nissan,Sunny,1998.0,28.0,120000.0,1500.0,Delgoda,Used,Petrol,Automatic,Saloon,white,3200000.0
Toyota,Vitz,2016.0,10.0,161000.0,990.0,Bandaragama,Used,Petrol,Automatic,Hatchback,silver,7750000.0
Toyota,Corona,1995.0,31.0,120000.0,1650.0,Anuradhapura,Used,Petrol,Manual,Hatchback,navy,2550000.0
Suzuki,Alto,2011.0,15.0,80000.0,800.0,Kurunegala,Used,Petrol,Manual,Hatchback,gray,3200000.0
Toyota,Prius,2010.0,16.0,170000.0,1800.0,Ambalangoda,Used,Petrol,Automatic,Liftback,white,9000000.0
Daihatsu,Mira,2023.0,3.0,8500.0,650.0,Kurunegala,Brand New,Petrol,Automatic,Hatchback,gray,7000000.0
Suzuki,Alto,2014.0,12.0,0.0,800.0,Kalagedihena,Used,Petrol,Manual,Hatchback,black,4000000.0
Honda,Insight,2009.0,17.0,220000.0,1300.0,Palapathwela,Used,Hybrid,Automatic,Saloon,silver,7000000.0
Suzuki,Spacia,2024.0,2.0,7000.0,650.0,Kohuwala,Brand New,Petrol,Automatic,Hatchback,silver,9750000.0
Toyota,Vitz,2008.0,18.0,120000.0,1000.0,Kaleliya,Used,Petrol,Automatic,Hatchback,white,5550000.0
Suzuki,Alto,2015.0,11.0,78000.0,1000.0,Sri Jayawardenepura Kotte,Used,Petrol,Automatic,Hatchback,white,3750000.0
Suzuki,Alto,2011.0,15.0,130000.0,990.0,Wellawatta (Colombo 06),Used,Petrol,Manual,Hatchback,other,4100000.0
Suzuki,Alto,2017.0,9.0,75000.0,1300.0,Kaduwela,Used,Petrol,Manual,Liftback,blue,4900000.0
Micro,Panda,2014.0,12.0,0.0,800.0,Kurunegala,Used,Petrol,Manual,Liftback,other,3400000.0
BMW,i Series,2012.0,14.0,139000.0,2000.0,Kelaniya,Used,Petrol,Automatic,Saloon,silver,15800000.0
Suzuki,Maruti,2010.0,16.0,0.0,800.0,Pilimatalawa,Used,Petrol,Manual,,blue,1750000.0
Suzuki,Spacia,2025.0,1.0,3500.0,690.0,Kurunegala,Brand New,Hybrid,Automatic,Hatchback,white,9500000.0
Suzuki,Baleno,2019.0,7.0,156000.0,1000.0,Avissawella,Brand New,Petrol,Automatic,Hatchback,white,7800000.0
Toyota,Axio,2016.0,10.0,180000.0,1500.0,Colombo Fort (Colombo 01),Used,Petrol,Automatic,Hatchback,black,8900000.0
Micro,Panda,2015.0,11.0,63400.0,890.0,Kegalle,Used,Petrol,Manual,Hatchback,white,2890000.0
Perodua,Viva,2013.0,13.0,138000.0,1000.0,Colombo Fort (Colombo 01),Used,Petrol,Automatic,Hatchback,purple,4575000.0
Suzuki,Spacia,2025.0,1.0,6000.0,650.0,Colombo Fort (Colombo 01),Brand New,Petrol,Automatic,Hatchback,white,2485000.0
Micro,Emgrand 7,2015.0,11.0,103000.0,1800.0,Mattakkuliya (Colombo 15),Used,Petrol,Automatic,Saloon,maroon,4750000.0
Toyota,Vitz,2017.0,9.0,44000.0,1000.0,Kottawa,Used,Petrol,Automatic,Saloon,silver,7950000.0
Suzuki,Spacia,2023.0,3.0,4500.0,690.0,Kurunegala,Brand New,Hybrid,Automatic,Hatchback,white,8650000.0
Suzuki,Alto,2017.0,9.0,100000.0,660.0,Piliyandala,Used,Petrol,Automatic,Hatchback,white,5125000.0
BMW,4 Series,2014.0,12.0,,,Ampara,Used,Hybrid,Automatic,Hatchback,white,22600000.0
Mercedes Benz,CLA,2024.0,2.0,8322.0,1300.0,Maradana (Colombo 10),Reconditioned,Hybrid,Automatic,Saloon,black,34900000.0
Suzuki,Celerio,2015.0,11.0,130000.0,960.0,Colombo Fort (Colombo 01),Used,Petrol,Automatic,Hatchback,yellow,4200000.0
Honda,Grace,2014.0,12.0,193000.0,1500.0,Embilipitiya,Used,Hybrid,Automatic,Saloon,white,8300000.0
Toyota,Allion,2012.0,14.0,182000.0,1490.0,Gampaha,Used,Petrol,Automatic,Saloon,other,8900000.0
Suzuki,Alto,2017.0,9.0,50000.0,800.0,Imbulgoda,Used,Petrol,Manual,Hatchback,green,3975000.0
Micro,Panda,2015.0,11.0,0.0,1000.0,Piliyandala,Used,Petrol,Manual,Hatchback,yellow,2850000.0
Suzuki,Alto,2017.0,9.0,54000.0,800.0,Kalmunai,Used,Petrol,Manual,Hatchback,white,4250000.0
Honda,Fit,2012.0,14.0,165800.0,1330.0,Batticaloa,Used,Hybrid,Automatic,Hatchback,black,7500000.0
Suzuki,Spacia,2024.0,2.0,0.0,660.0,Kurunegala,Brand New,Hybrid,Automatic,Hatchback,silver,9500000.0
Suzuki,Wagon R,2010.0,16.0,0.0,650.0,Kirulapone,Used,Petrol,Manual,Hatchback,white,5550000.0
Toyota,Prius,2007.0,19.0,178700.0,1490.0,Medawachchiya,Used,Hybrid,Automatic,Hatchback,silver,6950000.0
Suzuki,Spacia,2024.0,2.0,0.0,650.0,Kurunegala,Brand New,Hybrid,Automatic,,white,9700000.0
Nissan,March,2000.0,26.0,160000.0,1000.0,Ratmalana,Used,Petrol,Automatic,Station wagon,blue,2850000.0
Mazda,Demio,2009.0,17.0,180000.0,1300.0,Pelmadulla,Used,Petrol,Automatic,Hatchback,white,5480000.0
Nissan,Almera,2025.0,1.0,0.0,1000.0,Kalubowila,Brand New,Petrol,Automatic,Saloon,white,13500000.0
Honda,Insight,2009.0,17.0,216000.0,1200.0,Pussellawa,Used,Petrol,Automatic,Hatchback,blue,7200000.0
Toyota,Allion,2013.0,13.0,156000.0,1500.0,Horana,Used,Petrol,Automatic,Sedan,white,10790000.0
Suzuki,A Star,2012.0,14.0,135876.0,1000.0,Badulla,Used,Petrol,Automatic,Hatchback,white,4650000.0
Toyota,Premio,2011.0,15.0,0.0,1500.0,Kurunegala,Used,Petrol,Automatic,Liftback,maroon,9250000.0
Toyota,Premio,2018.0,8.0,76000.0,1490.0,Dankotuwa,Used,Petrol,Automatic,Saloon,white,14500000.0
Nissan,March,2007.0,19.0,150000.0,1300.0,Akuregoda,Used,Petrol,Manual,Saloon,red,4250000.0
Toyota,Wigo,2018.0,8.0,90000.0,998.0,Kurunegala,Used,Petrol,Automatic,Hatchback,red,6200000.0
Perodua,Kenari,2007.0,19.0,0.0,1000.0,Panadura,Used,Petrol,Automatic,Liftback,black,3595000.0
Renault,KWID,2016.0,10.0,120724.0,800.0,Moratuwa,Used,Petrol,Manual,Hatchback,white,3785000.0
Nissan,Tiida,2008.0,18.0,93500.0,1500.0,Dematagoda (Colombo 09),Used,Petrol,Automatic,Sedan,black,5300000.0
Toyota,Vitz,2017.0,9.0,100000.0,1000.0,Talawatugoda,Used,Petrol,Automatic,Hatchback,black,7950000.0
Toyota,Vitz,2017.0,9.0,46000.0,1000.0,Ja-Ela,Used,Petrol,Automatic,,white,7590000.0
Toyota,Aqua,2012.0,14.0,210000.0,1600.0,Ambalangoda,Used,Hybrid,Automatic,Hatchback,blue,6700000.0
Suzuki,Alto,2024.0,2.0,9300.0,650.0,Kalagedihena,Reconditioned,Petrol,Automatic,Sedan,silver,6475000.0
Toyota,Aqua,2013.0,13.0,83000.0,,Slave Island (Colombo 02),Used,Petrol,Manual,Saloon,white,7300000.0
Renault,KWID,2016.0,10.0,51900.0,690.0,Colombo Fort (Colombo 01),Used,Petrol,Automatic,Hatchback,red,3700000.0
Suzuki,Swift,2017.0,9.0,107000.0,1000.0,Rajagiriya,Used,Petrol,Automatic,Hatchback,black,8525000.0
Toyota,Axio,2014.0,12.0,184000.0,1500.0,Moratuwa,Used,Hybrid,Automatic,Saloon,white,9050000.0
Toyota,Aqua,2012.0,14.0,139000.0,1500.0,Galle,Used,Petrol,Automatic,Hatchback,white,6550000.0
Honda,Civic,2017.0,9.0,119000.0,1000.0,Baddegama,Used,Petrol,Automatic,Saloon,white,12500000.0
Toyota,Premio,2016.0,10.0,176000.0,1490.0,Andiambalama,Used,Petrol,Automatic,Sedan,white,13500000.0
Suzuki,Wagon R,2018.0,8.0,90000.0,650.0,Katunayake,Reconditioned,Petrol,Automatic,Hatchback,white,6375000.0
Honda,Civic,1999.0,27.0,0.0,1500.0,Ambalangoda,Used,Petrol,Manual,Saloon,red,5000000.0
Suzuki,Wagon R,2016.0,10.0,86000.0,650.0,Gampaha,Used,Petrol,Automatic,Hatchback,gray,5350000.0
Suzuki,Wagon R,2017.0,9.0,94000.0,650.0,Ambalangoda,Used,Petrol,Automatic,Hatchback,black,7000000.0
Toyota,Vitz,2016.0,10.0,85000.0,1000.0,Ambalangoda,Used,Petrol,Automatic,Hatchback,white,7000000.0
Toyota,Belta,2007.0,19.0,116500.0,1000.0,Matara,Used,Petrol,Automatic,Saloon,silver,5950000.0
BMW,5 Series,2014.0,12.0,130000.0,1995.0,Ambalangoda,Used,Diesel,Automatic,Sedan,white,25200000.0
BMW,5 Series,1998.0,28.0,174500.0,,Dehiwala,Used,Petrol,Automatic,Hatchback,red,4800000.0
Suzuki,Wagon R,2014.0,12.0,99400.0,650.0,Wattala,Used,Hybrid,Automatic,Hatchback,silver,5450000.0
Suzuki,Wagon R,2017.0,9.0,95000.0,800.0,Kadawatha,Used,Petrol,Automatic,Hatchback,black,6600000.0
Toyota,Wigo,2018.0,8.0,91000.0,1198.0,Ratnapura,Used,Petrol,Manual,Liftback,other,6250000.0
Tata,Nano,2015.0,11.0,175000.0,650.0,Moratuwa,Used,Petrol,Manual,Hatchback,white,2000000.0
Daihatsu,Mira,2002.0,24.0,98000.0,650.0,Kalutara,Reconditioned,Petrol,Automatic,Hatchback,white,3490000.0
Toyota,Prius,2012.0,14.0,145000.0,1790.0,Horana,Used,Petrol,Automatic,Hatchback,white,9700000.0
Suzuki,Celerio,2016.0,10.0,96000.0,1000.0,Kadawatha,Used,Petrol,Automatic,Hatchback,white,5175000.0
Honda,City,2025.0,1.0,135.0,1000.0,Athurugiriya,Brand New,Petrol,Automatic,Saloon,white,13700000.0
Micro,Panda,2018.0,8.0,0.0,1000.0,Ambalangoda,Used,Petrol,Manual,Hatchback,white,3800000.0
Suzuki,Alto,2015.0,11.0,72000.0,800.0,Nugegoda,Used,Petrol,Manual,Hatchback,white,3900000.0
Micro,Panda,2011.0,15.0,73000.0,1300.0,Ambalangoda,Used,Petrol,Manual,Hatchback,green,2500000.0
Hyundai,Eon,2015.0,11.0,79000.0,850.0,Ampara,Used,Petrol,Manual,Hatchback,black,4225000.0
Daihatsu,Mira,2025.0,1.0,0.0,660.0,Balapitiya,Reconditioned,Petrol,Automatic,Hatchback,white,6850000.0
Suzuki,Wagon R,2023.0,3.0,3180.0,660.0,Rambukkana,Brand New,Petrol,Automatic,Hatchback,white,7250000.0
Toyota,Aqua,2012.0,14.0,116000.0,1500.0,Ambalangoda,Used,Petrol,Automatic,Hatchback,blue,7300000.0
Suzuki,Wagon R,2018.0,8.0,88000.0,760.0,Kurunegala,Used,Hybrid,Automatic,Hatchback,white,6700000.0
Toyota,Premio,2015.0,11.0,57457.0,990.0,Ampara,Used,Hybrid,Automatic,Liftback,white,15000000.0
Toyota,Premio,2013.0,13.0,172000.0,1500.0,Nittambuwa,Used,Petrol,Automatic,Liftback,white,11700000.0
Toyota,Passo,2023.0,3.0,0.0,1000.0,Kottawa,Brand New,Petrol,Automatic,Liftback,gray,8350000.0
Toyota,Passo,2023.0,3.0,1234.0,660.0,Kottawa,Brand New,Petrol,Automatic,Hatchback,maroon,8100000.0
Mitsubishi,eK,2024.0,2.0,0.0,,Angoda,Brand New,Electric,Automatic,Hatchback,gold,8800000.0
Toyota,Axio,2007.0,19.0,160000.0,1500.0,Matale,Used,Petrol,Automatic,Sedan,silver,7250000.0
Mazda,Flair,2015.0,11.0,128000.0,650.0,Ratnapura,Used,Petrol,Automatic,Hatchback,black,5100000.0
Toyota,Corolla,2004.0,22.0,152000.0,1500.0,Nittambuwa,Used,Petrol,Automatic,Saloon,white,6425000.0
Toyota,Prius,2012.0,14.0,0.0,1490.0,Ja-Ela,Used,Petrol,Automatic,Liftback,silver,10500000.0
Toyota,Axio,2018.0,8.0,69000.0,1500.0,Ambalangoda,Used,Petrol,Automatic,Saloon,blue,12000000.0
Toyota,Aqua,2015.0,11.0,143000.0,1500.0,Pussellawa,Used,Petrol,Automatic,Hatchback,maroon,8500000.0
Suzuki,Wagon R,2023.0,3.0,0.0,660.0,Kurunegala,Brand New,Petrol,Manual,Station wagon,silver,7250000.0
Suzuki,Wagon R,2014.0,12.0,0.0,700.0,Kegalle,Used,Diesel,Automatic,Hatchback,black,5500000.0
Mercedes Benz,CLA,2019.0,7.0,0.0,2000.0,Ambalangoda,Used,Petrol,Automatic,Liftback,gray,25000000.0
Suzuki,Alto,2011.0,15.0,123.0,1000.0,Matugama,Used,Petrol,Manual,Hatchback,black,3200000.0
Suzuki,Wagon R,2024.0,2.0,10900.0,660.0,Kurunegala,Brand New,Petrol,Automatic,Sedan,blue,7500000.0
Nissan,Sunny,2001.0,25.0,0.0,1600.0,Ambalangoda,Used,Petrol,Automatic,Saloon,white,4450000.0
Toyota,Premio,2013.0,13.0,160000.0,1500.0,Ambalangoda,Used,Petrol,Automatic,Saloon,maroon,10500000.0
Suzuki,Wagon R,2017.0,9.0,87000.0,1500.0,Boralesgamuwa,Used,Hybrid,Automatic,Liftback,black,5700000.0
Toyota,Passo,2018.0,8.0,65000.0,1000.0,Maharagama,Used,Petrol,Automatic,Liftback,white,6450000.0
Perodua,Viva,2013.0,13.0,0.0,1000.0,Kandy,Used,Petrol,Automatic,Hatchback,white,4500000.0
Toyota,Yaris,2022.0,4.0,20000.0,1000.0,Borella (Colombo 08),Brand New,Petrol,Automatic,Hatchback,black,9000000.0
Suzuki,Wagon R,2018.0,8.0,0.0,650.0,Kandy,Used,Hybrid,Automatic,Hatchback,white,6450000.0
Suzuki,Wagon R,2024.0,2.0,650.0,650.0,Akkaraipattu,Brand New,Petrol,Automatic,Sedan,white,7900000.0
Suzuki,Celerio,2015.0,11.0,85328.0,1000.0,Batticaloa,Used,Petrol,Automatic,Hatchback,white,4950000.0
Toyota,Yaris,2007.0,19.0,170000.0,1300.0,Athurugiriya,Used,Petrol,Automatic,Sedan,white,6700700.0
Suzuki,Swift,2005.0,21.0,102070.0,1300.0,Piliyandala,Used,Petrol,Automatic,Hatchback,gray,4500000.0
Suzuki,Wagon R,2024.0,2.0,0.0,650.0,Batticaloa,Brand New,Hybrid,Automatic,Sedan,white,9000000.0
Daihatsu,Taft,2025.0,1.0,0.0,650.0,Athurugiriya,Brand New,Petrol,Automatic,Hatchback,white,8650000.0
Suzuki,Wagon R,2018.0,8.0,170000.0,650.0,Katunayake,Used,Hybrid,Automatic,,white,6850000.0
Toyota,Prius,2007.0,19.0,177000.0,1600.0,Kandana,Used,Hybrid,Automatic,Liftback,white,6200000.0
Toyota,Corolla,1986.0,40.0,190000.0,1300.0,Matale,Used,Petrol,Manual,Liftback,white,1600000.0
Toyota,Vitz,2016.0,10.0,118000.0,1000.0,Kadawatha,Used,Petrol,Automatic,Hatchback,gray,7425000.0
Hyundai,Accent,2001.0,25.0,150000.0,1000.0,Pilessa,Used,Petrol,Automatic,Saloon,gray,2650000.0
Honda,Civic,1998.0,28.0,0.0,1500.0,Ambalangoda,Used,Petrol,Manual,Liftback,white,4500000.0
Toyota,Vitz,2019.0,7.0,90000.0,1000.0,Ambalangoda,Used,Petrol,Automatic,Hatchback,white,8300000.0
Suzuki,Alto,2015.0,11.0,191000.0,796.0,Kurunegala,Used,Petrol,Manual,Liftback,silver,3450000.0
Suzuki,Alto,2015.0,11.0,84000.0,1000.0,Kuliyapitiya,Used,Petrol,Manual,Hatchback,white,4350000.0
Nissan,March,2003.0,23.0,2.0,1300.0,Avissawella,Used,Petrol,Manual,Liftback,silver,3300000.0
Daihatsu,Move,2016.0,10.0,78000.0,658.0,Weliveriya,Used,Petrol,Automatic,Hatchback,silver,5890000.0
Suzuki,Wagon R,2025.0,1.0,6800.0,650.0,Mattakkuliya (Colombo 15),Brand New,Petrol,Automatic,Hatchback,white,7650000.0
Nissan,Dayz,2024.0,2.0,6600.0,660.0,Kottawa,Brand New,Petrol,Automatic,Hatchback,other,7300000.0
Daihatsu,Taft,2024.0,2.0,0.0,1000.0,Borella (Colombo 08),Brand New,Petrol,Automatic,Hatchback,black,8350000.0
Suzuki,Swift,2004.0,22.0,165000.0,1300.0,Moratuwa,Used,Petrol,Automatic,Hatchback,silver,4300000.0
Toyota,Axio,2018.0,8.0,0.0,1500.0,Kaduwela,Used,Hybrid,Automatic,Saloon,maroon,13350000.0
Peugeot,206,2000.0,26.0,150000.0,1360.0,Akarawita,Used,Petrol,Manual,Hatchback,orange,3250000.0
Suzuki,Wagon R,2018.0,8.0,88000.0,650.0,Ambalangoda,Used,Hybrid,Automatic,Hatchback,white,6900000.0
Suzuki,Wagon R,2023.0,3.0,0.0,650.0,Kohuwala,Brand New,Hybrid,Automatic,Station wagon,navy,8550000.0
Suzuki,Wagon R,2018.0,8.0,23350.0,660.0,Kamburupitiya,Used,Hybrid,Automatic,Hatchback,white,7400000.0
Honda,Grace,2015.0,11.0,0.0,1496.0,Ambalangoda,Used,Hybrid,Automatic,Sedan,gray,8700000.0
Micro,MX7,2011.0,15.0,92000.0,1500.0,Bandaragama,Used,Petrol,Manual,Sedan,black,3295000.0
Toyota,Prius,2013.0,13.0,0.0,1400.0,Colombo Fort (Colombo 01),Used,Hybrid,Automatic,Hatchback,white,10900000.0
Ford,Laser,1998.0,28.0,100000.0,1600.0,Moratuwa,Used,Petrol,Manual,Saloon,white,2775000.0
Suzuki,Alto,2024.0,2.0,1200.0,650.0,Nittambuwa,Reconditioned,Hybrid,Automatic,Hatchback,gray,6200000.0
Toyota,Axio,2013.0,13.0,1500.0,1500.0,Horana,Used,Petrol,Automatic,Saloon,blue,8700000.0
Geely,Panda,2017.0,9.0,,1000.0,Beliatta,Used,Petrol,Manual,Hatchback,white,3250000.0
Toyota,Axio,2014.0,12.0,160000.0,1500.0,Gampaha,Used,Hybrid,Automatic,Sedan,maroon,9500000.0
Suzuki,Wagon R,2018.0,8.0,110000.0,650.0,Pussellawa,Used,Petrol,Automatic,Hatchback,white,7200000.0
Suzuki,Wagon R,2018.0,8.0,89500.0,650.0,Malabe,Brand New,Petrol,Automatic,Hatchback,white,7990000.0
Toyota,Corolla,1999.0,27.0,275000.0,1500.0,Hanwella,Used,Petrol,Manual,Sedan,white,4375000.0
Suzuki,Wagon R,2014.0,12.0,119000.0,650.0,Ambalangoda,Used,Hybrid,Automatic,Hatchback,red,5650000.0
Suzuki,Alto,2015.0,11.0,105000.0,800.0,Kalmunai,Used,Petrol,Manual,Hatchback,white,3850000.0
Micro,Panda Cross,2013.0,13.0,0.0,1300.0,Moratuwa,Used,Petrol,Manual,Sports,black,3100000.0
Suzuki,Maruti,2011.0,15.0,0.0,800.0,Kandy,Used,Petrol,Manual,Hatchback,maroon,2375000.0
Toyota,Vitz,2016.0,10.0,21500.0,1000.0,Mawanella,Used,Petrol,Automatic,Hatchback,black,7700000.0
Toyota,Aqua,2012.0,14.0,140000.0,1500.0,Ambalangoda,Used,Petrol,Automatic,Hatchback,orange,6500000.0
Toyota,Allion,2007.0,19.0,239000.0,1800.0,Negombo,Used,Petrol,Automatic,Saloon,blue,8500000.0
Toyota,Vitz,2000.0,26.0,200000.0,990.0,Kochchikade,Used,Petrol,Automatic,Hatchback,black,4300000.0
Toyota,Vitz,2018.0,8.0,68000.0,990.0,Negombo,Used,Petrol,Automatic,Hatchback,black,7950000.0
Toyota,Axio,2015.0,11.0,116000.0,990.0,Gampaha,Used,Petrol,Automatic,Hatchback,white,9350000.0
Toyota,Vitz,2007.0,19.0,195000.0,1000.0,Gampaha,Used,Petrol,Automatic,Hatchback,blue,5100000.0
Toyota,Axio,2016.0,10.0,100000.0,1500.0,Kalutara,Used,Hybrid,Automatic,Saloon,white,12000000.0
Nissan,March,2002.0,24.0,100000.0,1240.0,Badulla,Used,Petrol,Automatic,Hatchback,other,4490000.0
Toyota,Axio,2014.0,12.0,225000.0,1500.0,Colombo Fort (Colombo 01),Used,Petrol,Automatic,Liftback,black,10390000.0
Chevrolet,Aveo,2008.0,18.0,140000.0,,Kotahena (Colombo 13),Used,Petrol,Manual,Hatchback,green,2850000.0
Honda,Fit,2014.0,12.0,120000.0,1500.0,Kegalle,Used,Hybrid,Automatic,Hatchback,blue,8050000.0
Suzuki,Celerio,2019.0,7.0,120000.0,998.0,Kalmunai,Used,Petrol,Automatic,Liftback,brown,5530000.0
Daihatsu,Mira,2025.0,1.0,1000.0,650.0,Ganemulla,Reconditioned,Petrol,Automatic,Hatchback,white,6550000.0
Toyota,Vitz,2018.0,8.0,0.0,1000.0,Habarakada,Used,Petrol,Automatic,Hatchback,white,8050000.0
Suzuki,Wagon R,2017.0,9.0,98000.0,660.0,Kurunegala,Used,Hybrid,Automatic,Liftback,purple,6750000.0
Perodua,Axia,2017.0,9.0,148000.0,998.0,Ambalangoda,Used,Petrol,Automatic,Hatchback,silver,5950000.0
Suzuki,Wagon R,2024.0,2.0,7600.0,660.0,Ampara,Brand New,Hybrid,Automatic,Hatchback,silver,7750000.0
Suzuki,Alto,2006.0,20.0,160000.0,800.0,Mirigama,Used,Petrol,Manual,Hatchback,black,2800000.0
Suzuki,Wagon R,2017.0,9.0,0.0,800.0,Gampaha,Used,Petrol,Automatic,Liftback,gold,7000000.0
Suzuki,Alto,2024.0,2.0,6600.0,660.0,Kottawa,Brand New,Petrol,Automatic,Hatchback,black,6350000.0
Honda,Fit,2012.0,14.0,159400.0,1500.0,Dehiwala,Used,Hybrid,Automatic,Station wagon,yellow,7200000.0
Toyota,Premio,2015.0,11.0,145000.0,,Kollupitiya (Colombo 03),Used,Petrol,Automatic,Saloon,maroon,12300000.0
Tata,Indigo,2015.0,11.0,47353.0,1200.0,Rikillagaskada,Used,Petrol,Manual,,white,3190000.0
Micro,MX7,2013.0,13.0,0.0,1500.0,Panadura,Used,Petrol,Manual,Sedan,silver,3095000.0
Toyota,Axio,2014.0,12.0,121000.0,1500.0,Boralesgamuwa,Used,Hybrid,Automatic,Saloon,white,8200000.0
Suzuki,Alto,2015.0,11.0,0.0,800.0,Horagala,Used,Petrol,Manual,Hatchback,white,3900000.0
Suzuki,Wagon R,2018.0,8.0,61000.0,660.0,Dehiwala,Used,Hybrid,Automatic,Hatchback,white,7850000.0
Honda,Fit,2014.0,12.0,0.0,1500.0,Negombo,Used,Hybrid,Automatic,Hatchback,white,8150000.0
Nissan,Sunny,2000.0,26.0,0.0,1497.0,Ratnapura,Used,Petrol,Manual,Sedan,other,4075000.0
Suzuki,Swift,2017.0,9.0,115000.0,1240.0,Raddolugama,Used,Hybrid,Automatic,Liftback,red,7800000.0
Toyota,Vitz,2010.0,16.0,137867.0,990.0,Agalawatta,Used,Petrol,Automatic,Hatchback,black,6600000.0
Nissan,Wingroad,2003.0,23.0,190000.0,1490.0,Udugampola,Used,Petrol,Automatic,Hatchback,black,4850000.0
Micro,Panda,2014.0,12.0,0.0,1000.0,Polgasowita,Used,Petrol,Manual,Hatchback,silver,3090000.0
Suzuki,Wagon R,2024.0,2.0,4900.0,650.0,Kurunegala,Reconditioned,Petrol,Automatic,Hatchback,red,7400000.0
Suzuki,Wagon R,2015.0,11.0,130000.0,650.0,Slave Island (Colombo 02),Used,Petrol,Automatic,Sedan,white,5300000.0
Suzuki,Wagon R,2024.0,2.0,0.0,650.0,Kurunegala,Brand New,Hybrid,Automatic,Hatchback,white,8600000.0
Suzuki,Alto,2024.0,2.0,1500.0,660.0,Kottawa,Brand New,Petrol,Automatic,Hatchback,black,6450000.0
Suzuki,Alto,2010.0,16.0,0.0,800.0,Ragama,Used,Petrol,Manual,Hatchback,other,2925000.0
Suzuki,Alto,2015.0,11.0,197000.0,800.0,Kadawatha,Used,Petrol,Manual,Hatchback,red,4000000.0
Honda,Fit,2012.0,14.0,153115.0,1330.0,Siyambalape,Reconditioned,Petrol,Automatic,Station wagon,other,6700000.0
Toyota,Vitz,2017.0,9.0,42000.0,1000.0,Marawila,Used,Petrol,Automatic,Hatchback,white,7500000.0
Suzuki,Wagon R,2018.0,8.0,89000.0,660.0,Kottawa,Used,Hybrid,Automatic,Hatchback,white,6800000.0
Nissan,Sunny,2002.0,24.0,0.0,1500.0,Bibile,Reconditioned,Diesel,Automatic,Saloon,other,4500000.0
Toyota,Axio,2017.0,9.0,158000.0,1500.0,Kirulapone,Used,Petrol,Automatic,Saloon,white,12400000.0
Toyota,Passo,2004.0,22.0,185000.0,990.0,Ambalangoda,Used,Petrol,Automatic,Hatchback,pink,4300000.0
Nissan,Sunny,2003.0,23.0,0.0,1300.0,Kadawatha,Used,Petrol,Manual,Saloon,gray,3975000.0
Suzuki,Maruti,2010.0,16.0,0.0,800.0,Galkulama,Used,Petrol,Manual,Liftback,black,3000000.0
Suzuki,Alto,2015.0,11.0,112000.0,800.0,Embilipitiya,Brand New,Petrol,Manual,Hatchback,silver,3980000.0
Toyota,Belta,2007.0,19.0,140000.0,1000.0,Ambalangoda,Used,Petrol,Automatic,Saloon,white,5800000.0
Suzuki,Swift,2017.0,9.0,97000.0,1300.0,Ambalangoda,Used,Petrol,Automatic,Hatchback,gray,7800000.0
Mitsubishi,Lancer,2002.0,24.0,200000.0,1300.0,Anuradhapura,Used,Petrol,Manual,Saloon,white,4300000.0
Suzuki,Wagon R,2025.0,1.0,0.0,660.0,Gampaha,Brand New,Petrol,Automatic,Hatchback,white,9350000.0
Toyota,Axio,2018.0,8.0,145000.0,1500.0,Ambalangoda,Used,Petrol,Automatic,Saloon,white,12500000.0
Suzuki,Alto,2014.0,12.0,92456.0,800.0,Kaduwela,Used,Petrol,Manual,Liftback,silver,3675000.0
Suzuki,Wagon R,2025.0,1.0,0.0,650.0,Attanagalla,Brand New,Hybrid,Automatic,Hatchback,white,8750000.0
Perodua,Viva,2013.0,13.0,140000.0,1000.0,Battaramulla,Used,Petrol,Automatic,Hatchback,black,4300000.0
Suzuki,Swift,2017.0,9.0,130000.0,1000.0,Ambalangoda,Used,Petrol,Automatic,Hatchback,red,7850000.0
Suzuki,Alto,2015.0,11.0,128000.0,800.0,Colombo Fort (Colombo 01),Used,Petrol,Manual,Liftback,silver,3700000.0
Toyota,Yaris,2023.0,3.0,6500.0,1000.0,Kelaniya,Brand New,Petrol,Automatic,Liftback,red,9700000.0
Suzuki,Alto,2016.0,10.0,,1000.0,Anuradhapura,Used,Petrol,Manual,Liftback,black,3900000.0
Toyota,Premio,2017.0,9.0,135000.0,1500.0,Kurunegala,Used,Petrol,Automatic,Sedan,red,13700000.0
Suzuki,Alto,2011.0,15.0,65850.0,800.0,Minuwangoda,Used,Petrol,Manual,Hatchback,black,3175000.0
Mercedes Benz,C Class,2017.0,9.0,43000.0,2000.0,Ambalangoda,Used,Hybrid,Automatic,Sedan,black,24000000.0
Toyota,Prius,2012.0,14.0,200000.0,1800.0,Nugegoda,Used,Hybrid,Automatic,Saloon,silver,8750000.0
Suzuki,Alto,2015.0,11.0,70000.0,800.0,Moratuwa,Used,Petrol,Manual,Hatchback,black,3750000.0
Nissan,AD Wagon,1999.0,27.0,100000.0,1290.0,Badulla,Used,Petrol,Automatic,,white,3250000.0
Suzuki,Celerio,2018.0,8.0,78000.0,1000.0,Kadawatha,Used,Petrol,Automatic,Hatchback,white,5790000.0
Mercedes Benz,S Class,2010.0,16.0,98000.0,3000.0,Kirulapone,Used,Petrol,Automatic,Sedan,black,21500000.0
Perodua,Elite,2011.0,15.0,146000.0,1197.0,Ambalangoda,Used,Petrol,Automatic,Hatchback,white,4280000.0
Suzuki,Wagon R,2016.0,10.0,83000.0,650.0,Ambalangoda,Used,Petrol,Automatic,Hatchback,white,6000000.0
Toyota,Prius,2009.0,17.0,150000.0,1497.0,Ahangama,Used,Petrol,Automatic,Hatchback,silver,8100000.0
Toyota,Aqua,2015.0,11.0,140000.0,1500.0,Ambalangoda,Used,Hybrid,Automatic,Hatchback,black,8800000.0
Toyota,Vitz,2016.0,10.0,0.0,,Ambalangoda,Used,Petrol,Automatic,Hatchback,black,6900000.0
Suzuki,Alto,2015.0,11.0,152000.0,800.0,Ja-Ela,Used,Petrol,Manual,Hatchback,white,3800000.0
Nissan,B12,2003.0,23.0,320000.0,998.0,Moratuwa,Used,Petrol,Manual,Saloon,silver,3600000.0
Suzuki,A Star,2012.0,14.0,119678.0,1000.0,Katunayake,Used,Petrol,Manual,Hatchback,brown,3850000.0
Suzuki,Alto,2003.0,23.0,350000.0,1000.0,Warakapola,Used,Petrol,Other,Liftback,black,2375000.0
Toyota,Prius,2013.0,13.0,0.0,1500.0,Alutgama,Used,Hybrid,Automatic,,white,8995000.0
Toyota,Vitz,2017.0,9.0,186000.0,1000.0,Agalawatta,Used,Petrol,Automatic,Hatchback,white,7800000.0
Suzuki,Alto,2017.0,9.0,108021.0,650.0,Rambukkana,Used,Petrol,Automatic,Liftback,black,5100000.0
Suzuki,Wagon R,2025.0,1.0,0.0,660.0,Kelaniya,Brand New,Hybrid,Automatic,Liftback,white,8900000.0
Toyota,Pixis,2023.0,3.0,0.0,660.0,Rajagiriya,Brand New,Petrol,Automatic,Station wagon,red,6950000.0
Suzuki,Wagon R,2017.0,9.0,95000.0,650.0,Ambalangoda,Used,Hybrid,Automatic,Hatchback,red,6300000.0
Suzuki,Alto,2024.0,2.0,0.0,660.0,Rajagiriya,Brand New,Petrol,Automatic,Hatchback,gray,6850000.0
Toyota,Vitz,2016.0,10.0,87900.0,1490.0,Maharagama,Used,Hybrid,Automatic,Hatchback,red,6690000.0
Suzuki,Alto,2006.0,20.0,0.0,800.0,Ambalangoda,Used,Petrol,Manual,Hatchback,red,2800000.0
Toyota,Aqua,2012.0,14.0,108000.0,1000.0,Yakkala,Used,Hybrid,Automatic,Hatchback,blue,6900000.0
Nissan,March,1997.0,29.0,98000.0,990.0,Bandaragama,Used,Petrol,Manual,Hatchback,silver,2645000.0
Daihatsu,Canbus,2023.0,3.0,6600.0,660.0,Kottawa,Brand New,Petrol,Automatic,Hatchback,white,7500000.0
Toyota,Vitz,2019.0,7.0,29000.0,1000.0,Yakkala,Used,Petrol,Automatic,Hatchback,white,8800000.0
Suzuki,Alto,2023.0,3.0,10000.0,660.0,Katugastota,Used,Petrol,Automatic,Hatchback,red,6950000.0
Suzuki,Swift,2017.0,9.0,62500.0,1300.0,Ambalangoda,Used,Hybrid,Automatic,Hatchback,red,8625000.0
Honda,N BOX,2023.0,3.0,6600.0,660.0,Kottawa,Reconditioned,Petrol,Automatic,Hatchback,silver,7575000.0
Nissan,FB 15,2000.0,26.0,107000.0,1500.0,Adampan,Used,Petrol,Automatic,Saloon,white,4350000.0
Toyota,Aqua,2014.0,12.0,99000.0,1490.0,Ambalangoda,Used,Hybrid,Automatic,Liftback,black,7450000.0
Suzuki,Alto,2018.0,8.0,70000.0,650.0,Ambalangoda,Used,Petrol,Automatic,Hatchback,gray,5600000.0
Suzuki,Wagon R,2015.0,11.0,100000.0,650.0,Kurunegala,Used,Hybrid,Automatic,Hatchback,black,5600000.0
Suzuki,Swift,2017.0,9.0,150000.0,990.0,Kuruwita,Used,Petrol,Automatic,Hatchback,gray,8500000.0
Hyundai,Sonata,2000.0,26.0,144000.0,1500.0,Kalutara,Used,Petrol,Automatic,Saloon,other,2300000.0
Daihatsu,Esse,2024.0,2.0,0.0,650.0,Polonnaruwa,Brand New,Petrol,Automatic,Hatchback,white,7000000.0
Toyota,Corolla,2006.0,20.0,250000.0,1500.0,Ambalangoda,Used,Petrol,Automatic,Saloon,blue,5900000.0
Toyota,Premio,2013.0,13.0,121000.0,1490.0,Wariyapola,Used,Petrol,Automatic,Liftback,other,12000000.0
Toyota,Vios,2004.0,22.0,134000.0,1497.0,Ambalangoda,Used,Petrol,Automatic,Sedan,blue,4600000.0
Audi,A4,2019.0,7.0,60000.0,1400.0,Boralesgamuwa,Used,Petrol,Automatic,Saloon,white,18000000.0
Honda,Grace,2017.0,9.0,277000.0,1500.0,Pannipitiya,Used,Hybrid,Automatic,Saloon,black,9500000.0
Suzuki,Wagon R,2014.0,12.0,128700.0,660.0,Piliyandala,Used,Petrol,Automatic,Hatchback,black,5500000.0
Suzuki,Wagon R,2024.0,2.0,5000.0,660.0,Angoda,Used,Hybrid,Automatic,Station wagon,other,7500000.0
Suzuki,Wagon R,2016.0,10.0,80000.0,650.0,Colombo Fort (Colombo 01),Reconditioned,Petrol,Automatic,Hatchback,blue,5350000.0
Honda,Fit,2014.0,12.0,140000.0,1500.0,Ambalangoda,Used,Petrol,Automatic,Hatchback,white,8000000.0
Toyota,Vitz,2017.0,9.0,94000.0,1000.0,Anuradhapura,Used,Petrol,Automatic,Hatchback,black,7490000.0
Toyota,Axio,2008.0,18.0,147500.0,1500.0,Kandy,Used,Petrol,Automatic,Saloon,silver,7500000.0
Toyota,Yaris Ativ,2025.0,1.0,0.0,1200.0,Mount Lavinia,Brand New,Petrol,Automatic,Hatchback,white,16500000.0
BMW,5 Series,2013.0,13.0,140000.0,2500.0,Kurunegala,Used,Diesel,Automatic,Saloon,white,18900000.0
Toyota,Prius,2011.0,15.0,171000.0,1800.0,Bandaragama,Used,Hybrid,Automatic,Hatchback,white,8975000.0
BMW,M Series,2011.0,15.0,140000.0,1500.0,Boralesgamuwa,Used,Petrol,Automatic,Sedan,black,23500000.0
Suzuki,Wagon R,2018.0,8.0,94000.0,650.0,Kurunegala,Used,Petrol,Automatic,Hatchback,white,6550000.0
Toyota,Vitz,2019.0,7.0,103000.0,1500.0,Kattankudi,Used,Hybrid,Automatic,,white,8350000.0
Suzuki,A Star,2011.0,15.0,165000.0,990.0,Ampara,Used,Petrol,Manual,Convertible,silver,3800000.0
Mercedes Benz,C200,2025.0,1.0,0.0,1500.0,Kohuwala,Brand New,Petrol,Automatic,Sedan,black,50000000.0
Nissan,Bluebird,2000.0,26.0,169000.0,1800.0,Ukuwela,Used,Petrol,Automatic,Sedan,maroon,4200000.0
Daihatsu,Mira,2024.0,2.0,2400.0,660.0,Kollupitiya (Colombo 03),Brand New,Petrol,Automatic,Hatchback,blue,7200000.0
Toyota,Aqua,2012.0,14.0,250000.0,1500.0,Ja-Ela,Used,Petrol,Automatic,Hatchback,white,7000000.0
Toyota,Aqua,2014.0,12.0,148000.0,1496.0,Galle,Used,Petrol,Automatic,Hatchback,white,7650000.0
Nissan,AD Wagon,2012.0,14.0,182012.0,1498.0,Ragama,Used,Petrol,Automatic,Station wagon,white,7500000.0
Toyota,Vitz,2015.0,11.0,45000.0,1000.0,Pannipitiya,Used,Petrol,Automatic,Hatchback,black,7150000.0
Toyota,Starlet,1988.0,38.0,154000.0,1300.0,Kottawa,Used,Petrol,Manual,Hatchback,white,3000000.0
Suzuki,Wagon R,2014.0,12.0,112000.0,650.0,Homagama,Used,Petrol,Automatic,Hatchback,white,5050000.0
Nissan,N 16,2000.0,26.0,170000.0,1500.0,Nikaweratiya,Used,Petrol,Automatic,Saloon,silver,4000000.0
Suzuki,Alto,2015.0,11.0,135000.0,800.0,Ambalangoda,Used,Petrol,Manual,Hatchback,red,3475000.0
Suzuki,Wagon R,2024.0,2.0,0.0,600.0,Kuliyapitiya,Brand New,Hybrid,Automatic,Liftback,gray,7300000.0
Toyota,Axio,2014.0,12.0,85000.0,1200.0,Ampara,Used,Petrol,Manual,Hatchback,white,8850000.0
Mazda,Flair,2016.0,10.0,0.0,700.0,Ambalangoda,Used,Petrol,Automatic,,white,6000000.0
Nissan,Wingroad,2007.0,19.0,110000.0,1300.0,Akkaraipattu,Used,Petrol,Automatic,Saloon,silver,4900000.0
Toyota,Prius,2014.0,12.0,250000.0,,Colombo Fort (Colombo 01),Used,Petrol,Automatic,Hatchback,silver,9200000.0
Toyota,Premio,2014.0,12.0,102172.0,1500.0,Wariyapola,Used,Petrol,Automatic,Sedan,white,10800000.0
Toyota,Vitz,2018.0,8.0,0.0,1200.0,Kollupitiya (Colombo 03),Used,Petrol,Automatic,Sports,white,7600000.0
Honda,S660,2016.0,10.0,27000.0,1000.0,Borella (Colombo 08),Used,Petrol,Automatic,Hatchback,white,6800000.0
Suzuki,Maruti,2006.0,20.0,100000.0,800.0,Matara,Used,Petrol,Manual,Hatchback,green,2150000.0
Honda,Fit,2011.0,15.0,183000.0,1300.0,Ambalangoda,Used,Hybrid,Automatic,Hatchback,white,6300000.0
Suzuki,Alto,2012.0,14.0,97291.0,800.0,Eppawala,Used,Petrol,Manual,Hatchback,beige,3200000.0
Toyota,Allion,2017.0,9.0,114000.0,1500.0,Aniwatta,Used,Petrol,Automatic,Sedan,other,13150000.0
Daihatsu,Mira,2017.0,9.0,75000.0,1300.0,Nittambuwa,Used,Petrol,Other,Hatchback,white,5300000.0
Datsun,Redi Go,2016.0,10.0,47200.0,800.0,Padukka,Used,Petrol,Manual,Hatchback,green,3350000.0
Suzuki,Alto,2015.0,11.0,92000.0,800.0,Kegalle,Used,Petrol,Manual,Hatchback,gray,3600000.0
Toyota,Belta,2007.0,19.0,166600.0,1000.0,Homagama,Used,Petrol,Automatic,Saloon,silver,5500000.0
Toyota,Corolla,1996.0,30.0,193134.0,1300.0,Kandy,Reconditioned,Petrol,Manual,Saloon,white,3250000.0
Toyota,Vitz,2006.0,20.0,135000.0,1000.0,Kuliyapitiya,Used,Petrol,Automatic,Hatchback,white,5050000.0
Nissan,Dayz,2023.0,3.0,7660.0,660.0,Kurunegala,Reconditioned,Petrol,Automatic,,blue,8150000.0
Suzuki,Wagon R,2018.0,8.0,93000.0,660.0,Borella (Colombo 08),Used,Hybrid,Automatic,Hatchback,purple,6700000.0
Toyota,Vitz,2018.0,8.0,0.0,,Kandy,Used,Petrol,Automatic,Liftback,white,8000000.0
Micro,Panda Cross,2017.0,9.0,69110.0,1300.0,Homagama,Used,Petrol,Manual,Hatchback,white,3950000.0
Suzuki,Wagon R,2025.0,1.0,8000.0,650.0,Hettipola,Brand New,Petrol,Automatic,Hatchback,gray,7000000.0
Toyota,Vitz,2018.0,8.0,61345.0,1000.0,Pannala,Used,Petrol,Manual,Sports,silver,8200000.0
Suzuki,Alto,2014.0,12.0,150000.0,800.0,Kandy,Used,Petrol,Manual,Hatchback,black,3550000.0
Nissan,March,1997.0,29.0,181000.0,990.0,Kelaniya,Used,Petrol,Automatic,Hatchback,blue,2950000.0
Suzuki,Wagon R,2025.0,1.0,35.0,650.0,Kohuwala,Brand New,Hybrid,Automatic,Hatchback,white,8200000.0
Suzuki,Wagon R,2025.0,1.0,200.0,650.0,Wennappuwa,Brand New,Hybrid,Automatic,Hatchback,white,9375000.0
Mercedes Benz,C200,2004.0,22.0,0.0,1500.0,Alutnuwara,Used,Petrol,Automatic,Saloon,black,6350000.0
KIA,Cerato,2012.0,14.0,90000.0,1500.0,Moratuwa,Used,Petrol,Automatic,Saloon,red,5785000.0
Toyota,Axio,2017.0,9.0,121000.0,1500.0,Ambalangoda,Used,Hybrid,Automatic,Saloon,white,11600000.0
Toyota,Aqua,2015.0,11.0,139000.0,1500.0,Katugastota,Used,Petrol,Automatic,Hatchback,black,8100000.0
Suzuki,Wagon R,2014.0,12.0,134526.0,650.0,Kollupitiya (Colombo 03),Used,Petrol,Automatic,Station wagon,blue,6000000.0
Honda,Civic,1999.0,27.0,200000.0,1500.0,Malabe,Used,Petrol,Automatic,Saloon,white,4100000.0
Suzuki,Wagon R,2018.0,8.0,86000.0,660.0,Homagama,Used,Hybrid,Automatic,Hatchback,white,6800000.0
Suzuki,Alto,2017.0,9.0,86000.0,650.0,Kurunegala,Used,Hybrid,Automatic,Hatchback,silver,5650000.0
Toyota,Axio,2025.0,1.0,0.0,1500.0,Nugegoda,Brand New,Hybrid,Automatic,Saloon,silver,14750000.0
Suzuki,Wagon R,2017.0,9.0,0.0,650.0,Kandy,Used,Hybrid,Automatic,Hatchback,black,5500000.0
Honda,Grace,2016.0,10.0,96000.0,1490.0,Kalutara,Used,Hybrid,Automatic,Saloon,red,9000000.0
Daihatsu,Taft,2023.0,3.0,6500.0,660.0,Kurunegala,Used,Petrol,Automatic,Hatchback,green,7850000.0
Suzuki,Celerio,2016.0,10.0,129000.0,1000.0,Kadawatha,Used,Petrol,Automatic,Hatchback,gray,5375000.0
Suzuki,Wagon R,2018.0,8.0,75000.0,650.0,Boralesgamuwa,Used,Hybrid,Automatic,Liftback,red,6400000.0
Suzuki,Wagon R,2016.0,10.0,90000.0,650.0,Ambalangoda,Used,Hybrid,Automatic,Hatchback,red,5300000.0
Suzuki,XBee,2023.0,3.0,0.0,1000.0,Kottawa,Brand New,Petrol,Automatic,Hatchback,green,9350000.0
Suzuki,Alto,2015.0,11.0,88000.0,1200.0,Deiyandara,Used,Petrol,Manual,Sports,black,3850000.0
Micro,Panda,2012.0,14.0,0.0,1500.0,Moratuwa,Used,Petrol,Manual,Hatchback,white,2500000.0
Micro,Panda,2015.0,11.0,87000.0,1300.0,Ambalangoda,Used,Petrol,Manual,Hatchback,white,2890000.0
Toyota,Yaris,2025.0,1.0,1500.0,1000.0,Kotte,Brand New,Hybrid,Automatic,,white,9400000.0
Suzuki,Wagon R,2024.0,2.0,1000.0,1000.0,Rajagiriya,Brand New,Petrol,Automatic,Station wagon,other,7390000.0
Renault,KWID,2016.0,10.0,160000.0,600.0,Ampara,Used,Petrol,Manual,Hatchback,black,4000000.0
Toyota,Premio,2017.0,9.0,75000.0,1996.0,Hambantota,Used,Petrol,Automatic,Saloon,white,16200000.0
Toyota,Prius,2011.0,15.0,180000.0,1800.0,Galle,"✨ Spotless exterior – no dents, scratches or stains",Hybrid,Automatic,Hatchback,black,10200000.0
Suzuki,Alto,2015.0,11.0,94000.0,800.0,Vavuniya,Used,Petrol,Manual,Liftback,gray,3800000.0
Suzuki,Celerio,2015.0,11.0,97500.0,996.0,Moratuwa,Used,Petrol,Automatic,Hatchback,gray,5100000.0
Renault,KWID,2017.0,9.0,52000.0,1000.0,Batticaloa,Used,Petrol,Automatic,Hatchback,black,4450000.0
Suzuki,Swift,2010.0,16.0,24000.0,1242.0,Maharagama,Used,Petrol,Automatic,Hatchback,gray,5990000.0
Nissan,Dayz,2024.0,2.0,2500.0,659.0,Rajagiriya,Brand New,Petrol,Automatic,Hatchback,blue,8300000.0
Toyota,Vitz,2019.0,7.0,59000.0,1000.0,Kalmunai,Used,Petrol,Automatic,,white,8790000.0
Audi,A1,2016.0,10.0,33000.0,1400.0,Ambalangoda,Used,Petrol,Automatic,Hatchback,red,7800000.0
Perodua,Bezza,2018.0,8.0,63000.0,1000.0,Narahenpita (Colombo 05),Used,Petrol,Manual,Hatchback,white,6600000.0
Toyota,Aqua,2017.0,9.0,127000.0,1500.0,Malabe,Used,Hybrid,Automatic,Hatchback,white,9200000.0
Suzuki,Swift,2004.0,22.0,0.0,1320.0,Ambalangoda,Used,Petrol,Automatic,Hatchback,blue,4500000.0
Toyota,Axio,2024.0,2.0,0.0,1500.0,Kottawa,Brand New,Hybrid,Automatic,Sedan,silver,13800000.0
Honda,Grace,2015.0,11.0,120000.0,1500.0,Dehiwala,Used,Hybrid,Automatic,Saloon,silver,9200000.0
Toyota,Passo,2016.0,10.0,87700.0,1000.0,Malabe,Reconditioned,Petrol,Automatic,Hatchback,silver,6575000.0
Suzuki,Swift,2004.0,22.0,156000.0,760.0,Yatiyantota,Used,Petrol,Manual,Hatchback,red,4700000.0
Honda,Fit,2013.0,13.0,118000.0,1330.0,Batticaloa,Used,Petrol,Automatic,Station wagon,silver,7125000.0
Daihatsu,Mira,2023.0,3.0,1234.0,660.0,Kottawa,Brand New,Petrol,Automatic,Liftback,blue,6400000.0
Nissan,Sunny,1998.0,28.0,106300.0,1500.0,Ambalangoda,Used,Petrol,Automatic,Saloon,gray,3800000.0
Suzuki,A Star,2011.0,15.0,95000.0,1000.0,Gampaha,Used,Petrol,Automatic,Hatchback,pink,4090000.0
Honda,Grace,2016.0,10.0,68000.0,1200.0,Kiribathgoda,Used,Petrol,Automatic,Sedan,white,11500000.0
Mitsubishi,eK,2023.0,3.0,100000.0,660.0,Rajagiriya,Brand New,Hybrid,Automatic,Hatchback,gray,7995000.0
Suzuki,Wagon R,2018.0,8.0,59000.0,650.0,Nittambuwa,Used,Hybrid,Automatic,Hatchback,white,6890000.0
Honda,Insight,2010.0,16.0,155000.0,1500.0,Alutgama,Used,Petrol,Automatic,Liftback,red,6700000.0
Toyota,Yaris,2024.0,2.0,9000.0,1000.0,Kalubowila,Reconditioned,Petrol,Automatic,Hatchback,black,10800000.0
Suzuki,Wagon R,2018.0,8.0,72000.0,650.0,Pannala,Used,Petrol,Automatic,Convertible,white,6975000.0
Suzuki,Wagon R,2014.0,12.0,84000.0,650.0,Matara,Used,Petrol,Automatic,Station wagon,black,5800000.0
Suzuki,Hustler,2024.0,2.0,0.0,660.0,Cinnamon Garden (Colombo 07),Brand New,Petrol,Automatic,Station wagon,green,8300000.0
Toyota,Belta,2007.0,19.0,145000.0,1300.0,Kurunegala,Used,Petrol,Automatic,Hatchback,blue,6475000.0
Toyota,Vios,2005.0,21.0,0.0,1500.0,Kollupitiya (Colombo 03),Used,Hybrid,Automatic,Sedan,black,4250000.0
Suzuki,Swift,2007.0,19.0,153000.0,1300.0,Kirillawala,Used,Petrol,Manual,Hatchback,gray,3950000.0
Daihatsu,Mira,2004.0,22.0,229000.0,660.0,Ambalangoda,Used,Petrol,Automatic,Hatchback,maroon,3200000.0
Suzuki,Wagon R,2014.0,12.0,103000.0,660.0,Avissawella,Used,Hybrid,Automatic,Hatchback,red,5950000.0
Mitsubishi,Space Wagon,2023.0,3.0,7000.0,650.0,Kohuwala,Brand New,Petrol,Automatic,Hatchback,silver,7350000.0
Toyota,Prius,2009.0,17.0,180000.0,1500.0,Ambalangoda,Used,Petrol,Automatic,Liftback,silver,9000000.0
Suzuki,Swift,2004.0,22.0,122000.0,760.0,Matara,Used,Petrol,Manual,Hatchback,black,4175000.0
Suzuki,Celerio,2015.0,11.0,73428.0,998.0,Nugegoda,Used,Petrol,Manual,Liftback,beige,4625000.0
Suzuki,Alto,2015.0,11.0,110.0,800.0,Hanwella,Used,Petrol,Manual,Hatchback,red,3750000.0
Toyota,Premio,2015.0,11.0,200000.0,1500.0,Borella (Colombo 08),Used,Petrol,Automatic,Saloon,maroon,12950000.0
Toyota,Alpha,2012.0,14.0,140000.0,1800.0,Marawila,Used,Hybrid,Automatic,Hatchback,silver,11800000.0
Ford,Laser,2000.0,26.0,100000.0,1600.0,Matara,Used,Petrol,Manual,Saloon,silver,2750000.0
Toyota,Premio,2018.0,8.0,195000.0,1500.0,Mirigama,Used,Petrol,Automatic,Saloon,white,15500000.0
Suzuki,Wagon R,2016.0,10.0,112000.0,650.0,Kurunegala,Used,Petrol,Automatic,Station wagon,white,7300000.0
Honda,Fit,2013.0,13.0,0.0,1500.0,Wennappuwa,Used,Hybrid,Automatic,Liftback,black,8190000.0
Honda,Grace,2014.0,12.0,108300.0,1500.0,Talawatugoda,Used,Petrol,Automatic,Sedan,black,9600000.0
Toyota,Premio,2017.0,9.0,99000.0,1500.0,Negombo,Used,Petrol,Automatic,Sedan,red,14750000.0
Renault,KWID,2016.0,10.0,53842.0,1000.0,Panadura,Used,Petrol,Manual,Hatchback,white,3600000.0
Toyota,Axio,2013.0,13.0,135000.0,1500.0,Bopitiya,Used,Petrol,Automatic,Saloon,white,8350000.0
Toyota,Axio,2024.0,2.0,5000.0,1500.0,Kottawa,Brand New,Hybrid,Automatic,Hatchback,silver,13800000.0
Toyota,Aqua,2012.0,14.0,122387.0,1490.0,Anuradhapura,Used,Hybrid,Automatic,Liftback,black,7350000.0
Suzuki,Maruti,2011.0,15.0,93000.0,800.0,Morontuduwa,Used,Petrol,Manual,Hatchback,black,2275000.0
Toyota,Premio,2012.0,14.0,160000.0,1500.0,Wennappuwa,Used,Petrol,Automatic,Saloon,white,12100000.0
Toyota,Vitz,2016.0,10.0,154000.0,1300.0,Aluthkade (Colombo 12),Used,Petrol,Automatic,Hatchback,silver,7000000.0
Toyota,Vitz,2008.0,18.0,0.0,1500.0,Matugama,Used,Petrol,Manual,Hatchback,silver,5800000.0
Suzuki,Swift,2006.0,20.0,170000.0,1300.0,Dehiwala,Used,Petrol,Manual,Liftback,other,4000000.0
Suzuki,Alto,2016.0,10.0,103000.0,800.0,Anuradhapura,Used,Petrol,Manual,Liftback,red,3900000.0
Suzuki,Alto,2014.0,12.0,140000.0,650.0,Avissawella,Used,Petrol,Automatic,Hatchback,black,3280000.0
Toyota,Premio,2013.0,13.0,48900.0,1500.0,Ragama,Used,Petrol,Automatic,Saloon,white,12400000.0
Micro,Panda,2014.0,12.0,0.0,800.0,Homagama,Used,Petrol,Manual,Hatchback,red,2650000.0
Toyota,Tank,2017.0,9.0,114000.0,1000.0,Panadura,Used,Petrol,Automatic,Hatchback,black,8500000.0
Nissan,Almera,2025.0,1.0,0.0,1000.0,Kohuwala,Brand New,Petrol,Automatic,Saloon,white,13400000.0
Suzuki,Wagon R,2015.0,11.0,120000.0,650.0,Hambantota,Used,Hybrid,Manual,Sedan,white,5700000.0
Toyota,Avanza,2013.0,13.0,139000.0,1400.0,Bandarawela,Used,Petrol,Automatic,Hatchback,black,8500000.0
Hyundai,Eon,2016.0,10.0,86530.0,814.0,Batticaloa,Used,Petrol,Manual,Hatchback,white,4250000.0
Toyota,Vitz,2007.0,19.0,188000.0,1000.0,Borella (Colombo 08),Used,Petrol,Automatic,Hatchback,black,5150000.0
Toyota,Yaris,2023.0,3.0,76500.0,1000.0,Kotte,Reconditioned,Petrol,Automatic,Hatchback,white,7950000.0
Nissan,FB 14,1996.0,30.0,200000.0,1500.0,Matale,Used,Petrol,Manual,Saloon,gold,3275000.0
Suzuki,Wagon R,2018.0,8.0,80000.0,1500.0,Adampan,Used,Hybrid,Automatic,Liftback,white,7190000.0
Toyota,Corolla,2007.0,19.0,125000.0,1600.0,Kadawatha,Used,Petrol,Automatic,Sedan,white,6900000.0
Perodua,Axia,2015.0,11.0,89.0,990.0,Pannipitiya,Reconditioned,Petrol,Automatic,Hatchback,blue,5375000.0
Honda,Shuttle,2018.0,8.0,95000.0,1500.0,Yakkala,Used,Hybrid,Automatic,Hatchback,black,12600000.0
Toyota,Corolla,2003.0,23.0,173000.0,1500.0,Kirindiwela,Used,Petrol,Automatic,Saloon,silver,5825000.0
BMW,M Series,2017.0,9.0,77000.0,2000.0,Ambalangoda,Used,Petrol,Automatic,Liftback,white,30000000.0
Mitsubishi,eK,2023.0,3.0,7000.0,660.0,Kottawa,Reconditioned,Petrol,Automatic,Hatchback,white,7125000.0
Tata,Nano,2015.0,11.0,93000.0,624.0,Yakkala,Used,Petrol,Manual,Hatchback,white,2050000.0
Suzuki,Wagon R,2024.0,2.0,4200.0,660.0,Nittambuwa,Brand New,Petrol,Automatic,Hatchback,black,7325000.0
Hyundai,Santro,2004.0,22.0,202781.0,1000.0,Boralesgamuwa,Used,Petrol,Manual,Hatchback,silver,2500000.0
Honda,N BOX,2015.0,11.0,245000.0,650.0,Raddolugama,Used,Petrol,Automatic,Station wagon,black,5540000.0
BMW,M Series,2014.0,12.0,107000.0,2000.0,Gampaha,Used,Diesel,Automatic,Saloon,white,22000000.0
Toyota,Aqua,2014.0,12.0,130000.0,1500.0,Nikaweratiya,Used,Petrol,Automatic,Hatchback,black,6800000.0
Toyota,Vios,2003.0,23.0,143000.0,1500.0,Matara,Used,Petrol,Automatic,Sedan,blue,5200000.0
Tata,Nano,2017.0,9.0,134500.0,624.0,Adampan,Used,Petrol,Automatic,Hatchback,silver,2500000.0
Mercedes Benz,E350,2018.0,8.0,22000.0,1500.0,Colombo Fort (Colombo 01),Used,Petrol,Automatic,Sedan,black,36500000.0
Suzuki,Wagon R,2018.0,8.0,76000.0,650.0,Wellampitiya,Used,Petrol,Automatic,Station wagon,white,7175000.0
Audi,A3,2023.0,3.0,0.0,1000.0,Kiribathgoda,Brand New,Petrol,Automatic,Sedan,blue,18000000.0
Nissan,March,2002.0,24.0,193000.0,1240.0,Uragasmanhandiya,Reconditioned,Petrol,Automatic,Hatchback,other,3600000.0
Toyota,Prius,2011.0,15.0,154000.0,1800.0,Kandy,Used,Hybrid,Automatic,Hatchback,blue,9700000.0
Suzuki,Maruti,2008.0,18.0,107000.0,800.0,Nugegoda,Used,Petrol,Manual,Hatchback,gray,2285000.0
Honda,ARIA,2013.0,13.0,123.0,,Kuliyapitiya,Used,Petrol,Automatic,Saloon,silver,5300000.0
Daihatsu,Esse,2024.0,2.0,0.0,650.0,Polonnaruwa,Brand New,Petrol,Automatic,Hatchback,red,7200000.0
Suzuki,Swift,2004.0,22.0,125000.0,1320.0,Kalmunai,Used,Petrol,Automatic,Hatchback,silver,4500000.0
Toyota,Allion,2011.0,15.0,205000.0,1500.0,Ambalangoda,Used,Petrol,Automatic,Saloon,black,9000000.0
Daihatsu,Cast,2023.0,3.0,6600.0,660.0,Kottawa,Brand New,Petrol,Automatic,Hatchback,brown,7300000.0
Honda,Fit,2013.0,13.0,105000.0,1490.0,Homagama,Used,Hybrid,Automatic,Hatchback,blue,8300000.0
Honda,Insight,2009.0,17.0,190000.0,1330.0,Trincomalee,Reconditioned,Hybrid,Automatic,Sedan,red,7925000.0
Nissan,Dayz,2024.0,2.0,6600.0,660.0,Kottawa,Brand New,Petrol,Automatic,Hatchback,black,7325000.0
Suzuki,Alto,2007.0,19.0,180000.0,800.0,Nintavur,Used,Petrol,Manual,Hatchback,red,2850000.0
Suzuki,Wagon R,2015.0,11.0,90000.0,650.0,Kalmunai,Used,Petrol,Automatic,Sedan,white,6025000.0
Toyota,Prius,2023.0,3.0,0.0,1800.0,Kurunegala,Brand New,Hybrid,Manual,Liftback,gray,22600000.0
Nissan,Sunny,2003.0,23.0,210000.0,1600.0,Katugastota,Used,Petrol,Automatic,Hatchback,gray,4190000.0
Toyota,Aqua,2014.0,12.0,90905.0,1500.0,Ambalangoda,Used,Hybrid,Automatic,Liftback,blue,7000000.0
Toyota,Prius,2014.0,12.0,0.0,1600.0,Ambalangoda,Used,Hybrid,Automatic,Liftback,black,10600000.0
Suzuki,Alto,2023.0,3.0,0.0,660.0,Kurunegala,Brand New,Petrol,Manual,Station wagon,silver,6350000.0
Suzuki,Wagon R,2023.0,3.0,1800.0,650.0,Malabe,Brand New,Hybrid,Automatic,,black,7875000.0
Toyota,Allion,2003.0,23.0,0.0,1400.0,Nittambuwa,Used,Petrol,Automatic,Saloon,silver,6500000.0
Suzuki,Alto,2023.0,3.0,3000.0,690.0,Agaliya,Brand New,Hybrid,Automatic,Liftback,silver,6500000.0
Toyota,Passo,2008.0,18.0,150000.0,650.0,Pannipitiya,Used,Petrol,Automatic,Liftback,navy,4725000.0
Toyota,Axio,2016.0,10.0,145000.0,1496.0,Baddegama,Used,Petrol,Automatic,Sedan,white,10700000.0
Toyota,Allion,2016.0,10.0,116000.0,1500.0,Negombo,Used,Petrol,Automatic,Saloon,white,13500000.0
Honda,Fit,2011.0,15.0,186100.0,1330.0,Negombo,Used,Hybrid,Automatic,Hatchback,blue,6450000.0
Toyota,Prius,2009.0,17.0,161000.0,1798.0,Waskaduwa,Used,Petrol,Automatic,Hatchback,black,8000000.0
Suzuki,Wagon R,2018.0,8.0,110000.0,650.0,Ambalangoda,Used,Hybrid,Automatic,Hatchback,white,6375000.0
Mercedes Benz,E200,2010.0,16.0,107000.0,1797.0,Moratuwa,Used,Petrol,Automatic,Saloon,maroon,13700000.0
Mercedes Benz,C180,2010.0,16.0,201461.0,1600.0,Moratuwa,Used,Petrol,Automatic,Saloon,black,11300000.0
Honda,Civic,2017.0,9.0,71000.0,1000.0,Ambalangoda,Used,Petrol,Automatic,Sedan,black,12900000.0
Suzuki,Alto,2011.0,15.0,193000.0,800.0,Neboda,Used,Petrol,Manual,Hatchback,white,2975000.0
Suzuki,Wagon R,2017.0,9.0,173000.0,650.0,Ambalangoda,Used,Hybrid,Automatic,Hatchback,black,6450000.0
Suzuki,Wagon R,2023.0,3.0,10000.0,660.0,Matara,Brand New,Hybrid,Automatic,Hatchback,white,7895000.0
Nissan,ExSunny,2008.0,18.0,175000.0,1295.0,Ambalangoda,Used,Petrol,Automatic,Saloon,gold,4850000.0
Suzuki,Alto,2015.0,11.0,133000.0,800.0,Ampara,Used,Petrol,Manual,Hatchback,white,3850000.0
Honda,Accord,2001.0,25.0,192000.0,1800.0,Panadura,Used,Petrol,Automatic,Sedan,silver,4390000.0
Toyota,Axio,2014.0,12.0,119700.0,1500.0,Ja-Ela,Used,Petrol,Automatic,Saloon,blue,9000000.0
Suzuki,Wagon R,2014.0,12.0,200000.0,650.0,Ambalangoda,Used,Petrol,Automatic,Hatchback,black,5300000.0
Toyota,Aqua,2015.0,11.0,124000.0,1500.0,Ratnapura,Used,Hybrid,Automatic,Saloon,purple,7800000.0
Mercedes Benz,Car,2015.0,11.0,50000.0,2000.0,Kalubowila,Used,Hybrid,Automatic,Saloon,red,19700000.0
Suzuki,Maruti,2011.0,15.0,46500.0,800.0,Nittambuwa,Used,Petrol,Manual,Hatchback,blue,2300000.0
Toyota,Premio,2011.0,15.0,160000.0,1500.0,Ambalangoda,Used,Petrol,Automatic,Sedan,brown,9600000.0
Mercedes Benz,C200,2020.0,6.0,150000.0,2000.0,Ambalangoda,Used,Petrol,Automatic,Liftback,black,21700000.0
Audi,A3,2018.0,8.0,115000.0,990.0,Ambalangoda,Used,Petrol,Automatic,Saloon,red,15000000.0
Suzuki,Wagon R,2025.0,1.0,0.0,650.0,Kurunegala,Brand New,Petrol,Automatic,Hatchback,white,8775000.0
Suzuki,Wagon R,2024.0,2.0,3300.0,650.0,Kotahena (Colombo 13),Reconditioned,Petrol,Automatic,Hatchback,black,8300000.0
Honda,Civic,2018.0,8.0,98800.0,1000.0,Nawala,Used,Petrol,Tiptronic,Hatchback,silver,12500000.0
Daihatsu,G100s,1987.0,39.0,0.0,1000.0,Beruwala,Used,Petrol,Automatic,Hatchback,white,1600000.0
Suzuki,Alto,2015.0,11.0,172000.0,800.0,Hambantota,Used,Petrol,Manual,Sedan,white,3000000.0
Suzuki,Alto,2011.0,15.0,131000.0,800.0,Avissawella,Used,Petrol,Manual,Sedan,maroon,3000000.0
Hyundai,Accent,2000.0,26.0,106000.0,1495.0,Godagama,Used,Petrol,Manual,Sedan,red,2395000.0
Toyota,Aqua,2013.0,13.0,230000.0,1200.0,Pussellawa,Used,Petrol,Automatic,Hatchback,black,7200000.0
Daihatsu,Mira,2024.0,2.0,3200.0,660.0,Matara,Brand New,Petrol,Automatic,Liftback,silver,6800000.0
Toyota,Axio,2015.0,11.0,,1500.0,Nikaweratiya,Used,Petrol,Automatic,Saloon,white,10700000.0
Mitsubishi,eK,2023.0,3.0,6600.0,660.0,Kottawa,Brand New,Petrol,Automatic,Hatchback,black,6975000.0
Nissan,Sylphy,2001.0,25.0,0.0,1000.0,Gampaha,Used,Petrol,Automatic,Saloon,other,4500000.0
Nissan,Dayz,2017.0,9.0,115500.0,660.0,Rajagiriya,Reconditioned,Petrol,Automatic,Station wagon,silver,5775000.0
Suzuki,Wagon R,2025.0,1.0,0.0,660.0,Kalutara,Brand New,Hybrid,Automatic,Hatchback,white,8950000.0
Honda,Fit,2013.0,13.0,0.0,1500.0,Wennappuwa,Used,Hybrid,Automatic,Liftback,blue,7990000.0
Nissan,Tiida,2005.0,21.0,129000.0,1500.0,Matara,Used,Petrol,Automatic,Saloon,beige,5700000.0
Perodua,Axia,2017.0,9.0,137000.0,998.0,Piliyandala,Used,Petrol,Automatic,Hatchback,white,5750000.0
Toyota,Prius,2007.0,19.0,165000.0,1500.0,Kalutara,Used,Hybrid,Automatic,Sedan,silver,6300000.0
Nissan,FB 15,2002.0,24.0,154000.0,1500.0,Anuradhapura,Used,Petrol,Automatic,Saloon,silver,4800000.0
Hyundai,Eon,2000.0,26.0,198000.0,1599.0,Trincomalee,Used,Petrol,Manual,Hatchback,white,1800000.0
Mitsubishi,Lancer,1991.0,35.0,0.0,1800.0,Mawanella,Used,Diesel,Manual,Saloon,blue,1665000.0
Toyota,Premio,2011.0,15.0,0.0,1500.0,Kurunegala,Used,Petrol,Automatic,Saloon,maroon,9600000.0
Toyota,Corolla,2005.0,21.0,140000.0,1500.0,Anuradhapura,Used,Petrol,Automatic,Hatchback,blue,7000000.0
Suzuki,Alto,2015.0,11.0,98000.0,800.0,Kalmunai,Used,Petrol,Manual,Liftback,silver,3800000.0
Suzuki,Alto,2014.0,12.0,0.0,800.0,Kesbewa,Used,Petrol,Manual,Hatchback,white,3650000.0
Suzuki,Wagon R,2018.0,8.0,62600.0,650.0,Kalmunai,Used,Hybrid,Automatic,Sedan,white,6925000.0
Mitsubishi,eK,2023.0,3.0,8000.0,660.0,Kotte,Reconditioned,Petrol,Automatic,Hatchback,black,7190000.0
Toyota,Premio,2014.0,12.0,150000.0,1500.0,Ampara,Used,Petrol,Automatic,Hatchback,white,7800000.0
Suzuki,Swift,2005.0,21.0,153000.0,1320.0,Batticaloa,Used,Petrol,Automatic,Hatchback,silver,5350000.0
Toyota,Axio,2016.0,10.0,140000.0,1500.0,Ambalangoda,Used,Hybrid,Automatic,Sedan,white,10400000.0
Suzuki,Swift,2008.0,18.0,76500.0,1240.0,Wattala,Used,Petrol,Automatic,Hatchback,blue,5700000.0
Honda,Fit,2014.0,12.0,76800.0,650.0,Piliyandala,Used,Petrol,Automatic,Hatchback,black,7450000.0
Suzuki,Wagon R,2014.0,12.0,92000.0,650.0,Kegalle,Reconditioned,Petrol,Automatic,Hatchback,white,5850000.0
Honda,Grace,2019.0,7.0,62000.0,1500.0,Ambalangoda,Used,Petrol,Automatic,Liftback,red,12800000.0
Toyota,Axio,2017.0,9.0,104500.0,1500.0,Rajagiriya,Used,Petrol,Automatic,Hatchback,white,12000000.0
Mazda,Familia,1990.0,36.0,180000.0,1500.0,Kaduruwela,Used,Petrol,Manual,Hatchback,white,1975000.0
Toyota,Corolla,1992.0,34.0,47000.0,1331.0,Kiribathgoda,Used,Petrol,Manual,Hatchback,blue,1590000.0
Nissan,Dayz,2025.0,1.0,0.0,650.0,Borella (Colombo 08),Brand New,Petrol,Automatic,Hatchback,silver,7900000.0
Suzuki,Alto,2015.0,11.0,92000.0,690.0,Ampara,Used,Petrol,Manual,Hatchback,red,3700000.0
Micro,Voleex,2012.0,14.0,128000.0,1300.0,Ja-Ela,Used,Petrol,Automatic,Hatchback,red,3745000.0
Suzuki,Wagon R,2024.0,2.0,8000.0,650.0,Ambalangoda,Brand New,Petrol,Automatic,,black,7290000.0
KIA,Picanto,2018.0,8.0,59000.0,1000.0,Kalubowila,Used,Petrol,Automatic,Convertible,white,5975000.0
Suzuki,Zen,2006.0,20.0,145000.0,1000.0,Matugama,Used,Petrol,Manual,Hatchback,black,2540000.0
Perodua,Viva,2011.0,15.0,150000.0,1000.0,Beruwala,Used,Petrol,Automatic,Hatchback,silver,4250000.0
Suzuki,Maruti,2011.0,15.0,0.0,800.0,Kandy,Used,Petrol,Manual,Hatchback,white,2275000.0
Suzuki,Wagon R,2014.0,12.0,87000.0,650.0,Galle,Used,Petrol,Automatic,Station wagon,black,5100000.0
Hyundai,Elantra,2001.0,25.0,95000.0,1699.0,Godagama,Used,Petrol,Automatic,Sedan,blue,2795000.0
Zotye,Z100,2020.0,6.0,28500.0,1000.0,Elpitiya,Used,Petrol,Manual,Hatchback,white,3725000.0
Suzuki,Alto,2024.0,2.0,0.0,660.0,Adampan,Brand New,Petrol,Manual,Station wagon,white,7550000.0
Suzuki,Swift,2014.0,12.0,,,Ampara,Used,Petrol,Manual,Hatchback,blue,3500000.0
Daihatsu,Mira,2014.0,12.0,76500.0,650.0,Kottawa,Used,Petrol,Automatic,Hatchback,pink,5395000.0
Suzuki,Wagon R,2025.0,1.0,0.0,650.0,Kurunegala,Brand New,Hybrid,Automatic,Liftback,white,9200000.0
Honda,Civic,1998.0,28.0,191000.0,1500.0,Kelaniya,Used,Petrol,Manual,Sedan,silver,4900000.0
Daewoo,Racer ETI,1995.0,31.0,123456.0,1500.0,Mawanella,Used,Petrol,Manual,Saloon,white,1000000.0
Suzuki,Wagon R,2025.0,1.0,18.0,650.0,Kurunegala,Brand New,Hybrid,Automatic,Station wagon,white,10400000.0
Nissan,Sunny,2000.0,26.0,180000.0,1600.0,Dambulla,Used,Petrol,Automatic,Saloon,silver,4350000.0
Toyota,Vitz,2017.0,9.0,78000.0,1300.0,Ambalangoda,Used,Petrol,Automatic,Hatchback,black,7500000.0
Suzuki,Wagon R,2017.0,9.0,125000.0,650.0,Ambalangoda,Used,Hybrid,Automatic,Hatchback,white,6500000.0
Suzuki,Celerio,2016.0,10.0,123000.0,996.0,Ambalangoda,Used,Petrol,Automatic,Hatchback,white,5200000.0
Suzuki,Alto,2015.0,11.0,96000.0,800.0,Maharagama,Used,Petrol,Manual,Liftback,red,3900000.0
Suzuki,Spacia,2025.0,1.0,0.0,650.0,Kurunegala,Brand New,Hybrid,Automatic,,white,9600000.0
Suzuki,Celerio,2016.0,10.0,78000.0,1000.0,Ragama,Used,Petrol,Automatic,Hatchback,red,4900000.0
Suzuki,Spacia,2017.0,9.0,102000.0,800.0,Adampan,Used,Hybrid,Automatic,Sedan,purple,6850000.0
Toyota,Aqua,2013.0,13.0,50000.0,1500.0,Badalgama,Used,Hybrid,Automatic,Hatchback,black,8000000.0
KIA,Rio,2001.0,25.0,155000.0,1500.0,Narahenpita (Colombo 05),Used,Petrol,Automatic,Hatchback,silver,2250000.0
Mitsubishi,Lancer,1991.0,35.0,150000.0,1600.0,Peradeniya,Used,Petrol,Manual,Sedan,green,4250000.0
Nissan,Sunny,2001.0,25.0,75000.0,1300.0,Mandawala,Used,Petrol,Other,Saloon,black,4800000.0
Suzuki,Wagon R,2025.0,1.0,7.0,660.0,Rajagiriya,Brand New,Hybrid,Automatic,Hatchback,black,8500000.0
Honda,Fit,2013.0,13.0,134000.0,1500.0,Negombo,Used,Petrol,Automatic,,black,7650000.0
Daihatsu,Mira,2025.0,1.0,0.0,660.0,Nittambuwa,Brand New,Petrol,Automatic,Hatchback,red,7575000.0
Toyota,IST,2004.0,22.0,163000.0,1300.0,Ambalangoda,Used,Petrol,Automatic,Hatchback,white,5300000.0
Toyota,Aqua,2013.0,13.0,132000.0,1500.0,Anuradhapura,Used,Hybrid,Automatic,Saloon,white,7100000.0
Suzuki,Spacia,2015.0,11.0,138000.0,960.0,Monaragala,Used,Petrol,Automatic,Hatchback,pink,5900000.0
Toyota,Corolla,2006.0,20.0,160000.0,1500.0,Ambalangoda,Used,Petrol,Automatic,Saloon,white,6000000.0
Daihatsu,Mira,2024.0,2.0,2808.0,660.0,Kottawa,Brand New,Petrol,Automatic,Hatchback,blue,6450000.0
Tata,Indigo,2015.0,11.0,110008.0,1200.0,Veyangoda,Used,Petrol,Manual,Hatchback,white,3565000.0
Nissan,Sunny,2008.0,18.0,98000.0,1300.0,Kalmunai,Used,Petrol,Automatic,Saloon,silver,6000000.0
Toyota,Allion,2008.0,18.0,178000.0,1500.0,Maharagama,Used,Petrol,Automatic,,silver,8650000.0
Suzuki,Swift,2017.0,9.0,64000.0,1000.0,Kadawatha,Used,Petrol,Automatic,Liftback,red,8425000.0
Suzuki,Alto,2015.0,11.0,130000.0,800.0,Kotte,Used,Petrol,Manual,Hatchback,white,3750000.0
Toyota,Axio,2018.0,8.0,106000.0,1500.0,Padukka,Used,Hybrid,Automatic,Sedan,white,13500000.0
Honda,Fit,2013.0,13.0,270000.0,1320.0,Ja-Ela,Used,Hybrid,Automatic,Station wagon,white,9300000.0
Ford,Fiesta,2011.0,15.0,217000.0,1400.0,Adampan,Used,Petrol,Automatic,Sedan,gray,5100000.0
Nissan,Dayz,2023.0,3.0,0.0,650.0,Kurunegala,Brand New,Petrol,Automatic,Hatchback,silver,8500000.0
Toyota,Axio,2014.0,12.0,121000.0,1500.0,Ja-Ela,Used,Hybrid,Automatic,Hatchback,white,8200000.0
Toyota,Axio,2011.0,15.0,0.0,1500.0,Ambalangoda,Used,Petrol,Automatic,Saloon,black,7500000.0
Suzuki,Alto,2011.0,15.0,100000.0,800.0,Gampaha,Used,Petrol,Manual,Hatchback,black,2950000.0
Hyundai,Accent,2001.0,25.0,210000.0,1500.0,Veyangoda,Used,Petrol,Manual,Sedan,brown,2250000.0
Hyundai,Eon,2016.0,10.0,51000.0,649.0,Batticaloa,Used,Petrol,Manual,Hatchback,white,4300000.0
Toyota,Premio,2017.0,9.0,150000.0,1500.0,Ambalangoda,Used,Petrol,Automatic,Sedan,white,14500000.0
Toyota,Aqua,2013.0,13.0,83000.0,1500.0,Ambalangoda,Used,Petrol,Automatic,Hatchback,white,7500000.0
Suzuki,Alto,2016.0,10.0,70000.0,650.0,Nugegoda,Used,Petrol,Automatic,Hatchback,white,5475000.0
Suzuki,Celerio,2015.0,11.0,98000.0,1000.0,Kadawatha,Used,Petrol,Automatic,Hatchback,white,4975000.0
Suzuki,Celerio,2017.0,9.0,58000.0,1000.0,Kadawatha,Used,Petrol,Automatic,Hatchback,gray,5325000.0
Suzuki,Spacia,2023.0,3.0,6600.0,660.0,Kottawa,Brand New,Petrol,Automatic,Hatchback,yellow,7250000.0
Perodua,Viva,2009.0,17.0,150000.0,1000.0,Delgoda,Used,Petrol,Manual,Hatchback,black,3850000.0
Toyota,Aqua,2012.0,14.0,11112.0,1490.0,Kurunegala,Used,Petrol,Automatic,Hatchback,gray,6875000.0
Ford,Fiesta,2015.0,11.0,1000.0,1600.0,Gampaha,Used,Petrol,Automatic,Sedan,white,7950000.0
Honda,Fit,2014.0,12.0,32000.0,1300.0,Anuradhapura,Used,Hybrid,Automatic,Hatchback,white,8200000.0
Toyota,Allion,2010.0,16.0,0.0,1500.0,Ambalangoda,Used,Petrol,Automatic,Sedan,black,8700000.0
Nissan,Dayz,2023.0,3.0,6052.0,660.0,Kotte,Brand New,Petrol,Automatic,Hatchback,silver,7190000.0
Toyota,Aqua,2014.0,12.0,130000.0,1000.0,Kandy,Reconditioned,Petrol,Automatic,Hatchback,white,7700000.0
Honda,Civic,2004.0,22.0,150000.0,1500.0,Wellawatta (Colombo 06),Used,Petrol,Automatic,,other,5400000.0
Daihatsu,Taft,2025.0,1.0,0.0,660.0,Negombo,Brand New,Petrol,Automatic,Liftback,white,8500000.0
Toyota,Vitz,2011.0,15.0,115000.0,990.0,Kiribathkumbura,Used,Petrol,Automatic,Hatchback,black,6150000.0
Honda,Fit,2014.0,12.0,140000.0,1490.0,Kurunegala,Used,Petrol,Automatic,Liftback,white,7700000.0
Suzuki,Alto,2012.0,14.0,96000.0,800.0,Pitabeddara,Used,Petrol,Manual,Hatchback,gold,3050000.0
Toyota,Carina,1999.0,27.0,120000.0,1500.0,Marandagahamula,Used,Petrol,Automatic,Saloon,white,5600000.0
Suzuki,Wagon R,2023.0,3.0,2300.0,690.0,Kurunegala,Brand New,Hybrid,Automatic,Hatchback,silver,9500000.0
Toyota,Yaris,2023.0,3.0,0.0,1000.0,Angoda,Brand New,Petrol,Automatic,Saloon,white,8950000.0
Toyota,Aqua,2012.0,14.0,129500.0,1490.0,Dehiwala,Used,Hybrid,Automatic,Saloon,white,7150000.0
Mazda,6,2015.0,11.0,185000.0,2500.0,Negombo,Used,Petrol,Automatic,Saloon,red,16000000.0
Hyundai,Eon,2016.0,10.0,65000.0,814.0,Ambalangoda,Used,Petrol,Automatic,Hatchback,black,4100000.0
Suzuki,Wagon R,2023.0,3.0,5600.0,690.0,Kurunegala,Brand New,Hybrid,Automatic,Hatchback,black,8900000.0
Perodua,Axia,2016.0,10.0,90000.0,1000.0,Malabe,Used,Petrol,Automatic,Hatchback,black,5500000.0
Nissan,Sunny,1996.0,30.0,215000.0,1970.0,Matugama,Used,Diesel,Automatic,Saloon,silver,2650000.0
Suzuki,Zen,2006.0,20.0,136000.0,1000.0,Panadura,Used,Petrol,Manual,Hatchback,yellow,2050000.0
Honda,Shuttle,2012.0,14.0,0.0,1500.0,Ratnapura,Used,Hybrid,Automatic,,blue,8400000.0
Mercedes Benz,C200,2011.0,15.0,96000.0,1800.0,Malabe,Used,Petrol,Tiptronic,Sedan,silver,12750000.0
Daihatsu,Thor,2023.0,3.0,11700.0,1000.0,Borella (Colombo 08),Brand New,Petrol,Automatic,Hatchback,white,9600000.0
Toyota,Aqua,2014.0,12.0,0.0,1500.0,Ambalangoda,Used,Petrol,Automatic,Hatchback,white,7800000.0
Daihatsu,Boon,2017.0,9.0,81000.0,996.0,Ambalangoda,Used,Petrol,Automatic,Hatchback,blue,6500000.0
Toyota,Allion,2010.0,16.0,150000.0,1490.0,Akarawita,Used,Petrol,Automatic,Saloon,maroon,8900000.0
Toyota,Starlet,1993.0,33.0,247000.0,1300.0,Kelaniya,Used,Petrol,Manual,Hatchback,blue,3400000.0
Suzuki,XBee,2023.0,3.0,11000.0,990.0,Nugegoda,Reconditioned,Petrol,Automatic,Hatchback,brown,9450000.0
Toyota,Vitz,2015.0,11.0,150000.0,1000.0,Elpitiya,Used,Petrol,Automatic,Hatchback,black,7000000.0
Toyota,Vitz,2018.0,8.0,79000.0,1000.0,Galle,Used,Petrol,Automatic,Liftback,maroon,7890000.0
Honda,City,2025.0,1.0,0.0,1498.0,Ambalangoda,Brand New,Petrol,Automatic,Sedan,white,13900000.0
Suzuki,Hustler,2023.0,3.0,14000.0,650.0,Kurunegala,Brand New,Hybrid,Automatic,Hatchback,red,8200000.0
Suzuki,Wagon R,2023.0,3.0,8000.0,650.0,Matara,Brand New,Hybrid,Automatic,Hatchback,black,7700000.0
Toyota,Starlet,1999.0,27.0,75000.0,1000.0,Kimbulapitiya,Used,Petrol,Manual,Hatchback,white,3950000.0
Suzuki,Swift,2003.0,23.0,140000.0,1300.0,Pilimatalawa,Used,Petrol,Automatic,Hatchback,black,4300000.0
Hyundai,Eon,2015.0,11.0,75000.0,1200.0,Hingurakgoda,Used,Petrol,Automatic,Liftback,gray,3670000.0
Toyota,Aqua,2013.0,13.0,102000.0,1500.0,Ambalangoda,Used,Petrol,Automatic,Hatchback,white,7800000.0
Toyota,Vitz,2018.0,8.0,30500.0,1000.0,Peradeniya,Used,Petrol,Automatic,Hatchback,blue,9500000.0
Suzuki,Alto,2015.0,11.0,131500.0,800.0,Wattala,Used,Petrol,Manual,Hatchback,gray,3750000.0
Suzuki,Swift,2017.0,9.0,0.0,1000.0,Negombo,Used,Hybrid,Automatic,Hatchback,red,8790000.0
Toyota,Vitz,2015.0,11.0,66815.0,990.0,Polonnaruwa,Used,Petrol,Automatic,Hatchback,blue,6950000.0
Perodua,Axia,2017.0,9.0,91000.0,1000.0,Kadawatha,Used,Petrol,Automatic,Hatchback,silver,5790000.0
Suzuki,Alto,2015.0,11.0,110000.0,660.0,Kalutara,Used,Petrol,Manual,Hatchback,silver,3475000.0
Suzuki,Alto,2015.0,11.0,130000.0,800.0,Ambalangoda,Used,Petrol,Manual,Hatchback,gray,3500000.0
Mazda,Familia,1994.0,32.0,0.0,1200.0,Ambalangoda,Used,Petrol,Manual,Saloon,white,2750000.0
Suzuki,Alto,2014.0,12.0,110000.0,800.0,Colombo Fort (Colombo 01),Used,Petrol,Manual,Hatchback,blue,3390000.0
Suzuki,Alto,2015.0,11.0,0.0,800.0,Godagama,Used,Petrol,Manual,Liftback,black,4000000.0
Mitsubishi,eK,2023.0,3.0,6600.0,660.0,Kottawa,Brand New,Petrol,Automatic,Hatchback,silver,7190000.0
Suzuki,Wagon R,2018.0,8.0,190000.0,1500.0,Adampan,Used,Hybrid,Automatic,Liftback,white,6590000.0
Toyota,Vitz,2016.0,10.0,89000.0,1300.0,Ambalangoda,Used,Petrol,Automatic,Hatchback,blue,7500000.0
Toyota,Premio,2018.0,8.0,130000.0,1500.0,Galle,Used,Petrol,Automatic,Sedan,red,16500000.0
Toyota,Premio,2018.0,8.0,70000.0,1500.0,Kandy,Used,Petrol,Automatic,Sedan,white,15400000.0
Suzuki,Wagon R,2018.0,8.0,100000.0,660.0,Kotahena (Colombo 13),Reconditioned,Hybrid,Automatic,Hatchback,white,6100000.0
Daihatsu,Taft,2023.0,3.0,2000.0,658.0,Horana,Brand New,Petrol,Automatic,Hatchback,black,8300000.0
Suzuki,Wagon R,2017.0,9.0,83000.0,660.0,Battuluoya,Used,Hybrid,Automatic,Hatchback,white,6850000.0
Suzuki,Wagon R,2018.0,8.0,89000.0,650.0,Balana,Reconditioned,Petrol,Automatic,Station wagon,white,7100000.0
Subaru,Stella,2023.0,3.0,18000.0,660.0,Kottawa,Brand New,Petrol,Automatic,Hatchback,silver,7050000.0
Suzuki,Wagon R,2024.0,2.0,18000.0,650.0,Panadura,Brand New,Petrol,Automatic,Station wagon,blue,9100000.0
Mitsubishi,Lancer,1997.0,29.0,0.0,1500.0,Baduraliya,Used,Petrol,Manual,Sports,silver,3750000.0
Toyota,Yaris,2025.0,1.0,0.0,1000.0,Nawala,Brand New,Petrol,Automatic,Hatchback,white,11600000.0
Toyota,Allion,2004.0,22.0,0.0,1300.0,Adampan,Used,Petrol,Automatic,Hatchback,blue,8000000.0
Honda,Insight,2011.0,15.0,172664.0,1330.0,Ambalangoda,Used,Petrol,Automatic,Liftback,black,7500000.0
Suzuki,Astra,2010.0,16.0,143000.0,800.0,Kalutara,Used,Petrol,Manual,Hatchback,black,3900000.0
Audi,RS3,2010.0,16.0,0.0,2480.0,Ambalangoda,Used,Petrol,Automatic,Sedan,gray,11000000.0
Suzuki,Wagon R,2017.0,9.0,172000.0,650.0,Ambalangoda,Used,Hybrid,Automatic,Hatchback,brown,6450000.0
Suzuki,Alto,2016.0,10.0,,,Dehiwala,Used,Petrol,Manual,Hatchback,gray,3400000.0
Toyota,Aqua,2015.0,11.0,134000.0,1300.0,Kandy,Used,Petrol,Automatic,Hatchback,black,8100000.0
Suzuki,Wagon R,2014.0,12.0,109000.0,690.0,Matara,Used,Petrol,Automatic,,black,5750000.0
Suzuki,Swift,2004.0,22.0,170000.0,1320.0,Kadawatha,Used,Petrol,Automatic,Hatchback,black,3950000.0
Mitsubishi,eK,2023.0,3.0,6600.0,660.0,Kottawa,Brand New,Petrol,Automatic,Hatchback,white,7175000.0
Honda,Fit,2013.0,13.0,73000.0,1300.0,Panadura,Used,Petrol,Automatic,Hatchback,gray,9000000.0
Perodua,Bezza,2025.0,1.0,5500.0,990.0,Bandaragama,Brand New,Petrol,Automatic,Sedan,gray,8295000.0
Suzuki,Wagon R,2014.0,12.0,100000.0,650.0,Bandaragama,Used,Hybrid,Automatic,Convertible,black,5695000.0
Mercedes Benz,C Class,2016.0,10.0,100000.0,2000.0,Kalubowila,Used,Hybrid,Automatic,Saloon,white,18900000.0
Suzuki,Wagon R,2024.0,2.0,304.0,660.0,Batuwatta,Reconditioned,Hybrid,Automatic,Hatchback,white,8000000.0
Toyota,Passo,2007.0,19.0,8000.0,990.0,Kegalle,Used,Petrol,Automatic,Hatchback,white,5500000.0
Toyota,Tercel,1997.0,29.0,100000.0,1300.0,Dompe,Used,Petrol,Automatic,Saloon,black,2700000.0
Suzuki,Wagon R,2014.0,12.0,118000.0,650.0,Ambalangoda,Used,Hybrid,Automatic,Hatchback,black,5650000.0
Micro,Panda,2014.0,12.0,52000.0,1000.0,Alawwa,Used,Petrol,Manual,Hatchback,white,2745000.0
Toyota,Premio,2017.0,9.0,97000.0,1500.0,Ratnapura,Used,Petrol,Automatic,Liftback,white,15600000.0
Toyota,Yaris,2023.0,3.0,8500.0,1000.0,Kelaniya,Brand New,Petrol,Automatic,Liftback,red,9800000.0
Suzuki,Wagon R,2017.0,9.0,120000.0,650.0,Gampaha,Used,Petrol,Automatic,Hatchback,white,6450000.0
Hyundai,Accent,2001.0,25.0,123456.0,1500.0,Dikwella,Used,Petrol,Automatic,Saloon,gold,2300000.0
Toyota,Allion,2004.0,22.0,0.0,1500.0,Ambalangoda,Used,Petrol,Automatic,Saloon,black,6800000.0
Toyota,Vitz,2018.0,8.0,112000.0,,Maharagama,Used,Petrol,Automatic,Saloon,gray,7900000.0
Toyota,Axio,2013.0,13.0,150000.0,1500.0,Kottawa,Used,Petrol,Automatic,Saloon,gold,8500000.0
Suzuki,MR wagon,2016.0,10.0,127000.0,650.0,Puttalam,Used,Hybrid,Automatic,Station wagon,brown,5500000.0
Audi,A6,2013.0,13.0,120000.0,2000.0,Nugegoda,Used,Diesel,Automatic,Sedan,silver,12900000.0
Suzuki,Wagon R,2014.0,12.0,195000.0,650.0,Nugegoda,Used,Petrol,Automatic,Hatchback,white,5650000.0
Toyota,Corolla,1999.0,27.0,350000.0,1975.0,Malabe,Used,Diesel,Manual,Hatchback,silver,3650000.0
Toyota,Corolla,2003.0,23.0,150000.0,1490.0,Ampara,Used,Petrol,Manual,Hatchback,beige,6150000.0
Toyota,Yaris,2025.0,1.0,0.0,1000.0,Kurunegala,Brand New,Petrol,Automatic,Hatchback,white,10500000.0
Suzuki,Wagon R,2024.0,2.0,2500.0,690.0,Kurunegala,Brand New,Hybrid,Automatic,Hatchback,white,7500000.0
Suzuki,Alto,2017.0,9.0,61450.0,657.0,Bandaragama,Used,Petrol,Automatic,Hatchback,silver,6100000.0
Nissan,Dayz,2023.0,3.0,8900.0,650.0,Kelaniya,Brand New,Petrol,Automatic,,white,8700000.0
Suzuki,Alto,2015.0,11.0,96000.0,796.0,Medirigiriya,Used,Petrol,Manual,Hatchback,red,3700000.0
Suzuki,Swift,2005.0,21.0,222000.0,1500.0,Ruwanwella,Used,Petrol,Tiptronic,Hatchback,white,4290000.0
Toyota,Passo,2023.0,3.0,6000.0,1000.0,Kottawa,Brand New,Petrol,Automatic,,green,8375000.0
Toyota,Premio,2019.0,7.0,89000.0,1500.0,Kohuwala,Used,Petrol,Automatic,Saloon,silver,16750000.0
Suzuki,Alto,2015.0,11.0,144000.0,800.0,Kuliyapitiya,Used,Petrol,Manual,Hatchback,red,4100000.0
Toyota,Aqua,2012.0,14.0,180000.0,1430.0,Dambulla,Used,Hybrid,Automatic,Hatchback,black,7300000.0
Suzuki,Spacia,2025.0,1.0,1000.0,660.0,Kurunegala,Reconditioned,Hybrid,Automatic,Hatchback,gray,9450000.0
Suzuki,Spacia,2024.0,2.0,0.0,650.0,Panadura,Reconditioned,Hybrid,Automatic,Hatchback,white,9500000.0
Daihatsu,Mira,2023.0,3.0,4200.0,660.0,Divulapitiya,Brand New,Petrol,Automatic,Hatchback,black,6375000.0
Toyota,Vitz,2007.0,19.0,107000.0,1300.0,Kesbewa,Used,Petrol,Automatic,Hatchback,silver,5490000.0
Toyota,Corolla,1992.0,34.0,83472.0,1830.0,Kalutara,Used,Diesel,Automatic,Saloon,white,2100000.0
Suzuki,Maruti,2007.0,19.0,,800.0,Meegoda,Used,Petrol,Manual,Hatchback,red,2035000.0
Suzuki,Spacia,2016.0,10.0,131000.0,660.0,Dehiwala,Used,Petrol,Automatic,Hatchback,purple,6385000.0
Daihatsu,Mira,2024.0,2.0,1700.0,650.0,Malabe,Reconditioned,Petrol,Automatic,Hatchback,blue,7390000.0
Opel,Astra,1995.0,31.0,65210.0,1500.0,Rikillagaskada,Used,Petrol,Manual,Saloon,black,1390000.0
Toyota,Yaris,2024.0,2.0,7000.0,1000.0,Dehiwala,Reconditioned,Petrol,Automatic,Hatchback,white,9800000.0
Toyota,Aqua,2013.0,13.0,260000.0,1500.0,Ambalangoda,Used,Petrol,Automatic,Hatchback,yellow,7000000.0
Toyota,Premio,2017.0,9.0,95000.0,1500.0,Galle,Used,Petrol,Automatic,Saloon,white,14800000.0
Perodua,Kelisa,2007.0,19.0,127600.0,1000.0,Nugegoda,Used,Petrol,Automatic,Hatchback,gold,3600000.0
Toyota,Premio,2007.0,19.0,118000.0,1500.0,Kandy,Used,Petrol,Automatic,Hatchback,white,7950000.0
Suzuki,Wagon R,2018.0,8.0,63000.0,998.0,Sri Jayawardenepura Kotte,Used,Hybrid,Automatic,Hatchback,black,6700000.0
Hyundai,Matrix,2001.0,25.0,171132.0,1599.0,Dehiwala,Used,Petrol,Automatic,Hatchback,blue,2750000.0
Micro,MX7,2012.0,14.0,0.0,1500.0,Panadura,Used,Petrol,Manual,Sedan,red,3295000.0
Toyota,Allion,2013.0,13.0,136500.0,1490.0,Kalutara,Used,Petrol,Automatic,Sedan,white,12500000.0
Toyota,Corolla,2002.0,24.0,143000.0,2000.0,Narammala,Used,Diesel,Automatic,Saloon,white,3720000.0
Honda,Fit,2013.0,13.0,0.0,1500.0,Kaduwela,Used,Hybrid,Automatic,Liftback,blue,8200000.0
Toyota,Corolla,2002.0,24.0,650000.0,1200.0,Pussellawa,Used,Petrol,Automatic,Hatchback,white,7500000.0
Honda,Fit,2013.0,13.0,161000.0,1330.0,Minuwangoda,Used,Petrol,Automatic,Station wagon,black,8975000.0
Toyota,Premio,2018.0,8.0,60000.0,1500.0,Panadura,Used,Petrol,Automatic,Saloon,white,16500000.0
Mitsubishi,Lancer,2002.0,24.0,246000.0,1460.0,Ambalangoda,Used,Petrol,Automatic,Sedan,green,5200000.0
Suzuki,Celerio,2015.0,11.0,82000.0,1000.0,Nugegoda,Used,Petrol,Tiptronic,Hatchback,yellow,5000000.0
Toyota,Axio,2013.0,13.0,230000.0,1350.0,Maharagama,Used,Petrol,Automatic,Hatchback,blue,8600000.0
Perodua,Axia,2017.0,9.0,115000.0,1000.0,Kadawatha,Used,Petrol,Automatic,Hatchback,silver,5750000.0
Toyota,Aqua,2014.0,12.0,130000.0,1500.0,Nikaweratiya,Used,Petrol,Automatic,Hatchback,white,7300000.0
Suzuki,Wagon R,2015.0,11.0,80000.0,650.0,Matara,Reconditioned,Petrol,Automatic,Hatchback,blue,5375000.0
Nissan,Aura,2024.0,2.0,0.0,1000.0,Embilipitiya,Reconditioned,Petrol,Automatic,Hatchback,black,13850000.0
Toyota,Prius,2013.0,13.0,110000.0,1600.0,Ambalangoda,Used,Hybrid,Automatic,Liftback,white,10500000.0
Suzuki,Wagon R,2018.0,8.0,123000.0,650.0,Ambalangoda,Used,Hybrid,Automatic,Hatchback,black,6550000.0
Nissan,Roox,2024.0,2.0,0.0,660.0,Bellanwila,Brand New,Hybrid,Automatic,Station wagon,gray,8675000.0
Toyota,Starlet,2001.0,25.0,0.0,1500.0,Narahenpita (Colombo 05),Used,Petrol,Manual,Liftback,gray,4675000.0
Toyota,Yaris,2025.0,1.0,0.0,1500.0,Katugastota,Reconditioned,Hybrid,Automatic,Hatchback,black,10300000.0
Datsun,Redi Go,2016.0,10.0,47090.0,800.0,Padukka,Used,Petrol,Manual,Hatchback,green,3350000.0
Honda,Fit,2010.0,16.0,184000.0,1330.0,Maharagama,Used,Petrol,Automatic,Hatchback,green,6250000.0
Toyota,Corolla,2018.0,8.0,103000.0,1500.0,Negombo,Used,Petrol,Automatic,Sedan,white,13000000.0
Suzuki,Spacia,2024.0,2.0,0.0,658.0,Nugegoda,Brand New,Petrol,Automatic,Hatchback,white,7950000.0
Suzuki,Maruti,2008.0,18.0,0.0,650.0,Maho,Used,Petrol,Manual,,blue,2275000.0
Toyota,Corolla,2023.0,3.0,0.0,1500.0,Kurunegala,Brand New,Petrol,Manual,Saloon,white,15500000.0
Suzuki,Maruti,2006.0,20.0,84585.0,800.0,Minuwangoda,Used,Petrol,Manual,Hatchback,blue,1990000.0
Suzuki,Alto,2023.0,3.0,4210.0,660.0,Divulapitiya,Brand New,Hybrid,Automatic,Hatchback,silver,7250000.0
Toyota,Aqua,2016.0,10.0,133440.0,1500.0,Ambalangoda,Used,Hybrid,Automatic,Liftback,white,8350000.0
Daihatsu,Mira,2025.0,1.0,0.0,650.0,Gampaha,Brand New,Petrol,Automatic,Hatchback,red,6850000.0
Suzuki,Spacia,2025.0,1.0,900.0,660.0,Kelaniya,Brand New,Petrol,Automatic,Hatchback,white,9800000.0
Nissan,Dayz,2023.0,3.0,21000.0,660.0,Kottawa,Brand New,Petrol,Automatic,Hatchback,orange,7350000.0
Nissan,Sunny,2003.0,23.0,180000.0,1490.0,Wennappuwa,Used,Petrol,Automatic,Saloon,silver,4100000.0
Nissan,Note,2023.0,3.0,2000.0,1198.0,Horana,Brand New,Petrol,Automatic,Hatchback,maroon,11000000.0
Toyota,Vitz,2016.0,10.0,53000.0,1000.0,Kundasale,Reconditioned,Petrol,Automatic,Hatchback,black,7290000.0
Suzuki,Wagon R,2025.0,1.0,0.0,660.0,Wennappuwa,Brand New,Petrol,Automatic,Hatchback,white,9200000.0
Toyota,Aqua,2012.0,14.0,120000.0,1500.0,Colombo Fort (Colombo 01),Used,Hybrid,Automatic,Liftback,blue,7990000.0
Nissan,March,2002.0,24.0,140000.0,1300.0,Ambalangoda,Used,Petrol,Automatic,Hatchback,orange,3800000.0
Suzuki,Wagon R,2025.0,1.0,0.0,660.0,Matara,Brand New,Hybrid,Automatic,Hatchback,white,8050000.0
BMW,5 Series,2013.0,13.0,147000.0,2000.0,Ambalangoda,Used,Diesel,Automatic,Sedan,black,21000000.0
Mercedes Benz,EQB,2024.0,2.0,0.0,,Kotahena (Colombo 13),Brand New,Electric,Automatic,Hatchback,blue,35800000.0
Toyota,Vitz,2019.0,7.0,76000.0,1000.0,Akkaraipattu,Used,Petrol,Automatic,Sedan,white,8650000.0
Daihatsu,Mira,2024.0,2.0,3000.0,650.0,Galle,Reconditioned,Petrol,Automatic,Hatchback,black,7200000.0
Daihatsu,Taft,2025.0,1.0,0.0,650.0,Galnewa,Brand New,Petrol,Automatic,Liftback,black,8900000.0
Suzuki,Swift,2003.0,23.0,142000.0,1300.0,Ambalangoda,Used,Petrol,Automatic,Hatchback,gray,4200000.0
Suzuki,Wagon R,2025.0,1.0,0.0,660.0,Yakkala,Brand New,Petrol,Automatic,,white,8695000.0
Toyota,Aqua,2013.0,13.0,251780.0,1200.0,Pussellawa,Used,Petrol,Automatic,Hatchback,blue,7800000.0
Suzuki,Wagon R,2025.0,1.0,0.0,650.0,Maharagama,Brand New,Petrol,Automatic,Station wagon,white,9300000.0
Toyota,Yaris,2007.0,19.0,190000.0,,Galle,Used,Petrol,Manual,Saloon,black,6190000.0
Suzuki,Swift,2002.0,24.0,176000.0,1300.0,Mattakkuliya (Colombo 15),Used,Petrol,Automatic,Hatchback,black,3950000.0
Renault,KWID,2017.0,9.0,0.0,999.0,Ambalangoda,Used,Petrol,Manual,,red,3700000.0
Honda,Civic,2017.0,9.0,26700.0,1000.0,Padukka,Used,Petrol,Automatic,Hatchback,white,12500000.0
Toyota,Aqua,2012.0,14.0,136000.0,1500.0,Galle,Used,Hybrid,Automatic,Hatchback,gray,6950000.0
Toyota,Vitz,2015.0,11.0,112000.0,1300.0,Ambalangoda,Used,Petrol,Automatic,Hatchback,black,7200000.0
Mercedes Benz,CLA,2018.0,8.0,52000.0,1600.0,Ja-Ela,Used,Petrol,Tiptronic,Saloon,white,21500000.0
Toyota,Carina,2003.0,23.0,0.0,1500.0,Wellawatta (Colombo 06),Used,Petrol,Manual,Sedan,silver,5000000.0
Toyota,Aqua,2013.0,13.0,109000.0,1500.0,Monaragala,Used,Petrol,Automatic,Hatchback,white,7500000.0
Suzuki,Wagon R,2014.0,12.0,150000.0,650.0,Ambalangoda,Used,Hybrid,Automatic,Hatchback,pink,5650000.0
Mazda,Familia,1999.0,27.0,140000.0,1499.0,Battaramulla,Used,Petrol,Automatic,Saloon,silver,3600000.0
Suzuki,Wagon R,2023.0,3.0,6600.0,660.0,Kottawa,Brand New,Petrol,Automatic,Hatchback,blue,7275000.0
Suzuki,Wagon R,2018.0,8.0,88000.0,650.0,Akurana,Used,Petrol,Automatic,Liftback,red,6300000.0
Renault,KWID,2016.0,10.0,172320.0,850.0,Batticaloa,Used,Petrol,Manual,Hatchback,red,3400000.0
Suzuki,Hustler,2025.0,1.0,0.0,658.0,Nawala,Brand New,Petrol,Automatic,Hatchback,blue,8250000.0
Suzuki,Alto,2015.0,11.0,105000.0,800.0,Kuliyapitiya,Used,Petrol,Manual,Hatchback,silver,3695000.0
Mercedes Benz,S Class,2014.0,12.0,90000.0,3000.0,Kohuwala,Used,Petrol,Automatic,Sedan,white,37500000.0
Hyundai,Accent,2002.0,24.0,165000.0,1500.0,Ampara,Used,Petrol,Manual,Hatchback,white,2630000.0
Toyota,Vios,2003.0,23.0,190000.0,1900.0,Nittambuwa,Used,Petrol,Automatic,Saloon,black,5300000.0
Hyundai,Eon,2014.0,12.0,134839.0,800.0,Kaduwela,Used,Petrol,Manual,Liftback,brown,3890000.0
Daihatsu,Mira,1998.0,28.0,0.0,850.0,Ambalangoda,Used,Petrol,Manual,Hatchback,red,2100000.0
Audi,Q3,2019.0,7.0,78000.0,1500.0,Ambalangoda,Used,Petrol,Automatic,Hatchback,white,21500000.0
Toyota,Premio,2007.0,19.0,100000.0,1500.0,Polonnaruwa,Used,Petrol,Automatic,Saloon,white,9000000.0
Toyota,Belta,2008.0,18.0,106000.0,1300.0,Kelaniya,Used,Petrol,Automatic,Saloon,silver,7500000.0
Toyota,Corolla,2002.0,24.0,280000.0,1000.0,Batawala,Used,Petrol,Automatic,Liftback,blue,2690000.0
Suzuki,Wagon R,2018.0,8.0,150000.0,690.0,Ampara,Used,Hybrid,Automatic,Hatchback,white,6900000.0
Suzuki,Wagon R,2024.0,2.0,6000.0,650.0,Negombo,Brand New,Hybrid,Automatic,Hatchback,white,9500000.0
Suzuki,A Star,2010.0,16.0,150000.0,1000.0,Kadawatha,Used,Petrol,Automatic,Hatchback,gray,4175000.0
Honda,Fit,2015.0,11.0,140000.0,690.0,Kalutara,Used,Petrol,Automatic,Hatchback,black,5400000.0
Daihatsu,Mira,2024.0,2.0,2000.0,658.0,Minuwangoda,Reconditioned,Petrol,Automatic,Liftback,white,6300000.0
Suzuki,Wagon R,2018.0,8.0,0.0,658.0,Ampitiya,Used,Hybrid,Automatic,,maroon,6500000.0
Toyota,Aqua,2015.0,11.0,134000.0,1490.0,Kandy,Used,Hybrid,Automatic,Hatchback,gray,8175000.0
Suzuki,Wagon R,2018.0,8.0,120000.0,1500.0,Adampan,Used,Hybrid,Automatic,Liftback,white,5890000.0
Suzuki,Alto,2024.0,2.0,11000.0,660.0,Nugegoda,Brand New,Petrol,Automatic,Hatchback,blue,6450000.0
Suzuki,Wagon R,2014.0,12.0,124654.0,650.0,Ambalangoda,Used,Hybrid,Automatic,Hatchback,white,5475000.0
Toyota,Aqua,2013.0,13.0,18000.0,1497.0,Maharagama,Used,Hybrid,Manual,Hatchback,blue,6600000.0
Suzuki,Wagon R,2018.0,8.0,68000.0,650.0,Gampaha,Used,Petrol,Automatic,Hatchback,silver,6525000.0
Suzuki,Swift,2017.0,9.0,80000.0,1300.0,Ambalangoda,Used,Petrol,Automatic,Hatchback,blue,8150000.0
Suzuki,Wagon R,2025.0,1.0,0.0,660.0,Kurunegala,Brand New,Hybrid,Automatic,Sedan,white,8600000.0
Daihatsu,Taft,2022.0,4.0,0.0,660.0,Kurunegala,Brand New,Petrol,Automatic,,red,7850000.0
Honda,Fit,2013.0,13.0,102000.0,1490.0,Dehiwala,Used,Hybrid,Automatic,Hatchback,blue,7800000.0
Suzuki,Wagon R,2017.0,9.0,125500.0,660.0,Nittambuwa,Used,Petrol,Automatic,Hatchback,blue,5825000.0
Toyota,Allion,2010.0,16.0,230000.0,1500.0,Panadura,Used,Petrol,Automatic,Saloon,black,9000000.0
Suzuki,Maruti,2010.0,16.0,0.0,800.0,Kurunegala,Used,Petrol,Manual,Liftback,black,3050000.0
Honda,Civic,2002.0,24.0,200000.0,1500.0,Kottawa,Used,Petrol,Automatic,Saloon,red,5600000.0
Toyota,Corolla,2001.0,25.0,131400.0,1450.0,Embilipitiya,Used,Petrol,Manual,Saloon,silver,5800000.0
Toyota,Vitz,2008.0,18.0,130000.0,1000.0,Aniwatta,Used,Petrol,Automatic,Hatchback,gray,5350000.0
Micro,Panda,2012.0,14.0,80000.0,1342.0,Ambalangoda,Used,Petrol,Manual,Hatchback,red,2400000.0
Suzuki,Wagon R,2014.0,12.0,140000.0,650.0,Ambalangoda,Used,Petrol,Automatic,Station wagon,red,5400000.0
Zotye,Z100,2020.0,6.0,56000.0,1000.0,Kaduwela,Used,Petrol,Other,Liftback,white,3250000.0
Suzuki,Hustler,2024.0,2.0,18326.0,650.0,Rajagiriya,Brand New,Petrol,Automatic,Hatchback,blue,8000000.0
Suzuki,Wagon R,2017.0,9.0,0.0,650.0,Kurunegala,Used,Hybrid,Automatic,Hatchback,white,6780000.0
Suzuki,Wagon R,2024.0,2.0,9800.0,650.0,Gampaha,Brand New,Petrol,Automatic,Hatchback,brown,7265000.0
Daihatsu,Taft,2024.0,2.0,0.0,660.0,Wattala,Brand New,Petrol,Automatic,Hatchback,green,7600000.0
Mitsubishi,eK,2023.0,3.0,8000.0,650.0,Veyangoda,Reconditioned,Petrol,Automatic,Station wagon,black,6750000.0
Suzuki,Alto,2024.0,2.0,900.0,650.0,Piliyandala,Brand New,Petrol,Automatic,Hatchback,white,6175000.0
Perodua,Bezza,2019.0,7.0,72000.0,1000.0,Ambalangoda,Used,Petrol,Automatic,Liftback,blue,6750000.0
Hyundai,Eon,2025.0,1.0,0.0,1000.0,Batticaloa,Brand New,Petrol,Automatic,Hatchback,red,8900000.0
Suzuki,Wagon R,2017.0,9.0,,658.0,Murutalawa,Used,Petrol,Automatic,Hatchback,silver,6575000.0
Toyota,Aqua,2012.0,14.0,140000.0,1500.0,Matara,Used,Hybrid,Automatic,Hatchback,black,7200000.0
Mitsubishi,Lancer,2006.0,20.0,242884.0,1300.0,Kelaniya,Used,Petrol,Manual,Saloon,red,6000000.0
Perodua,Viva,2011.0,15.0,110000.0,960.0,Matara,Used,Petrol,Manual,Hatchback,black,4290000.0
Volkswagen,Beetle,,,100000.0,1200.0,Negombo,Used,Petrol,Manual,Saloon,blue,690000.0
Suzuki,Wagon R,2015.0,11.0,138000.0,650.0,Pussellawa,Used,Petrol,Automatic,Hatchback,white,6800000.0
Toyota,Vitz,2015.0,11.0,,1500.0,Ambalangoda,Used,Petrol,Automatic,Hatchback,white,7000000.0
Suzuki,Celerio,2014.0,12.0,1000.0,1000.0,Kadawatha,Used,Petrol,Automatic,Hatchback,red,4475000.0
Toyota,Aqua,2012.0,14.0,0.0,1500.0,Beliatta,Used,Hybrid,Automatic,Hatchback,white,7150000.0
Honda,Civic,2003.0,23.0,212647.0,1490.0,Colombo Fort (Colombo 01),Used,Petrol,Automatic,Hatchback,silver,5625000.0
Nissan,Tiida,2008.0,18.0,181000.0,1500.0,Boralesgamuwa,Used,Petrol,Automatic,Hatchback,silver,5000000.0
Toyota,Vitz,2019.0,7.0,46000.0,1000.0,Negombo,Used,Petrol,Automatic,,red,8499000.0
Toyota,Yaris Ativ,2025.0,1.0,0.0,1500.0,Kohuwala,Brand New,Hybrid,Automatic,Sedan,white,18500000.0
Suzuki,Wagon R,2023.0,3.0,6500.0,660.0,Kotte,Reconditioned,Petrol,Automatic,Hatchback,gray,7225000.0
Toyota,Vitz,2018.0,8.0,40000.0,1000.0,Ambalangoda,Used,Petrol,Automatic,Hatchback,white,7700000.0
Suzuki,Spacia,2023.0,3.0,0.0,650.0,Negombo,Brand New,Petrol,Automatic,Hatchback,white,9200000.0
BMW,740Le,2018.0,8.0,0.0,2000.0,Kohuwala,Used,Petrol,Automatic,Sedan,black,33500000.0
Toyota,Roomy,2022.0,4.0,50000.0,1500.0,Peliyagoda,Used,Hybrid,Automatic,Liftback,red,10500000.0
Suzuki,Wagon R,2025.0,1.0,0.0,660.0,Borella (Colombo 08),Brand New,Petrol,Automatic,Hatchback,black,9900000.0
Toyota,Corolla,,,0.0,1300.0,Dummalasuriya,Used,Petrol,Manual,Saloon,red,780000.0
Toyota,Axio,2007.0,19.0,0.0,1500.0,Ambalangoda,Used,Petrol,Automatic,Saloon,blue,7200000.0
Toyota,Belta,2009.0,17.0,156450.0,1300.0,Dehiwala,Used,Petrol,Automatic,Saloon,white,6950000.0
Suzuki,Wagon R,2018.0,8.0,115000.0,650.0,Kollupitiya (Colombo 03),Used,Petrol,Automatic,,black,6650000.0
Honda,Fit,2012.0,14.0,126650.0,1339.0,Moratuwa,Used,Petrol,Automatic,Hatchback,silver,6750000.0
Honda,Civic,2001.0,25.0,180000.0,1500.0,Anuradhapura,Used,Petrol,Automatic,Hatchback,navy,1750000.0
Toyota,Axio,2014.0,12.0,125000.0,1500.0,Narahenpita (Colombo 05),Used,Hybrid,Automatic,Saloon,blue,8975000.0
Audi,Q2,2018.0,8.0,0.0,1400.0,Katugastota,Used,Petrol,Automatic,Saloon,black,12700000.0
Perodua,Viva,2010.0,16.0,120000.0,1000.0,Horana,Used,Petrol,Automatic,Hatchback,blue,4375000.0
Suzuki,Swift,2017.0,9.0,63000.0,1000.0,Welimada,Used,Petrol,Automatic,Liftback,blue,8375000.0
Mercedes Benz,CLA,2025.0,1.0,0.0,1332.0,Wellawatta (Colombo 06),Brand New,Petrol,Automatic,Sedan,white,44000000.0
Suzuki,Wagon R,2018.0,8.0,75000.0,650.0,Batticaloa,Used,Hybrid,Automatic,Sedan,white,7100000.0
Toyota,Vitz,2008.0,18.0,75000.0,1000.0,Pita Kotte,Used,Petrol,Automatic,Hatchback,silver,6000000.0
Suzuki,Celerio,2016.0,10.0,71000.0,1000.0,Kadawatha,Used,Petrol,Automatic,Hatchback,blue,5175000.0
Suzuki,Estilo,2010.0,16.0,142500.0,800.0,Batticaloa,Used,Petrol,Manual,Hatchback,silver,4250000.0
Perodua,Viva,2011.0,15.0,0.0,660.0,Kaduwela,Used,Petrol,Automatic,Liftback,white,3650000.0
Nissan,Pulsar,1997.0,29.0,0.0,1490.0,Aralaganwila,Used,Petrol,Manual,Liftback,white,2700000.0
Nissan,March,1999.0,27.0,225000.0,1000.0,Kadawatha,Used,Petrol,Automatic,Hatchback,silver,2900000.0
Nissan,Leaf,2014.0,12.0,46000.0,,Piliyandala,Used,Electric,Automatic,Hatchback,gray,5300000.0
Toyota,Tercel,1996.0,30.0,0.0,1290.0,Alawwa,Used,Petrol,Manual,Sedan,red,2750000.0
Toyota,Aqua,2013.0,13.0,140000.0,1500.0,Dehiwala,Used,Hybrid,Automatic,Liftback,blue,6700000.0
Suzuki,Wagon R,2017.0,9.0,110700.0,660.0,Minuwangoda,Used,Petrol,Automatic,Hatchback,white,7200000.0
Suzuki,Celerio,2014.0,12.0,0.0,990.0,Horana,Used,Petrol,Manual,Hatchback,black,4950000.0
Toyota,Vitz,2005.0,21.0,0.0,1000.0,Gampola,Used,Hybrid,Automatic,Hatchback,blue,5100000.0
Mercedes Benz,C180,2018.0,8.0,20000.0,1500.0,Imbulgoda,Used,Petrol,Automatic,Saloon,silver,18000000.0
Suzuki,Alto,2011.0,15.0,153000.0,1000.0,Kurunegala,Used,Petrol,Manual,Convertible,silver,3350000.0
Toyota,Prius,2014.0,12.0,210000.0,1500.0,Ambalangoda,Used,Petrol,Automatic,Liftback,white,9800000.0
Honda,Fit,2012.0,14.0,159000.0,1330.0,Wattala,Used,Petrol,Automatic,Hatchback,silver,6200000.0
Toyota,Yaris,2024.0,2.0,5000.0,1500.0,Maharagama,Brand New,Petrol,Automatic,Hatchback,black,10500000.0
Toyota,Vitz,2018.0,8.0,77900.0,1300.0,Katuneriya,Used,Petrol,Automatic,Liftback,white,8600000.0
Nissan,Sunny,2002.0,24.0,158600.0,1500.0,Peradeniya,Used,Petrol,Automatic,Saloon,silver,4750000.0
Suzuki,Liana,2006.0,20.0,0.0,1300.0,Polgahawela,Used,Petrol,Manual,Hatchback,black,4300000.0
Hyundai,Eon,2015.0,11.0,33000.0,800.0,Galle,Used,Petrol,Manual,Hatchback,white,4200000.0
Suzuki,Spacia,2025.0,1.0,288.0,650.0,Kandy,Brand New,Petrol,Automatic,,white,9900000.0
Toyota,Premio,2013.0,13.0,143000.0,1500.0,Ambalangoda,Used,Petrol,Automatic,Sedan,brown,11000000.0
Toyota,Prius,2013.0,13.0,159000.0,1490.0,Kurunegala,Used,Petrol,Automatic,Liftback,white,11500000.0
Toyota,Aqua,2013.0,13.0,140000.0,1330.0,Batticaloa,Used,Petrol,Automatic,Station wagon,silver,7250000.0
Subaru,Stella,2023.0,3.0,6600.0,660.0,Kottawa,Brand New,Petrol,Automatic,Hatchback,white,6850000.0
Toyota,Vitz,2016.0,10.0,123456.0,1500.0,Neluwa,Used,Petrol,Automatic,Hatchback,white,7500000.0
Suzuki,Estilo,2010.0,16.0,98500.0,1000.0,Kalmunai,Used,Petrol,Manual,Hatchback,brown,3500000.0
Suzuki,Wagon R,2016.0,10.0,69000.0,650.0,Nikaweratiya,Used,Petrol,Automatic,Hatchback,other,5100000.0
Toyota,Vitz,2016.0,10.0,170000.0,990.0,Galle,Used,Petrol,Automatic,Liftback,gray,6850000.0
Toyota,Vitz,2018.0,8.0,94000.0,1000.0,Kalmunai,Used,Petrol,Automatic,Sedan,white,8400000.0
Toyota,Vitz,2016.0,10.0,80000.0,1000.0,Chilaw,Used,Petrol,Automatic,Liftback,silver,6800000.0
Suzuki,Alto,2015.0,11.0,116000.0,800.0,Baduraliya,Used,Petrol,Manual,Hatchback,gray,3800000.0
Honda,City,2025.0,1.0,50.0,1000.0,Gampaha,Brand New,Petrol,Automatic,Sedan,gray,14000000.0
Suzuki,Alto,2011.0,15.0,0.0,800.0,Matara,Used,Petrol,Manual,Hatchback,white,3290000.0
Tata,Nano,2015.0,11.0,109000.0,650.0,Embilipitiya,Used,Petrol,Manual,Hatchback,red,2190000.0
Toyota,Axio,2015.0,11.0,0.0,1500.0,Ambalangoda,Used,Petrol,Automatic,Saloon,maroon,8100000.0
Toyota,Prius,2011.0,15.0,150000.0,1600.0,Ambalangoda,Used,Hybrid,Automatic,Liftback,blue,8900000.0
Suzuki,Alto,2015.0,11.0,97816.0,800.0,Batticaloa,Used,Petrol,Manual,Hatchback,silver,3975000.0
Toyota,Vios,2005.0,21.0,181000.0,1500.0,Kandy,Used,Petrol,Automatic,Sedan,silver,5450000.0
Hyundai,Eon,2016.0,10.0,106500.0,800.0,Colombo Fort (Colombo 01),Used,Petrol,Manual,Saloon,red,4450000.0
Mazda,Familia,2002.0,24.0,120000.0,1500.0,Bibile,Used,Petrol,Automatic,Saloon,silver,5700000.0
Toyota,Axio,2017.0,9.0,121000.0,1500.0,Kohuwala,Used,Hybrid,Automatic,Saloon,other,11750000.0
Mitsubishi,Lancer,2004.0,22.0,203485.0,1300.0,Anuradhapura,Used,Petrol,Automatic,Sports,red,5650000.0
Micro,Panda,2015.0,11.0,0.0,1000.0,Bombuwala,Used,Petrol,Automatic,Hatchback,silver,3800000.0
Toyota,Aqua,2013.0,13.0,216000.0,1490.0,Anuradhapura,Used,Hybrid,Automatic,Hatchback,black,6950000.0
Toyota,Aqua,2018.0,8.0,0.0,1500.0,Ambalangoda,Used,Petrol,Automatic,Hatchback,white,9980000.0
Toyota,Vitz,2015.0,11.0,150000.0,1000.0,Galagedara,Used,Petrol,Automatic,Hatchback,white,6750000.0
Mitsubishi,i-MiEV,2013.0,13.0,90000.0,600.0,Kiribathgoda,Used,Electric,Automatic,Saloon,white,3500000.0
BMW,5 Series,2015.0,11.0,65000.0,2000.0,Ambalangoda,Used,Diesel,Automatic,Saloon,white,29000000.0
BYD,ATTO1,2025.0,1.0,0.0,,Cinnamon Garden (Colombo 07),Brand New,Electric,Automatic,Hatchback,white,9210000.0
Toyota,Premio,2013.0,13.0,,1200.0,Pussellawa,Used,Petrol,Automatic,Hatchback,white,15000000.0
Toyota,Wigo,2017.0,9.0,42000.0,1000.0,Kohuwala,Used,Petrol,Automatic,Hatchback,other,6290000.0
Micro,Panda,2014.0,12.0,0.0,1000.0,Panadura,Used,Petrol,Manual,Hatchback,blue,2895000.0
Suzuki,Hustler,2015.0,11.0,,650.0,Pussellawa,Used,Petrol,Automatic,Hatchback,red,6500000.0
Mitsubishi,Lancer,1992.0,34.0,100000.0,1000.0,Polonnaruwa,Used,Petrol,Manual,Saloon,blue,4600000.0
Honda,Grace,2016.0,10.0,158400.0,1500.0,Moratuwa,Used,Hybrid,Automatic,Saloon,white,9400000.0
Honda,Fit,2014.0,12.0,130000.0,1500.0,Badulla,Used,Petrol,Automatic,Station wagon,white,8150000.0
Toyota,Vitz,2018.0,8.0,90600.0,1500.0,Ambalangoda,Used,Petrol,Automatic,Hatchback,black,7600000.0
Nissan,FB 15,2000.0,26.0,185000.0,1500.0,Kurunegala,Used,Petrol,Automatic,Saloon,silver,4100000.0
Toyota,Prius,2011.0,15.0,120000.0,1790.0,Puttalam,Used,Petrol,Automatic,Liftback,black,8800000.0
Mercedes Benz,C200,2008.0,18.0,163000.0,1800.0,Moratuwa,Used,Petrol,Automatic,Saloon,white,10500000.0
Suzuki,Wagon R,2018.0,8.0,90000.0,658.0,Kiribathgoda,Used,Petrol,Automatic,Hatchback,white,5800000.0
Toyota,Aqua,2014.0,12.0,146000.0,1500.0,Ambalangoda,Used,Petrol,Automatic,Hatchback,white,7450000.0
Suzuki,Wagon R,2025.0,1.0,1000.0,998.0,Kurunegala,Brand New,Hybrid,Automatic,Hatchback,white,9800000.0
Honda,Civic,2007.0,19.0,142000.0,1800.0,Wattala,Used,Petrol,Automatic,Saloon,navy,7450000.0
Honda,Grace,2015.0,11.0,110000.0,1500.0,Dambulla,Used,Petrol,Automatic,Sedan,silver,9600000.0
Toyota,Vitz,2015.0,11.0,112139.0,1000.0,Malabe,Used,Petrol,Automatic,Liftback,silver,7500000.0
Toyota,Starlet,1995.0,31.0,23425.0,1500.0,Hambantota,Used,Diesel,Manual,Hatchback,black,2790000.0
Honda,Fit,2014.0,12.0,150000.0,1330.0,Ambalangoda,Used,Hybrid,Automatic,Hatchback,white,7600000.0
Suzuki,Wagon R,2018.0,8.0,,650.0,Kadawatha,Used,Petrol,Automatic,Hatchback,white,6450000.0
Toyota,Premio,2013.0,13.0,180000.0,1500.0,Kandy,Used,Petrol,Automatic,Liftback,maroon,11200000.0
Mercedes Benz,C200,2023.0,3.0,10000.0,1500.0,Kohuwala,Reconditioned,Petrol,Automatic,Sedan,white,41000000.0
Suzuki,Wagon R,2016.0,10.0,96000.0,650.0,Piliyandala,Used,Hybrid,Automatic,,white,5790000.0
Toyota,Premio,2014.0,12.0,106000.0,1500.0,Monaragala,Used,Petrol,Automatic,Liftback,white,11700000.0
Suzuki,Wagon R,2015.0,11.0,0.0,900.0,Dedunupitiya,Used,Petrol,Automatic,Liftback,other,6500000.0
Nissan,Dayz,2024.0,2.0,0.0,660.0,Kottawa,Brand New,Petrol,Automatic,Liftback,black,7150000.0
Chery,Yoyo,2015.0,11.0,0.0,1100.0,Panadura,Used,Petrol,Manual,Station wagon,silver,3095000.0
Toyota,Prius,2012.0,14.0,260000.0,1600.0,Ambalangoda,Used,Hybrid,Automatic,Liftback,red,10200000.0
Renault,KWID,2016.0,10.0,70900.0,800.0,Trincomalee,Used,Petrol,Manual,Hatchback,gray,3600000.0
Suzuki,Alto,2010.0,16.0,133000.0,660.0,Kadawatha,Used,Petrol,Manual,Hatchback,maroon,2950000.0
Toyota,Pixis,2023.0,3.0,0.0,660.0,Rajagiriya,Brand New,Petrol,Automatic,Station wagon,blue,6450000.0
Perodua,Bezza,2019.0,7.0,90000.0,1000.0,Moratuwa,Used,Petrol,Automatic,Saloon,white,7800000.0
Suzuki,Wagon R,2017.0,9.0,60000.0,996.0,Kirillawala,Used,Petrol,Automatic,Hatchback,white,6375000.0
Nissan,Roox,2024.0,2.0,0.0,1200.0,Dehiwala,Brand New,Petrol,Automatic,,red,9100000.0
Nissan,Almera,2025.0,1.0,0.0,1000.0,Kohuwala,Brand New,Petrol,Automatic,Sedan,red,13350000.0
Hyundai,Eon,2018.0,8.0,65000.0,814.0,Kelaniya,Used,Petrol,Manual,Saloon,gray,4500000.0
Daihatsu,Move,2017.0,9.0,90000.0,650.0,Pepiliyana,Used,Petrol,Automatic,Hatchback,yellow,5500000.0
Suzuki,Spacia,2016.0,10.0,80000.0,700.0,Pujapitiya,Used,Petrol,Automatic,Hatchback,black,6000000.0
Suzuki,Swift,2004.0,22.0,128678.0,1300.0,Matugama,Used,Petrol,Automatic,Hatchback,silver,4300000.0
Suzuki,Maruti,2007.0,19.0,75000.0,800.0,Kegalle,Used,Petrol,Manual,Hatchback,blue,2080000.0
Suzuki,Swift,2004.0,22.0,119000.0,1300.0,Gampaha,Used,Petrol,Automatic,Hatchback,black,4450000.0
Suzuki,Alto,2024.0,2.0,0.0,660.0,Matara,Brand New,Hybrid,Automatic,Liftback,white,7900000.0
Toyota,Starlet,1993.0,33.0,245588.0,1330.0,Hanwella,Used,Petrol,Manual,Sports,blue,3350000.0
Perodua,Elite,2011.0,15.0,0.0,990.0,Ambalangoda,Used,Petrol,Manual,Hatchback,silver,3600000.0
KIA,Picanto,2016.0,10.0,97000.0,1000.0,Kadawatha,Used,Petrol,Automatic,Hatchback,white,5250000.0
Mazda,3,2010.0,16.0,160000.0,1600.0,Negombo,Used,Petrol,Automatic,Saloon,blue,7100000.0
Daihatsu,Mira,2023.0,3.0,6610.0,660.0,Sapugaskanda,Brand New,Petrol,Automatic,Hatchback,black,6790000.0
Nissan,Sunny,2003.0,23.0,194000.0,1600.0,Mirigama,Used,Petrol,Manual,Saloon,gray,4100000.0
Subaru,R2,2003.0,23.0,182000.0,650.0,Moratuwa,Used,Petrol,Automatic,Hatchback,gray,3000000.0
Toyota,Allion,2007.0,19.0,98000.0,1500.0,Ambalangoda,Used,Petrol,Automatic,Saloon,white,9000000.0
Toyota,Prius,2014.0,12.0,144000.0,1800.0,Kalutara,Used,Hybrid,Automatic,Hatchback,white,10800000.0
Toyota,Aqua,2014.0,12.0,200000.0,1490.0,Colombo Fort (Colombo 01),Reconditioned,Petrol,Automatic,Hatchback,silver,7300000.0
Toyota,Corolla,2001.0,25.0,219386.0,1500.0,Ratnapura,Used,Petrol,Automatic,Saloon,black,5350000.0
Toyota,Prius,2016.0,10.0,96000.0,1500.0,Batticaloa,Used,Hybrid,Automatic,Sedan,white,13500000.0
Suzuki,Estilo,2010.0,16.0,165000.0,990.0,Kahawatta,Used,Petrol,Manual,Hatchback,red,3670000.0
Toyota,Vitz,2017.0,9.0,91000.0,1000.0,Anuradhapura,Used,Hybrid,Automatic,Saloon,white,7850000.0
Toyota,Premio,2017.0,9.0,140000.0,1500.0,Ambalangoda,Used,Petrol,Automatic,Saloon,white,14500000.0
Suzuki,Alto,2006.0,20.0,165000.0,800.0,Kandy,Used,Petrol,Manual,Sedan,red,2675000.0
Honda,Civic,2018.0,8.0,500.0,1000.0,Kuliyapitiya,Used,Hybrid,Automatic,Hatchback,white,1370000.0
Daihatsu,Mira,2023.0,3.0,0.0,650.0,Mawathagama,Brand New,Petrol,Automatic,Station wagon,red,6500000.0
Suzuki,Swift,2014.0,12.0,64000.0,1300.0,Muddaragama,Used,Petrol,Other,Liftback,white,5000000.0
Suzuki,Alto,2004.0,22.0,18100.0,650.0,Nikaweratiya,Used,Petrol,Automatic,Hatchback,white,3525000.0
Nissan,Dayz,2024.0,2.0,6600.0,660.0,Kottawa,Brand New,Petrol,Automatic,Hatchback,black,7400000.0
Suzuki,Wagon R,2023.0,3.0,4500.0,690.0,Kurunegala,Brand New,Hybrid,Automatic,Liftback,white,8800000.0
Daihatsu,Mira,2023.0,3.0,7300.0,660.0,Mount Lavinia,Reconditioned,Petrol,Automatic,Hatchback,silver,7050000.0
Daihatsu,Taft,2024.0,2.0,0.0,660.0,Homagama,Brand New,Petrol,Automatic,Hatchback,green,8050000.0
Daihatsu,Mira,2024.0,2.0,0.0,650.0,Polonnaruwa,Brand New,Petrol,Automatic,Hatchback,white,7400000.0
Suzuki,Wagon R,2023.0,3.0,4500.0,660.0,Kurunegala,Brand New,Hybrid,Automatic,Hatchback,beige,7600000.0
Toyota,Prius,2014.0,12.0,170000.0,1500.0,Ambalangoda,Used,Petrol,Automatic,Liftback,white,11200000.0
Suzuki,Wagon R,2023.0,3.0,22194.0,650.0,Negombo,Brand New,Petrol,Automatic,Hatchback,white,7400000.0
Toyota,Aqua,2014.0,12.0,116000.0,1490.0,Pepiliyana,Used,Hybrid,Automatic,Hatchback,white,7500000.0
Toyota,Prius,2011.0,15.0,198000.0,1800.0,Piliyandala,Used,Hybrid,Automatic,Saloon,gray,8850000.0
Toyota,Axio,2018.0,8.0,125000.0,1500.0,Boralesgamuwa,Used,Hybrid,Automatic,Saloon,red,12500000.0
Suzuki,Celerio,2016.0,10.0,94000.0,1000.0,Kadawatha,Used,Petrol,Automatic,Hatchback,red,5075000.0
Toyota,Belta,2007.0,19.0,175.0,1300.0,Ambalangoda,Used,Petrol,Automatic,Saloon,black,6500000.0
Suzuki,Wagon R,2014.0,12.0,30650.0,650.0,Moratuwa,Used,Petrol,Automatic,Hatchback,black,5750000.0
Toyota,Vitz,2019.0,7.0,81700.0,1000.0,Sainthamaruthu,Used,Petrol,Automatic,Hatchback,white,8650000.0
Honda,Grace,2014.0,12.0,54000.0,1500.0,Batticaloa,Used,Petrol,Automatic,Sedan,black,10200000.0
Toyota,Yaris,2008.0,18.0,189000.0,1300.0,Piliyandala,Used,Petrol,Manual,Hatchback,blue,5650000.0
Suzuki,Wagon R,2017.0,9.0,0.0,,Kurunegala,Used,Petrol,Manual,Hatchback,white,4700000.0
Suzuki,Alto,2015.0,11.0,60000.0,800.0,Nittambuwa,Used,Petrol,Manual,Hatchback,silver,3750000.0
Suzuki,Wagon R,2025.0,1.0,0.0,650.0,Nikaweratiya,Brand New,Petrol,Automatic,Hatchback,white,8500000.0
Suzuki,Celerio,2017.0,9.0,93000.0,1000.0,Kadawatha,Used,Petrol,Automatic,Hatchback,red,5275000.0
Nissan,Wingroad,2001.0,25.0,226000.0,1490.0,Seeduwa,Used,Petrol,Automatic,Hatchback,white,1895000.0
Toyota,Vitz,2016.0,10.0,87565.0,1000.0,Kandy,Used,Petrol,Automatic,Hatchback,white,7300000.0
Toyota,Allion,2007.0,19.0,0.0,1500.0,Kurunegala,Used,Petrol,Manual,Convertible,white,9750000.0
Toyota,Axio Fielder,2017.0,9.0,0.0,1500.0,Ambalangoda,Used,Hybrid,Automatic,Liftback,black,9700000.0
Toyota,Vitz,2016.0,10.0,58000.0,1000.0,Adampan,Used,Petrol,Automatic,Hatchback,silver,7200000.0
Honda,Fit,2015.0,11.0,188000.0,1330.0,Ambalangoda,Used,Hybrid,Automatic,Hatchback,white,8300000.0
Suzuki,Wagon R,2015.0,11.0,100749.0,660.0,Katunayake,Used,Hybrid,Automatic,,white,6200000.0
Suzuki,A Star,2010.0,16.0,137000.0,998.0,Polgolla,Used,Petrol,Manual,Hatchback,silver,3975000.0
Daihatsu,Copen,2016.0,10.0,65000.0,650.0,Ambalangoda,Used,Petrol,Automatic,Convertible,silver,6500000.0
Suzuki,Celerio,2016.0,10.0,102000.0,1000.0,Kadawatha,Used,Petrol,Automatic,Hatchback,red,5325000.0
Suzuki,Wagon R,2014.0,12.0,98000.0,650.0,Alampil,Used,Petrol,Automatic,Station wagon,silver,5550000.0
Honda,Civic,2017.0,9.0,77000.0,988.0,Ambalangoda,Used,Hybrid,Automatic,Hatchback,red,11000000.0
Daihatsu,Charade,1988.0,38.0,97285.0,990.0,Nittambuwa,Used,Diesel,Manual,Hatchback,green,1750000.0
Suzuki,Wagon R,2015.0,11.0,0.0,650.0,Kirulapone,Used,Petrol,Automatic,Hatchback,white,5250000.0
Toyota,Allion,2011.0,15.0,232000.0,1500.0,Ambalangoda,Used,Petrol,Automatic,Sedan,maroon,9650000.0
Suzuki,Alto,2011.0,15.0,164000.0,1000.0,Homagama,Used,Petrol,Manual,Hatchback,other,3425000.0
Mercedes Benz,E Class,2013.0,13.0,78000.0,2143.0,Piliyandala,Used,Hybrid,Automatic,Sedan,white,16000000.0
Toyota,Vitz,2015.0,11.0,78000.0,1000.0,Angoda,Used,Petrol,Automatic,Hatchback,beige,7000000.0
Toyota,Corolla,2007.0,19.0,155000.0,1500.0,Athurugiriya,Used,Petrol,Manual,Sedan,silver,5900000.0
Suzuki,Swift,2010.0,16.0,105000.0,1300.0,Bandaragama,Used,Petrol,Automatic,Hatchback,black,5600000.0
Suzuki,Wagon R,2014.0,12.0,101000.0,650.0,Malabe,Used,Hybrid,Automatic,Hatchback,gray,5790000.0
Daihatsu,Mira,2023.0,3.0,6600.0,660.0,Kottawa,Brand New,Petrol,Automatic,Hatchback,blue,6400000.0
Suzuki,Hustler,2024.0,2.0,7000.0,1400.0,Sri Jayawardenepura Kotte,Brand New,Hybrid,Automatic,Hatchback,other,9100000.0
Toyota,Vitz,2013.0,13.0,116680.0,990.0,Dekatana,Used,Petrol,Automatic,Hatchback,black,7250000.0
Suzuki,Wagon R,2018.0,8.0,50000.0,650.0,Valaichenai,Used,Petrol,Automatic,Station wagon,white,7200000.0
Nissan,Atlas,2023.0,3.0,0.0,1000.0,Rajagiriya,Brand New,Electric,Automatic,Station wagon,purple,8500000.0
Suzuki,Wagon R,2014.0,12.0,100000.0,650.0,Wattala,Used,Petrol,Automatic,Sedan,white,5550000.0
Suzuki,Wagon R,2018.0,8.0,88000.0,650.0,Kandy,Used,Petrol,Automatic,Station wagon,white,6650000.0
Daihatsu,Mira,2024.0,2.0,6600.0,660.0,Colombo Fort (Colombo 01),Reconditioned,Petrol,Automatic,Hatchback,silver,6400000.0
Toyota,Premio,2013.0,13.0,138000.0,1600.0,Ambalangoda,Used,Petrol,Automatic,Saloon,white,11100000.0
Toyota,DX Wagon,1986.0,40.0,20000.0,1200.0,Padaviya,Used,Petrol,Manual,Station wagon,white,900000.0
Toyota,Aqua,2013.0,13.0,170000.0,1000.0,Colombo Fort (Colombo 01),Used,Petrol,Automatic,Hatchback,white,7000000.0
Toyota,Corolla,2001.0,25.0,280000.0,2140.0,Ambalantota,Used,Diesel,Manual,Hatchback,silver,4875000.0
Micro,Panda Cross,2014.0,12.0,71300.0,1300.0,Kaduwela,Used,Petrol,Manual,Hatchback,orange,3470000.0
Toyota,Corolla,2008.0,18.0,158000.0,1490.0,Yakkala,Used,Petrol,Automatic,Sedan,blue,7000000.0
Suzuki,Wagon R,2024.0,2.0,5562.0,660.0,Alawwa,Reconditioned,Hybrid,Automatic,Hatchback,white,7000000.0
Suzuki,Wagon R,2024.0,2.0,0.0,660.0,Kurunegala,Brand New,Hybrid,Manual,Station wagon,silver,7400000.0
Suzuki,Every,2018.0,8.0,75000.0,1000.0,Pallewela,Used,Petrol,Other,Hatchback,white,5950000.0
Toyota,Starlet,1993.0,33.0,1000.0,1330.0,Pitipana Homagama,Used,Petrol,Manual,Sports,blue,3875000.0
Suzuki,Spacia,2017.0,9.0,120000.0,650.0,Pussellawa,Used,Petrol,Automatic,Hatchback,white,6800000.0
Daihatsu,Thor,2023.0,3.0,0.0,660.0,Kottawa,Brand New,Petrol,Automatic,Liftback,gray,8575000.0
Suzuki,Hustler,2025.0,1.0,7000.0,650.0,Kurunegala,Brand New,Hybrid,Automatic,Hatchback,white,9400000.0
Mazda,Flair,2023.0,3.0,15500.0,658.0,Yakkala,Brand New,Petrol,Automatic,Hatchback,black,8475000.0
Toyota,Yaris,2023.0,3.0,10000.0,1000.0,Negombo,Brand New,Petrol,Automatic,Liftback,white,10575000.0
Toyota,Premio,2017.0,9.0,67000.0,1500.0,Ambalangoda,Used,Petrol,Automatic,Sedan,brown,15800000.0
Toyota,Passo,2023.0,3.0,6600.0,660.0,Kottawa,Brand New,Petrol,Automatic,Hatchback,brown,8100000.0
Suzuki,Swift,2017.0,9.0,64000.0,1000.0,Kadawatha,Used,Petrol,Automatic,Saloon,red,8200000.0
Micro,Panda,2012.0,14.0,120500.0,1300.0,Maradana (Colombo 10),Used,Petrol,Manual,Hatchback,white,2550000.0
Suzuki,Wagon R,2016.0,10.0,96000.0,660.0,Peradeniya,Used,Petrol,Automatic,Hatchback,gray,5700000.0
Toyota,Crown,1993.0,33.0,245000.0,2500.0,Ja-Ela,Used,Diesel,Automatic,Sedan,blue,5250000.0
Mercedes Benz,CLA,2017.0,9.0,53000.0,1590.0,Bandaragama,Used,Petrol,Automatic,Saloon,white,18900000.0
Suzuki,Wagon R,2014.0,12.0,123.0,1000.0,Matugama,Reconditioned,Petrol,Automatic,Station wagon,white,5500000.0
Suzuki,Alto,2016.0,10.0,150000.0,800.0,Ambalangoda,Used,Petrol,Manual,Hatchback,gray,3650000.0
Suzuki,Wagon R,2025.0,1.0,0.0,650.0,Kurunegala,Reconditioned,Hybrid,Automatic,Hatchback,white,9000000.0
Toyota,Vitz,2016.0,10.0,90000.0,1200.0,Pussellawa,Used,Petrol,Automatic,Hatchback,blue,7800000.0
BMW,3 Series,2000.0,26.0,139000.0,2000.0,Adampan,Used,Diesel,Manual,Saloon,green,6775000.0
Toyota,Prius,2010.0,16.0,241000.0,1790.0,Boralesgamuwa,Used,Hybrid,Automatic,Sedan,blue,8500000.0
Toyota,Passo,2007.0,19.0,158000.0,1000.0,Kurunegala,Used,Petrol,Automatic,Hatchback,maroon,4590000.0
Suzuki,Hustler,2024.0,2.0,0.0,660.0,Kurunegala,Brand New,Hybrid,Manual,Station wagon,white,8300000.0
Honda,Grace,2015.0,11.0,114000.0,1200.0,Pussellawa,Used,Petrol,Automatic,Hatchback,black,7200000.0
Suzuki,Alto,2015.0,11.0,123000.0,800.0,Kadawatha,Used,Petrol,Manual,Hatchback,red,3700000.0
Honda,Grace,2016.0,10.0,121000.0,1490.0,Matara,Used,Hybrid,Automatic,Saloon,black,8300000.0
Toyota,Axio,2011.0,15.0,172000.0,1496.0,Ja-Ela,Used,Petrol,Automatic,Saloon,black,7750000.0
Suzuki,Celerio,2015.0,11.0,97000.0,1000.0,Nawala,Used,Petrol,Automatic,Hatchback,black,4350000.0
Perodua,Axia,2016.0,10.0,86000.0,1000.0,Kadawatha,Used,Petrol,Automatic,Hatchback,white,5425000.0
Suzuki,Wagon R,2017.0,9.0,92000.0,650.0,Bambalapitiya (Colombo 04),Used,Petrol,Automatic,Hatchback,gray,6150000.0
Daihatsu,Taft,2023.0,3.0,6600.0,660.0,Kottawa,Brand New,Hybrid,Automatic,Convertible,other,7800000.0
Suzuki,Alto,2003.0,23.0,131000.0,800.0,Ratnapura,Used,Petrol,Manual,Hatchback,blue,3600000.0
Suzuki,Swift,2017.0,9.0,130000.0,650.0,Pussellawa,Used,Petrol,Automatic,Hatchback,red,8500000.0
Suzuki,Spacia,2017.0,9.0,125000.0,658.0,Ambalangoda,Used,Petrol,Automatic,Hatchback,white,5875000.0
Toyota,Prius,2013.0,13.0,0.0,660.0,Matale,Used,Petrol,Automatic,Hatchback,white,11900000.0
Suzuki,Wagon R,2024.0,2.0,5000.0,650.0,Kandy,Brand New,Petrol,Automatic,Hatchback,black,7200000.0
Suzuki,Liana,2006.0,20.0,200000.0,1328.0,Kesbewa,Used,Petrol,Manual,Sedan,red,4075000.0
Toyota,Yaris,2023.0,3.0,0.0,1200.0,Kandana,Brand New,Petrol,Automatic,Hatchback,white,8300000.0
Toyota,Premio,2013.0,13.0,41750.0,1400.0,Malabe,Used,Petrol,Automatic,Saloon,maroon,12700000.0
Honda,N BOX,2023.0,3.0,0.0,658.0,Kandy,Brand New,Petrol,Automatic,Hatchback,white,8900000.0
Honda,Fit,2011.0,15.0,190000.0,1300.0,Ampara,Used,Petrol,Automatic,Hatchback,white,8300000.0
Nissan,Presea,1994.0,32.0,0.0,1500.0,Tennekumbura,Used,Petrol,Automatic,Sedan,white,3000000.0
Suzuki,Wagon R,2017.0,9.0,55000.0,650.0,Medirigiriya,Used,Petrol,Automatic,Station wagon,white,5700000.0
Chery,QQ,2006.0,20.0,82000.0,803.0,Katunayake,Used,Petrol,Manual,Hatchback,black,1750000.0
Toyota,Wigo,2017.0,9.0,0.0,1000.0,Nugegoda,Used,Petrol,Automatic,Hatchback,black,5995000.0
Honda,Insight,2009.0,17.0,172000.0,1234.0,Kiribathgoda,Used,Petrol,Automatic,Liftback,white,7290000.0
Suzuki,Alto,2015.0,11.0,128000.0,650.0,Hanwella,Used,Petrol,Manual,Hatchback,blue,3490000.0
Toyota,Aqua,2012.0,14.0,124000.0,1500.0,Ambalangoda,Used,Petrol,Automatic,Hatchback,black,7500000.0
Honda,Fit,2014.0,12.0,16000.0,1500.0,Mount Lavinia,Used,Hybrid,Automatic,Hatchback,white,9700000.0
Renault,KWID,2016.0,10.0,41000.0,999.0,Batticaloa,Used,Petrol,Manual,Hatchback,black,4000000.0
Honda,Fit,2014.0,12.0,230000.0,1000.0,Kollupitiya (Colombo 03),Used,Petrol,Automatic,Hatchback,black,7470000.0
Suzuki,A Star,2011.0,15.0,119000.0,1000.0,Boralesgamuwa,Used,Petrol,Manual,Hatchback,white,3650000.0
Suzuki,Wagon R,2023.0,3.0,10000.0,998.0,Galle,Used,Petrol,Automatic,Station wagon,silver,7800000.0
Nissan,Cefiro,2000.0,26.0,165000.0,2000.0,Kekirawa,Used,Petrol,Automatic,Saloon,white,3600000.0
Mitsubishi,eK,2023.0,3.0,6600.0,660.0,Kottawa,Brand New,Petrol,Automatic,Hatchback,red,7250000.0
BMW,740Le,2017.0,9.0,18000.0,2000.0,Kohuwala,Used,Petrol,Automatic,Saloon,white,43500000.0
Suzuki,Swift,2009.0,17.0,132500.0,1300.0,Maharagama,Used,Petrol,Automatic,Liftback,other,5500000.0
Hyundai,Accent,2001.0,25.0,0.0,1500.0,Ragama,Used,Diesel,Manual,Saloon,gray,2900000.0
Perodua,Viva,2011.0,15.0,127800.0,1000.0,Gampaha,Used,Petrol,Manual,Hatchback,black,3685000.0
Nissan,Bluebird,2007.0,19.0,175000.0,1500.0,Panadura,Used,Petrol,Automatic,Saloon,maroon,6400000.0
Toyota,Prius,2014.0,12.0,98000.0,1500.0,Ambalangoda,Used,Petrol,Automatic,Liftback,black,11000000.0
Toyota,Corolla,1999.0,27.0,268000.0,1580.0,Kurunegala,Used,Petrol,Automatic,Saloon,blue,4300000.0
Toyota,Vitz,2018.0,8.0,69100.0,1000.0,Wennappuwa,Used,Petrol,Automatic,Hatchback,white,8350000.0
Toyota,Vitz,2017.0,9.0,64000.0,1500.0,Baduraliya,Used,Petrol,Automatic,Hatchback,brown,8500000.0
Honda,City,2001.0,25.0,137000.0,1500.0,Alutgama,Used,Petrol,Automatic,Saloon,gray,3877000.0
Toyota,Aqua,2014.0,12.0,153000.0,1500.0,Ambalangoda,Used,Hybrid,Automatic,Hatchback,white,7900000.0
Toyota,Vitz,2016.0,10.0,160000.0,1500.0,Adampan,Used,Hybrid,Automatic,Liftback,white,7390000.0
Toyota,Axio,2015.0,11.0,115000.0,1500.0,Bombuwala,Used,Hybrid,Automatic,Saloon,maroon,9400000.0
Nissan,Tiida,2008.0,18.0,167000.0,1500.0,Nawala,Used,Petrol,Automatic,Hatchback,black,6275000.0
Perodua,Axia,2017.0,9.0,119000.0,1000.0,Kadawatha,Used,Petrol,Automatic,Hatchback,blue,5790000.0
Toyota,Vitz,2016.0,10.0,0.0,1500.0,Ambalangoda,Used,Petrol,Automatic,Hatchback,red,6800000.0
Suzuki,Wagon R,2024.0,2.0,0.0,650.0,Katugastota,Brand New,Hybrid,Automatic,Hatchback,green,9100000.0
Perodua,Axia,2016.0,10.0,167236.0,1000.0,Moratuwa,Used,Petrol,Automatic,Hatchback,silver,5650000.0
Toyota,Roomy,2025.0,1.0,0.0,990.0,Halloluwa,Brand New,Petrol,Automatic,Hatchback,white,11100000.0
Mitsubishi,eK,2023.0,3.0,3400.0,660.0,Kottawa,Brand New,Petrol,Automatic,Hatchback,other,7700000.0
Tata,Indica,2014.0,12.0,141000.0,1200.0,Matara,Used,Petrol,Manual,Hatchback,maroon,5400000.0
Toyota,AE100,1992.0,34.0,180000.0,1500.0,Kadawatha,Used,Petrol,Manual,Saloon,blue,3500000.0
Suzuki,Alto,2010.0,16.0,98000.0,800.0,Homagama,Used,Petrol,Manual,Hatchback,silver,3175000.0
Suzuki,Spacia,2025.0,1.0,0.0,650.0,Nugegoda,Brand New,Hybrid,Automatic,Station wagon,white,9650000.0
Suzuki,Wagon R,2018.0,8.0,140000.0,660.0,Boralesgamuwa,Used,Hybrid,Automatic,Hatchback,white,6690000.0
Nissan,Note X,2024.0,2.0,18000.0,1200.0,Kurunegala,Brand New,Hybrid,Manual,Hatchback,black,11650000.0
Suzuki,Wagon R,2017.0,9.0,140000.0,1500.0,Adampan,Used,Hybrid,Automatic,Liftback,white,6690000.0
Nissan,Dayz,2023.0,3.0,19600.0,650.0,Ja-Ela,Brand New,Hybrid,Automatic,Station wagon,orange,8490000.0
Toyota,Premio,2013.0,13.0,120000.0,1500.0,Ambalangoda,Used,Petrol,Automatic,Saloon,white,12000000.0
Toyota,Axio,2007.0,19.0,0.0,1500.0,Mahiyanganaya,Used,Petrol,Automatic,Saloon,silver,6900000.0
Toyota,Corona,1988.0,38.0,0.0,1500.0,Ja-Ela,Used,Petrol,Manual,Saloon,gray,1675000.0
Toyota,Axio,2012.0,14.0,161000.0,1490.0,Nugegoda,Used,Petrol,Automatic,Sedan,silver,8100000.0
Toyota,Yaris,2007.0,19.0,134000.0,1300.0,Akurana,Used,Petrol,Manual,Hatchback,blue,5350000.0
Toyota,Prius,2013.0,13.0,0.0,1500.0,Ambalangoda,Used,Petrol,Automatic,Liftback,purple,11000000.0
Toyota,Aqua,2012.0,14.0,98000.0,,Wellawatta (Colombo 06),Used,Petrol,Automatic,Sports,blue,6300000.0
Tesla,Model 3,2024.0,2.0,0.0,,Kotahena (Colombo 13),Reconditioned,Electric,Automatic,Hatchback,red,31900000.0
Suzuki,Baleno,2019.0,7.0,50900.0,1000.0,Kelaniya,Used,Petrol,Tiptronic,Hatchback,blue,8300000.0
Suzuki,Spacia,2018.0,8.0,52000.0,658.0,Maradana (Colombo 10),Used,Petrol,Automatic,Hatchback,red,7600000.0
Mitsubishi,eK,2023.0,3.0,4500.0,690.0,Kurunegala,Brand New,Hybrid,Automatic,Hatchback,white,7250000.0
Suzuki,Alto,2017.0,9.0,50000.0,660.0,Kurunegala,Used,Petrol,Automatic,Convertible,black,5350000.0
Toyota,Yaris,2023.0,3.0,20000.0,1200.0,Gampaha,Reconditioned,Petrol,Automatic,Hatchback,white,10000000.0
Suzuki,Wagon R,2016.0,10.0,100000.0,650.0,Ambalangoda,Used,Petrol,Automatic,Hatchback,white,5900000.0
Toyota,Aqua,2013.0,13.0,175000.0,1500.0,Trincomalee,Used,Petrol,Automatic,Hatchback,blue,7890000.0
Toyota,Starlet,1997.0,29.0,90000.0,800.0,Kandy,Used,Petrol,Automatic,Hatchback,blue,4380000.0
Nissan,Bluebird,2004.0,22.0,190000.0,1490.0,Monaragala,Brand New,Petrol,Automatic,Sedan,gold,4500000.0
Suzuki,Wagon R,2014.0,12.0,50000.0,650.0,Panadura,Used,Petrol,Automatic,Hatchback,red,5325000.0
Suzuki,Maruti,2012.0,14.0,95780.0,800.0,Batapola,Used,Petrol,Automatic,Hatchback,silver,1890000.0
Suzuki,Wagon R,2025.0,1.0,0.0,650.0,Kurunegala,Brand New,Petrol,Automatic,Hatchback,red,8800000.0
Nissan,N 16,2003.0,23.0,173000.0,1300.0,Badulla,Used,Petrol,Manual,Saloon,silver,4200000.0
Suzuki,Wagon R,2017.0,9.0,120000.0,650.0,Katana,Used,Petrol,Automatic,Hatchback,brown,6250000.0
Suzuki,Wagon R,2014.0,12.0,183000.0,660.0,Gampaha,Used,Hybrid,Automatic,Hatchback,black,5500000.0
Honda,N BOX,2023.0,3.0,8000.0,660.0,Kottawa,Brand New,Petrol,Automatic,Hatchback,black,7650000.0
Suzuki,Swift,2011.0,15.0,143000.0,1200.0,Borella (Colombo 08),Used,Petrol,Manual,Saloon,silver,4200000.0
Suzuki,Alto,2015.0,11.0,129000.0,800.0,Beliatta,Used,Petrol,Manual,Hatchback,black,3725000.0
Toyota,Vitz,2016.0,10.0,125000.0,950.0,Maharagama,Used,Petrol,Automatic,Hatchback,white,7390000.0
Toyota,Yaris,2008.0,18.0,157000.0,1300.0,Bandarawela,Used,Petrol,Manual,Sedan,gold,6450000.0
Suzuki,Wagon R,2017.0,9.0,81300.0,650.0,Nugegoda,Used,Petrol,Automatic,Hatchback,brown,6600000.0
Suzuki,Wagon R,2018.0,8.0,69000.0,,Athurugiriya,Used,Petrol,Automatic,,white,7300000.0
Suzuki,Wagon R,2023.0,3.0,0.0,660.0,Kandy,Used,Petrol,Automatic,,orange,7650000.0
Suzuki,Alto,2014.0,12.0,95000.0,800.0,Kuliyapitiya,Used,Petrol,Manual,Hatchback,white,4000000.0
Suzuki,Wagon R,2015.0,11.0,106900.0,650.0,Bandaragama,Used,Petrol,Automatic,Liftback,white,5275000.0
Toyota,Passo,2023.0,3.0,8000.0,1000.0,Kotte,Reconditioned,Petrol,Automatic,Hatchback,black,8100000.0
Toyota,Prius,2013.0,13.0,140000.0,1798.0,Panadura,Used,Petrol,Automatic,Hatchback,silver,9850000.0
Micro,Panda Cross,2013.0,13.0,131000.0,1300.0,Gothatuwa,Used,Petrol,Manual,Hatchback,white,2975000.0
Toyota,Aqua,2013.0,13.0,126000.0,1500.0,Galewela,Used,Petrol,Automatic,Hatchback,white,6250000.0
Toyota,Allion,2007.0,19.0,0.0,1600.0,Ambalangoda,Used,Petrol,Automatic,Saloon,black,7800000.0
Suzuki,Alto,2007.0,19.0,123.0,800.0,Dodangoda,Used,Petrol,Manual,Hatchback,black,3200000.0
Nissan,Sunny,2002.0,24.0,170000.0,1500.0,Minuwangoda,Used,Petrol,Automatic,Saloon,gray,4580000.0
Renault,KWID,2016.0,10.0,89100.0,800.0,Panadura,Used,Petrol,Manual,Hatchback,red,3350000.0
Daihatsu,Mira,2023.0,3.0,5000.0,660.0,Negombo,Reconditioned,Petrol,Automatic,,black,6900000.0
Suzuki,Wagon R,2023.0,3.0,32000.0,660.0,Kandy,Used,Petrol,Automatic,Hatchback,orange,7750000.0
Suzuki,Wagon R,2024.0,2.0,12000.0,650.0,Anuradhapura,Brand New,Petrol,Automatic,Hatchback,silver,7300000.0
Toyota,Premio,2011.0,15.0,16000.0,1490.0,Adampan,Used,Petrol,Automatic,Saloon,maroon,9400000.0
Daihatsu,Tanto,2023.0,3.0,12000.0,660.0,Makola,Used,Petrol,Automatic,Hatchback,white,7300000.0
Lexus,LX,2014.0,12.0,131500.0,1500.0,Panadura,Used,Petrol,Manual,Sedan,white,14500000.0
Toyota,Roomy,2024.0,2.0,0.0,1000.0,Polonnaruwa,Brand New,Petrol,Automatic,Hatchback,silver,8200000.0
Toyota,Axio,2007.0,19.0,210000.0,1500.0,Baddegama,Used,Petrol,Automatic,Sedan,blue,7075000.0
Suzuki,Wagon R,2023.0,3.0,8000.0,650.0,Kalubowila,Reconditioned,Petrol,Automatic,Hatchback,silver,7200000.0
Toyota,Vitz,2010.0,16.0,200000.0,1300.0,Matara,Used,Petrol,Automatic,,silver,5800000.0
Suzuki,Wagon R,2025.0,1.0,0.0,650.0,Kohuwala,Brand New,Petrol,Automatic,Hatchback,white,8600000.0
Toyota,Starlet,2000.0,26.0,75000.0,1000.0,Katugastota,Used,Petrol,Manual,Hatchback,black,3625000.0
Toyota,Prius,2012.0,14.0,159000.0,1800.0,Ambalangoda,Used,Petrol,Automatic,Liftback,white,7800000.0
Toyota,Prius,2012.0,14.0,250000.0,1500.0,Baduraliya,Used,Petrol,Manual,Sports,silver,10100000.0
Ford,Festiva,1996.0,30.0,0.0,1500.0,Pepiliyana,Used,Petrol,Automatic,Hatchback,red,1990000.0
Toyota,Passo,2010.0,16.0,200000.0,1000.0,Athurugiriya,Used,Petrol,Automatic,Hatchback,black,4975000.0
Suzuki,Swift,2007.0,19.0,137424.0,1300.0,Dehiwala,Used,Petrol,Automatic,Hatchback,blue,5175000.0
Toyota,Premio,2018.0,8.0,86000.0,1500.0,Nattandiya,Used,Petrol,Automatic,Saloon,white,13200000.0
Suzuki,Wagon R,2015.0,11.0,179000.0,650.0,Veyangoda,Used,Petrol,Automatic,Hatchback,white,5250000.0
Suzuki,Wagon R,2018.0,8.0,123000.0,650.0,Pussellawa,Used,Petrol,Automatic,Hatchback,black,7300000.0
Honda,Insight,2009.0,17.0,0.0,1330.0,Wennappuwa,Used,Hybrid,Automatic,Saloon,gray,7250000.0
Honda,Civic,2018.0,8.0,133000.0,1500.0,Ambalangoda,Used,Petrol,Automatic,Liftback,black,11200000.0
Suzuki,Alto,2006.0,20.0,127000.0,800.0,Horana,Used,Petrol,Manual,Hatchback,blue,2900000.0
Mercedes Benz,B Class,2016.0,10.0,120000.0,,Kotte,Used,Electric,Automatic,Hatchback,white,9000000.0
KIA,Mentor,2000.0,26.0,65000.0,1500.0,Ja-Ela,Used,Petrol,Automatic,Saloon,black,1900000.0
Perodua,Kelisa,2007.0,19.0,75000.0,1000.0,Kelaniya,Used,Petrol,Other,Hatchback,silver,3450000.0
Nissan,FB 15,1997.0,29.0,125559.0,1500.0,Avissawella,Used,Petrol,Automatic,Saloon,silver,2875000.0
Toyota,Corolla,2006.0,20.0,190000.0,1300.0,Dodangaslanda,Used,Petrol,Manual,Sedan,black,5475000.0
Suzuki,Alto,2019.0,7.0,67790.0,660.0,Ratnapura,Used,Petrol,Automatic,Hatchback,red,6000000.0
Suzuki,Celerio,2016.0,10.0,115000.0,1000.0,Kadawatha,Used,Petrol,Automatic,Hatchback,white,5290000.0
Suzuki,Wagon R,2024.0,2.0,1700.0,650.0,Negombo,Brand New,Petrol,Automatic,Hatchback,black,7500000.0
Suzuki,Spacia,2021.0,5.0,6000.0,660.0,Ja-Ela,Brand New,Hybrid,Automatic,Hatchback,white,9650000.0
Toyota,Aqua,2013.0,13.0,140000.0,1499.0,Narammala,Reconditioned,Petrol,Automatic,Hatchback,black,7000000.0
Suzuki,Wagon R,2017.0,9.0,90000.0,660.0,Sooriyawewa Town,Used,Petrol,Automatic,Hatchback,purple,5500000.0
Toyota,Yaris,2024.0,2.0,0.0,950.0,Polonnaruwa,Brand New,Petrol,Automatic,Hatchback,white,9700000.0
Nissan,Sunny,1990.0,36.0,0.0,1600.0,Chilaw,Used,Diesel,Manual,Saloon,white,2075000.0
Chery,QQ,2007.0,19.0,117116.0,812.0,Delgoda,Used,Petrol,Automatic,Hatchback,silver,2390000.0
Suzuki,Wagon R,2023.0,3.0,0.0,650.0,Kelaniya,Brand New,Petrol,Automatic,Station wagon,silver,8100000.0
Honda,Grace,2015.0,11.0,0.0,1300.0,Mudungoda,Used,Petrol,Automatic,Liftback,black,9600000.0
Suzuki,Wagon R,2014.0,12.0,97000.0,658.0,Galle,Used,Petrol,Automatic,Hatchback,black,5000000.0
Toyota,Tercel,1997.0,29.0,28100.0,1300.0,Kurunegala,Used,Petrol,Manual,Hatchback,white,3250000.0
Toyota,Allion,2003.0,23.0,180000.0,1796.0,Athurugiriya,Used,Petrol,Automatic,Sedan,black,6900000.0
Suzuki,Wagon R,2014.0,12.0,75000.0,658.0,Ja-Ela,Used,Petrol,Other,Station wagon,white,5690000.0
Suzuki,Wagon R,2023.0,3.0,4000.0,690.0,Kurunegala,Brand New,Hybrid,Automatic,Hatchback,silver,7600000.0
Toyota,Vitz,2019.0,7.0,41000.0,990.0,Kalmunai,Used,Petrol,Automatic,Sedan,white,8800000.0
Suzuki,Wagon R,2018.0,8.0,190000.0,650.0,Maharagama,Used,Petrol,Automatic,Hatchback,white,6590000.0
Honda,Civic,2008.0,18.0,120000.0,1600.0,Peradeniya,Used,Petrol,Automatic,Sedan,black,5500000.0
Audi,Q2,2019.0,7.0,146000.0,999.0,Athurugiriya,Used,Petrol,Automatic,Hatchback,gray,13600000.0
Toyota,Passo,2009.0,17.0,131275.0,1000.0,Gampaha,Used,Petrol,Automatic,Hatchback,silver,4650000.0
Toyota,Prius,2011.0,15.0,0.0,1500.0,Baduraliya,Used,Petrol,Manual,Sports,black,9800000.0
Suzuki,Wagon R,2018.0,8.0,68000.0,650.0,Yakkala,Used,Hybrid,Automatic,Hatchback,white,6790000.0
Suzuki,Maruti,2007.0,19.0,0.0,,Kurunegala,Used,Petrol,Manual,Hatchback,maroon,2700000.0
Nissan,Sunny,1994.0,32.0,0.0,1500.0,Boralesgamuwa,Used,Petrol,Manual,,silver,2500000.0
Suzuki,Wagon R,2025.0,1.0,0.0,650.0,Kottawa,Brand New,Hybrid,Automatic,Station wagon,blue,8300000.0
Nissan,March,2002.0,24.0,122215.0,1000.0,Moratuwa,Used,Petrol,Automatic,Hatchback,white,3550000.0
Mitsubishi,eK,2023.0,3.0,6600.0,660.0,Kottawa,Brand New,Petrol,Automatic,Hatchback,black,7000000.0
BMW,3 Series,2011.0,15.0,70000.0,2000.0,Kalubowila,Used,Diesel,Automatic,Saloon,silver,12975000.0
Tata,Indica,2015.0,11.0,78635.0,999.0,Mahiyanganaya,Used,Petrol,Manual,Liftback,white,2750000.0
Toyota,Prius,2010.0,16.0,210000.0,1500.0,Nugegoda,Used,Hybrid,Manual,Saloon,black,8350000.0
Volkswagen,Beetle,2017.0,9.0,101000.0,1200.0,Nugegoda,Used,Petrol,Automatic,Sedan,other,13200000.0
Mitsubishi,eK,2023.0,3.0,0.0,650.0,Kottawa,Brand New,Petrol,Automatic,Liftback,red,7125000.0
Suzuki,Spacia,2024.0,2.0,3000.0,990.0,Halloluwa,Brand New,Petrol,Automatic,Hatchback,white,9500000.0
Toyota,Yaris,2024.0,2.0,0.0,999.0,Kelaniya,Brand New,Petrol,Automatic,Hatchback,white,9400000.0
Toyota,Axio,2015.0,11.0,25000.0,1496.0,Katunayake,Used,Petrol,Automatic,Hatchback,white,8575000.0
Toyota,Yaris,2023.0,3.0,76000.0,1000.0,Kotte,Reconditioned,Petrol,Automatic,Hatchback,white,7850000.0
Suzuki,Hustler,2015.0,11.0,100000.0,660.0,Gampaha,Used,Petrol,Automatic,Hatchback,green,5800000.0
Daihatsu,Move,2023.0,3.0,15000.0,660.0,Embilipitiya,Reconditioned,Petrol,Automatic,Hatchback,white,8650000.0
Nissan,Sunny,1992.0,34.0,100000.0,1000.0,Katunayake,Used,Petrol,Manual,Saloon,white,1495000.0
Datsun,Redi Go,2017.0,9.0,65000.0,800.0,Athurugiriya,Used,Petrol,Manual,Hatchback,gray,3525000.0
Tesla,Model 3,2025.0,1.0,0.0,,Nugegoda,Brand New,Electric,Automatic,Saloon,white,35000000.0
Toyota,Axio,2016.0,10.0,164000.0,1500.0,Kottawa,Used,Petrol,Automatic,Station wagon,brown,10450000.0
Suzuki,Wagon R,2018.0,8.0,90000.0,660.0,Boralesgamuwa,Used,Hybrid,Automatic,Hatchback,green,6800000.0
Toyota,Axio,2018.0,8.0,74000.0,1500.0,Kadawatha,Used,Hybrid,Automatic,Saloon,white,12900000.0
Suzuki,Celerio,2018.0,8.0,64000.0,1000.0,Kadawatha,Used,Petrol,Automatic,Hatchback,red,5390000.0
Daihatsu,Boon,2023.0,3.0,5100.0,996.0,Yakkala,Brand New,Petrol,Manual,Liftback,green,8475000.0
Suzuki,Wagon R,2018.0,8.0,34000.0,650.0,Batticaloa,Used,Hybrid,Automatic,Sedan,white,7650000.0
Toyota,Vios,2004.0,22.0,133009.0,1500.0,Rajagiriya,Used,Petrol,Automatic,Saloon,blue,5400000.0
Mercedes Benz,CLA,2017.0,9.0,58000.0,1590.0,Kohuwala,Used,Petrol,Automatic,Sedan,white,17900000.0
Toyota,Axio,2015.0,11.0,0.0,1500.0,Ambalangoda,Used,Petrol,Automatic,Sedan,white,8900000.0
Honda,Accord,1987.0,39.0,124000.0,1250.0,Gampola,Used,Petrol,Manual,Saloon,black,1500000.0
Suzuki,Wagon R,2018.0,8.0,78500.0,650.0,Anuradhapura,Reconditioned,Hybrid,Automatic,Hatchback,blue,6790000.0
Suzuki,Spacia,2018.0,8.0,75000.0,660.0,Gampaha,Used,Petrol,Automatic,,white,7150000.0
BMW,ActiveHybrid 7,2014.0,12.0,40000.0,2979.0,Nittambuwa,Used,Petrol,Automatic,Saloon,silver,43500000.0
Honda,Fit,2012.0,14.0,200000.0,1500.0,Ambalangoda,Used,Petrol,Automatic,Hatchback,white,6300000.0
Suzuki,Wagon R,2024.0,2.0,5000.0,660.0,Kegalle,Brand New,Petrol,Automatic,Hatchback,white,7750000.0
Toyota,Aqua,2015.0,11.0,106000.0,1000.0,Anuradhapura,Used,Petrol,Automatic,Liftback,white,7800000.0
Toyota,Vitz,2019.0,7.0,85830.0,990.0,Ja-Ela,Used,Petrol,Automatic,Liftback,white,8250000.0
Toyota,Axio,2013.0,13.0,230000.0,1500.0,Boralesgamuwa,Used,Hybrid,Automatic,Saloon,blue,8800000.0
Toyota,Corolla,1997.0,29.0,240000.0,2000.0,Mulleriyawa New Town,Used,Diesel,Automatic,Hatchback,blue,3690000.0
Nissan,FB 15,2001.0,25.0,125000.0,1490.0,Sainthamaruthu,Used,Petrol,Automatic,Saloon,white,3850000.0
Suzuki,Wagon R,2024.0,2.0,2594.0,650.0,Bandaragama,Brand New,Hybrid,Automatic,Hatchback,white,9195000.0
BMW,3 Series,2011.0,15.0,0.0,1990.0,Panadura,Used,Diesel,Automatic,Sedan,white,10495000.0
Perodua,Elite,2011.0,15.0,167320.0,1000.0,Dompe,Used,Petrol,Automatic,Hatchback,green,4400000.0
Suzuki,Wagon R,2017.0,9.0,58000.0,650.0,Nittambuwa,Used,Hybrid,Automatic,Hatchback,blue,6295000.0
Geely,Panda,2015.0,11.0,67000.0,1000.0,Kottawa,Used,Petrol,Manual,Hatchback,black,2795000.0
Suzuki,Wagon R,2025.0,1.0,0.0,650.0,Kataragama,Brand New,Hybrid,Automatic,Hatchback,white,8500000.0
Honda,Fit,2013.0,13.0,129000.0,1500.0,Kegalle,Used,Hybrid,Automatic,Hatchback,black,7850000.0
Hyundai,Accent,2002.0,24.0,200000.0,1500.0,Hikkaduwa,Used,Petrol,Automatic,Hatchback,green,3000000.0
Suzuki,Celerio,2015.0,11.0,80000.0,1000.0,Kalmunai,Used,Petrol,Automatic,Hatchback,white,5200000.0
Toyota,Premio,2017.0,9.0,80915.0,1500.0,Kohuwala,Reconditioned,Petrol,Automatic,Saloon,black,15500000.0
Suzuki,Wagon R,2014.0,12.0,200000.0,660.0,Ragama,Reconditioned,Petrol,Automatic,Station wagon,black,5250000.0
Nissan,Presea,1995.0,31.0,150000.0,1500.0,Katugastota,Used,Petrol,Manual,Hatchback,black,2340000.0
Nissan,AD Wagon,2012.0,14.0,171909.0,1490.0,Ragama,Used,Petrol,Automatic,Station wagon,white,7500000.0
Nissan,FB 15,1998.0,28.0,220000.0,1500.0,Kekirawa,Used,Petrol,Automatic,Saloon,silver,4100000.0
Mazda,2,2015.0,11.0,58000.0,1500.0,Delgoda,Used,Petrol,Automatic,Saloon,red,8250000.0
Toyota,Aqua,2012.0,14.0,164000.0,1490.0,Wattala,Used,Hybrid,Automatic,Hatchback,white,7000000.0
Suzuki,Hustler,2024.0,2.0,0.0,658.0,Ambalangoda,Brand New,Petrol,Automatic,Hatchback,green,9400000.0
Nissan,Almera,2025.0,1.0,0.0,1000.0,Kalubowila,Brand New,Petrol,Automatic,Saloon,red,12700000.0
Suzuki,Wagon R,2018.0,8.0,88000.0,650.0,Kalmunai,Used,Hybrid,Automatic,Sedan,white,7350000.0
Honda,ARIA,2005.0,21.0,171500.0,1490.0,Kurunegala,Used,Petrol,Manual,Saloon,white,4950000.0
Toyota,Prius,2011.0,15.0,160000.0,1800.0,Ja-Ela,Used,Petrol,Automatic,Liftback,blue,8350000.0
Toyota,Prius,2014.0,12.0,,1800.0,Anuradhapura,Used,Petrol,Automatic,Hatchback,blue,9600000.0
Suzuki,Wagon R,2018.0,8.0,89000.0,660.0,Kegalle,Used,Hybrid,Automatic,Hatchback,purple,6950000.0
Nissan,FB 15,2011.0,15.0,0.0,1500.0,Kuliyapitiya,Used,Diesel,Manual,Saloon,white,4700000.0
Suzuki,Celerio,2016.0,10.0,94000.0,1000.0,Kadawatha,Used,Petrol,Automatic,Hatchback,red,4990000.0
Honda,Fit,2015.0,11.0,133000.0,1500.0,Ambalangoda,Used,Hybrid,Automatic,Hatchback,white,8100000.0
Toyota,Premio,2005.0,21.0,0.0,1496.0,Kandy,Used,Petrol,Automatic,Sedan,blue,7600000.0
Honda,Grace,2014.0,12.0,102000.0,1490.0,Weeraketiya,Reconditioned,Hybrid,Automatic,Sedan,white,11200000.0
Toyota,Aqua,2014.0,12.0,140000.0,1500.0,Ambalangoda,Used,Hybrid,Automatic,Liftback,white,7350000.0
Suzuki,Swift,2000.0,26.0,180000.0,1300.0,Nugegoda,Used,Petrol,Automatic,Hatchback,blue,3550000.0
Suzuki,Alto,2006.0,20.0,123456.0,800.0,Kurunegala,Used,Petrol,Manual,Convertible,white,2650000.0
Nissan,ExSunny,2001.0,25.0,0.0,1295.0,Ambalangoda,Used,Petrol,Manual,Saloon,red,3340000.0
Daihatsu,Taft,2024.0,2.0,9900.0,660.0,Rajagiriya,Reconditioned,Petrol,Automatic,Hatchback,green,9300000.0
Suzuki,Alto,2007.0,19.0,250000.0,800.0,Moratuwa,Used,Petrol,Manual,Hatchback,silver,2700000.0
Toyota,Corolla,2007.0,19.0,160000.0,1500.0,Padukka,Used,Petrol,Automatic,Sedan,white,7000000.0
Toyota,Axio,2016.0,10.0,125000.0,1400.0,Athurugiriya,Used,Petrol,Automatic,,white,10300000.0
BMW,i Series,2006.0,20.0,0.0,1400.0,Colombo Fort (Colombo 01),Used,Petrol,Automatic,Hatchback,white,9450000.0
Daihatsu,Mira,2017.0,9.0,99300.0,650.0,Negombo,Used,Petrol,Automatic,Hatchback,white,5650000.0
Toyota,Carina,1987.0,39.0,124000.0,1500.0,Mawathagama,Used,Petrol,Manual,Station wagon,white,1625000.0
Micro,Panda,2012.0,14.0,81000.0,1300.0,Chinabay,Used,Petrol,Manual,Hatchback,red,1225000.0
Toyota,Vitz,2017.0,9.0,84000.0,1000.0,Gampaha,Used,Petrol,Automatic,Sedan,silver,8200000.0
Daihatsu,Cast,2016.0,10.0,0.0,650.0,Kandy,Used,Petrol,Automatic,Hatchback,maroon,6800000.0
Suzuki,Alto,2003.0,23.0,200117.0,650.0,Pussellawa,Used,Petrol,Automatic,Hatchback,silver,4200000.0
Honda,Civic,2004.0,22.0,210000.0,1500.0,Embilipitiya,Used,Petrol,Automatic,Hatchback,blue,5350000.0
Suzuki,Wagon R,2018.0,8.0,107000.0,650.0,Kirulapone,Used,Petrol,Automatic,Hatchback,red,6400000.0
Toyota,Vitz,2017.0,9.0,123000.0,1000.0,Nugegoda,Used,Petrol,Automatic,Hatchback,blue,7500000.0
Suzuki,XBee,2023.0,3.0,15000.0,1000.0,Kottawa,Brand New,Hybrid,Automatic,Hatchback,green,10300000.0
Toyota,Aqua,2014.0,12.0,0.0,1500.0,Kaduwela,Used,Hybrid,Automatic,Liftback,white,9000000.0
Toyota,Premio,2016.0,10.0,0.0,1000.0,Padukka,Used,Diesel,Automatic,Hatchback,red,10350000.0
Zotye,Z100,2017.0,9.0,87000.0,1000.0,Kotikawatta,Used,Petrol,Manual,Hatchback,blue,3125000.0
Toyota,Vitz,2019.0,7.0,49000.0,1200.0,Colombo Fort (Colombo 01),Used,Petrol,Automatic,Hatchback,white,8300000.0
Mercedes Benz,CLA,2017.0,9.0,,1500.0,Kohuwala,Used,Petrol,Automatic,Sedan,red,18700000.0
Toyota,Aqua,2012.0,14.0,75872.0,1490.0,Kurunegala,Used,Hybrid,Automatic,Hatchback,black,7700000.0
Toyota,Vitz,2017.0,9.0,55000.0,1000.0,Alutgama,Used,Petrol,Automatic,Hatchback,white,8200000.0
Toyota,Belta,2007.0,19.0,116000.0,1300.0,Hettipola,Used,Petrol,Automatic,Liftback,other,6400000.0
Suzuki,Alto,2007.0,19.0,138000.0,799.0,Kolonnawa,Used,Petrol,Manual,Liftback,red,2795000.0
Suzuki,Celerio,2015.0,11.0,66200.0,1000.0,Piliyandala,Used,Petrol,Automatic,Hatchback,white,5150000.0
Toyota,Aqua,2012.0,14.0,160000.0,1490.0,Dehiwala,Used,Hybrid,Automatic,Hatchback,orange,6700000.0
Toyota,Yaris,2023.0,3.0,4500.0,690.0,Kurunegala,Brand New,Hybrid,Automatic,Hatchback,silver,8900000.0
Suzuki,Wagon R,2018.0,8.0,81000.0,650.0,Ambalangoda,Used,Hybrid,Automatic,Hatchback,white,6700000.0
Suzuki,Swift,2004.0,22.0,0.0,1000.0,Mirigama,Used,Petrol,Manual,Hatchback,black,4390000.0
Toyota,Axio,2016.0,10.0,120000.0,1500.0,Ambalangoda,Used,Petrol,Automatic,Saloon,white,10500000.0
Renault,KWID,2016.0,10.0,102000.0,800.0,Boralesgamuwa,Used,Petrol,Manual,Hatchback,red,3650000.0
Suzuki,Wagon R,2014.0,12.0,120000.0,650.0,Polonnaruwa,Reconditioned,Petrol,Automatic,Hatchback,white,5475000.0
Suzuki,Maruti,2011.0,15.0,85400.0,800.0,Kaduwela,Used,Petrol,Manual,Hatchback,black,2510000.0
Peugeot,307,2004.0,22.0,123456.0,1600.0,Sri Jayawardenepura Kotte,Used,Diesel,Manual,Hatchback,green,3850000.0
Nissan,March,2002.0,24.0,149000.0,1000.0,Ragama,Used,Petrol,Automatic,Liftback,red,2950000.0
Honda,N WGN,2024.0,2.0,100.0,658.0,Negombo,Brand New,Petrol,Automatic,Hatchback,black,8750000.0
Toyota,Vitz,2018.0,8.0,58000.0,1000.0,Kurunegala,Used,Petrol,Automatic,Hatchback,purple,8500000.0
Micro,Panda,2018.0,8.0,91000.0,1000.0,Panadura,Used,Petrol,Automatic,Hatchback,white,3995000.0
Nissan,Leaf,2014.0,12.0,230000.0,,Dehiwala,Used,Electric,Automatic,Hatchback,red,6500000.0
BMW,M Series,2017.0,9.0,90000.0,2000.0,Katugastota,Used,Petrol,Automatic,Saloon,black,28000000.0
Toyota,Corolla,2006.0,20.0,163000.0,1500.0,Piliyandala,Used,Petrol,Automatic,Saloon,blue,5750000.0
Toyota,Wigo,2017.0,9.0,129000.0,1000.0,Homagama,Used,Petrol,Automatic,Liftback,red,5600000.0
Daihatsu,Taft,2023.0,3.0,100.0,660.0,Angoda,Brand New,Petrol,Automatic,Hatchback,white,7700000.0
Nissan,Sunny,1999.0,27.0,0.0,1500.0,Gampola,Used,Petrol,Automatic,Saloon,other,3790000.0
Honda,Airwave,2008.0,18.0,227700.0,1500.0,Ja-Ela,Used,Petrol,Other,Hatchback,silver,5800000.0
Toyota,Allion,2012.0,14.0,98000.0,1500.0,Kesbewa,Used,Petrol,Automatic,Saloon,white,10600000.0
Toyota,Axio,2015.0,11.0,150000.0,1500.0,Ambalangoda,Used,Hybrid,Automatic,Sedan,blue,9500000.0
Toyota,Corolla,1998.0,28.0,0.0,1587.0,Kurunegala,Used,Petrol,Manual,Hatchback,white,4700000.0
Suzuki,Wagon R,2014.0,12.0,0.0,658.0,Kandy,Used,Hybrid,Automatic,Hatchback,silver,5550000.0
Suzuki,Alto,2017.0,9.0,85000.0,1000.0,Borella (Colombo 08),Used,Petrol,Manual,Hatchback,white,5300000.0
Nissan,Bluebird,1998.0,28.0,0.0,1800.0,Tennekumbura,Used,Petrol,Automatic,Saloon,silver,4000000.0
Toyota,Vitz,2019.0,7.0,0.0,990.0,Ambalangoda,Used,Petrol,Automatic,Hatchback,white,8650000.0
Toyota,Sprinter,1999.0,27.0,302000.0,2000.0,Dehiwala,Used,Diesel,Manual,Saloon,silver,3650000.0
Suzuki,Wagon R,2008.0,18.0,75800.0,1000.0,Homagama,Used,Petrol,Manual,Hatchback,red,3900000.0
Suzuki,Wagon R,2017.0,9.0,48000.0,660.0,Ja-Ela,Used,Hybrid,Automatic,Hatchback,maroon,7000000.0
Suzuki,Spacia,2023.0,3.0,1200.0,650.0,Kalagedihena,Reconditioned,Hybrid,Automatic,Sedan,red,9275000.0
Toyota,Axio,2008.0,18.0,120000.0,1500.0,Kegalle,Used,Petrol,Automatic,Liftback,white,7850000.0
Suzuki,Wagon R,2017.0,9.0,115000.0,660.0,Sooriyawewa Town,Used,Petrol,Automatic,Hatchback,gray,6075000.0
Toyota,Roomy,2017.0,9.0,59000.0,1000.0,Kolonnawa,Used,Petrol,Automatic,Liftback,orange,8200000.0
Suzuki,Hustler,2016.0,10.0,126000.0,660.0,Boralesgamuwa,Used,Petrol,Automatic,Hatchback,green,5890000.0
Toyota,Aqua,2013.0,13.0,143000.0,1496.0,Baddegama,Used,Petrol,Automatic,Hatchback,black,6750000.0
Daihatsu,Taft,2023.0,3.0,9000.0,800.0,Kurunegala,Used,Petrol,Automatic,,silver,8250000.0
Toyota,Vitz,2013.0,13.0,125500.0,1000.0,Battaramulla,Used,Petrol,Automatic,Hatchback,red,6300000.0
Toyota,Roomy,2023.0,3.0,12000.0,1000.0,Kelaniya,Brand New,Petrol,Automatic,Liftback,white,9200000.0
Daihatsu,Mira,2023.0,3.0,5000.0,660.0,Ambalangoda,Brand New,Petrol,Automatic,Hatchback,blue,7000000.0
Toyota,Allion,2002.0,24.0,179000.0,1490.0,Kegalle,Used,Petrol,Automatic,Hatchback,silver,6550000.0
Suzuki,Wagon R,2018.0,8.0,75000.0,690.0,Colombo Fort (Colombo 01),Used,Hybrid,Automatic,Hatchback,white,6650000.0
Suzuki,Wagon R,2024.0,2.0,7000.0,660.0,Gampaha,Brand New,Petrol,Automatic,Hatchback,white,7700000.0
Honda,Insight,2011.0,15.0,220000.0,1330.0,Gampaha,Used,Petrol,Automatic,Saloon,black,7950000.0
Toyota,Premio,2010.0,16.0,0.0,1800.0,Kirulapone,Used,Petrol,Automatic,Saloon,blue,8500000.0
Suzuki,Celerio,2018.0,8.0,64000.0,1000.0,Kadawatha,Used,Petrol,Automatic,Hatchback,white,5725000.0
Mitsubishi,eK,2023.0,3.0,3400.0,660.0,Kottawa,Brand New,Petrol,Automatic,Hatchback,white,6975000.0
Suzuki,Alto,2015.0,11.0,0.0,800.0,Beliatta,Used,Petrol,Manual,Hatchback,white,4000000.0
Suzuki,Wagon R,2025.0,1.0,0.0,650.0,Nittambuwa,Brand New,Hybrid,Automatic,Station wagon,black,8390000.0
Suzuki,Alto,2015.0,11.0,0.0,800.0,Battaramulla,Used,Petrol,Manual,Liftback,black,3550000.0
Suzuki,Wagon R,2000.0,26.0,75000.0,1500.0,Katugastota,Used,Petrol,Other,Hatchback,black,5200000.0
Suzuki,Wagon R,2017.0,9.0,88600.0,650.0,Attanagalla,Used,Hybrid,Automatic,Hatchback,white,6385000.0
Toyota,Raize,2025.0,1.0,5.0,1200.0,Pannipitiya,Brand New,Hybrid,Automatic,Hatchback,black,14000000.0
Honda,Fit,2014.0,12.0,119000.0,1300.0,Ambalangoda,Used,Petrol,Automatic,Hatchback,silver,8000000.0
Suzuki,Maruti,2006.0,20.0,120000.0,800.0,Nugegoda,Used,Petrol,Manual,Liftback,other,2085000.0
Toyota,Aqua,2014.0,12.0,120000.0,1500.0,Wattala,Used,Petrol,Automatic,Hatchback,green,8000000.0
Suzuki,Swift,2008.0,18.0,130000.0,1300.0,Malabe,Used,Petrol,Automatic,Hatchback,blue,4990000.0
KIA,Spectra,2002.0,24.0,35000.0,1600.0,Kuliyapitiya,Used,Petrol,Manual,Saloon,gray,1900000.0
Suzuki,Spacia,2023.0,3.0,5500.0,660.0,Kottawa,Brand New,Petrol,Automatic,Hatchback,yellow,7750000.0
Volkswagen,Beetle,,,0.0,1300.0,Maharagama,Used,Petrol,Manual,,maroon,1500000.0
Suzuki,Spacia,2024.0,2.0,9000.0,660.0,Kurunegala,Brand New,Hybrid,Automatic,Convertible,brown,8375000.0
Toyota,Allion,2010.0,16.0,110000.0,1490.0,Wattala,Used,Petrol,Automatic,Saloon,black,10200000.0
Suzuki,Wagon R,2014.0,12.0,128800.0,650.0,Ambalangoda,Used,Hybrid,Automatic,Hatchback,black,5400000.0
Daihatsu,Taft,2022.0,4.0,0.0,658.0,Kurunegala,Brand New,Petrol,Automatic,Station wagon,red,7800000.0
Suzuki,Wagon R,2014.0,12.0,77900.0,660.0,Narahenpita (Colombo 05),Reconditioned,Petrol,Automatic,Hatchback,white,5750000.0
Toyota,Corolla,1997.0,29.0,270000.0,2000.0,Pilimatalawa,Used,Petrol,Manual,Saloon,silver,3800000.0
Toyota,Prius,2012.0,14.0,0.0,1200.0,Kataragama,Used,Hybrid,Automatic,Liftback,white,4900000.0
Suzuki,Alto,2002.0,24.0,0.0,1000.0,Katugastota,Used,Petrol,Manual,Hatchback,blue,2590000.0
Toyota,Yaris,2022.0,4.0,56000.0,1000.0,Nugegoda,Brand New,Petrol,Automatic,Hatchback,white,8900000.0
Suzuki,Wagon R,2017.0,9.0,180000.0,998.0,Kadawatha,Used,Petrol,Automatic,Hatchback,white,6490000.0
Toyota,Aqua,2012.0,14.0,12000.0,1500.0,Matugama,Used,Petrol,Automatic,Hatchback,white,8500000.0
Suzuki,Swift,2004.0,22.0,165000.0,1300.0,Moratuwa,Used,Petrol,Automatic,Hatchback,silver,4400000.0
Mercedes Benz,C Class,2013.0,13.0,116000.0,2200.0,Kandy,Used,Diesel,Automatic,Saloon,white,13500000.0
Nissan,Dayz,2023.0,3.0,1500.0,650.0,Pasyala,Brand New,Petrol,Automatic,Station wagon,red,8200000.0
Daihatsu,Mira,2025.0,1.0,2000.0,660.0,Nittambuwa,Reconditioned,Petrol,Automatic,Hatchback,white,6490000.0
Mazda,Familia,1997.0,29.0,0.0,1700.0,Ambalangoda,Used,Diesel,Automatic,Saloon,white,2400000.0
Toyota,Prius,2014.0,12.0,129251.0,1800.0,Piliyandala,Used,Hybrid,Automatic,Hatchback,black,11700000.0
Toyota,Vios,2004.0,22.0,0.0,1500.0,Anuradhapura,Used,Petrol,Automatic,Saloon,gold,5350000.0
Honda,Civic,2018.0,8.0,65000.0,1000.0,Ambalangoda,Used,Petrol,Automatic,Liftback,black,13200000.0
Suzuki,Wagon R,2018.0,8.0,0.0,650.0,Panadura,Used,Petrol,Automatic,Hatchback,orange,5995000.0
Toyota,Yaris,2023.0,3.0,0.0,1000.0,Ambalangoda,Used,Petrol,Automatic,Hatchback,white,9700000.0
Toyota,Premio,2013.0,13.0,110000.0,1490.0,Kurunegala,Used,Petrol,Automatic,Saloon,red,11200000.0
Suzuki,Alto,2007.0,19.0,350000.0,796.0,Horana,Used,Petrol,Manual,Hatchback,blue,2860000.0
Hyundai,Sonata,2000.0,26.0,89999.0,2000.0,Galewela,Used,Petrol,Automatic,Saloon,white,3200000.0
Suzuki,Spacia,2024.0,2.0,2000.0,660.0,Kurunegala,Reconditioned,Petrol,Automatic,Hatchback,white,9100000.0
Suzuki,Wagon R,2017.0,9.0,35360.0,650.0,Piliyandala,Used,Hybrid,Automatic,Sedan,purple,6300000.0
Suzuki,Swift,2006.0,20.0,200000.0,1000.0,Galgamuwa,Used,Petrol,Automatic,Hatchback,black,4050000.0
Toyota,Corolla,2002.0,24.0,123456.0,1500.0,Monaragala,Used,Petrol,Automatic,Saloon,gray,3850000.0
Suzuki,Swift,2010.0,16.0,160000.0,1300.0,Panadura,Reconditioned,Petrol,Automatic,Hatchback,white,5800000.0
Audi,A5,2019.0,7.0,54450.0,1000.0,Colombo Fort (Colombo 01),Used,Petrol,Automatic,Hatchback,blue,25500000.0
Suzuki,Wagon R,2015.0,11.0,106000.0,1490.0,Deiyandara,Reconditioned,Hybrid,Automatic,Station wagon,black,5700000.0
Toyota,Vitz,2019.0,7.0,26000.0,1000.0,Kohuwala,Used,Petrol,Automatic,Hatchback,red,8700000.0
Suzuki,Wagon R,2014.0,12.0,83000.0,660.0,Embilipitiya,Used,Petrol,Automatic,Hatchback,navy,5000000.0
Toyota,Aqua,2014.0,12.0,80460.0,1500.0,Pelmadulla,Used,Hybrid,Automatic,Hatchback,yellow,7400000.0
Toyota,Prius,2011.0,15.0,125555.0,1490.0,Makola,Used,Petrol,Automatic,Hatchback,white,8875000.0
Honda,Grace,2015.0,11.0,187000.0,1496.0,Ambalangoda,Used,Hybrid,Automatic,Sedan,white,8600000.0
Mitsubishi,Lancer,2008.0,18.0,138000.0,1300.0,Ambalangoda,Used,Petrol,Automatic,Sedan,blue,6650000.0
Honda,City,2025.0,1.0,0.0,1000.0,Kalubowila,Brand New,Petrol,Automatic,Saloon,white,14300000.0
Toyota,Corolla,1996.0,30.0,0.0,1200.0,Pilimatalawa,Used,Diesel,Automatic,,white,2500000.0
Perodua,Axia,2019.0,7.0,,998.0,Gampaha,Used,Petrol,Automatic,Hatchback,white,6800000.0
Suzuki,Swift,2017.0,9.0,125000.0,1000.0,Panadura,Used,Petrol,Automatic,Liftback,red,7650000.0
Chery,QQ,2010.0,16.0,125000.0,800.0,Batticaloa,Used,Petrol,Manual,Sedan,silver,2200000.0
Hyundai,Accent,2005.0,21.0,0.0,1500.0,Biyagama,Used,Petrol,Automatic,Hatchback,black,6000000.0
Toyota,Vitz,2018.0,8.0,84000.0,1000.0,Homagama,Used,Petrol,Automatic,Hatchback,white,8150000.0
Honda,Grace,2015.0,11.0,141800.0,1500.0,Bambalapitiya (Colombo 04),Used,Hybrid,Automatic,Hatchback,maroon,8900000.0
Nissan,FB 15,2000.0,26.0,150000.0,1500.0,Elpitiya,Used,Petrol,Automatic,Saloon,gray,3800000.0
Toyota,Aqua,2014.0,12.0,93000.0,1496.0,Ragama,Used,Petrol,Automatic,Hatchback,white,8600000.0
Suzuki,Alto,2013.0,13.0,0.0,800.0,Horana,Used,Petrol,Manual,Hatchback,other,3500000.0
Suzuki,Wagon R,2024.0,2.0,6500.0,650.0,Negombo,Brand New,Petrol,Automatic,Liftback,silver,7800000.0
Toyota,Corolla,2003.0,23.0,231000.0,1500.0,Ja-Ela,Used,Petrol,Automatic,Saloon,white,6200000.0
Suzuki,Celerio,2019.0,7.0,78000.0,1000.0,Kadawatha,Used,Petrol,Automatic,Hatchback,white,5790000.0
Toyota,Prius,2012.0,14.0,98000.0,1500.0,Bambalapitiya (Colombo 04),Used,Hybrid,Automatic,,white,11300000.0
Suzuki,Maruti,2005.0,21.0,0.0,800.0,Kiribathgoda,Used,Petrol,Manual,Hatchback,gray,2030000.0
Daihatsu,Mira,2025.0,1.0,3000.0,658.0,Anuradhapura,Brand New,Petrol,Automatic,,silver,6600000.0
Nissan,Note X,2010.0,16.0,150000.0,1300.0,Ambalangoda,Used,Petrol,Automatic,Hatchback,silver,5100000.0
Toyota,Aqua,2013.0,13.0,140000.0,1500.0,Matara,Reconditioned,Petrol,Automatic,Hatchback,black,7350000.0
Suzuki,Maruti,2006.0,20.0,159600.0,1000.0,Kurunegala,Used,Petrol,Manual,Hatchback,black,2200000.0
Honda,Fit,2014.0,12.0,95600.0,1500.0,Kalmunai,Used,Petrol,Automatic,Station wagon,white,8925000.0
Suzuki,Alto,2015.0,11.0,22.17,850.0,Badulla,Used,Petrol,Manual,Liftback,blue,3775000.0
Suzuki,Wagon R,2024.0,2.0,0.0,650.0,Polonnaruwa,Brand New,Hybrid,Automatic,Hatchback,silver,7800000.0
Suzuki,Wagon R,2024.0,2.0,4000.0,650.0,Panadura,Brand New,Hybrid,Automatic,Hatchback,red,8500000.0
Suzuki,Wagon R,2015.0,11.0,83000.0,650.0,Kalmunai,Used,Petrol,Automatic,Sedan,black,5850000.0
Honda,Fit,2015.0,11.0,113000.0,1500.0,Rajagiriya,Used,Hybrid,Automatic,Hatchback,black,7800000.0
Suzuki,Wagon R,2025.0,1.0,0.0,650.0,Waskaduwa,Brand New,Hybrid,Automatic,Hatchback,white,8950000.0
Suzuki,Alto,2015.0,11.0,120000.0,800.0,Nugegoda,Used,Petrol,Manual,Liftback,gray,3590000.0
Suzuki,Swift,2003.0,23.0,154000.0,1300.0,Horana,Used,Petrol,Automatic,Hatchback,black,4400000.0
Honda,Grace,2015.0,11.0,97350.0,1500.0,Nawala,Used,Hybrid,Automatic,Sedan,maroon,8800000.0
Toyota,Premio,2014.0,12.0,169000.0,1500.0,Ambalangoda,Used,Petrol,Automatic,Sedan,brown,11150000.0
Renault,KWID,2016.0,10.0,112400.0,1000.0,Gampaha,Used,Petrol,Manual,Hatchback,white,3325000.0
Toyota,Belta,2009.0,17.0,186000.0,1300.0,Kurunegala,Used,Petrol,Automatic,Hatchback,silver,6990000.0
Suzuki,Wagon R,2017.0,9.0,110000.0,660.0,Kirillawala,Used,Petrol,Automatic,Hatchback,white,5650000.0
Toyota,Aqua,2015.0,11.0,150000.0,1300.0,Kotawehera,Used,Petrol,Automatic,Liftback,white,8100000.0
Suzuki,Swift,2008.0,18.0,116000.0,1300.0,Malabe,Used,Petrol,Automatic,Hatchback,blue,5450000.0
Mini,Cooper,2017.0,9.0,53000.0,1500.0,Rajagiriya,Used,Petrol,Automatic,,red,18500000.0
Toyota,Aqua,2014.0,12.0,79800.0,1490.0,Kalmunai,Used,Petrol,Automatic,Sedan,silver,7900000.0
Toyota,Premio,2018.0,8.0,80000.0,1500.0,Adampan,Used,Hybrid,Automatic,Saloon,white,16500000.0
Toyota,Corolla,2008.0,18.0,168000.0,1500.0,Moratuwa,Used,Petrol,Automatic,Saloon,blue,6950000.0
Micro,Panda,2018.0,8.0,65600.0,1000.0,Kaleliya,Used,Petrol,Tiptronic,Hatchback,black,3850000.0
Toyota,Vitz,2016.0,10.0,100000.0,990.0,Ambalangoda,Used,Petrol,Automatic,Hatchback,black,6750000.0
Toyota,Premio,2010.0,16.0,176000.0,1500.0,Akkaraipattu,Used,Petrol,Automatic,Liftback,white,15700000.0
Suzuki,Wagon R,2014.0,12.0,0.0,900.0,Rambukkana,Used,Petrol,Automatic,Hatchback,red,5900000.0
Toyota,Premio,2018.0,8.0,112000.0,1500.0,Anuradhapura,Used,Petrol,Automatic,Hatchback,white,16300000.0
Suzuki,Alto,2014.0,12.0,200000.0,800.0,Kundasale,Used,Petrol,Manual,Hatchback,gray,3700000.0
Nissan,Sunny,1996.0,30.0,150000.0,1500.0,Matale,Used,Petrol,Automatic,Saloon,gold,3275000.0
Toyota,Prius,2011.0,15.0,200000.0,1800.0,Anuradhapura,Used,Hybrid,Automatic,Saloon,silver,8900000.0
Toyota,Premio,2017.0,9.0,94000.0,1500.0,Talawatugoda,Used,Petrol,Automatic,Saloon,black,16000000.0
Toyota,Corolla,2001.0,25.0,115000.0,1500.0,Anuradhapura,Used,Petrol,Automatic,Saloon,silver,5350000.0
Toyota,Prius,2010.0,16.0,181000.0,1790.0,Ambalangoda,Used,Hybrid,Automatic,Sedan,blue,7900000.0
Mitsubishi,Lancer,1997.0,29.0,398000.0,1990.0,Pannipitiya,Used,Diesel,Automatic,Sports,red,3600000.0
Toyota,Vitz,2015.0,11.0,46400.0,1000.0,Trincomalee,Used,Petrol,Automatic,Hatchback,orange,7350000.0
Suzuki,Wagon R,2024.0,2.0,5000.0,650.0,Negombo,Brand New,Petrol,Automatic,,silver,7800000.0
Toyota,Axio,2015.0,11.0,0.0,1500.0,Ambalangoda,Used,Hybrid,Automatic,Saloon,white,8000000.0
Toyota,Passo,2023.0,3.0,6600.0,660.0,Kottawa,Brand New,Petrol,Automatic,Hatchback,black,7975000.0
Micro,Panda,2018.0,8.0,75000.0,1300.0,Nugegoda,Used,Petrol,Other,Liftback,white,4300000.0
Honda,N BOX,2026.0,0.0,6600.0,660.0,Kottawa,Brand New,Petrol,Automatic,Hatchback,gray,7575000.0
Micro,Panda,2012.0,14.0,150000.0,1300.0,Kolonnawa,Used,Petrol,Manual,Hatchback,red,2800000.0
Suzuki,Alto,2012.0,14.0,119000.0,800.0,Piliyandala,Used,Petrol,Manual,Hatchback,black,3275000.0
Perodua,Elite,2011.0,15.0,130000.0,1000.0,Hakmana,Used,Petrol,Automatic,Hatchback,white,4450000.0
Micro,Panda,2011.0,15.0,105605.0,1300.0,Tangalla,Used,Petrol,Manual,Hatchback,yellow,2850000.0
Toyota,Axio,2014.0,12.0,145500.0,1500.0,Bandarawela,Used,Hybrid,Automatic,Saloon,maroon,8800000.0
Audi,A4,2011.0,15.0,140000.0,1984.0,Ambalangoda,Used,Petrol,Automatic,Sedan,purple,10600000.0
Honda,ARIA,2003.0,23.0,140000.0,1500.0,Godagama,Used,Petrol,Automatic,Saloon,gold,5400000.0
Suzuki,Every,2013.0,13.0,107000.0,650.0,Ja-Ela,Used,Petrol,Automatic,Station wagon,black,5975000.0
Toyota,Premio,2018.0,8.0,63000.0,1500.0,Dehiwala,Used,Petrol,Automatic,Liftback,white,16100000.0
Toyota,Vitz,2007.0,19.0,188200.0,1000.0,Ratmalana,Used,Petrol,Automatic,Hatchback,blue,5150000.0
Tata,Indica,2015.0,11.0,31000.0,1200.0,Adampan,Used,Petrol,Manual,Hatchback,maroon,2900000.0
Suzuki,Wagon R,2025.0,1.0,0.0,650.0,Kurunegala,Brand New,Petrol,Automatic,Hatchback,white,8780000.0
Toyota,Aqua,2013.0,13.0,143000.0,1500.0,Colombo Fort (Colombo 01),Used,Petrol,Automatic,Hatchback,silver,6900000.0
Suzuki,Hustler,2024.0,2.0,0.0,650.0,Mawathagama,Brand New,Petrol,Automatic,Station wagon,blue,7200000.0
Toyota,Axio,2014.0,12.0,140000.0,1490.0,Beruwala,Used,Petrol,Automatic,Saloon,white,8700000.0
Suzuki,Wagon R,2014.0,12.0,0.0,650.0,Hokandara,Used,Petrol,Automatic,Liftback,silver,5500000.0
Honda,Grace,2015.0,11.0,160000.0,1000.0,Kadugannawa,Used,Hybrid,Automatic,Saloon,maroon,8850000.0
Suzuki,Celerio,2016.0,10.0,124000.0,1000.0,Matara,Used,Petrol,Automatic,Hatchback,white,5100000.0
Micro,Panda,2015.0,11.0,57000.0,1000.0,Bandaragama,Used,Petrol,Manual,Hatchback,black,3195000.0
Suzuki,Wagon R,2018.0,8.0,0.0,900.0,Keppetipola,Used,Petrol,Automatic,Liftback,white,6500000.0
Suzuki,Wagon R,2016.0,10.0,113000.0,650.0,Ambalangoda,Used,Hybrid,Automatic,Hatchback,silver,5850000.0
Toyota,Vitz,2018.0,8.0,68000.0,990.0,Kandana,Used,Hybrid,Automatic,Hatchback,gray,4100000.0
Suzuki,Maruti,2004.0,22.0,126000.0,800.0,Horana,Used,Petrol,Manual,Hatchback,gray,1980000.0
Toyota,Corsa,1993.0,33.0,200800.0,1300.0,Badulla,Reconditioned,Petrol,Manual,Saloon,black,2495000.0
Toyota,Yaris,2023.0,3.0,2500.0,690.0,Kurunegala,Brand New,Hybrid,Automatic,Hatchback,black,9200000.0
Suzuki,Wagon R,2003.0,23.0,129000.0,1100.0,Athurugiriya,Used,Petrol,Manual,Hatchback,silver,2850000.0
Toyota,Prius,2014.0,12.0,132000.0,1200.0,Colombo Fort (Colombo 01),Used,Petrol,Automatic,Hatchback,silver,9500000.0
Toyota,Vitz,2018.0,8.0,65000.0,1000.0,Galle,Reconditioned,Petrol,Automatic,Sedan,white,8700000.0
Suzuki,Wagon R,2017.0,9.0,0.0,650.0,Ambalangoda,Used,Petrol,Automatic,Hatchback,blue,5450000.0
Toyota,Corolla,2003.0,23.0,206500.0,1500.0,Dompe,Used,Petrol,Automatic,Saloon,white,5850000.0
Geely,Panda,2013.0,13.0,53000.0,1200.0,Panadura,Used,Petrol,Manual,Hatchback,white,3290000.0
Toyota,Starlet,1987.0,39.0,200000.0,1300.0,Seeduwa,Used,Petrol,Manual,Hatchback,white,1860000.0
Suzuki,Wagon R,2018.0,8.0,92000.0,998.0,Baddegama,Used,Petrol,Automatic,Hatchback,white,6500000.0
Toyota,Aqua,2013.0,13.0,158000.0,1500.0,Malabe,Used,Hybrid,Automatic,Hatchback,orange,7000000.0
Suzuki,Alto,2015.0,11.0,79000.0,800.0,Boralesgamuwa,Used,Petrol,Manual,Hatchback,red,3600000.0
Suzuki,Alto,2011.0,15.0,60231.0,1000.0,Ambalangoda,Used,Petrol,Manual,Hatchback,white,3600000.0
Toyota,Premio,2012.0,14.0,179800.0,1500.0,Panadura,Used,Petrol,Automatic,Saloon,black,10500000.0
Toyota,Axio,2015.0,11.0,150000.0,,Akarawita,Used,Petrol,Automatic,Sports,white,9200000.0
Suzuki,Wagon R,2023.0,3.0,9941.0,650.0,Panadura,Used,Petrol,Automatic,Station wagon,silver,7695000.0
Toyota,Premio,2020.0,6.0,90000.0,1500.0,Negombo,Used,Petrol,Automatic,Sedan,white,17550000.0
Nissan,March,2008.0,18.0,0.0,1300.0,Ambalangoda,Used,Petrol,Automatic,Hatchback,red,4500000.0
Suzuki,Wagon R,2018.0,8.0,115000.0,660.0,Wattala,Used,Hybrid,Automatic,,white,6100000.0
Toyota,Roomy,2023.0,3.0,2600.0,1000.0,Cinnamon Garden (Colombo 07),Brand New,Petrol,Automatic,Hatchback,white,10800000.0
Suzuki,Celerio,2015.0,11.0,161000.0,1000.0,Adampan,Used,Petrol,Manual,Hatchback,gray,4595000.0
Toyota,Premio,2008.0,18.0,120000.0,690.0,Kurunegala,Used,Petrol,Automatic,Hatchback,gray,8300000.0
Toyota,Prius,2011.0,15.0,191500.0,1500.0,Rajagiriya,Used,Petrol,Automatic,Saloon,white,9900000.0
Toyota,Corolla,1996.0,30.0,190000.0,1970.0,Pelmadulla,Used,Diesel,Automatic,Sedan,white,2990000.0
Toyota,Axio,2015.0,11.0,200000.0,1500.0,Dehiwala,Used,Hybrid,Automatic,Saloon,black,9800000.0
Toyota,Marino,1992.0,34.0,180000.0,1500.0,Kadawatha,Used,Petrol,Manual,Saloon,blue,3500000.0
Honda,Grace,2016.0,10.0,220000.0,1500.0,Ambalangoda,Used,Hybrid,Automatic,Saloon,white,9500000.0
Nissan,Dayz,2023.0,3.0,1500.0,660.0,Kottawa,Brand New,Petrol,Automatic,Hatchback,black,7300000.0
Hyundai,Eon,2016.0,10.0,24500.0,814.0,Batticaloa,Used,Petrol,Manual,Hatchback,white,4500000.0
Suzuki,Wagon R,2018.0,8.0,119000.0,650.0,Gampaha,Reconditioned,Petrol,Automatic,Hatchback,white,6475000.0
Toyota,Prius,2012.0,14.0,230000.0,1800.0,Dankotuwa,Used,Hybrid,Automatic,Saloon,white,10600000.0
Toyota,Yaris Ativ,2019.0,7.0,103140.0,1200.0,Kottawa,Used,Petrol,Automatic,Saloon,silver,12000000.0
Toyota,Yaris,2025.0,1.0,0.0,1000.0,Kelaniya,Brand New,Petrol,Automatic,Liftback,white,10000000.0
Toyota,Axio,2007.0,19.0,225000.0,1500.0,Dodangoda,Used,Petrol,Automatic,Saloon,white,7800000.0
Suzuki,Wagon R,2018.0,8.0,54000.0,650.0,Pussellawa,Used,Petrol,Automatic,Hatchback,black,7200000.0
Toyota,Aqua,2013.0,13.0,129100.0,1490.0,Ingiriya,Used,Petrol,Automatic,Hatchback,black,7200000.0
Toyota,Allion,2004.0,22.0,160000.0,1490.0,Gampaha,Used,Petrol,Automatic,Liftback,red,6100000.0
Daihatsu,Mira,2024.0,2.0,2500.0,690.0,Kurunegala,Brand New,Hybrid,Automatic,Hatchback,red,6250000.0
Toyota,Prius,2012.0,14.0,177500.0,1800.0,Kollupitiya (Colombo 03),Used,Hybrid,Automatic,Saloon,white,8500000.0
Nissan,N 16,2000.0,26.0,300000.0,1500.0,Panadura,Used,Petrol,Manual,Saloon,silver,3450000.0
Suzuki,Alto,2007.0,19.0,160000.0,800.0,Telijjawila,Used,Petrol,Manual,Liftback,maroon,2825000.0
Suzuki,Swift,2009.0,17.0,120000.0,1300.0,Battaramulla,Used,Petrol,Automatic,Hatchback,silver,5800000.0
Suzuki,Swift,2009.0,17.0,180000.0,1300.0,Dehiwala,Used,Petrol,Automatic,Hatchback,blue,5500000.0
Toyota,Premio,2015.0,11.0,175000.0,1500.0,Kohuwala,Used,Petrol,Automatic,Saloon,maroon,12490000.0
Toyota,Yaris,2014.0,12.0,89000.0,1500.0,Nittambuwa,Used,Petrol,Automatic,Saloon,gray,8650000.0
Perodua,Kancil,2003.0,23.0,0.0,,Kandy,Used,Petrol,Manual,,green,2300000.0
Nissan,Magnite,2025.0,1.0,2800.0,999.0,Anuradhapura,Used,Petrol,Automatic,Hatchback,silver,9150000.0
Toyota,Premio,2019.0,7.0,113000.0,1500.0,Wellawatta (Colombo 06),Used,Petrol,Automatic,Liftback,white,16700000.0
Toyota,Corolla,2008.0,18.0,30000.0,1498.0,Maharagama,Used,Petrol,Automatic,Hatchback,other,7150000.0
Mazda,Axela,2004.0,22.0,338000.0,1496.0,Ambalangoda,Used,Petrol,Manual,Sedan,gray,5200000.0
Honda,Airwave,2006.0,20.0,240300.0,1200.0,Akurana,Reconditioned,Petrol,Automatic,Saloon,orange,6200000.0
Suzuki,Wagon R,2014.0,12.0,126000.0,650.0,Kurunegala,Used,Petrol,Automatic,Hatchback,white,5750000.0
Suzuki,Swift,2007.0,19.0,145000.0,760.0,Mawathagama,Used,Petrol,Manual,Hatchback,black,4325000.0
Daihatsu,Taft,2025.0,1.0,0.0,1000.0,Pilimatalawa,Brand New,Petrol,Automatic,Hatchback,white,9300000.0
Suzuki,Wagon R,2025.0,1.0,0.0,660.0,Embilipitiya,Reconditioned,Petrol,Automatic,Hatchback,white,8800000.0
Toyota,Aqua,2015.0,11.0,152000.0,1490.0,Ambalangoda,Used,Hybrid,Automatic,Hatchback,white,7650000.0
Toyota,Yaris,2022.0,4.0,53000.0,1300.0,Ibbagamuwa,Used,Petrol,Automatic,Hatchback,white,8900000.0
Toyota,Wigo,2017.0,9.0,0.0,1000.0,Kottawa,Used,Petrol,Automatic,Hatchback,red,6100000.0
Suzuki,Alto,2017.0,9.0,80000.0,650.0,Kandana,Used,Petrol,Automatic,Station wagon,silver,6375000.0
Standard,Vanguard,2020.0,6.0,15000.0,1000.0,Mirigama,Used,Petrol,Manual,Hatchback,white,4000000.0
Nissan,Sunny,2001.0,25.0,78000.0,1490.0,Galewela,Used,Petrol,Automatic,Saloon,white,4750000.0
Nissan,Pulsar,2004.0,22.0,0.0,1500.0,Pannala,Used,Petrol,Manual,Sports,white,3550000.0
Mazda,Demio,1999.0,27.0,99000.0,1320.0,Mawathagama,Used,Petrol,Automatic,Hatchback,silver,4500000.0
Honda,Insight,2012.0,14.0,128000.0,1200.0,Pussellawa,Used,Petrol,Automatic,Hatchback,silver,8600000.0
Nissan,Note,2024.0,2.0,8200.0,1200.0,Kadawatha,Used,Hybrid,Automatic,Hatchback,gray,12890000.0
Toyota,Vitz,2009.0,17.0,100000.0,1000.0,Narammala,Used,Petrol,Automatic,Hatchback,black,5575000.0
Toyota,Starlet,1998.0,28.0,200000.0,1450.0,Alawatugoda,Used,Diesel,Automatic,Hatchback,white,2875000.0
Honda,Fit,2014.0,12.0,132000.0,1500.0,Negombo,Used,Petrol,Automatic,Hatchback,black,8250000.0
Hyundai,Grand i10,2024.0,2.0,3000.0,998.0,Negombo,Used,Petrol,Automatic,Hatchback,black,7600000.0
Mercedes Benz,C200,2019.0,7.0,38000.0,2000.0,Wellampitiya,Used,Petrol,Automatic,Saloon,silver,22500000.0
Toyota,Premio,2015.0,11.0,190000.0,1490.0,Piliyandala,Used,Petrol,Automatic,Saloon,maroon,12450000.0
Daihatsu,Taft,2023.0,3.0,0.0,660.0,Kurunegala,Reconditioned,Petrol,Automatic,,white,8650000.0
Suzuki,Maruti,2010.0,16.0,95000.0,800.0,Dambadeniya,Used,Petrol,Manual,Liftback,other,2600000.0
Toyota,Aqua,2013.0,13.0,125000.0,1496.0,Ambalangoda,Used,Petrol,Automatic,Hatchback,black,7150000.0
Toyota,Prius,2016.0,10.0,163000.0,1500.0,Delgoda,Used,Hybrid,Automatic,Liftback,white,13725000.0
Suzuki,Swift,2010.0,16.0,102000.0,1197.0,Kaduwela,Used,Petrol,Manual,Hatchback,red,4100000.0
Suzuki,Wagon R,2014.0,12.0,150000.0,690.0,Kilinochchi,Used,Petrol,Automatic,Hatchback,white,5000000.0
Suzuki,Wagon R,2018.0,8.0,123000.0,650.0,Ambalangoda,Used,Petrol,Automatic,Hatchback,black,6800000.0
Suzuki,Estilo,2010.0,16.0,102000.0,1000.0,Peradeniya,Used,Petrol,Manual,Hatchback,orange,3550000.0
Suzuki,Wagon R,2023.0,3.0,4000.0,690.0,Batticaloa,Brand New,Hybrid,Automatic,Hatchback,silver,7600000.0
Toyota,Axio,2002.0,24.0,0.0,650.0,Kobeigane,Used,Petrol,Automatic,Saloon,white,2550000.0
Nissan,Sunny,1996.0,30.0,0.0,1290.0,Malabe,Used,Petrol,Automatic,Saloon,blue,3000000.0
Daihatsu,Mira,2023.0,3.0,2000.0,650.0,Kurunegala,Used,Petrol,Automatic,Convertible,blue,6800000.0
Toyota,Vitz,2018.0,8.0,45500.0,990.0,Wattala,Used,Petrol,Automatic,Hatchback,purple,8800000.0
Honda,Civic,2012.0,14.0,0.0,1800.0,Ambalangoda,Used,Petrol,Automatic,Sedan,brown,7200000.0
Suzuki,Wagon R,2017.0,9.0,86000.0,650.0,Vavuniya,Used,Hybrid,Automatic,Hatchback,gray,7500000.0
Suzuki,Wagon R,2017.0,9.0,117000.0,660.0,Athurugiriya,Used,Hybrid,Automatic,Hatchback,black,6600000.0
Toyota,Yaris,2022.0,4.0,0.0,1000.0,Polonnaruwa,Brand New,Petrol,Automatic,Hatchback,white,9400000.0
Suzuki,Wagon R,2024.0,2.0,2800.0,660.0,Katugastota,Brand New,Hybrid,Automatic,Station wagon,silver,7500000.0
Suzuki,Wagon R,2025.0,1.0,0.0,650.0,Gampaha,Brand New,Hybrid,Automatic,Hatchback,white,8800000.0
Suzuki,Wagon R,2018.0,8.0,120000.0,950.0,Maharagama,Used,Petrol,Automatic,Station wagon,silver,5890000.0
Toyota,Corolla,1998.0,28.0,190000.0,1500.0,Dekatana,Used,Petrol,Automatic,Saloon,white,4675000.0
Suzuki,Maruti,2012.0,14.0,66000.0,800.0,Embilipitiya,Used,Petrol,Manual,Hatchback,red,2375000.0
Toyota,Aqua,2012.0,14.0,290.0,1497.0,Malabe,Used,Hybrid,Automatic,Hatchback,blue,6400000.0
Suzuki,Spacia,2017.0,9.0,150200.0,660.0,Anuradhapura,Used,Petrol,Automatic,Liftback,white,6700000.0
Toyota,Prius,2011.0,15.0,205000.0,1800.0,Kurunegala,Used,Hybrid,Automatic,Hatchback,silver,9600000.0
Mitsubishi,Lancer,2002.0,24.0,70000.0,1600.0,Boralesgamuwa,Used,Petrol,Manual,Sedan,gray,5790000.0
Suzuki,Alto,2005.0,21.0,324000.0,800.0,Kotikawatta,Used,Petrol,Manual,Liftback,green,2600000.0
Hyundai,Accent,2001.0,25.0,0.0,1300.0,Pepiliyana,Used,Petrol,Automatic,Saloon,gold,2850000.0
Audi,A1,2016.0,10.0,137000.0,1390.0,Ambalangoda,Used,Petrol,Automatic,Hatchback,black,8600000.0
Honda,Grace,2017.0,9.0,88500.0,1500.0,Hapugala,Used,Hybrid,Automatic,Saloon,purple,9800000.0
Suzuki,Cultus,1995.0,31.0,114000.0,1300.0,Kalubowila,Used,Petrol,Manual,Hatchback,other,2700000.0
Suzuki,Wagon R,2018.0,8.0,50000.0,650.0,Kohuwala,Used,Petrol,Automatic,Hatchback,white,5900000.0
Toyota,Yaris,2024.0,2.0,9000.0,1200.0,Negombo,Brand New,Petrol,Automatic,Hatchback,white,11000000.0
Micro,Panda,2015.0,11.0,60500.0,1000.0,Minuwangoda,Used,Petrol,Manual,Hatchback,black,2950000.0
Suzuki,Wagon R,2024.0,2.0,8000.0,650.0,Kandy,Brand New,Petrol,Automatic,Hatchback,blue,7300000.0
Toyota,Yaris,2023.0,3.0,20000.0,1000.0,Kurunegala,Brand New,Petrol,Automatic,Hatchback,silver,9500000.0
Suzuki,Maruti,2005.0,21.0,0.0,1000.0,Alutgama,Used,Petrol,Manual,Hatchback,blue,3400000.0
Toyota,Vitz,2010.0,16.0,178000.0,1000.0,Nattandiya,Used,Petrol,Manual,Hatchback,white,5600000.0
Suzuki,Wagon R,2018.0,8.0,144000.0,650.0,Nikaweratiya,Used,Petrol,Automatic,Hatchback,white,6500000.0
Suzuki,Alto,2015.0,11.0,76000.0,800.0,Vavuniya,Used,Petrol,Automatic,Liftback,gray,4150000.0
Daihatsu,Mira,2025.0,1.0,5000.0,660.0,Balapitiya,Brand New,Petrol,Automatic,Hatchback,white,6950000.0
Toyota,Axio,2015.0,11.0,178000.0,1500.0,Anuradhapura,Used,Petrol,Automatic,Liftback,black,9150000.0
Audi,A5,2018.0,8.0,17000.0,1790.0,Nugegoda,Used,Petrol,Automatic,Hatchback,blue,26000000.0
Honda,Fit,2014.0,12.0,76800.0,1500.0,Adampan,Used,Hybrid,Automatic,Hatchback,black,7450000.0
Mazda,Carol,2023.0,3.0,10000.0,650.0,Minuwangoda,Brand New,Petrol,Automatic,,white,6590000.0
Toyota,Vitz,2016.0,10.0,0.0,1000.0,Ratnapura,Used,Petrol,Automatic,,black,6950000.0
Nissan,FB 15,2000.0,26.0,180000.0,1490.0,Batticaloa,Used,Petrol,Automatic,Saloon,gray,4000000.0
Daihatsu,Cast,2017.0,9.0,78190.0,650.0,Panadura,Used,Petrol,Automatic,Hatchback,white,6795000.0
Honda,Grace,2017.0,9.0,240000.0,1500.0,Kotikawatta,Used,Hybrid,Automatic,Sedan,red,9200000.0
Perodua,Axia,2016.0,10.0,88500.0,998.0,Ambalangoda,Used,Petrol,Automatic,Hatchback,gray,5700000.0
Honda,City,2003.0,23.0,190000.0,1490.0,Piliyandala,Used,Petrol,Automatic,Hatchback,blue,4350000.0
Micro,Panda,2014.0,12.0,0.0,997.0,Ambalangoda,Used,Petrol,Manual,Hatchback,white,3050000.0
Suzuki,Swift,2017.0,9.0,102000.0,1000.0,Batticaloa,Used,Petrol,Automatic,Sedan,white,8450000.0
Renault,KWID,2016.0,10.0,97000.0,800.0,Malabe,Used,Petrol,Manual,Hatchback,white,3650000.0
Toyota,Axio,2007.0,19.0,123.0,1500.0,Matugama,Reconditioned,Petrol,Automatic,Sedan,silver,7375000.0
Toyota,Vitz,1999.0,27.0,0.0,800.0,Kelinkanda,Used,Petrol,Automatic,Hatchback,gold,4000000.0
Toyota,Premio,2008.0,18.0,128000.0,1500.0,Kandy,Used,Petrol,Automatic,Saloon,red,8500000.0
Toyota,Belta,2007.0,19.0,183000.0,1500.0,Kiribathgoda,Used,Petrol,Automatic,Sedan,blue,6300000.0
Toyota,Yaris,2024.0,2.0,45000.0,1000.0,Bellanwila,Reconditioned,Hybrid,Automatic,Liftback,white,8980000.0
Toyota,Vitz,2017.0,9.0,100000.0,1000.0,Boralesgamuwa,Used,Petrol,Automatic,Hatchback,white,7250000.0
Suzuki,Alto,2016.0,10.0,138000.0,800.0,Beruwala,Used,Petrol,Manual,Hatchback,black,3700000.0
Toyota,Vitz,2016.0,10.0,77000.0,1000.0,Kuliyapitiya,Used,Petrol,Automatic,Liftback,silver,7150000.0
Suzuki,Swift,2004.0,22.0,200000.0,1300.0,Haputale,Used,Petrol,Manual,Hatchback,blue,3600000.0
Suzuki,Wagon R,2017.0,9.0,126000.0,650.0,Ambalangoda,Used,Hybrid,Automatic,Hatchback,white,5700000.0
Suzuki,Spacia,2015.0,11.0,150000.0,658.0,Ambalangoda,Used,Petrol,Automatic,Hatchback,blue,5300000.0
Suzuki,Wagon R,2025.0,1.0,0.0,660.0,Kurunegala,Brand New,Hybrid,Automatic,Station wagon,white,8850000.0
Suzuki,Alto,2015.0,11.0,132000.0,800.0,Anuradhapura,Used,Petrol,Manual,Hatchback,black,3485000.0
Toyota,Aqua,2014.0,12.0,123000.0,1496.0,Jambugahapitiya,Used,Hybrid,Automatic,Hatchback,white,8900000.0
Honda,Fit,2012.0,14.0,160000.0,1500.0,Ambalangoda,Used,Hybrid,Automatic,Hatchback,blue,6200000.0
Toyota,Vios,2004.0,22.0,303000.0,1500.0,Anuradhapura,Used,Petrol,Automatic,Saloon,gold,5150000.0
Mahindra,KUV,2021.0,5.0,59000.0,1200.0,Baddegama,Used,Petrol,Manual,Hatchback,white,5700000.0
Toyota,Premio,2016.0,10.0,125000.0,1600.0,Ambalangoda,Used,Petrol,Automatic,Saloon,red,14050000.0
Nissan,Dayz,2023.0,3.0,1500.0,660.0,Kottawa,Brand New,Hybrid,Automatic,Hatchback,black,7650000.0
Honda,Civic,2019.0,7.0,85000.0,1000.0,Ambalangoda,Used,Petrol,Automatic,Sedan,gray,12000000.0
Toyota,Vitz,2009.0,17.0,118000.0,1330.0,Kandy,Used,Petrol,Automatic,Sedan,silver,5750000.0
Suzuki,Swift,2003.0,23.0,90316.0,1328.0,Piliyandala,Used,Petrol,Automatic,Liftback,silver,4175000.0
Toyota,Axio,2014.0,12.0,220000.0,1500.0,Talawatugoda,Used,Hybrid,Automatic,Saloon,maroon,9000000.0
Toyota,Aqua,2013.0,13.0,132000.0,1490.0,Adampan,Used,Hybrid,Automatic,Liftback,white,7600000.0
Toyota,Corolla,1997.0,29.0,0.0,1500.0,Gampaha,Used,Petrol,Automatic,Liftback,black,3750000.0
Daihatsu,Taft,2023.0,3.0,0.0,660.0,Kottawa,Brand New,Petrol,Automatic,Liftback,blue,7600000.0
Toyota,Premio,2013.0,13.0,0.0,1500.0,Kollupitiya (Colombo 03),Used,Petrol,Automatic,Saloon,black,11100000.0
Suzuki,Swift,2003.0,23.0,190000.0,1320.0,Badulla,Used,Petrol,Manual,Hatchback,white,5000000.0
Suzuki,Alto,2012.0,14.0,0.0,800.0,Kaduruwela,Used,Petrol,Manual,Hatchback,other,3100000.0
Toyota,Prius,2007.0,19.0,250000.0,1797.0,Ambalangoda,Used,Hybrid,Automatic,Hatchback,white,6900000.0
Suzuki,Alto,2015.0,11.0,117000.0,800.0,Batticaloa,Used,Petrol,Manual,Hatchback,gray,3550000.0
Mitsubishi,Lancer,1994.0,32.0,0.0,1300.0,Ambalangoda,Used,Petrol,Manual,Sedan,white,2800000.0
Suzuki,Spacia,2025.0,1.0,1200.0,690.0,Ampara,Brand New,Petrol,Automatic,Hatchback,white,9500000.0
Alfa Romeo,Car,1995.0,31.0,56000.0,800.0,Katuneriya,Used,Petrol,Manual,Sedan,red,2250000.0
Suzuki,Swift,2004.0,22.0,110000.0,1320.0,Galle,Used,Petrol,Automatic,Liftback,blue,4275000.0
Toyota,Vitz,2017.0,9.0,80000.0,1000.0,Hokandara,Used,Petrol,Automatic,Hatchback,silver,7650000.0
Mitsubishi,eK,2023.0,3.0,8800.0,6600.0,Kottawa,Brand New,Petrol,Automatic,Hatchback,black,7175000.0
Toyota,Vitz,2007.0,19.0,180000.0,1000.0,Boralesgamuwa,Used,Petrol,Automatic,Hatchback,silver,5150000.0
Toyota,Axio,2014.0,12.0,117000.0,1500.0,Negombo,Used,Hybrid,Automatic,Saloon,white,9200000.0
Daihatsu,Thor,2023.0,3.0,6600.0,660.0,Kottawa,Brand New,Petrol,Automatic,Hatchback,gray,8800000.0
Toyota,Prius,2013.0,13.0,81000.0,690.0,Kuliyapitiya,Used,Hybrid,Automatic,Hatchback,black,10200000.0
Nissan,B13,1991.0,35.0,145000.0,1400.0,Horana,Used,Petrol,Manual,Saloon,white,2475000.0
Toyota,Passo,2007.0,19.0,146000.0,996.0,Kirillawala,Used,Petrol,Automatic,Hatchback,blue,4675000.0
Bajaj,Qute,2019.0,7.0,,,Panadura,Used,Petrol,Manual,Station wagon,white,1295000.0
Toyota,Axio,2007.0,19.0,0.0,1500.0,Ambalangoda,Used,Petrol,Automatic,Sedan,silver,6400000.0
Suzuki,Alto,2015.0,11.0,123456.0,800.0,Ampara,Used,Petrol,Manual,Hatchback,red,3650000.0
Toyota,Premio,2018.0,8.0,156900.0,1496.0,Ambalangoda,Used,Petrol,Automatic,Sedan,silver,15700000.0
Suzuki,Wagon R,2023.0,3.0,5000.0,660.0,Kurunegala,Brand New,Hybrid,Automatic,Sedan,beige,8000000.0
Honda,ARIA,2003.0,23.0,180000.0,1300.0,Ibbagamuwa,Used,Petrol,Automatic,Saloon,gold,4700000.0
Suzuki,Wagon R,2018.0,8.0,75000.0,650.0,Horana,Used,Hybrid,Automatic,,white,7150000.0
Honda,Fit,2013.0,13.0,134000.0,1300.0,Seeduwa,Used,Hybrid,Automatic,Station wagon,black,8700000.0
Mitsubishi,eK,2023.0,3.0,3400.0,660.0,Kottawa,Brand New,Hybrid,Automatic,Station wagon,blue,7790000.0
Hyundai,Elantra,2000.0,26.0,173342.0,1600.0,Rajagiriya,Used,Petrol,Automatic,Saloon,silver,2700000.0
Suzuki,Wagon R,2017.0,9.0,98456.0,650.0,Kaduwela,Used,Hybrid,Automatic,Sports,black,5950000.0
Nissan,FB 15,2003.0,23.0,,1000.0,Kegalle,Used,Diesel,Manual,Saloon,silver,4350000.0
Suzuki,Alto,2015.0,11.0,108000.0,800.0,Homagama,Used,Petrol,Manual,Hatchback,red,3850000.0
Suzuki,Spacia,2025.0,1.0,0.0,658.0,Ambalangoda,Reconditioned,Petrol,Automatic,Hatchback,white,9800000.0
Nissan,Cefiro,2003.0,23.0,75000.0,1300.0,Hingurakgoda,Used,Petrol,Manual,Liftback,gray,3380000.0
Toyota,Premio,2017.0,9.0,107000.0,690.0,Ampara,Used,Petrol,Automatic,Hatchback,white,14500000.0
Suzuki,Spacia,2024.0,2.0,0.0,1500.0,Kandy,Brand New,Hybrid,Automatic,Hatchback,white,9400000.0
Subaru,Stella,2023.0,3.0,0.0,660.0,Embilipitiya,Brand New,Petrol,Automatic,Station wagon,white,8650000.0
Suzuki,Wagon R,2023.0,3.0,0.0,660.0,Kurunegala,Brand New,Petrol,Automatic,Station wagon,white,6900000.0
Suzuki,Alto,2012.0,14.0,170000.0,1000.0,Negombo,Used,Petrol,Manual,Hatchback,maroon,3100000.0
Suzuki,Alto,2015.0,11.0,0.0,800.0,Gampaha,Used,Petrol,Manual,Hatchback,white,3600000.0
Suzuki,Alto,2015.0,11.0,130000.0,800.0,Ambalangoda,Used,Petrol,Manual,Hatchback,gray,3700000.0
Honda,Grace,2015.0,11.0,140000.0,1500.0,Ambalangoda,Used,Petrol,Automatic,Liftback,gray,9000000.0
Suzuki,Wagon R,2017.0,9.0,117000.0,650.0,Maharagama,Used,Petrol,Automatic,Station wagon,black,6600000.0
Toyota,Corolla,1996.0,30.0,0.0,1500.0,Horana,Used,Petrol,Manual,,white,3500000.0
Toyota,Axio,2014.0,12.0,145000.0,1500.0,Athurugiriya,Used,Petrol,Automatic,Hatchback,white,8300000.0
Suzuki,Wagon R,2018.0,8.0,58947.0,650.0,Maharagama,Used,Petrol,Automatic,Station wagon,white,6690000.0
Suzuki,Alto,2015.0,11.0,85000.0,800.0,Vavuniya,Used,Petrol,Manual,Liftback,white,3750000.0
Toyota,Allion,2004.0,22.0,260000.0,1500.0,Anuradhapura,Used,Petrol,Automatic,Sedan,silver,7000000.0
Toyota,Premio,2020.0,6.0,60000.0,1300.0,Maharagama,Used,Petrol,Automatic,Sedan,white,17300000.0
Toyota,Yaris,2023.0,3.0,19000.0,1000.0,Nittambuwa,Brand New,Petrol,Automatic,Hatchback,white,9875000.0
Toyota,Corolla,2008.0,18.0,182300.0,1600.0,Ambalangoda,Used,Petrol,Automatic,Saloon,white,6700000.0
Honda,Fit,2012.0,14.0,0.0,1330.0,Negombo,Used,Hybrid,Automatic,Hatchback,red,6590000.0
Toyota,Aqua,2005.0,21.0,0.0,1800.0,Kirulapone,Used,Petrol,Automatic,Hatchback,orange,6350000.0
Nissan,B13,1992.0,34.0,120000.0,1300.0,Weerapokuna,Used,Petrol,Manual,Sedan,silver,2375000.0
Nissan,Sunny,1997.0,29.0,0.0,1000.0,Padukka,Reconditioned,Diesel,Automatic,Hatchback,silver,2800000.0
Toyota,Vitz,2019.0,7.0,68000.0,1000.0,Kalmunai,Used,Petrol,Automatic,,white,8550000.0
Toyota,Axio,2014.0,12.0,128000.0,1500.0,Karapitiya,Used,Hybrid,Automatic,Sedan,white,9800000.0
Toyota,Vitz,2017.0,9.0,55000.0,1500.0,Kandy,Used,Petrol,Automatic,,gray,7650000.0
Suzuki,SX,2018.0,8.0,81000.0,1200.0,Piliyandala,Used,Petrol,Automatic,Hatchback,black,5250000.0
Toyota,Aqua,2012.0,14.0,124000.0,1496.0,Baddegama,Used,Hybrid,Automatic,Hatchback,black,7000000.0
Toyota,Vitz,2016.0,10.0,85000.0,1000.0,Kuliyapitiya,Used,Petrol,Automatic,Hatchback,white,7500000.0
Toyota,Premio,2007.0,19.0,152000.0,1500.0,Tissamaharama,Used,Petrol,Automatic,Saloon,white,9550000.0
Toyota,Aqua,2012.0,14.0,145000.0,1500.0,Mirigama,Used,Petrol,Automatic,Hatchback,silver,6650000.0
Toyota,Allion,2007.0,19.0,0.0,1500.0,Divulapitiya,Used,Petrol,Automatic,Liftback,red,8000000.0
Audi,A6,2012.0,14.0,142000.0,1800.0,Panadura,Used,Diesel,Manual,Saloon,white,16200000.0
Toyota,Passo,2023.0,3.0,18100.0,1000.0,Kottawa,Brand New,Petrol,Automatic,Hatchback,beige,8375000.0
Suzuki,Alto,2016.0,10.0,63000.0,658.0,Katugastota,Used,Petrol,Manual,Hatchback,red,3800000.0
Nissan,Cefiro,2000.0,26.0,256890.0,1990.0,Angoda,Used,Diesel,Manual,Saloon,silver,4500000.0
Toyota,Aqua,2013.0,13.0,35000.0,1496.0,Kandy,Used,Petrol,Automatic,Hatchback,blue,6450000.0
Toyota,Aqua,2012.0,14.0,206000.0,1500.0,Kiribathgoda,Used,Hybrid,Automatic,Liftback,orange,7100000.0
Mazda,2,2019.0,7.0,40000.0,1500.0,Athurugiriya,Used,Petrol,Automatic,Sedan,black,14500000.0
Tata,Nano,2011.0,15.0,75000.0,1300.0,Pannipitiya,Used,Petrol,Other,Hatchback,white,1450000.0
Honda,Fit,2012.0,14.0,148000.0,1330.0,Kurunegala,Used,Hybrid,Automatic,Hatchback,green,6000000.0
Suzuki,Wagon R,2024.0,2.0,0.0,650.0,Gampaha,Brand New,Petrol,Automatic,Station wagon,blue,7200000.0
Toyota,Yaris,2023.0,3.0,30000.0,1000.0,Kalubowila,Reconditioned,Petrol,Automatic,Hatchback,gold,10300000.0
Suzuki,Wagon R,2017.0,9.0,140000.0,650.0,Pussellawa,Used,Petrol,Automatic,Hatchback,white,6800000.0
Toyota,Axio,2016.0,10.0,120000.0,1500.0,Nugegoda,Used,Hybrid,Automatic,Saloon,white,10250000.0
Honda,City,2025.0,1.0,0.0,1000.0,Kelaniya,Brand New,Petrol,Automatic,,black,14900000.0
Daihatsu,Taft,2025.0,1.0,0.0,660.0,Divulapitiya,Brand New,Petrol,Automatic,Hatchback,beige,8725000.0
Toyota,Axio,2010.0,16.0,177000.0,1496.0,Kirillawala,Used,Petrol,Automatic,Sedan,silver,7550000.0
KIA,Sephia,2002.0,24.0,162481.0,1331.0,Mattegoda,Used,Petrol,Automatic,Sedan,gray,2600000.0
Toyota,Prius,2025.0,1.0,0.0,1490.0,Battaramulla,Brand New,Hybrid,Automatic,Hatchback,white,30500000.0
Toyota,Allion,2010.0,16.0,195000.0,1460.0,Athurugiriya,Used,Petrol,Automatic,Saloon,other,9300000.0
Suzuki,Wagon R,2017.0,9.0,123.0,1000.0,Matugama,Reconditioned,Petrol,Automatic,Liftback,black,6500000.0
Toyota,Aqua,2013.0,13.0,83000.0,1600.0,Ambalangoda,Used,Hybrid,Automatic,Hatchback,white,7400000.0
Suzuki,Maruti,2004.0,22.0,0.0,800.0,Hanwella,Used,Petrol,Manual,Saloon,maroon,1585000.0
Toyota,IST,2004.0,22.0,142000.0,1300.0,Malabe,Used,Petrol,Automatic,Hatchback,white,5350000.0
Toyota,Corolla,1987.0,39.0,123456.0,1500.0,Ratnapura,Used,Petrol,Manual,Sedan,white,1175000.0
Toyota,Vitz,2016.0,10.0,124000.0,1000.0,Ganemulla,Used,Petrol,Automatic,,gray,7050000.0
Hyundai,Eon,2016.0,10.0,0.0,800.0,Ambalangoda,Used,Petrol,Manual,Hatchback,red,3700000.0
Suzuki,Alto,2016.0,10.0,0.0,800.0,Balangoda,Used,Petrol,Manual,Liftback,white,3700000.0
Suzuki,Alto,2013.0,13.0,0.0,1500.0,Alutgama,Reconditioned,Petrol,Automatic,Hatchback,black,3400000.0
Honda,Grace,2016.0,10.0,155000.0,1500.0,Ambalangoda,Used,Hybrid,Automatic,Sedan,silver,9000000.0
Toyota,Yaris,2008.0,18.0,140000.0,1300.0,Wattala,Used,Petrol,Automatic,Saloon,white,6575000.0
Suzuki,Wagon R,2025.0,1.0,0.0,650.0,Kurunegala,Brand New,Petrol,Automatic,Hatchback,red,9250000.0
Suzuki,Wagon R,2014.0,12.0,133000.0,,Kurunegala,Used,Petrol,Automatic,Hatchback,red,5450000.0
Suzuki,Celerio,2015.0,11.0,235000.0,1000.0,Gampaha,Used,Petrol,Automatic,Hatchback,gray,4850000.0
Hyundai,Eon,2015.0,11.0,88000.0,990.0,Ambalangoda,Used,Petrol,Manual,Liftback,white,4850000.0
Suzuki,Hustler,2016.0,10.0,154000.0,660.0,Ethul Kotte,Used,Hybrid,Automatic,Hatchback,white,5750000.0
Daihatsu,Mira,2023.0,3.0,7000.0,690.0,Batticaloa,Brand New,Hybrid,Automatic,Liftback,blue,6800000.0
Suzuki,Spacia,2023.0,3.0,6600.0,660.0,Kottawa,Brand New,Petrol,Automatic,Hatchback,white,7275000.0
Suzuki,Alto,2015.0,11.0,92000.0,800.0,Anamaduwa,Used,Petrol,Manual,Hatchback,white,3590000.0
Suzuki,Alto,2015.0,11.0,78625.0,800.0,Ekala,Used,Petrol,Manual,Sedan,black,3750000.0
Suzuki,Wagon R,2024.0,2.0,4500.0,660.0,Kandana,Brand New,Petrol,Automatic,Station wagon,white,7650000.0
Honda,Insight,2009.0,17.0,0.0,1498.0,Ambalangoda,Used,Hybrid,Automatic,Liftback,black,6100000.0
Toyota,Allion,2013.0,13.0,110000.0,1490.0,Kandy,Used,Petrol,Automatic,Saloon,maroon,10300000.0
Suzuki,Alto,2015.0,11.0,97942.0,800.0,Athurugiriya,Used,Petrol,Manual,Hatchback,white,3790000.0
Honda,Insight,2012.0,14.0,13600.0,1500.0,Kirindiwela,Used,Petrol,Automatic,Hatchback,silver,8500000.0
Suzuki,Maruti,2006.0,20.0,0.0,800.0,Bandarawela,Used,Petrol,Manual,Hatchback,black,1950000.0
Mitsubishi,Lancer,1993.0,33.0,200000.0,1500.0,Kuruwita,Used,Petrol,Manual,Sedan,red,2850000.0
Toyota,Passo,2014.0,12.0,59000.0,900.0,Thihagoda,Used,Petrol,Automatic,Sedan,silver,6500000.0
Toyota,Vitz,2008.0,18.0,152000.0,1000.0,Waikkal,Used,Petrol,Automatic,Hatchback,white,5350000.0
Honda,Grace,2014.0,12.0,145000.0,1500.0,Kadawatha,Used,Hybrid,Automatic,Saloon,white,9200000.0
Suzuki,Wagon R,2017.0,9.0,81000.0,,Narahenpita (Colombo 05),Used,Petrol,Automatic,,maroon,5750000.0
Toyota,Premio,2008.0,18.0,120000.0,1500.0,Veyangoda,Used,Petrol,Automatic,Saloon,white,8775000.0
Suzuki,Wagon R,2025.0,1.0,0.0,650.0,Nintavur,Brand New,Hybrid,Automatic,Sedan,white,8925000.0
Suzuki,Maruti,2011.0,15.0,70000.0,800.0,Thihagoda,Used,Petrol,Manual,Hatchback,silver,2450000.0
Mitsubishi,Lancer,2003.0,23.0,100000.0,1600.0,Dambulla,Used,Petrol,Manual,Saloon,silver,5790000.0
Suzuki,Celerio,2017.0,9.0,41000.0,1000.0,Kinniya,Used,Petrol,Automatic,Liftback,silver,4800000.0
Nissan,March,2001.0,25.0,150000.0,1000.0,Athurugiriya,Used,Petrol,Manual,Saloon,other,3200000.0
Toyota,Allion,2004.0,22.0,0.0,1500.0,Ambalangoda,Used,Petrol,Automatic,Sedan,red,6450000.0
Toyota,Prius,2011.0,15.0,147000.0,2000.0,Dambulla,Used,Hybrid,Automatic,Saloon,white,9650000.0
Toyota,Allion,2020.0,6.0,75000.0,1300.0,Hingurakgoda,Used,Petrol,Other,Liftback,maroon,9690000.0
Toyota,Premio,2017.0,9.0,0.0,1500.0,Ambalangoda,Used,Petrol,Automatic,Saloon,white,14800000.0
Honda,City,2025.0,1.0,0.0,1000.0,Mount Lavinia,Brand New,Petrol,Automatic,Sedan,white,12600000.0
Daihatsu,Mira,2024.0,2.0,7000.0,650.0,Ganemulla,Reconditioned,Petrol,Automatic,Hatchback,silver,6400000.0
KIA,Picanto,2016.0,10.0,180000.0,1000.0,Nikaweratiya,Used,Petrol,Automatic,Hatchback,white,4650000.0
Daihatsu,Mira,2023.0,3.0,17900.0,1200.0,Kesbewa,Used,Petrol,Automatic,Hatchback,red,6290000.0
Toyota,Axio,2017.0,9.0,180.0,1496.0,Ambalangoda,Used,Hybrid,Automatic,Saloon,white,10700000.0
Suzuki,Swift,2009.0,17.0,0.0,1200.0,Kuliyapitiya,Used,Petrol,Manual,Hatchback,blue,3650000.0
Suzuki,Alto,2018.0,8.0,62000.0,,Kilinochchi,Used,Petrol,Manual,Hatchback,silver,4350000.0
Renault,KWID,2017.0,9.0,34070.0,1000.0,Mount Lavinia,Used,Petrol,Automatic,Hatchback,red,4100000.0
Toyota,Aqua,2013.0,13.0,172000.0,1490.0,Nugegoda,Used,Hybrid,Automatic,Liftback,silver,7500000.0
Ford,Laser,1993.0,33.0,265000.0,1300.0,Wattala,Used,Petrol,Manual,Sedan,maroon,1850000.0
Daihatsu,Mira,2025.0,1.0,0.0,1000.0,Ambalangoda,Brand New,Petrol,Automatic,Hatchback,red,6850000.0
Suzuki,Hustler,2025.0,1.0,0.0,1000.0,Hanwella,Brand New,Petrol,Automatic,Hatchback,white,9100000.0
Suzuki,Wagon R,2014.0,12.0,0.0,650.0,Kandy,Used,Hybrid,Automatic,Hatchback,white,5500000.0
Suzuki,Wagon R,2025.0,1.0,4300.0,650.0,Peradeniya,Brand New,Hybrid,Automatic,Hatchback,silver,7850000.0
Toyota,Axio,2015.0,11.0,555.0,1500.0,Kirindiwela,Used,Hybrid,Automatic,Hatchback,white,9700000.0
Toyota,Prius,2014.0,12.0,128000.0,1790.0,Ambalangoda,Used,Hybrid,Automatic,Liftback,white,11500000.0
Toyota,Vitz,2007.0,19.0,138000.0,1000.0,Kaduwela,Used,Petrol,Automatic,Hatchback,silver,5590000.0
Toyota,Premio,2017.0,9.0,140000.0,1500.0,Ambalangoda,Used,Petrol,Automatic,Saloon,brown,13500000.0
Suzuki,Celerio,2015.0,11.0,108000.0,1000.0,Jaffna,Used,Petrol,Automatic,Hatchback,gray,5200000.0
Toyota,Vitz,2008.0,18.0,215000.0,990.0,Boralesgamuwa,Used,Petrol,Automatic,Hatchback,silver,5200000.0
Nissan,Clipper,2023.0,3.0,6600.0,660.0,Kottawa,Reconditioned,Petrol,Automatic,Hatchback,white,6900000.0
Toyota,Aqua,2013.0,13.0,92000.0,1500.0,Maharagama,Used,Hybrid,Automatic,Hatchback,white,7250000.0
Toyota,Aqua,2013.0,13.0,,1500.0,Kottawa,Used,Hybrid,Automatic,Hatchback,black,6700000.0
Toyota,Axio,2015.0,11.0,186000.0,1500.0,Mount Lavinia,Used,Hybrid,Automatic,Saloon,brown,9900000.0
Honda,Fit,2013.0,13.0,190000.0,1000.0,Negombo,Used,Hybrid,Automatic,Hatchback,black,8500000.0
Toyota,Mark II,2003.0,23.0,185000.0,2000.0,Kaduwela,Used,Petrol,Automatic,Saloon,white,4200000.0
Toyota,Vitz,2019.0,7.0,1254.0,1500.0,Wennappuwa,Used,Petrol,Automatic,Hatchback,white,8300000.0
Suzuki,Zen,2011.0,15.0,105000.0,1000.0,Polgampola,Brand New,Petrol,Manual,Hatchback,maroon,4000000.0
Suzuki,Alto,2004.0,22.0,0.0,650.0,Ambalangoda,Used,Petrol,Automatic,Hatchback,white,3750000.0
Suzuki,Wagon R,2023.0,3.0,600.0,650.0,Akkaraipattu,Brand New,Petrol,Automatic,Sedan,white,7350000.0
Suzuki,Swift,2005.0,21.0,155000.0,1300.0,Kegalle,Used,Petrol,Automatic,Hatchback,black,4300000.0
Toyota,Axio,2018.0,8.0,50000.0,1500.0,Gampaha,Used,Hybrid,Automatic,Saloon,brown,11800000.0
Nissan,Dayz,2024.0,2.0,6600.0,660.0,Kottawa,Brand New,Petrol,Automatic,Hatchback,black,7150000.0
Toyota,Axio,2018.0,8.0,145000.0,1500.0,Nittambuwa,Used,Hybrid,Automatic,,white,12800000.0
Suzuki,Wagon R,2025.0,1.0,0.0,650.0,Kohuwala,Brand New,Petrol,Automatic,Hatchback,white,8900000.0
Suzuki,Alto,2023.0,3.0,5000.0,660.0,Nugegoda,Reconditioned,Petrol,Automatic,Hatchback,blue,6695000.0
Suzuki,Wagon R,2023.0,3.0,4500.0,690.0,Kurunegala,Brand New,Hybrid,Automatic,Liftback,blue,8900000.0
Audi,A3,2023.0,3.0,11000.0,1000.0,Ambalangoda,Brand New,Hybrid,Tiptronic,Sedan,white,18900000.0
Toyota,Allion,2004.0,22.0,0.0,1500.0,Ambalangoda,Used,Petrol,Automatic,Sedan,silver,6850000.0
Perodua,Kelisa,2007.0,19.0,181000.0,1000.0,Gothatuwa,Used,Petrol,Automatic,Hatchback,gray,3275000.0
Mitsubishi,eK,2017.0,9.0,92100.0,660.0,Kottawa,Used,Petrol,Automatic,Hatchback,black,6000000.0
Toyota,Vios,2003.0,23.0,154000.0,1500.0,Ambalangoda,Used,Petrol,Automatic,Sedan,silver,4925000.0
Toyota,Prius,2013.0,13.0,135000.0,1790.0,Kalutara,Used,Petrol,Automatic,Hatchback,white,10700000.0
Honda,Fit,2014.0,12.0,125000.0,1500.0,Moratuwa,Used,Hybrid,Automatic,Liftback,black,7575000.0
Suzuki,Alto,2015.0,11.0,110000.0,800.0,Minuwangoda,Used,Petrol,Manual,Saloon,gray,3600000.0
Suzuki,Celerio,2015.0,11.0,114000.0,1500.0,Ragama,Used,Petrol,Automatic,Hatchback,blue,4650000.0
Toyota,Axio,2013.0,13.0,230000.0,1500.0,Boralesgamuwa,Used,Hybrid,Automatic,,blue,8600000.0
Nissan,NV100,2016.0,10.0,84000.0,800.0,Dematagoda (Colombo 09),Used,Petrol,Automatic,Convertible,white,5700000.0
Toyota,Allion,2013.0,13.0,180000.0,1200.0,Kegalle,Used,Hybrid,Automatic,Hatchback,maroon,9500000.0
Suzuki,Wagon R,2025.0,1.0,0.0,650.0,Kandy,Brand New,Hybrid,Automatic,Hatchback,white,9600000.0
Mercedes Benz,GLA200,2018.0,8.0,49000.0,1600.0,Seeduwa,Used,Petrol,Tiptronic,Saloon,red,19000000.0
Toyota,Passo,2016.0,10.0,112000.0,1000.0,Athurugiriya,Used,Petrol,Automatic,Hatchback,red,6700000.0
Toyota,IST,2003.0,23.0,178000.0,1300.0,Ratnapura,Used,Petrol,Automatic,Hatchback,blue,5325000.0
Toyota,Allion,2007.0,19.0,162000.0,1490.0,Ambalangoda,Used,Petrol,Automatic,Saloon,gold,7450000.0
Daihatsu,Mira,2024.0,2.0,0.0,660.0,Kotte,Brand New,Petrol,Automatic,Hatchback,blue,6975000.0
Honda,City,2025.0,1.0,0.0,1000.0,Ratmalana,Brand New,Petrol,Automatic,Sedan,black,13600000.0
Nissan,March,2001.0,25.0,0.0,1000.0,Mawanella,Used,Petrol,Manual,Hatchback,silver,3575000.0
Nissan,Primera,2002.0,24.0,150000.0,1800.0,Welimada,Used,Petrol,Automatic,Saloon,black,4200000.0
Nissan,Sunny,2002.0,24.0,1000.0,1500.0,Hingurakgoda,Used,Petrol,Automatic,Sedan,white,4500000.0
Toyota,Prius,2012.0,14.0,78000.0,1800.0,Ragama,Used,Hybrid,Automatic,Hatchback,white,12000000.0
Honda,Insight,2009.0,17.0,166000.0,1339.0,Matara,Reconditioned,Petrol,Automatic,Liftback,gray,6750000.0
Suzuki,Wagon R,2018.0,8.0,68000.0,650.0,Pussellawa,Used,Petrol,Automatic,Hatchback,white,7800000.0
Toyota,Aqua,2015.0,11.0,105000.0,1500.0,Kohuwala,Used,Petrol,Automatic,Hatchback,white,8890000.0
Toyota,Corolla,2002.0,24.0,83300.0,1790.0,Akuressa,Used,Petrol,Automatic,Saloon,black,5675000.0
Toyota,Axio,2014.0,12.0,0.0,,Colombo Fort (Colombo 01),Used,Petrol,Automatic,Hatchback,white,2475000.0
Toyota,Vitz,2007.0,19.0,150000.0,1330.0,Cheddikulam,Used,Petrol,Automatic,Sedan,silver,5800000.0
Nissan,Sunny,2002.0,24.0,139896.0,1299.0,Kotikawatta,Used,Petrol,Automatic,Saloon,white,4000000.0
Nissan,Primera,2001.0,25.0,131000.0,2000.0,Trincomalee,Used,Petrol,Automatic,Saloon,silver,4250000.0
Toyota,Premio,2012.0,14.0,102000.0,1500.0,Ambalangoda,Used,Petrol,Automatic,Saloon,white,10000000.0
Honda,Fit,2013.0,13.0,175000.0,1500.0,Dehiwala,Used,Hybrid,Automatic,Hatchback,black,7190000.0
Suzuki,Wagon R,2025.0,1.0,0.0,660.0,Nittambuwa,Brand New,Petrol,Automatic,Hatchback,white,7575000.0
Nissan,Aura,2023.0,3.0,0.0,1200.0,Embilipitiya,Reconditioned,Petrol,Automatic,Hatchback,white,13350000.0
Toyota,Passo,2023.0,3.0,4000.0,1000.0,Katugastota,Reconditioned,Hybrid,Automatic,Hatchback,maroon,8400000.0
Suzuki,Estilo,2012.0,14.0,73267.0,650.0,Batticaloa,Used,Petrol,Manual,Hatchback,white,3800000.0
Audi,A1,2019.0,7.0,137000.0,1500.0,Ambalangoda,Used,Petrol,Automatic,Hatchback,black,9500000.0
Honda,Grace,2016.0,10.0,105000.0,1500.0,Cinnamon Garden (Colombo 07),Used,Hybrid,Automatic,Sedan,white,10500000.0
Micro,Panda,2011.0,15.0,0.0,1000.0,Kadawatha,Used,Petrol,Manual,Hatchback,red,2700000.0
Suzuki,Wagon R,2017.0,9.0,70000.0,660.0,Ja-Ela,Used,Hybrid,Automatic,Hatchback,brown,6500000.0
Perodua,Kenari,2007.0,19.0,0.0,989.0,Ambalangoda,Used,Petrol,Manual,Hatchback,red,3150000.0
Suzuki,Wagon R,2018.0,8.0,80000.0,650.0,Malabe,Used,Petrol,Automatic,Hatchback,red,6575000.0
Mitsubishi,Lancer,2003.0,23.0,115000.0,,Anuradhapura,Used,Petrol,Manual,Liftback,black,5600000.0
Honda,Insight,2013.0,13.0,0.0,1500.0,Ambalangoda,Used,Petrol,Automatic,Liftback,white,7500000.0
Suzuki,Spacia,2023.0,3.0,100.0,658.0,Angoda,Brand New,Petrol,Automatic,Hatchback,blue,8450000.0
Suzuki,Wagon R,2014.0,12.0,133000.0,658.0,Kandy,Used,Petrol,Automatic,Hatchback,black,5125000.0
Nissan,Dayz,2017.0,9.0,64000.0,660.0,Ja-Ela,Used,Petrol,Automatic,Station wagon,red,6550000.0
Toyota,Corolla,2023.0,3.0,11600.0,1500.0,Ambalangoda,Used,Petrol,Automatic,Sedan,white,16900000.0
Toyota,Corona,1988.0,38.0,0.0,1300.0,Kalagedihena,Used,Petrol,Automatic,Saloon,white,1780000.0
Suzuki,Wagon R,2014.0,12.0,112000.0,998.0,Anuradhapura,Used,Hybrid,Automatic,Station wagon,white,5000000.0
Suzuki,Wagon R,2014.0,12.0,140000.0,650.0,Gampaha,Used,Petrol,Automatic,Hatchback,other,5450000.0
Toyota,Vitz,2017.0,9.0,143000.0,1000.0,Negombo,Used,Petrol,Automatic,Hatchback,white,7450000.0
Honda,Grace,2014.0,12.0,173000.0,1500.0,Ratmalana,Used,Petrol,Automatic,Hatchback,white,9850000.0
Hyundai,XG 30,1999.0,27.0,100000.0,2000.0,Nugegoda,Used,Petrol,Automatic,Sedan,gold,3500000.0
Suzuki,Wagon R,2016.0,10.0,90000.0,650.0,Galle,Reconditioned,Petrol,Automatic,Hatchback,red,5700000.0
Honda,Fit,2011.0,15.0,247000.0,650.0,Kurunegala,Used,Petrol,Automatic,Hatchback,white,6400000.0
Audi,A8,2013.0,13.0,110000.0,2995.0,Colombo Fort (Colombo 01),Used,Petrol,Automatic,Sedan,white,27500000.0
Suzuki,Spacia,2018.0,8.0,51000.0,650.0,Kurunegala,Used,Hybrid,Automatic,Station wagon,red,6795000.0
Toyota,Soluna,2000.0,26.0,96000.0,1498.0,Batticaloa,Used,Petrol,Manual,Hatchback,navy,3400000.0
Nissan,Sunny,2004.0,22.0,280000.0,1300.0,Piliyandala,Used,Petrol,Manual,Saloon,green,4060000.0
Suzuki,Wagon R,2008.0,18.0,150000.0,1000.0,Bandarawela,Used,Petrol,Manual,Hatchback,red,1400000.0
Maruti,Estilo,2011.0,15.0,64384.0,1000.0,Watinapaha,Used,Petrol,Manual,Hatchback,silver,3700000.0
Toyota,Vitz,2017.0,9.0,110000.0,990.0,Gampaha,Used,Petrol,Automatic,Hatchback,silver,7900000.0
Toyota,Corolla,2000.0,26.0,97500.0,1500.0,Rikillagaskada,Reconditioned,Petrol,Automatic,Saloon,white,3450000.0
Toyota,Corolla,2000.0,26.0,198000.0,1500.0,Athurugiriya,Used,Petrol,Automatic,Sedan,white,5450000.0
Toyota,Corolla,2005.0,21.0,103000.0,1299.0,Bandarawela,Used,Diesel,Automatic,Hatchback,silver,5500000.0
Suzuki,Spacia,2024.0,2.0,6500.0,660.0,Ambalangoda,Reconditioned,Hybrid,Automatic,Hatchback,green,8000000.0
Toyota,Corolla,1990.0,36.0,294000.0,1390.0,Kandy,Used,Petrol,Manual,Saloon,white,1650000.0
Suzuki,Spacia,2017.0,9.0,95000.0,650.0,Homagama,Used,Petrol,Automatic,Station wagon,white,6700000.0
Suzuki,Wagon R,2007.0,19.0,122000.0,1061.0,Mulleriyawa New Town,Used,Petrol,Manual,Hatchback,black,3540000.0
Suzuki,Wagon R,2014.0,12.0,109000.0,650.0,Ambalangoda,Used,Hybrid,Automatic,Hatchback,black,5950000.0
Toyota,Vitz,2017.0,9.0,,1000.0,Ampara,Used,Hybrid,Automatic,Liftback,black,8700000.0
Toyota,Yaris,2022.0,4.0,0.0,1000.0,Kurunegala,Brand New,Petrol,Automatic,Hatchback,silver,8950000.0
Daihatsu,Mira,2024.0,2.0,3500.0,650.0,Veyangoda,Brand New,Petrol,Automatic,Hatchback,silver,6450000.0
Nissan,Dayz,2024.0,2.0,0.0,660.0,Colombo Fort (Colombo 01),Reconditioned,Petrol,Automatic,Hatchback,black,8390000.0
Perodua,Bezza,2017.0,9.0,140000.0,998.0,Talawatugoda,Used,Petrol,Automatic,Saloon,silver,6120000.0
BMW,Z Series,2011.0,15.0,130000.0,1995.0,Nugegoda,Used,Diesel,Automatic,Saloon,red,13480000.0
Toyota,Camry,2011.0,15.0,140000.0,1600.0,Ambalangoda,Used,Petrol,Automatic,Saloon,white,12000000.0
Suzuki,Estilo,2011.0,15.0,150000.0,1000.0,Adampan,Used,Petrol,Manual,Hatchback,brown,3990000.0
Suzuki,Spacia,2024.0,2.0,43.0,650.0,Kurunegala,Brand New,Hybrid,Automatic,,black,9500000.0
Suzuki,Alto,2003.0,23.0,150000.0,660.0,Panadura,Used,Petrol,Automatic,Liftback,white,3495000.0
Daihatsu,Mira,2024.0,2.0,0.0,650.0,Boralesgamuwa,Brand New,Petrol,Automatic,Hatchback,gray,7290000.0
Toyota,Aqua,2013.0,13.0,170000.0,1500.0,Kohuwala,Used,Petrol,Automatic,Hatchback,blue,7250000.0
Toyota,Axio,2007.0,19.0,155000.0,1500.0,Pussellawa,Used,Petrol,Automatic,Hatchback,blue,7200000.0
Suzuki,Alto,2016.0,10.0,78000.0,796.0,Anuradhapura,Used,Petrol,Manual,Hatchback,white,3800000.0
Nissan,Primera,2001.0,25.0,170000.0,1200.0,Colombo Fort (Colombo 01),Used,Petrol,Manual,Hatchback,silver,3750000.0
Toyota,Yaris,2023.0,3.0,40000.0,1000.0,Kochchikade,Used,Petrol,Automatic,Hatchback,black,8850000.0
Suzuki,Spacia,2023.0,3.0,150.0,660.0,Kottawa,Brand New,Petrol,Automatic,Hatchback,black,7450000.0
Suzuki,Swift,2003.0,23.0,178000.0,1330.0,Ja-Ela,Used,Petrol,Automatic,Liftback,silver,4250000.0
Toyota,Vitz,2016.0,10.0,135000.0,990.0,Polonnaruwa,Used,Petrol,Automatic,Liftback,black,6900000.0
Suzuki,Wagon R,2018.0,8.0,109000.0,658.0,Kekanadurra,* Used as a family vehicle,Petrol,Automatic,Hatchback,silver,6690000.0
Daihatsu,Tanto,2017.0,9.0,0.0,1000.0,Murunkan,Used,Petrol,Automatic,Liftback,red,7000000.0
Suzuki,Alto,2024.0,2.0,0.0,660.0,Kurunegala,Brand New,Petrol,Manual,Station wagon,silver,6550000.0
Nissan,March,2000.0,26.0,105000.0,990.0,Seeduwa,Used,Petrol,Manual,Liftback,gray,3500000.0
Nissan,Almera,2025.0,1.0,0.0,1000.0,Colombo Fort (Colombo 01),Brand New,Petrol,Automatic,Saloon,white,13490000.0
Toyota,Prius,2013.0,13.0,195000.0,1600.0,Ambalangoda,Used,Hybrid,Automatic,Sedan,black,10900000.0
Nissan,Primera,2002.0,24.0,176000.0,1990.0,Kegalle,Used,Petrol,Automatic,Saloon,blue,3400000.0
Honda,Grace,2016.0,10.0,100000.0,1200.0,Adampan,Used,Hybrid,Automatic,Saloon,white,8800000.0
Suzuki,Spacia,2024.0,2.0,14500.0,660.0,Kurunegala,Brand New,Hybrid,Automatic,Sedan,blue,8700000.0
Toyota,Axio,2015.0,11.0,110000.0,1500.0,Ambalangoda,Used,Petrol,Automatic,Saloon,white,10700000.0
Daihatsu,Mira,2017.0,9.0,80000.0,660.0,Alawwa,Used,Petrol,Automatic,Hatchback,red,5755000.0
Toyota,Yaris,2023.0,3.0,1200.0,1200.0,Negombo,Brand New,Petrol,Automatic,Hatchback,white,8900000.0
Mitsubishi,Lancer,1992.0,34.0,250000.0,1500.0,Battaramulla,Used,Petrol,Manual,Sedan,blue,3180000.0
Toyota,Vitz,2017.0,9.0,105000.0,1490.0,Kalmunai,Used,Petrol,Automatic,Sedan,white,7925000.0
Hyundai,Sonata,2002.0,24.0,0.0,1997.0,Ambalangoda,Used,Petrol,Tiptronic,Saloon,silver,2550000.0
Nissan,Dayz,2015.0,11.0,91500.0,650.0,Dematagoda (Colombo 09),Used,Petrol,Automatic,Hatchback,pink,6400000.0
Toyota,Vitz,2018.0,8.0,22000.0,1000.0,Divulapitiya,Used,Petrol,Automatic,Hatchback,white,8725000.0
Nissan,Wingroad,2001.0,25.0,216000.0,1940.0,Negombo,Reconditioned,Petrol,Manual,Hatchback,silver,3500000.0
Suzuki,Wagon R,2025.0,1.0,0.0,658.0,Kandy,Brand New,Hybrid,Automatic,Hatchback,white,8650000.0
Suzuki,Spacia,2017.0,9.0,124000.0,660.0,Dehiwala,Used,Hybrid,Automatic,,red,6650000.0
Toyota,Aqua,2012.0,14.0,150000.0,690.0,Ampara,Used,Petrol,Automatic,Liftback,beige,6350000.0
Suzuki,Wagon R,2017.0,9.0,83000.0,660.0,Mahakumbukkadawala,Used,Petrol,Automatic,Hatchback,white,6750000.0
Micro,Panda,2015.0,11.0,104000.0,1000.0,Mirigama,Used,Petrol,Manual,Hatchback,black,2850000.0
Micro,Panda,2015.0,11.0,80000.0,1000.0,Wewagama,Used,Petrol,Manual,Hatchback,white,2975000.0
Toyota,Sprinter,1986.0,40.0,150000.0,1350.0,Narammala,Used,Petrol,Manual,Saloon,white,1325000.0
Toyota,Allion,2016.0,10.0,100000.0,1500.0,Galewela,Used,Hybrid,Automatic,Saloon,white,13200000.0
Suzuki,Swift,2009.0,17.0,112000.0,1500.0,Bandaragama,Used,Petrol,Automatic,Liftback,white,5490000.0
Toyota,Aqua,2012.0,14.0,165000.0,1490.0,Ambalangoda,Used,Hybrid,Automatic,Liftback,orange,6500000.0
Daihatsu,Mira,2025.0,1.0,525.0,660.0,Anuradhapura,Brand New,Petrol,Automatic,Hatchback,white,6540000.0
Mitsubishi,Space Wagon,2023.0,3.0,0.0,660.0,Polonnaruwa,Brand New,Petrol,Automatic,Hatchback,white,7200000.0
Toyota,Aqua,2014.0,12.0,106000.0,1500.0,Kurunegala,Used,Hybrid,Automatic,Hatchback,black,7350000.0
Audi,A1,2017.0,9.0,82000.0,1000.0,Galle,Used,Petrol,Automatic,Liftback,red,9300000.0
Toyota,Roomy,2025.0,1.0,0.0,996.0,Kotahena (Colombo 13),Brand New,Petrol,Automatic,,white,12000000.0
Toyota,Aqua,2015.0,11.0,126000.0,1500.0,Walasmulla,Used,Hybrid,Automatic,Hatchback,purple,8450000.0
Suzuki,Swift,2000.0,26.0,180000.0,1300.0,Nugegoda,Used,Petrol,Automatic,Hatchback,blue,3700000.0
Toyota,Corolla,1996.0,30.0,0.0,1970.0,Ambalangoda,Used,Petrol,Automatic,Saloon,white,3650000.0
Toyota,Allion,2016.0,10.0,57000.0,1500.0,Kottawa,Used,Petrol,Automatic,Saloon,black,14900000.0
Suzuki,Maruti,2010.0,16.0,119000.0,800.0,Talawatugoda,Used,Petrol,Manual,Hatchback,other,2450000.0
Honda,Insight,2010.0,16.0,155000.0,1500.0,Ambalangoda,Used,Hybrid,Automatic,Liftback,black,7100000.0
Suzuki,Wagon R,2017.0,9.0,90930.0,650.0,Moratuwa,Used,Hybrid,Automatic,Hatchback,maroon,6950000.0
Suzuki,Alto,2015.0,11.0,76511.0,800.0,Ambalangoda,Used,Petrol,Manual,Hatchback,silver,3650000.0
Suzuki,Alto,2015.0,11.0,165000.0,1000.0,Kiribathgoda,Used,Petrol,Manual,Hatchback,maroon,4275000.0
Toyota,Allion,2010.0,16.0,155000.0,1300.0,Kollupitiya (Colombo 03),Used,Petrol,Manual,Hatchback,white,8350000.0
Toyota,Premio,2013.0,13.0,137500.0,1500.0,Ja-Ela,Used,Petrol,Automatic,Sedan,maroon,11950000.0
Toyota,Aqua,2014.0,12.0,150000.0,690.0,Ampara,Used,Petrol,Manual,Hatchback,white,7500000.0
Suzuki,Wagon R,2023.0,3.0,4500.0,690.0,Kurunegala,Brand New,Hybrid,Automatic,Hatchback,white,7850000.0
Toyota,Carina,1992.0,34.0,23000.0,1500.0,Matugama,Used,Petrol,Manual,Saloon,white,3400000.0
Toyota,Aqua,2016.0,10.0,136000.0,1500.0,Colombo Fort (Colombo 01),Used,Hybrid,Automatic,Hatchback,blue,7700000.0
Toyota,Prius,2012.0,14.0,216000.0,1800.0,Maharagama,Used,Petrol,Automatic,Sedan,silver,8975000.0
Toyota,Corolla,2000.0,26.0,97000.0,1500.0,Ginigathhena,Reconditioned,Petrol,Automatic,Saloon,white,3750000.0
Toyota,Aqua,2012.0,14.0,176000.0,1500.0,Ambalangoda,Used,Petrol,Automatic,Hatchback,white,7700000.0
Suzuki,Wagon R,2024.0,2.0,17000.0,650.0,Kottawa,Brand New,Petrol,Automatic,Station wagon,black,7250000.0
Suzuki,Swift,2017.0,9.0,86000.0,1000.0,Colombo Fort (Colombo 01),Used,Petrol,Automatic,Hatchback,red,9100000.0
Suzuki,Maruti,2003.0,23.0,0.0,800.0,Kaduwela,Used,Petrol,Manual,Hatchback,silver,1875000.0
Suzuki,Wagon R,2018.0,8.0,64000.0,800.0,Kotte,Used,Petrol,Automatic,Liftback,maroon,6600000.0
BMW,7 Series,2017.0,9.0,45000.0,2000.0,Kohuwala,Used,Petrol,Automatic,Saloon,silver,36500000.0
Micro,Panda,2015.0,11.0,140000.0,998.0,Ambalangoda,Used,Petrol,Manual,Hatchback,white,2600000.0
Toyota,Axio,2017.0,9.0,105000.0,1500.0,Delgoda,Used,Hybrid,Automatic,Saloon,white,11900000.0
Suzuki,Estilo,2010.0,16.0,115000.0,1000.0,Ragama,Used,Petrol,Manual,Hatchback,brown,3525000.0
Toyota,Prius,2010.0,16.0,146700.0,1800.0,Wattala,Used,Hybrid,Automatic,Hatchback,silver,8800000.0
Toyota,Vitz,2015.0,11.0,0.0,990.0,Bandaragama,Used,Petrol,Automatic,Hatchback,blue,7000000.0
Suzuki,Wagon R,2023.0,3.0,0.0,660.0,Kottawa,Brand New,Petrol,Automatic,Hatchback,gray,7275000.0
Toyota,Vitz,2013.0,13.0,112450.0,1000.0,Kandy,Used,Petrol,Automatic,Hatchback,white,6100000.0
Toyota,Corolla,1992.0,34.0,123456.0,1500.0,Anamaduwa,Used,Petrol,Manual,Saloon,white,3000000.0
Toyota,Axio,2016.0,10.0,109000.0,1500.0,Borella (Colombo 08),Used,Petrol,Automatic,Saloon,brown,9800000.0
Toyota,Aqua,2012.0,14.0,11200.0,1500.0,Sri Jayawardenepura Kotte,Used,Hybrid,Automatic,Hatchback,silver,6795000.0
Suzuki,Wagon R,2014.0,12.0,83000.0,660.0,Athurugiriya,Used,Hybrid,Automatic,,white,6000000.0
Suzuki,Wagon R,2025.0,1.0,0.0,650.0,Gampaha,Brand New,Petrol,Automatic,Station wagon,white,8900000.0
Mazda,Familia,2000.0,26.0,123000.0,1300.0,Kelaniya,Used,Petrol,Automatic,Hatchback,white,3485000.0
Toyota,Aqua,2015.0,11.0,119000.0,1500.0,Ambalangoda,Used,Petrol,Automatic,Hatchback,white,8300000.0
Honda,Grace,2016.0,10.0,125000.0,1500.0,Kalawila Kiranthidiya,Used,Hybrid,Automatic,Sedan,red,10700000.0
Suzuki,Wagon R,2017.0,9.0,119587.0,650.0,Ambalangoda,Used,Hybrid,Automatic,Hatchback,white,6000000.0
BMW,F30,2017.0,9.0,65000.0,1500.0,Cinnamon Garden (Colombo 07),Used,Petrol,Automatic,Sedan,white,19500000.0
Suzuki,Wagon R,2023.0,3.0,7000.0,660.0,Moratuwa,Brand New,Petrol,Automatic,,purple,7000000.0
Suzuki,Wagon R,2018.0,8.0,81000.0,650.0,Ahungalla,Used,Hybrid,Automatic,Hatchback,silver,6150000.0
Micro,Panda Cross,2013.0,13.0,0.0,1300.0,Panadura,Used,Petrol,Manual,Hatchback,silver,2995000.0
Toyota,Vitz,2016.0,10.0,0.0,1500.0,Alutgama,Used,Petrol,Automatic,Hatchback,blue,8800000.0
Toyota,Axio,2007.0,19.0,236835.0,1500.0,Moratuwa,Used,Petrol,Automatic,Saloon,gold,7650000.0
Micro,Panda,2011.0,15.0,133592.0,1342.0,Moratuwa,Used,Petrol,Manual,Hatchback,white,2750000.0
Honda,Accord,1998.0,28.0,170000.0,2000.0,Giriulla,Used,Petrol,Manual,Saloon,black,4000000.0
Suzuki,Swift,2008.0,18.0,119220.0,1300.0,Kalutara,Used,Petrol,Automatic,Hatchback,red,5775000.0
Suzuki,Swift,2002.0,24.0,80000.0,800.0,Kandy,Reconditioned,Petrol,Automatic,Hatchback,silver,3450000.0
Toyota,Yaris,2013.0,13.0,120000.0,1490.0,Moratuwa,Used,Petrol,Manual,Sedan,blue,6850000.0
Daihatsu,Move,2017.0,9.0,61000.0,658.0,Pallekelle,Used,Petrol,Automatic,,gray,6400000.0
Mercedes Benz,E Class,2018.0,8.0,18000.0,2000.0,Kohuwala,Used,Petrol,Automatic,Sports,red,32500000.0
Honda,Fit,2015.0,11.0,100000.0,1490.0,Battaramulla,Used,Petrol,Automatic,Hatchback,red,7990000.0
Daihatsu,Mira,2024.0,2.0,12000.0,650.0,Athurugiriya,Brand New,Petrol,Automatic,Saloon,white,6250000.0
Audi,A2,2016.0,10.0,74000.0,1000.0,Ambalangoda,Used,Petrol,Automatic,Hatchback,black,8500000.0
Daihatsu,Taft,2023.0,3.0,34000.0,650.0,Veyangoda,Brand New,Petrol,Automatic,Station wagon,blue,7850000.0
Nissan,FB 15,1994.0,32.0,123456.0,1500.0,Anuradhapura,Used,Petrol,Automatic,Sedan,gray,2500000.0
Suzuki,Alto,2015.0,11.0,75000.0,1000.0,Battaramulla,Used,Petrol,Other,Hatchback,black,3850000.0
Toyota,Aqua,2013.0,13.0,104000.0,1500.0,Raddolugama,Used,Hybrid,Automatic,Hatchback,black,7500000.0
Tata,Indica,2005.0,21.0,261000.0,1200.0,Kaduruwela,Used,Petrol,Manual,Liftback,red,1750000.0
Hyundai,Eon,2016.0,10.0,93000.0,814.0,Colombo Fort (Colombo 01),Used,Petrol,Manual,Hatchback,black,4250000.0
Toyota,Passo,2025.0,1.0,0.0,660.0,Moratuwa,Reconditioned,Petrol,Automatic,Hatchback,other,6080000.0
Mitsubishi,eK,2024.0,2.0,0.0,660.0,Kottawa,Brand New,Hybrid,Automatic,Liftback,black,7250000.0
Micro,D20,2017.0,9.0,48000.0,1500.0,Kadawatha,Used,Petrol,Automatic,Hatchback,blue,5500000.0
Toyota,Corolla,2004.0,22.0,195000.0,1500.0,Anuradhapura,Used,Petrol,Automatic,Saloon,white,5280000.0
Renault,KWID,2016.0,10.0,98000.0,800.0,Boralesgamuwa,Used,Petrol,Manual,Hatchback,white,3400000.0
Toyota,Aqua,2012.0,14.0,244000.0,1500.0,Piliyandala,Used,Hybrid,Automatic,Hatchback,black,7050000.0
Suzuki,Wagon R,2023.0,3.0,4600.0,650.0,Kadawatha,Brand New,Petrol,Automatic,Hatchback,silver,7450000.0
Micro,Panda,2018.0,8.0,52000.0,1000.0,Godagama,Used,Petrol,Manual,Hatchback,other,4000000.0
Toyota,Axio,2014.0,12.0,100000.0,1500.0,Kalubowila,Used,Hybrid,Automatic,Saloon,maroon,8500000.0
Toyota,Allion,2016.0,10.0,90000.0,1500.0,Malabe,Used,Petrol,Automatic,Sedan,white,13500000.0
Suzuki,Wagon R,2023.0,3.0,6600.0,660.0,Kottawa,Brand New,Petrol,Automatic,Hatchback,other,7250000.0
Toyota,Vitz,2018.0,8.0,90600.0,1300.0,Ambalangoda,Used,Petrol,Automatic,Hatchback,black,7750000.0
Toyota,Aqua,2015.0,11.0,139000.0,1500.0,Kottawa,Used,Hybrid,Automatic,Hatchback,white,8500000.0
BMW,i Series,2013.0,13.0,1500.0,1000.0,Nugegoda,Used,Petrol,Manual,Hatchback,gray,18275000.0
Suzuki,Wagon R,2024.0,2.0,2000.0,650.0,Yakkala,Reconditioned,Petrol,Automatic,Hatchback,white,7650000.0
Toyota,Vitz,2016.0,10.0,107000.0,990.0,Kurunegala,Used,Petrol,Automatic,Hatchback,silver,6990000.0
Honda,City,2001.0,25.0,22000.0,1500.0,Anuradhapura,Used,Petrol,Manual,Saloon,gray,3900000.0
Toyota,Axio,2014.0,12.0,113000.0,1500.0,Battaramulla,Used,Petrol,Automatic,Saloon,white,9550000.0
Mazda,Familia,1990.0,36.0,100000.0,1300.0,Warakapola,Used,Petrol,Manual,Saloon,gray,1575000.0
Toyota,Corolla,1992.0,34.0,132000.0,1450.0,Maharagama,Used,Petrol,Manual,Hatchback,white,2200000.0
Honda,Insight,2009.0,17.0,,1333.0,Embilipitiya,Reconditioned,Hybrid,Automatic,Saloon,blue,7000000.0
Toyota,Vitz,2015.0,11.0,123000.0,1000.0,Dematagoda (Colombo 09),Used,Petrol,Automatic,Hatchback,silver,6800000.0
Suzuki,Alto,2002.0,24.0,0.0,800.0,Ratmalana,Used,Petrol,Automatic,,blue,1700000.0
Suzuki,Wagon R,2014.0,12.0,120000.0,650.0,Ambalangoda,Used,Petrol,Automatic,Hatchback,white,5600000.0
Toyota,Corolla,1997.0,29.0,250000.0,1500.0,Matale,Used,Petrol,Automatic,Saloon,white,3200000.0
Daihatsu,Taft,2023.0,3.0,11000.0,658.0,Ambalangoda,Reconditioned,Petrol,Automatic,Hatchback,white,7900000.0
Honda,Insight,2009.0,17.0,172000.0,1200.0,Kiribathgoda,Used,Petrol,Manual,Hatchback,white,7375000.0
Toyota,Axio,2011.0,15.0,0.0,1500.0,Tennekumbura,Used,Petrol,Automatic,Saloon,black,8200000.0
Suzuki,Spacia,2023.0,3.0,0.0,650.0,Kottawa,Brand New,Petrol,Automatic,Hatchback,yellow,7450000.0
Toyota,Aqua,2015.0,11.0,190000.0,1496.0,Ambalangoda,Used,Hybrid,Automatic,Hatchback,silver,7525000.0
Suzuki,Wagon R,2024.0,2.0,400.0,650.0,Pilessa,Reconditioned,Hybrid,Automatic,Hatchback,red,7750000.0
Suzuki,Swift,2006.0,20.0,85000.0,,Galgamuwa,Used,Petrol,Manual,Hatchback,black,3950000.0
Suzuki,Wagon R,2014.0,12.0,124654.0,650.0,Poddala,Reconditioned,Petrol,Automatic,Hatchback,white,5475000.0
Honda,Grace,2017.0,9.0,120000.0,1500.0,Kohuwala,Used,Petrol,Automatic,Sedan,black,10550000.0
Suzuki,Alto,2011.0,15.0,124550.0,800.0,Kandy,Used,Petrol,Manual,Hatchback,maroon,2900000.0
Micro,Panda,2014.0,12.0,85000.0,1300.0,Kahathuduwa,Used,Petrol,Manual,Hatchback,red,3250000.0
Toyota,Prius,2015.0,11.0,,1200.0,Kandy,Used,Petrol,Automatic,Sports,silver,11500000.0
Suzuki,Alto,2014.0,12.0,0.0,800.0,Ragama,Used,Petrol,Manual,Hatchback,blue,3585000.0
Suzuki,Wagon R,2025.0,1.0,2400.0,660.0,Wellampitiya,Brand New,Hybrid,Automatic,Station wagon,white,8500000.0
Suzuki,Wagon R,2024.0,2.0,1200.0,650.0,Kalubowila,Brand New,Petrol,Automatic,Hatchback,black,9200000.0
Suzuki,Wagon R,2025.0,1.0,0.0,660.0,Boralesgamuwa,Brand New,Petrol,Automatic,Hatchback,white,9250000.0
KIA,Picanto,2016.0,10.0,45000.0,660.0,Boralesgamuwa,Used,Petrol,Manual,Hatchback,gray,5975000.0
Toyota,Premio,2016.0,10.0,53507.0,1500.0,Medawachchiya,Used,Petrol,Automatic,Sedan,white,15000000.0
Mitsubishi,Galant,1999.0,27.0,180000.0,2000.0,Minuwangoda,Used,Petrol,Manual,Sedan,black,3350000.0
Toyota,Prius,2015.0,11.0,141000.0,1800.0,Ambalangoda,Used,Hybrid,Automatic,Liftback,white,11100000.0
Honda,Insight,2009.0,17.0,170000.0,1499.0,Galle,Reconditioned,Petrol,Automatic,Liftback,blue,6600000.0
Suzuki,Alto,2010.0,16.0,126000.0,800.0,Galle,Used,Petrol,Manual,Hatchback,black,2800000.0
Suzuki,Wagon R,2018.0,8.0,95000.0,660.0,Minuwangoda,Used,Hybrid,Automatic,,white,6890000.0
Nissan,Sunny,1994.0,32.0,1200.0,1500.0,Kurunegala,Used,Petrol,Manual,Saloon,gray,3300000.0
Toyota,Passo,2011.0,15.0,127000.0,1300.0,Moratuwa,Used,Petrol,Automatic,Hatchback,black,4575000.0
Toyota,Vitz,2016.0,10.0,147000.0,1000.0,Pilessa,Reconditioned,Petrol,Automatic,Hatchback,blue,6950000.0
Suzuki,Spacia,2024.0,2.0,4000.0,650.0,Kandy,Brand New,Hybrid,Automatic,Hatchback,silver,9900000.0
Perodua,Axia,2015.0,11.0,113512.0,998.0,Pannala,Used,Petrol,Automatic,Hatchback,white,5700000.0
Audi,A3,2018.0,8.0,100800.0,1197.0,Ambalangoda,Used,Petrol,Automatic,Sedan,black,13500000.0
Nissan,Sunny,1996.0,30.0,235000.0,1300.0,Malabe,Used,Petrol,Automatic,Hatchback,brown,2890000.0
Suzuki,Alto,2015.0,11.0,52000.0,800.0,Minuwangoda,Used,Petrol,Manual,Hatchback,gray,3850000.0
Nissan,Note,2024.0,2.0,0.0,1499.0,Ragama,Brand New,Petrol,Automatic,Hatchback,red,14700000.0
Toyota,Prius,2014.0,12.0,93000.0,1500.0,Dehiwala,Used,Hybrid,Automatic,Liftback,black,10500000.0
Tata,Indica,2015.0,11.0,120000.0,1200.0,Matale,Used,Petrol,Manual,Hatchback,maroon,2800000.0
Suzuki,Wagon R,2025.0,1.0,0.0,650.0,Kohuwala,Brand New,Petrol,Automatic,Hatchback,white,8750000.0
Toyota,Aqua,2013.0,13.0,114000.0,1200.0,Kelaniya,Used,Petrol,Automatic,Convertible,black,7450000.0
Toyota,Axio,2018.0,8.0,125000.0,1500.0,Nugegoda,Used,Hybrid,Automatic,Saloon,red,12500000.0
Suzuki,Wagon R,2024.0,2.0,0.0,650.0,Digana,Brand New,Petrol,Automatic,,black,7300000.0
Toyota,Vitz,2018.0,8.0,96500.0,1000.0,Kalmunai,Used,Petrol,Automatic,Liftback,silver,9000000.0
Toyota,Aqua,2013.0,13.0,180000.0,1490.0,Ambalangoda,Used,Hybrid,Automatic,Hatchback,silver,7600000.0
Suzuki,Wagon R,2014.0,12.0,100000.0,650.0,Alutgama,Used,Hybrid,Automatic,Hatchback,silver,5375000.0
Suzuki,Swift,2017.0,9.0,129000.0,1000.0,Kegalle,Used,Hybrid,Automatic,Hatchback,red,8150000.0
Toyota,Premio,2013.0,13.0,0.0,1500.0,Battaramulla,Used,Petrol,Manual,Sedan,white,12000000.0
Suzuki,Swift,2002.0,24.0,150000.0,690.0,Agaliya,Used,Petrol,Manual,Hatchback,silver,3450000.0
Micro,Panda Cross,2014.0,12.0,0.0,1300.0,Panadura,Used,Petrol,Manual,Hatchback,red,3495000.0
Suzuki,Alto,2015.0,11.0,67000.0,800.0,Matara,Used,Petrol,Manual,,white,3700000.0
Suzuki,Swift,2017.0,9.0,130000.0,1000.0,Nawala,Used,Petrol,Automatic,Hatchback,red,8257000.0
Suzuki,Alto,2013.0,13.0,130000.0,800.0,Kandy,Used,Petrol,Manual,Sedan,red,3350000.0
Micro,Panda,2015.0,11.0,75500.0,997.0,Mahiyanganaya,Used,Petrol,Manual,Liftback,silver,2985000.0
Suzuki,Swift,2004.0,22.0,157600.0,1300.0,Malabe,Reconditioned,Petrol,Automatic,Hatchback,gold,4250000.0
Toyota,Aqua,2012.0,14.0,100000.0,1500.0,Kesbewa,Used,Petrol,Other,Hatchback,black,6900000.0
Toyota,Vitz,2018.0,8.0,159000.0,1000.0,Ambalangoda,Used,Petrol,Automatic,Hatchback,white,7700000.0
Toyota,Corolla,2001.0,25.0,306000.0,1500.0,Ambalangoda,Used,Petrol,Automatic,Saloon,white,5250000.0
Toyota,Belta,2010.0,16.0,131000.0,1300.0,Wennappuwa,Used,Petrol,Automatic,Sedan,gray,6375000.0
Suzuki,Swift,2017.0,9.0,93000.0,1300.0,Ratmalana,Used,Petrol,Automatic,Station wagon,blue,8100000.0
Daihatsu,Taft,2023.0,3.0,6600.0,660.0,Kottawa,Brand New,Petrol,Automatic,Hatchback,green,7775000.0
Nissan,N 16,1999.0,27.0,154000.0,1500.0,Anuradhapura,Used,Petrol,Manual,Saloon,silver,4250000.0
Toyota,Marino,1992.0,34.0,187000.0,1500.0,Kadawatha,Used,Petrol,Manual,Saloon,blue,3500000.0
Mitsubishi,Lancer,2002.0,24.0,131782.0,1299.0,Ragama,Used,Petrol,Automatic,Saloon,silver,4500000.0
Hyundai,Tucsone,2013.0,13.0,145000.0,1000.0,Raddolugama,Used,Petrol,Automatic,Saloon,red,9500000.0
Honda,Grace,2014.0,12.0,154000.0,1490.0,Kegalle,Used,Hybrid,Automatic,Hatchback,white,8800000.0
Suzuki,Spacia,2023.0,3.0,1000.0,650.0,Kurunegala,Brand New,Hybrid,Automatic,Convertible,black,10400000.0
Toyota,Yaris Ativ,2025.0,1.0,0.0,1200.0,Colombo Fort (Colombo 01),Brand New,Petrol,Automatic,Saloon,white,16500000.0
Toyota,Roomy,2024.0,2.0,5400.0,1000.0,Cinnamon Garden (Colombo 07),Reconditioned,Petrol,Automatic,Hatchback,black,10500000.0
Honda,Civic,2007.0,19.0,120000.0,1800.0,Kandy,Used,Petrol,Automatic,Sedan,silver,7650000.0
Suzuki,Celerio,2015.0,11.0,122000.0,1000.0,Akarawita,Used,Petrol,Tiptronic,Hatchback,red,4800000.0
Suzuki,Wagon R,2023.0,3.0,0.0,650.0,Negombo,Brand New,Petrol,Automatic,Hatchback,blue,7400000.0
Nissan,Roox,2025.0,1.0,0.0,660.0,Negombo,Brand New,Petrol,Automatic,Liftback,gray,9000000.0
Suzuki,Wagon R,2015.0,11.0,50000.0,650.0,Imbulgoda,Used,Hybrid,Automatic,Hatchback,white,5750000.0
Toyota,Roomy,2017.0,9.0,69000.0,900.0,Homagama,Used,Petrol,Automatic,Hatchback,silver,8000000.0
Toyota,Axio,2018.0,8.0,116500.0,1490.0,Attanagalla,Used,Hybrid,Automatic,Saloon,white,12000000.0
Hyundai,Accent,2001.0,25.0,175000.0,1500.0,Moratuwa,Used,Petrol,Automatic,Saloon,silver,3085000.0
Suzuki,Wagon R,2017.0,9.0,64000.0,650.0,Malabe,Used,Hybrid,Automatic,Hatchback,white,6675000.0
Micro,Panda,2013.0,13.0,0.0,1000.0,Horana,Used,Petrol,Manual,Hatchback,black,2550000.0
Toyota,Corolla,2002.0,24.0,175000.0,1500.0,Wattala,Used,Petrol,Automatic,Saloon,silver,5400000.0
Suzuki,Wagon R,2017.0,9.0,60000.0,650.0,Marawila,Used,Hybrid,Automatic,Hatchback,silver,6750000.0
Mitsubishi,eK,2024.0,2.0,12000.0,600.0,Gampaha,Reconditioned,Petrol,Automatic,Hatchback,red,6550000.0
Suzuki,Spacia,2017.0,9.0,82000.0,1000.0,Matugama,Used,Petrol,Automatic,Station wagon,blue,7000000.0
Suzuki,Alto,2015.0,11.0,103000.0,800.0,Kalmunai,Used,Petrol,Manual,Hatchback,gray,3925000.0
Suzuki,Wagon R,2025.0,1.0,0.0,650.0,Negombo,Brand New,Petrol,Automatic,Hatchback,black,7900000.0
Suzuki,Alto,2009.0,17.0,170000.0,800.0,Nintavur,Used,Petrol,Manual,Hatchback,silver,2925000.0
Toyota,Axio,2007.0,19.0,128000.0,1500.0,Alawwa,Used,Petrol,Automatic,Sedan,gray,8875000.0
Toyota,Avanza,2011.0,15.0,121000.0,1500.0,Maharagama,Used,Petrol,Automatic,Station wagon,silver,7450000.0
Toyota,Carina,2000.0,26.0,220000.0,1500.0,Monaragala,Used,Petrol,Automatic,Sedan,other,4875000.0
Honda,Fit,2014.0,12.0,80000.0,1000.0,Nugegoda,Used,Hybrid,Automatic,Hatchback,black,9600000.0
Suzuki,Wagon R,2018.0,8.0,140000.0,990.0,Ampara,Used,Hybrid,Automatic,Hatchback,white,7750000.0
Suzuki,Maruti,2000.0,26.0,100000.0,800.0,Kaduwela,Used,Petrol,Manual,Hatchback,white,1950000.0
Toyota,Vitz,2019.0,7.0,70000.0,1000.0,Anuradhapura,Used,Hybrid,Automatic,Hatchback,white,8500000.0
Suzuki,Wagon R,2025.0,1.0,0.0,650.0,Nintavur,Brand New,Hybrid,Automatic,Sedan,white,8825000.0
Suzuki,Swift,2003.0,23.0,68000.0,1300.0,Dehiwala,Used,Petrol,Manual,Liftback,silver,3900000.0
Honda,Grace,2014.0,12.0,140000.0,1500.0,Ambalangoda,Used,Hybrid,Automatic,Sedan,white,8600000.0
Suzuki,Alto,2010.0,16.0,0.0,800.0,Kirulapone,Reconditioned,Petrol,Manual,Hatchback,black,3500000.0
Toyota,Prius,2023.0,3.0,0.0,1800.0,Kurunegala,Brand New,Hybrid,Manual,Liftback,white,23500000.0
Toyota,Axio,2018.0,8.0,132000.0,1500.0,Battaramulla,Used,Hybrid,Automatic,Sedan,brown,13250000.0
Suzuki,Ignis,2016.0,10.0,86990.0,1240.0,Kiribathgoda,Used,Petrol,Automatic,Hatchback,red,6130000.0
Toyota,Premio,2015.0,11.0,97000.0,1490.0,Nugegoda,Used,Petrol,Automatic,Saloon,black,12000000.0
Toyota,Aqua,2014.0,12.0,159000.0,1500.0,Matara,Reconditioned,Hybrid,Automatic,Hatchback,red,7900000.0
Toyota,Aqua,2014.0,12.0,140000.0,,Adampan,Used,Hybrid,Manual,Hatchback,black,7600000.0
Suzuki,Alto,2015.0,11.0,224000.0,800.0,Galle,Used,Petrol,Manual,Liftback,red,3400000.0
Toyota,Premio,2016.0,10.0,157000.0,1500.0,Negombo,Used,Petrol,Automatic,Hatchback,white,13250000.0
Mitsubishi,Space Wagon,2024.0,2.0,0.0,660.0,Polonnaruwa,Brand New,Petrol,Manual,Hatchback,black,7350000.0
Toyota,Axio,2015.0,11.0,141000.0,1500.0,Eravur,Used,Hybrid,Automatic,Sedan,brown,10100000.0
Toyota,Yaris,2024.0,2.0,4500.0,1000.0,Kelaniya,Brand New,Petrol,Automatic,Liftback,blue,9800000.0
Mazda,Flair,2024.0,2.0,9000.0,660.0,Kotte,Reconditioned,Hybrid,Automatic,Hatchback,blue,7525000.0
Toyota,Vitz,2017.0,9.0,110000.0,1000.0,Ethul Kotte,Used,Petrol,Automatic,Hatchback,black,7575000.0
Toyota,Aqua,2012.0,14.0,279000.0,1500.0,Ambalangoda,Used,Hybrid,Automatic,Liftback,red,6300000.0
Suzuki,Alto,2023.0,3.0,4210.0,660.0,Divulapitiya,Brand New,Petrol,Automatic,Hatchback,silver,6500000.0
Suzuki,Wagon R,2014.0,12.0,63710.0,660.0,Welimada,Used,Petrol,Automatic,Station wagon,black,5600000.0
Suzuki,Maruti,2007.0,19.0,76000.0,800.0,Ambalangoda,Used,Petrol,Manual,Hatchback,red,2060000.0
Daihatsu,Mira,2024.0,2.0,0.0,660.0,Panadura,Brand New,Petrol,Automatic,Hatchback,black,6350000.0
Toyota,Prius,2013.0,13.0,180000.0,1500.0,Ambalangoda,Used,Petrol,Automatic,Liftback,white,9500000.0
Hyundai,Eon,2017.0,9.0,66000.0,850.0,Batticaloa,Used,Petrol,Manual,Hatchback,white,4300000.0
Nissan,NV100,2016.0,10.0,89000.0,800.0,Dematagoda (Colombo 09),Used,Petrol,Automatic,Convertible,silver,5475000.0
Toyota,Prius,2012.0,14.0,147571.0,1450.0,Boralesgamuwa,Used,Hybrid,Automatic,Saloon,black,9750000.0
Suzuki,Alto,2017.0,9.0,85000.0,658.0,Ambalangoda,Used,Petrol,Automatic,Hatchback,white,5250000.0
Honda,Fit,2013.0,13.0,160000.0,1500.0,Matara,Used,Hybrid,Automatic,Station wagon,white,7275000.0
Toyota,Starlet,1987.0,39.0,180000.0,1300.0,Matale,Used,Petrol,Manual,Hatchback,white,2000000.0
Perodua,Viva,2011.0,15.0,151000.0,1000.0,Kottawa,Used,Petrol,Automatic,Liftback,orange,4525000.0
Perodua,Bezza,2017.0,9.0,0.0,1000.0,Matugama,Reconditioned,Petrol,Automatic,Sedan,silver,7000000.0
Daihatsu,Mira,2003.0,23.0,151000.0,650.0,Malabe,Used,Petrol,Automatic,Hatchback,blue,3690000.0
Micro,Panda,2015.0,11.0,0.0,1000.0,Ambalangoda,Used,Petrol,Manual,Hatchback,blue,3000000.0
Micro,Panda,2015.0,11.0,55000.0,1000.0,Delgoda,Used,Petrol,Manual,Hatchback,white,2875000.0
Toyota,Starlet,1993.0,33.0,140000.0,1330.0,Homagama,Used,Petrol,Manual,Hatchback,white,4000000.0
Suzuki,Alto,2011.0,15.0,120000.0,800.0,Malabe,Used,Petrol,Manual,Hatchback,red,3000000.0
Suzuki,Celerio,2015.0,11.0,56000.0,1000.0,Kadawatha,Used,Petrol,Automatic,Hatchback,white,4790000.0
Toyota,Vitz,2019.0,7.0,59500.0,990.0,Batticaloa,Used,Petrol,Automatic,Hatchback,white,8700000.0
Honda,Fit,2011.0,15.0,0.0,1300.0,Ambalangoda,Used,Petrol,Automatic,Hatchback,white,6000000.0
Suzuki,Celerio,2015.0,11.0,137000.0,998.0,Ambalangoda,Used,Petrol,Manual,Hatchback,gold,4650000.0
Suzuki,Celerio,2015.0,11.0,96000.0,796.0,Kalmunai,Used,Petrol,Manual,Hatchback,white,3700000.0
Toyota,IST,2004.0,22.0,166000.0,1000.0,Ambalangoda,Used,Petrol,Automatic,Hatchback,white,6000000.0
Suzuki,Alto,2023.0,3.0,0.0,660.0,Rajagiriya,Brand New,Petrol,Automatic,Station wagon,blue,6250000.0
Suzuki,Wagon R,2023.0,3.0,9941.0,650.0,Bandaragama,Brand New,Petrol,Automatic,Station wagon,silver,7695000.0
Suzuki,Wagon R,2017.0,9.0,123300.0,660.0,Padukka,Used,Hybrid,Automatic,Hatchback,blue,5700000.0
Suzuki,Wagon R,2024.0,2.0,6300.0,660.0,Kirindiwela,Reconditioned,Petrol,Automatic,Hatchback,silver,7475000.0
Toyota,Prius,2013.0,13.0,187000.0,1800.0,Hungama,Used,Petrol,Automatic,Hatchback,black,9750000.0
KIA,Optima,2009.0,17.0,246000.0,2000.0,Kochchikade,Used,Petrol,Automatic,Saloon,other,4600000.0
Daihatsu,Taft,2025.0,1.0,6600.0,660.0,Kottawa,Brand New,Petrol,Automatic,Hatchback,gray,7800000.0
Suzuki,Wagon R,2015.0,11.0,0.0,650.0,Colombo Fort (Colombo 01),Used,Hybrid,Automatic,Station wagon,black,5950000.0
Toyota,Vitz,2018.0,8.0,63000.0,1000.0,Ratnapura,Used,Petrol,Automatic,,white,8200000.0
Toyota,Aqua,2014.0,12.0,127500.0,1500.0,Piliyandala,Used,Petrol,Manual,Hatchback,white,7450000.0
Toyota,Corolla,2000.0,26.0,192000.0,1500.0,Piliyandala,Used,Petrol,Automatic,Saloon,white,5300000.0
Toyota,Corolla,1995.0,31.0,180000.0,1500.0,Ratnapura,Used,Petrol,Automatic,Saloon,white,3675000.0
Renault,KWID,2018.0,8.0,0.0,1300.0,Mamaduwa,Used,Petrol,Automatic,Hatchback,other,3800000.0
Toyota,Aqua,2013.0,13.0,148000.0,1500.0,Kuliyapitiya,Used,Petrol,Automatic,Hatchback,black,7450000.0
Toyota,Aqua,2015.0,11.0,72000.0,,Adampan,Used,Petrol,Automatic,Hatchback,blue,7900000.0
Toyota,Vitz,2002.0,24.0,0.0,1500.0,Katugastota,Used,Petrol,Automatic,Hatchback,blue,4275000.0
Alfa Romeo,156,2001.0,25.0,170000.0,2000.0,Wattala,Used,Petrol,Manual,Saloon,black,4100000.0
Suzuki,Alto,2001.0,25.0,0.0,800.0,Kurunegala,Used,Petrol,Manual,Hatchback,red,2700000.0
Toyota,Premio,2020.0,6.0,70000.0,3600.0,Adampan,Used,Hybrid,Automatic,Saloon,white,18000000.0
Nissan,Roox,2023.0,3.0,6600.0,660.0,Kottawa,Brand New,Petrol,Automatic,Hatchback,white,7700000.0
Suzuki,Wagon R,2018.0,8.0,0.0,650.0,Siyambalewa,Used,Petrol,Automatic,Liftback,white,6850000.0
Suzuki,Alto,2015.0,11.0,150000.0,800.0,Dompe,Used,Petrol,Manual,Hatchback,white,3500000.0
Proton,Wira,2005.0,21.0,225000.0,1300.0,Piliyandala,Used,Petrol,Manual,Sedan,gold,2200000.0
Suzuki,Swift,2011.0,15.0,69800.0,1200.0,Nugegoda,Used,Petrol,Manual,Liftback,gray,4250000.0
Nissan,Cefiro,1988.0,38.0,75000.0,1300.0,Hingurakgoda,Used,Petrol,Other,Liftback,silver,3380000.0
Suzuki,Maruti,2000.0,26.0,28500.0,800.0,Elpitiya,Used,Petrol,Manual,Hatchback,maroon,1650000.0
Suzuki,Wagon R,2024.0,2.0,8003.0,660.0,Anuradhapura,Reconditioned,Petrol,Automatic,Liftback,beige,6950000.0
Suzuki,Celerio,2015.0,11.0,136000.0,1000.0,Ambalangoda,Used,Petrol,Automatic,Hatchback,gold,5000000.0
Toyota,Premio,2019.0,7.0,52000.0,1600.0,Ambalangoda,Used,Petrol,Automatic,Saloon,white,16200000.0
Suzuki,Alto,2015.0,11.0,119000.0,796.0,Delgoda,Used,Petrol,Manual,Hatchback,silver,3900000.0
Suzuki,Wagon R,2024.0,2.0,3400.0,660.0,Colombo Fort (Colombo 01),Reconditioned,Petrol,Automatic,Hatchback,blue,7190000.0
Toyota,Corolla,2001.0,25.0,100000.0,1500.0,Veyangoda,Used,Petrol,Other,Liftback,white,5375000.0
Suzuki,Wagon R,2017.0,9.0,114000.0,650.0,Embilipitiya,Used,Hybrid,Automatic,Hatchback,white,6450000.0
Honda,Civic,2004.0,22.0,181000.0,1500.0,Homagama,Used,Petrol,Automatic,Saloon,maroon,5800000.0
Toyota,DX Wagon,2001.0,25.0,75000.0,1500.0,Kuliyapitiya,Used,Petrol,Automatic,Liftback,white,3650000.0
Suzuki,Wagon R,2024.0,2.0,3400.0,690.0,Kurunegala,Brand New,Hybrid,Automatic,Hatchback,gray,7500000.0
Micro,MX7,2012.0,14.0,68700.0,1500.0,Piliyandala,Used,Petrol,Manual,Sedan,gray,3475000.0
Toyota,Prius,2013.0,13.0,61000.0,1790.0,Yatalamatta,Used,Hybrid,Automatic,Hatchback,white,11990000.0
Toyota,Vitz,2007.0,19.0,120000.0,990.0,Ambalangoda,Used,Petrol,Automatic,Hatchback,red,5200000.0
Toyota,Premio,2018.0,8.0,8000.0,1300.0,Maharagama,Used,Petrol,Automatic,Hatchback,white,17300000.0
Suzuki,Wagon R,2014.0,12.0,205000.0,650.0,Tangalla,Used,Petrol,Automatic,,white,5200000.0
Toyota,Yaris,2017.0,9.0,170000.0,1329.0,Homagama,Reconditioned,Petrol,Automatic,Sedan,red,9600000.0
Suzuki,Wagon R,2025.0,1.0,120.0,660.0,Nugegoda,Brand New,Hybrid,Automatic,Station wagon,white,8975000.0
Mercedes Benz,CLA,2015.0,11.0,92000.0,1332.0,Gampaha,Used,Petrol,Automatic,Saloon,white,21000000.0
Suzuki,Wagon R,2018.0,8.0,82000.0,650.0,Samanthurai,Used,Petrol,Automatic,Station wagon,white,6900000.0
Daihatsu,Mira,2024.0,2.0,0.0,660.0,Sapugaskanda,Brand New,Petrol,Automatic,Hatchback,blue,6850000.0
Suzuki,Alto,2010.0,16.0,65110.0,800.0,Pannala,Used,Petrol,Manual,Sports,silver,3275000.0
Toyota,Premio,2010.0,16.0,118000.0,1500.0,Kandy,Used,Petrol,Automatic,Liftback,brown,9050000.0
Toyota,Passo,2023.0,3.0,6600.0,660.0,Kottawa,Brand New,Petrol,Automatic,Hatchback,beige,8250000.0
Suzuki,Baleno,2016.0,10.0,180000.0,1000.0,Talawatugoda,Used,Petrol,Automatic,Hatchback,blue,7400000.0
Daihatsu,Taft,2023.0,3.0,0.0,658.0,Horana,Brand New,Petrol,Automatic,Hatchback,blue,8300000.0
Toyota,Passo,2025.0,1.0,0.0,1000.0,Maspotha,Brand New,Petrol,Automatic,Hatchback,other,7950000.0
Toyota,Premio,2008.0,18.0,120000.0,1500.0,Veyangoda,Used,Petrol,Automatic,Liftback,silver,8850000.0
Toyota,Allion,2007.0,19.0,110000.0,1800.0,Gampaha,Used,Petrol,Automatic,Saloon,black,8200000.0
Toyota,Prius,2010.0,16.0,260000.0,1000.0,Walasmulla,Used,Hybrid,Automatic,Sedan,white,6800000.0
Mitsubishi,Lancer,2001.0,25.0,198000.0,1300.0,Kottawa,Used,Petrol,Manual,Sedan,green,5500000.0
Toyota,Axio,2013.0,13.0,218000.0,1500.0,Matara,Used,Petrol,Automatic,Saloon,black,8490000.0
Toyota,Aqua,2015.0,11.0,115000.0,1500.0,Malabe,Used,Hybrid,Automatic,Hatchback,black,8390000.0
Suzuki,Wagon R,2017.0,9.0,123000.0,650.0,Kadawatha,Used,Petrol,Automatic,,white,5600000.0
Toyota,Axio,2014.0,12.0,184000.0,1500.0,Colombo Fort (Colombo 01),Used,Hybrid,Automatic,Hatchback,white,9150000.0
Suzuki,A Star,2011.0,15.0,123400.0,998.0,Uswetakeiyawa,Used,Petrol,Manual,Hatchback,silver,3625000.0
Suzuki,Wagon R,2014.0,12.0,85000.0,690.0,Kurunegala,Brand New,Hybrid,Automatic,Hatchback,black,5290000.0
Mercedes Benz,C Class,2019.0,7.0,84000.0,1500.0,Ambalangoda,Used,Petrol,Automatic,Sedan,white,21800000.0
Nissan,Bluebird,2007.0,19.0,167000.0,1490.0,Hakmana,Reconditioned,Petrol,Automatic,Sedan,red,6500000.0
Suzuki,Wagon R,2016.0,10.0,113000.0,650.0,Ambalangoda,Used,Hybrid,Automatic,Hatchback,yellow,5450000.0
BMW,3 Series,2016.0,10.0,71000.0,2000.0,Piliyandala,Used,Petrol,Automatic,Saloon,white,20500000.0
Toyota,Premio,2007.0,19.0,180000.0,1500.0,Pussellawa,Used,Petrol,Automatic,Hatchback,white,9500000.0
KIA,Rio,2002.0,24.0,123456.0,1500.0,Pannipitiya,Used,Petrol,Automatic,Saloon,red,1300000.0
Suzuki,Wagon R,2024.0,2.0,650.0,650.0,Negombo,Brand New,Petrol,Automatic,Hatchback,other,7500000.0
Toyota,Corsa,1993.0,33.0,180000.0,1300.0,Malabe,Used,Petrol,Automatic,Saloon,gray,3050000.0
Toyota,Vitz,2009.0,17.0,112630.0,1000.0,Malabe,Used,Petrol,Automatic,Hatchback,green,5690000.0
Suzuki,Spacia,2017.0,9.0,150000.0,650.0,Slave Island (Colombo 02),Used,Petrol,Automatic,Hatchback,white,5900008.0
Honda,Grace,2017.0,9.0,120000.0,1600.0,Matara,Reconditioned,Petrol,Automatic,Liftback,white,9000000.0
Suzuki,Wagon R,2024.0,2.0,6100.0,650.0,Nittambuwa,Brand New,Petrol,Automatic,Hatchback,white,7475000.0
Toyota,Aqua,2012.0,14.0,153000.0,1490.0,Kadawatha,Used,Petrol,Automatic,Liftback,black,6200000.0
Suzuki,Alto,1998.0,28.0,165000.0,660.0,Pilimatalawa,Used,Petrol,Manual,Liftback,blue,1400000.0
Micro,Panda,2012.0,14.0,102000.0,1300.0,Ambalangoda,Used,Petrol,Manual,Hatchback,black,2900000.0
Toyota,Belta,2008.0,18.0,151000.0,1300.0,Dehiwala,Used,Petrol,Automatic,Sedan,silver,6350000.0
Toyota,Yaris,2022.0,4.0,22000.0,1000.0,Borella (Colombo 08),Brand New,Petrol,Automatic,Hatchback,white,9200000.0
Suzuki,Alto,2024.0,2.0,18300.0,658.0,Nugegoda,Brand New,Petrol,Automatic,Hatchback,white,6400000.0
KIA,Sportage,2012.0,14.0,180000.0,2000.0,Alutgama,Used,Petrol,Automatic,Hatchback,black,8500000.0
Suzuki,Wagon R,2018.0,8.0,116000.0,650.0,Ambalangoda,Used,Hybrid,Automatic,Hatchback,white,6950000.0
Toyota,Premio,2017.0,9.0,70000.0,1500.0,Adampan,Used,Hybrid,Automatic,Saloon,white,15500000.0
Toyota,Vitz,2016.0,10.0,60300.0,,Kandy,Used,Petrol,Automatic,Hatchback,white,7350000.0
Toyota,Vitz,2005.0,21.0,95000.0,1000.0,Kurunegala,Used,Petrol,Automatic,Convertible,blue,5400000.0
Toyota,Aqua,2014.0,12.0,120000.0,1500.0,Negombo,Used,Petrol,Automatic,Hatchback,blue,7500000.0
Mazda,Familia,1997.0,29.0,0.0,1200.0,Ambalangoda,Used,Petrol,Manual,Saloon,white,1800000.0
Toyota,Premio,2019.0,7.0,73000.0,1500.0,Ambalangoda,Used,Petrol,Automatic,Saloon,red,18500000.0
Suzuki,Wagon R,2018.0,8.0,115280.0,650.0,Colombo Fort (Colombo 01),Used,Petrol,Manual,Hatchback,black,5900000.0
Toyota,Axio,2015.0,11.0,197984.0,1490.0,Slave Island (Colombo 02),Reconditioned,Hybrid,Automatic,Saloon,brown,9600000.0
Suzuki,Alto,2011.0,15.0,100000.0,796.0,Akurana,Used,Petrol,Manual,Hatchback,black,2675000.0
Honda,Civic,2007.0,19.0,175000.0,1800.0,Kottawa,Used,Petrol,Automatic,Saloon,red,6950000.0
Toyota,Prius,2012.0,14.0,,1800.0,Katugastota,Used,Petrol,Automatic,Saloon,white,9600000.0
Suzuki,Wagon R,2018.0,8.0,96000.0,650.0,Ambalangoda,Used,Petrol,Automatic,Hatchback,black,6300000.0
Toyota,Vitz,2018.0,8.0,58000.0,996.0,Kandy,Used,Petrol,Automatic,Hatchback,gray,7950000.0
Daihatsu,Charade,1987.0,39.0,0.0,990.0,Pilimatalawa,Used,Petrol,Manual,,red,1300000.0
Nissan,FB 15,2003.0,23.0,13000.0,2198.0,Dankotuwa,Used,Diesel,Automatic,Sedan,brown,4250000.0
Toyota,Axio,2017.0,9.0,125000.0,1500.0,Dehiwala,Used,Hybrid,Automatic,,black,11700000.0
Nissan,Roox,2025.0,1.0,0.0,650.0,Gampaha,Brand New,Petrol,Automatic,Hatchback,brown,9250000.0
Toyota,Aqua,2014.0,12.0,161644.0,1500.0,Kaduwela,Used,Petrol,Automatic,Sedan,white,7890000.0
Suzuki,Alto,2015.0,11.0,90000.0,800.0,Beliatta,Used,Petrol,Manual,Hatchback,black,3875000.0
Suzuki,Maruti,2011.0,15.0,0.0,1000.0,Alutgama,Used,Petrol,Manual,Liftback,blue,2700000.0
Toyota,Vios,2004.0,22.0,224000.0,1490.0,Pepiliyana,Used,Petrol,Automatic,Saloon,black,5270000.0
Toyota,Corolla,2023.0,3.0,3150.0,1500.0,Gampaha,Reconditioned,Petrol,Automatic,Saloon,red,17350000.0
Micro,Panda,2010.0,16.0,0.0,1000.0,Anuradhapura,Used,Petrol,Manual,Hatchback,white,2650000.0
Toyota,Axio,2015.0,11.0,113000.0,1490.0,Piliyandala,Reconditioned,Petrol,Automatic,Sedan,silver,9400000.0
Suzuki,Celerio,2017.0,9.0,92000.0,1000.0,Kadawatha,Used,Petrol,Automatic,Hatchback,red,5290000.0
Toyota,Belta,2008.0,18.0,0.0,2000.0,Narammala,Used,Petrol,Automatic,,gray,5800000.0
Suzuki,Wagon R,2014.0,12.0,90000.0,650.0,Ambalangoda,Used,Hybrid,Automatic,Hatchback,black,5675000.0
Chery,QQ,2007.0,19.0,77000.0,800.0,Badulla,Used,Petrol,Manual,Hatchback,yellow,1680000.0
Toyota,Corona,2000.0,26.0,152000.0,2000.0,Ragama,Used,Diesel,Automatic,Saloon,silver,5800000.0
Suzuki,Celerio,2015.0,11.0,60000.0,1000.0,Moratuwa,Used,Petrol,Automatic,Hatchback,gray,4750000.0
Suzuki,Wagon R,2017.0,9.0,134000.0,655.0,Kalmunai,Used,Hybrid,Automatic,Hatchback,black,5800000.0
Suzuki,Alto,2015.0,11.0,172000.0,650.0,Hambantota,Used,Petrol,Automatic,Hatchback,white,3500000.0
Honda,Insight,2009.0,17.0,143000.0,1390.0,Rajagiriya,Used,Petrol,Automatic,Saloon,red,7300000.0
Toyota,Prius,2016.0,10.0,275000.0,1790.0,Gampaha,Used,Hybrid,Automatic,Saloon,white,13500000.0
Toyota,Axio,2016.0,10.0,120000.0,1496.0,Ambalangoda,Used,Hybrid,Automatic,Sedan,white,10100000.0
Toyota,Aqua,2013.0,13.0,251780.0,1000.0,Pannala,Used,Petrol,Automatic,Convertible,blue,6800000.0
Perodua,Elite,2011.0,15.0,210000.0,1000.0,Athurugiriya,Used,Petrol,Manual,Hatchback,other,3890000.0
Suzuki,Zen,2011.0,15.0,105000.0,1000.0,Kaduwela,Used,Petrol,Manual,Saloon,other,3690000.0
Toyota,Axio,2008.0,18.0,159300.0,1500.0,Kegalle,Used,Petrol,Automatic,Saloon,silver,7100000.0
Mercedes Benz,C Class,2000.0,26.0,204000.0,2000.0,Beruwala,Used,Petrol,Automatic,Sedan,beige,6200000.0
Suzuki,Wagon R,2025.0,1.0,0.0,1000.0,Wellawatta (Colombo 06),Brand New,Petrol,Automatic,Station wagon,white,8950000.0
BMW,5 Series,2015.0,11.0,96000.0,1995.0,Ambalangoda,Used,Diesel,Automatic,Sedan,white,22500000.0
Micro,Panda,2013.0,13.0,0.0,1000.0,Horana,Used,Petrol,Manual,Liftback,black,2590000.0
Toyota,Vitz,2018.0,8.0,63000.0,1000.0,Ratnapura,Used,Petrol,Automatic,Liftback,white,8450000.0
Nissan,March,1999.0,27.0,211000.0,1350.0,Kandy,Used,Petrol,Automatic,Hatchback,silver,3625000.0
Honda,Fit,2012.0,14.0,0.0,1330.0,Negombo,Used,Hybrid,Automatic,Hatchback,black,8990000.0
Micro,Panda,2017.0,9.0,40000.0,1000.0,Kalutara,Used,Petrol,Automatic,Sedan,silver,3900000.0
Nissan,FB 15,2001.0,25.0,0.0,1500.0,Kurunegala,Used,Petrol,Manual,Saloon,gray,4250000.0
Toyota,Glanza V,1999.0,27.0,0.0,1300.0,Ambalangoda,Used,Petrol,Automatic,Hatchback,red,4400000.0
Mitsubishi,Galant,1989.0,37.0,277269.0,2300.0,Weligama,Used,Diesel,Manual,Saloon,white,2150000.0
Suzuki,Alto,2017.0,9.0,106000.0,,Mirigama,Used,Petrol,Automatic,Hatchback,silver,5200000.0
Nissan,Bluebird,2001.0,25.0,123456.0,1500.0,Bentota,Used,Petrol,Automatic,Saloon,blue,4300000.0
Suzuki,Wagon R,2019.0,7.0,72000.0,650.0,Ambalangoda,Used,Petrol,Automatic,Hatchback,black,6500000.0
Suzuki,Hustler,2017.0,9.0,125112.0,660.0,Ja-Ela,Used,Petrol,Automatic,,red,5600000.0
Suzuki,Wagon R,2018.0,8.0,115000.0,650.0,Madurankuliya,Used,Petrol,Automatic,Hatchback,white,6375000.0
Toyota,Passo,2023.0,3.0,6600.0,660.0,Kottawa,Brand New,Petrol,Automatic,Hatchback,other,8050000.0
Suzuki,Alto,2015.0,11.0,92800.0,800.0,Galle,Used,Petrol,Manual,Hatchback,red,3580000.0
Suzuki,Celerio,2015.0,11.0,109000.0,1000.0,Nugegoda,Used,Petrol,Automatic,Hatchback,red,5150000.0
Toyota,Yaris,2025.0,1.0,0.0,1000.0,Kegalle,Brand New,Petrol,Automatic,Hatchback,gray,12700000.0
Toyota,Premio,2010.0,16.0,174000.0,1500.0,Embilipitiya,Used,Petrol,Automatic,Saloon,maroon,10200000.0
Perodua,Axia,2017.0,9.0,83000.0,1000.0,Kadawatha,Used,Petrol,Automatic,Hatchback,gray,5825000.0
Toyota,Carina,1996.0,30.0,0.0,1600.0,Middeniya,Used,Petrol,Manual,Saloon,white,3550000.0
Micro,Panda,2014.0,12.0,150000.0,1000.0,Piliyandala,Used,Petrol,Manual,Hatchback,red,2900000.0
Honda,Fit,2014.0,12.0,218319.0,1300.0,Karandeniya,Used,Hybrid,Automatic,Hatchback,black,9500000.0
Mitsubishi,Lancer,1992.0,34.0,253000.0,2000.0,Moratuwa,Used,Diesel,Manual,Sedan,black,1460000.0
Honda,Insight,2011.0,15.0,168000.0,1200.0,Kurunegala,Used,Hybrid,Automatic,Hatchback,black,2550000.0
Nissan,FB 14,1998.0,28.0,185000.0,1500.0,Pilimatalawa,Used,Petrol,Automatic,Hatchback,silver,3150000.0
Toyota,Yaris,2023.0,3.0,27650.0,1000.0,Negombo,Used,Petrol,Automatic,Hatchback,white,9400000.0
Nissan,Sunny,2001.0,25.0,1500.0,1490.0,Thalapathpitiya,Reconditioned,Petrol,Manual,,white,3975000.0
Suzuki,Hustler,2024.0,2.0,0.0,650.0,Kurunegala,Brand New,Petrol,Automatic,Convertible,blue,7900000.0
Suzuki,Wagon R,2023.0,3.0,0.0,650.0,Kurunegala,Brand New,Petrol,Automatic,,blue,7150000.0
Nissan,Sunny,2000.0,26.0,0.0,1600.0,Ambalangoda,Used,Petrol,Automatic,Saloon,silver,4500000.0
Suzuki,Swift,2008.0,18.0,149000.0,1300.0,Gampaha,Used,Petrol,Automatic,Liftback,black,5475000.0
Toyota,Vitz,2016.0,10.0,88000.0,1320.0,Oddamavadi,Used,Petrol,Automatic,Hatchback,white,7200000.0
Toyota,Axio,2016.0,10.0,170000.0,1490.0,Welipennagahamulla,Used,Hybrid,Automatic,Sedan,silver,11200000.0
Nissan,Sunny,2004.0,22.0,225000.0,1500.0,Kalubowila,Used,Petrol,Automatic,Convertible,white,4675000.0
Renault,KWID,2016.0,10.0,140000.0,1000.0,Kuliyapitiya,Used,Petrol,Manual,Hatchback,red,3400000.0
Suzuki,Baleno,2019.0,7.0,35000.0,998.0,Biyagama,Used,Petrol,Automatic,Hatchback,white,8350000.0
Chevrolet,Cruze,2004.0,22.0,142000.0,1430.0,Nittambuwa,Used,Petrol,Automatic,Hatchback,blue,4000000.0
Toyota,Prius,2011.0,15.0,153000.0,1600.0,Ambalangoda,Used,Hybrid,Automatic,Liftback,blue,8000000.0
Daihatsu,Mira,2023.0,3.0,3500.0,690.0,Kurunegala,Brand New,Hybrid,Automatic,Hatchback,red,6300000.0
Suzuki,Alto,2015.0,11.0,140000.0,790.0,Bandarawela,Used,Petrol,Manual,Hatchback,white,3790000.0
Mercedes Benz,E Class,2015.0,11.0,70000.0,2000.0,Kohuwala,Used,Diesel,Automatic,Sedan,black,17500000.0
Suzuki,Wagon R,2024.0,2.0,0.0,660.0,Embilipitiya,Reconditioned,Petrol,Automatic,Hatchback,blue,8950000.0
Honda,Civic,1990.0,36.0,0.0,1500.0,Ampara,Used,Petrol,Manual,Sedan,white,1950000.0
Toyota,Axio,2017.0,9.0,79000.0,1500.0,Nikaweratiya,Used,Petrol,Automatic,Hatchback,white,10800000.0
Suzuki,Wagon R,2017.0,9.0,169000.0,650.0,Gampaha,Reconditioned,Petrol,Automatic,Hatchback,black,6250000.0
Toyota,Soluna,2000.0,26.0,101000.0,1500.0,Colombo Fort (Colombo 01),Used,Petrol,Manual,Saloon,silver,3300000.0
Suzuki,Wagon R,2023.0,3.0,16000.0,660.0,Embilipitiya,Reconditioned,Petrol,Automatic,Hatchback,blue,8190000.0
Suzuki,Alto,2015.0,11.0,0.0,800.0,Galgamuwa,Used,Petrol,Manual,Hatchback,black,3875000.0
Toyota,Vitz,2017.0,9.0,56000.0,990.0,Kiribathkumbura,Used,Petrol,Automatic,Hatchback,gray,8200000.0
Toyota,Yaris,2023.0,3.0,39000.0,1000.0,Kalubowila,Reconditioned,Petrol,Automatic,Hatchback,black,10450000.0
Suzuki,Wagon R,2018.0,8.0,72000.0,800.0,Chavakachcheri,Used,Hybrid,Automatic,Hatchback,white,7075000.0
Toyota,Yaris,2024.0,2.0,0.0,999.0,Kelaniya,Brand New,Petrol,Automatic,Hatchback,red,10700000.0
Suzuki,Alto,2004.0,22.0,160000.0,650.0,Badulla,Used,Petrol,Automatic,Hatchback,blue,3800000.0
Nissan,FB 15,2005.0,21.0,228000.0,1500.0,Athurugiriya,Used,Petrol,Automatic,Saloon,other,4850000.0
Toyota,Corolla,1997.0,29.0,0.0,1500.0,Ja-Ela,Used,Petrol,Automatic,Saloon,white,3650000.0
Suzuki,Wagon R,2016.0,10.0,112000.0,660.0,Kurunegala,Used,Petrol,Automatic,Station wagon,red,6575000.0
Suzuki,Wagon R,2015.0,11.0,150000.0,,Ampara,Used,Petrol,Manual,Hatchback,red,5600000.0
Toyota,Axio,2014.0,12.0,0.0,1000.0,Borella (Colombo 08),Used,Hybrid,Automatic,Hatchback,red,8950000.0
Suzuki,Alto,2015.0,11.0,135000.0,800.0,Horana,Used,Petrol,Automatic,Hatchback,black,3690000.0
Suzuki,Wagon R,2017.0,9.0,119000.0,650.0,Malabe,Used,Hybrid,Automatic,Hatchback,brown,5875000.0
Suzuki,Wagon R,2015.0,11.0,136000.0,650.0,Malabe,Used,Hybrid,Automatic,Hatchback,black,5690000.0
Toyota,Pixis,2023.0,3.0,20000.0,660.0,Kelaniya,Brand New,Petrol,Automatic,,white,6500000.0
Suzuki,Hustler,2024.0,2.0,1580.0,660.0,Rajagiriya,Brand New,Hybrid,Automatic,Hatchback,black,7600000.0
Suzuki,Alto,2015.0,11.0,75000.0,1200.0,Ganemulla,Used,Petrol,Other,Liftback,black,3875000.0
Suzuki,Wagon R,2017.0,9.0,179000.0,658.0,Ambalangoda,Used,Hybrid,Automatic,Hatchback,white,6650000.0
Suzuki,Wagon R,2017.0,9.0,0.0,650.0,Colombo Fort (Colombo 01),Used,Petrol,Automatic,Convertible,gray,5500000.0
Suzuki,Celerio,2015.0,11.0,90000.0,1000.0,Kalmunai,Used,Petrol,Automatic,Hatchback,white,5350000.0
Toyota,Premio,2013.0,13.0,154000.0,1500.0,Ambalangoda,Used,Petrol,Automatic,Saloon,maroon,10600000.0
Suzuki,Wagon R,2017.0,9.0,85000.0,658.0,Kurunegala,Used,Hybrid,Automatic,Hatchback,brown,5950000.0
Nissan,FB 14,1996.0,30.0,196000.0,1300.0,Galagedara,Used,Petrol,Automatic,Saloon,white,3000000.0
Daihatsu,Taft,2024.0,2.0,5000.0,650.0,Akurana,Brand New,Petrol,Automatic,,brown,8700000.0
Suzuki,Wagon R,2018.0,8.0,100000.0,1500.0,Adampan,Used,Hybrid,Automatic,Liftback,white,5850000.0
Toyota,Vios,2007.0,19.0,157000.0,1500.0,Ambalangoda,Used,Petrol,Automatic,Saloon,black,4900000.0
Toyota,IST,2003.0,23.0,,650.0,Pussellawa,Used,Petrol,Automatic,Hatchback,other,6200000.0
Suzuki,Maruti,2006.0,20.0,90000.0,800.0,Galgamuwa,Used,Petrol,Manual,Hatchback,blue,1975000.0
Hyundai,Eon,2016.0,10.0,0.0,814.0,Badulla,Used,Petrol,Manual,Hatchback,black,4200000.0
Toyota,Aqua,2016.0,10.0,134000.0,1500.0,Ambalangoda,Used,Hybrid,Automatic,Liftback,yellow,7800000.0
Nissan,Sunny,2003.0,23.0,172000.0,1300.0,Ratmalana,Used,Petrol,Manual,Saloon,other,4200000.0
Hyundai,Eon,2016.0,10.0,160000.0,880.0,Hikkaduwa,Used,Petrol,Manual,Hatchback,white,3850000.0
Suzuki,Alto,2018.0,8.0,72000.0,658.0,Ambalangoda,Used,Petrol,Automatic,Hatchback,silver,5450000.0
Toyota,Prius,2014.0,12.0,0.0,1800.0,Ambalangoda,Used,Hybrid,Automatic,Sedan,black,10780000.0
Renault,KWID,2016.0,10.0,160000.0,800.0,Kalmunai,Used,Petrol,Manual,Hatchback,brown,3525000.0
Suzuki,Wagon R,2024.0,2.0,0.0,650.0,Gampaha,Brand New,Petrol,Automatic,Station wagon,pink,7250000.0
Toyota,Aqua,2014.0,12.0,80000.0,1500.0,Puttalam,Used,Petrol,Automatic,Hatchback,white,8800000.0
Toyota,Yaris,2025.0,1.0,0.0,1000.0,Kurunegala,Reconditioned,Petrol,Automatic,Hatchback,white,10800000.0
Hyundai,Grand i10,2023.0,3.0,8000.0,1197.0,Watapuluwa,Used,Petrol,Automatic,Hatchback,white,7800000.0
Toyota,Prius,2012.0,14.0,160000.0,,Dehiwala,Used,Hybrid,Automatic,Hatchback,white,9500000.0
Toyota,Yaris,2024.0,2.0,0.0,1000.0,Kaduwela,Brand New,Petrol,Automatic,Hatchback,white,9600000.0
Toyota,Starlet,1995.0,31.0,200000.0,1330.0,Pitipana Homagama,Used,Petrol,Manual,Sports,white,3950000.0
Toyota,Aqua,2013.0,13.0,138251.0,1500.0,Ambalangoda,Used,Petrol,Automatic,Hatchback,black,7600000.0
Nissan,Dayz,2023.0,3.0,6600.0,660.0,Kottawa,Brand New,Petrol,Automatic,Hatchback,other,7250000.0
Toyota,Premio,2012.0,14.0,96000.0,1500.0,Agaliya,Used,Petrol,Manual,Hatchback,white,8750000.0
Suzuki,Wagon R,2024.0,2.0,5000.0,660.0,Ragama,Brand New,Hybrid,Automatic,Hatchback,white,7720000.0
Suzuki,Wagon R,2025.0,1.0,0.0,660.0,Dehiwala,Brand New,Hybrid,Automatic,Hatchback,white,9600000.0
Toyota,Vitz,2016.0,10.0,81000.0,990.0,Delgoda,Used,Petrol,Automatic,Hatchback,gray,7050000.0
Toyota,Aqua,2013.0,13.0,152000.0,1500.0,Nittambuwa,Used,Hybrid,Automatic,Hatchback,white,7550000.0
Suzuki,Wagon R,2023.0,3.0,27000.0,660.0,Kelaniya,Brand New,Petrol,Automatic,,white,8500000.0
Suzuki,Wagon R,2015.0,11.0,113000.0,,Kandy,Used,Petrol,Automatic,Hatchback,maroon,6050000.0
Suzuki,Alto,2016.0,10.0,36359.0,660.0,Kottawa,Used,Petrol,Tiptronic,Hatchback,silver,5375000.0
Toyota,Yaris,2006.0,20.0,190000.0,1300.0,Dehiwala,Used,Petrol,Automatic,Saloon,red,6000000.0
Suzuki,Wagon R,2024.0,2.0,7500.0,660.0,Henegama,Brand New,Hybrid,Automatic,Hatchback,white,8695000.0
Toyota,Aqua,2015.0,11.0,111.0,1500.0,Hanwella,Used,Hybrid,Automatic,Hatchback,maroon,8175000.0
Mitsubishi,Lancer,,,150000.0,1496.0,Pilimatalawa,Used,Petrol,Manual,Sedan,blue,620000.0
Suzuki,Maruti,2005.0,21.0,18000.0,800.0,Puttalam,Used,Petrol,Manual,Hatchback,red,1750000.0
Daihatsu,Mira,2015.0,11.0,110813.0,650.0,Wattala,Used,Petrol,Automatic,Hatchback,silver,5450000.0
Renault,KWID,2018.0,8.0,68500.0,800.0,Trincomalee,Used,Petrol,Manual,Hatchback,silver,4000000.0
Nissan,Sunny,2002.0,24.0,0.0,1497.0,Ambalangoda,Used,Petrol,Automatic,Saloon,white,4450000.0
Toyota,Allion,2017.0,9.0,97000.0,1500.0,Ambalangoda,Used,Petrol,Automatic,Sedan,green,13500000.0
Toyota,Mark II,2001.0,25.0,148000.0,2000.0,Kurunegala,Used,Petrol,Automatic,Hatchback,black,6300000.0
Toyota,Corolla,1994.0,32.0,182000.0,1970.0,Embilipitiya,Used,Diesel,Manual,Saloon,white,2300000.0
Toyota,Prius,2008.0,18.0,210000.0,1500.0,Hokandara,Used,Hybrid,Automatic,Hatchback,blue,6750000.0
Mazda,3,2023.0,3.0,18000.0,1500.0,Kohuwala,Brand New,Petrol,Automatic,Sedan,white,16900000.0
Toyota,Prius,2014.0,12.0,142400.0,1600.0,Ambalangoda,Used,Hybrid,Automatic,Liftback,black,10200000.0
Nissan,Dayz,2023.0,3.0,30000.0,658.0,Ambalangoda,Used,Petrol,Automatic,Hatchback,white,7200000.0
Toyota,Allion,2012.0,14.0,165700.0,1500.0,Moratuwa,Used,Petrol,Automatic,Sedan,maroon,9000000.0
Toyota,Premio,2011.0,15.0,283000.0,1500.0,Kirillawala,Used,Petrol,Automatic,Saloon,maroon,9800000.0
Suzuki,Spacia,2016.0,10.0,125000.0,650.0,Beruwala,Used,Petrol,Automatic,Station wagon,gray,6750000.0
Honda,Accord,1994.0,32.0,0.0,2000.0,Agarapathana,Used,Petrol,Manual,Saloon,blue,2850000.0
Tata,Indigo,2006.0,20.0,168000.0,1600.0,Pitipana Homagama,Used,Petrol,Manual,Hatchback,black,2100000.0
Nissan,Sunny,2000.0,26.0,260000.0,1800.0,Kaduwela,Used,Petrol,Manual,Saloon,silver,3100000.0
Suzuki,Wagon R,2025.0,1.0,3500.0,690.0,Kurunegala,Brand New,Hybrid,Automatic,Hatchback,white,7500000.0
Toyota,Yaris,2025.0,1.0,0.0,1000.0,Kelaniya,Brand New,Petrol,Automatic,Liftback,gray,10200000.0
Mercedes Benz,S Class,2005.0,21.0,150000.0,3500.0,Dehiwala,Used,Petrol,Automatic,Sedan,gray,18000000.0
Suzuki,Swift,2004.0,22.0,250000.0,1300.0,Borella (Colombo 08),Used,Petrol,Automatic,Hatchback,other,4370000.0
Toyota,Prius,2009.0,17.0,0.0,1790.0,Panadura,Used,Hybrid,Automatic,Hatchback,silver,8995000.0
Mitsubishi,Lancer,1997.0,29.0,135000.0,1300.0,Narahenpita (Colombo 05),Used,Petrol,Automatic,Sedan,blue,4000000.0
Daihatsu,Move,2016.0,10.0,78000.0,658.0,Gampaha,Used,Petrol,Automatic,Hatchback,gray,5995000.0
Suzuki,Wagon R,2023.0,3.0,23000.0,990.0,Batticaloa,Used,Hybrid,Automatic,Liftback,white,8800000.0
Honda,Civic,2018.0,8.0,105000.0,1000.0,Ja-Ela,Used,Petrol,Automatic,Hatchback,blue,12000000.0
Perodua,Elite,2011.0,15.0,130000.0,990.0,Ambalangoda,Used,Petrol,Automatic,Hatchback,black,4450000.0
Toyota,Prius,2008.0,18.0,161000.0,1500.0,Ambalangoda,Used,Petrol,Automatic,Liftback,black,6200000.0
Suzuki,Wagon R,2018.0,8.0,251000.0,650.0,Battaramulla,Used,Petrol,Automatic,,white,5850000.0
Suzuki,Swift,2003.0,23.0,140431.0,1300.0,Pilimatalawa,Used,Petrol,Automatic,Hatchback,black,4350000.0
Toyota,Prius,2011.0,15.0,0.0,1490.0,Rajagiriya,Used,Petrol,Automatic,Hatchback,black,9850000.0
Suzuki,Maruti,2012.0,14.0,120000.0,800.0,Kegalle,Used,Petrol,Manual,Hatchback,red,2700000.0
Toyota,Axio,2012.0,14.0,160000.0,1500.0,Gampaha,Used,Petrol,Automatic,Saloon,silver,8800000.0
Mazda,Flair,2023.0,3.0,8000.0,660.0,Kotte,Reconditioned,Hybrid,Automatic,Hatchback,black,7190000.0
Nissan,Primera,2002.0,24.0,,1300.0,Pasyala,Used,Petrol,Other,Liftback,black,2695000.0
Suzuki,Wagon R,2018.0,8.0,160000.0,650.0,Maharagama,Used,Petrol,Automatic,Hatchback,white,6300000.0
Suzuki,Alto,2008.0,18.0,125000.0,800.0,Kahathuduwa,Used,Petrol,Manual,Liftback,white,2000000.0
Suzuki,Wagon R,2014.0,12.0,150000.0,660.0,Ampara,Used,Petrol,Manual,Hatchback,white,5450000.0
Chery,QQ,2015.0,11.0,63500.0,812.0,Matugama,Used,Petrol,Manual,Hatchback,blue,2550000.0
Suzuki,Wagon R,2023.0,3.0,3500.0,690.0,Kurunegala,Brand New,Hybrid,Automatic,Hatchback,blue,7500000.0
Toyota,Vitz,2013.0,13.0,88000.0,1000.0,Kurunegala,Used,Petrol,Automatic,Hatchback,white,6500000.0
Suzuki,Wagon R,2024.0,2.0,0.0,650.0,Borella (Colombo 08),Brand New,Petrol,Automatic,Hatchback,blue,8500000.0
KIA,Rio,2001.0,25.0,146935.0,1500.0,Anuradhapura,Used,Petrol,Manual,Hatchback,yellow,2400000.0
Mitsubishi,eK,2025.0,1.0,0.0,650.0,Colombo Fort (Colombo 01),Brand New,Petrol,Automatic,Hatchback,silver,7175000.0
Toyota,Axio,2014.0,12.0,126000.0,1500.0,Mirigama,Reconditioned,Petrol,Automatic,Liftback,white,9800000.0
Nissan,Dayz,2024.0,2.0,0.0,660.0,Kottawa,Brand New,Petrol,Automatic,Liftback,orange,7250000.0
Hyundai,Accent,2002.0,24.0,180000.0,1500.0,Kottawa,Used,Petrol,Manual,Saloon,blue,2500000.0
Nissan,Dayz,2023.0,3.0,5096.0,660.0,Kotte,Brand New,Petrol,Automatic,Hatchback,white,7190000.0
Mitsubishi,Lancer,1999.0,27.0,276545.0,1500.0,Narammala,Used,Petrol,Manual,Sedan,red,4250000.0
Toyota,Premio,2019.0,7.0,113000.0,1500.0,Kollupitiya (Colombo 03),Used,Petrol,Automatic,,white,15300000.0
Nissan,March,2001.0,25.0,0.0,1198.0,Ratnapura,Used,Petrol,Manual,Liftback,other,3450000.0
Toyota,Vitz,2018.0,8.0,159000.0,1300.0,Ambalangoda,Used,Petrol,Automatic,Hatchback,black,7600000.0
Nissan,B13,1990.0,36.0,218000.0,1680.0,Matale,Used,Diesel,Manual,Saloon,white,2075000.0
Mitsubishi,Lancer,2008.0,18.0,91000.0,1300.0,Ambalangoda,Used,Petrol,Manual,Sedan,silver,5990000.0
Nissan,Sunny,1993.0,33.0,134000.0,1300.0,Pannipitiya,Used,Petrol,Manual,Saloon,maroon,2400000.0
Suzuki,Alto,2015.0,11.0,125000.0,800.0,Mihintale,Used,Petrol,Manual,Liftback,red,3650000.0
Toyota,Vitz,2007.0,19.0,153000.0,1300.0,Gonapola Junction,Used,Petrol,Automatic,Hatchback,silver,5500000.0
Toyota,Prius,2009.0,17.0,200000.0,1780.0,Kalutara,Used,Hybrid,Automatic,Hatchback,blue,8400000.0
Toyota,Corolla,1991.0,35.0,438547.0,1300.0,Kiribathgoda,Used,Diesel,Manual,Hatchback,white,1750000.0
Suzuki,Swift,2003.0,23.0,100000.0,1200.0,Embilipitiya,Used,Petrol,Manual,Liftback,red,3850000.0
Suzuki,Alto,2015.0,11.0,94000.0,800.0,Vavuniya,Used,Petrol,Manual,Hatchback,black,3900000.0
Toyota,Vitz,2007.0,19.0,150000.0,1000.0,Dehiwala,Used,Petrol,Automatic,Liftback,white,5375000.0
Toyota,Vitz,2015.0,11.0,92000.0,1000.0,Pannipitiya,Used,Petrol,Automatic,Station wagon,silver,6985000.0
Toyota,Axio,2015.0,11.0,89000.0,1500.0,Deniyaya,Reconditioned,Petrol,Automatic,Liftback,white,10000000.0
Toyota,Pixis,2024.0,2.0,0.0,650.0,Angoda,Brand New,Petrol,Automatic,Hatchback,blue,6700000.0
Mercedes Benz,C Class,2020.0,6.0,150000.0,2000.0,Ambalangoda,Used,Petrol,Automatic,Saloon,blue,22000000.0
Nissan,Aura,2023.0,3.0,25000.0,1200.0,Nugegoda,Brand New,Hybrid,Automatic,Hatchback,white,12990000.0
Suzuki,Wagon R,2016.0,10.0,183000.0,650.0,Homagama,Used,Petrol,Automatic,,silver,5890000.0
Zotye,Z100,2017.0,9.0,141000.0,1000.0,Panadura,Used,Petrol,Manual,Saloon,other,3295000.0
Suzuki,Alto,2015.0,11.0,84000.0,796.0,Ambalangoda,Used,Petrol,Manual,Hatchback,gray,3550000.0
Suzuki,Alto,2013.0,13.0,148500.0,658.0,Uswetakeiyawa,Used,Petrol,Automatic,Hatchback,black,3395000.0
Honda,Fit,2014.0,12.0,0.0,990.0,Katugastota,Used,Petrol,Automatic,Hatchback,black,8100000.0
Honda,Civic,2017.0,9.0,75000.0,1000.0,Kotte,Used,Petrol,Automatic,Saloon,red,13250000.0
Toyota,Vitz,2016.0,10.0,0.0,1000.0,Kandy,Used,Petrol,Automatic,Sedan,white,7250000.0
Suzuki,Wagon R,2012.0,14.0,136000.0,1000.0,Karapitiya,Used,Petrol,Manual,Station wagon,blue,4900000.0
Toyota,Axio,2014.0,12.0,245000.0,1329.0,Akarella,Used,Petrol,Automatic,Hatchback,white,8000000.0
Toyota,Starlet,1993.0,33.0,200000.0,1330.0,Pitipana Homagama,Used,Petrol,Manual,Sports,white,3175000.0
Suzuki,Alto,2015.0,11.0,95600.0,800.0,Malgalla Talangalla,Used,Petrol,Manual,Liftback,black,4100000.0
Suzuki,Maruti,2007.0,19.0,110000.0,800.0,Meegoda,Used,Petrol,Manual,Hatchback,red,2250000.0
Daihatsu,Mira,2024.0,2.0,3000.0,650.0,Moratuwa,Brand New,Petrol,Automatic,Hatchback,blue,6890000.0
Toyota,Belta,2010.0,16.0,159500.0,1300.0,Matale,Used,Petrol,Automatic,Saloon,white,6450000.0
Suzuki,Wagon R,2014.0,12.0,254249.0,800.0,Kelaniya,Used,Petrol,Automatic,Hatchback,black,5400000.0
Honda,Fit,2014.0,12.0,229000.0,1500.0,Ambalangoda,Used,Hybrid,Automatic,Hatchback,black,7475000.0
Suzuki,Spacia,2024.0,2.0,14500.0,660.0,Kurunegala,Brand New,Hybrid,Automatic,,blue,8400000.0
Suzuki,Wagon R,2023.0,3.0,1000.0,660.0,Rajagiriya,Brand New,Hybrid,Automatic,Hatchback,white,8375000.0
Honda,Shuttle,2012.0,14.0,120000.0,1300.0,Wennappuwa,Used,Petrol,Automatic,Hatchback,white,6500000.0
BMW,M Series,2017.0,9.0,65000.0,1500.0,Cinnamon Garden (Colombo 07),Used,Petrol,Automatic,Saloon,white,20500000.0
Toyota,Corolla,2007.0,19.0,200000.0,1600.0,Rajagiriya,Used,Petrol,Automatic,Saloon,gray,6500000.0
Honda,Civic,2004.0,22.0,215000.0,1500.0,Horana,Used,Petrol,Automatic,Saloon,green,5675000.0
Honda,Insight,2012.0,14.0,137000.0,1500.0,Ambalangoda,Used,Hybrid,Automatic,Liftback,white,7150000.0
Suzuki,Wagon R,2017.0,9.0,106000.0,660.0,Kollupitiya (Colombo 03),Used,Hybrid,Automatic,Hatchback,blue,6590000.0
Nissan,Sunny,1987.0,39.0,245000.0,1300.0,Kottawa,Used,Petrol,Manual,Sedan,gray,1499000.0
Suzuki,Hustler,2025.0,1.0,0.0,660.0,Kurunegala,Brand New,Hybrid,Automatic,Station wagon,white,9200000.0
Toyota,Mark II,2001.0,25.0,88750.0,1998.0,Ambalangoda,Used,Petrol,Automatic,Saloon,silver,5800000.0
KIA,Rio,2002.0,24.0,150000.0,1500.0,Narahenpita (Colombo 05),Used,Petrol,Automatic,Hatchback,silver,2550000.0
Toyota,Vitz,2009.0,17.0,158000.0,1000.0,Anuradhapura,Used,Petrol,Automatic,Hatchback,black,5750000.0
Nissan,Roox,2023.0,3.0,48500.0,660.0,Kottawa,Brand New,Hybrid,Automatic,Hatchback,white,7790000.0
Toyota,Vitz,2017.0,9.0,1000.0,1000.0,Boralesgamuwa,Used,Petrol,Automatic,Hatchback,silver,7500000.0
Suzuki,Wagon R,2017.0,9.0,147000.0,650.0,Kandy,Used,Petrol,Automatic,Hatchback,black,5600000.0
Suzuki,Swift,2017.0,9.0,79000.0,1198.0,Ambalangoda,Used,Hybrid,Automatic,Hatchback,white,8350000.0
Suzuki,Wagon R,2018.0,8.0,85000.0,650.0,Pussellawa,Used,Petrol,Automatic,Hatchback,white,7500000.0
Toyota,Axio,2015.0,11.0,122000.0,1500.0,Kottawa,Used,Hybrid,Automatic,Saloon,red,8700000.0
Honda,Fit,2015.0,11.0,94000.0,1500.0,Ambalangoda,Used,Hybrid,Automatic,Hatchback,white,8250000.0
Toyota,Aqua,2015.0,11.0,150000.0,1496.0,Baddegama,Used,Hybrid,Automatic,Convertible,white,7800000.0
Suzuki,Wagon R,2024.0,2.0,123.0,1500.0,Nugegoda,Brand New,Petrol,Automatic,Station wagon,silver,8400000.0
Perodua,Axia,2015.0,11.0,0.0,998.0,Ambalangoda,Used,Petrol,Automatic,Hatchback,green,5100000.0
Micro,Panda Cross,2016.0,10.0,38400.0,1300.0,Dehiwala,Used,Petrol,Manual,Hatchback,black,4100000.0
Honda,Fit,2013.0,13.0,118000.0,1500.0,Kandy,Used,Petrol,Automatic,Hatchback,yellow,6950000.0
Honda,Fit,2013.0,13.0,120000.0,1495.0,Baddegama,Used,Petrol,Automatic,Hatchback,blue,8800000.0
Nissan,Sunny,2001.0,25.0,100000.0,1490.0,Batticaloa,Used,Petrol,Manual,Hatchback,silver,3550000.0
Renault,KWID,2016.0,10.0,0.0,800.0,Hasalaka,Used,Petrol,Manual,Liftback,other,3800000.0
Toyota,Premio,2017.0,9.0,114000.0,1500.0,Ambalangoda,Used,Petrol,Automatic,Saloon,maroon,14000000.0
Toyota,Sprinter,2000.0,26.0,0.0,1500.0,Athurugiriya,Used,Petrol,Automatic,Saloon,gray,4500000.0
Toyota,Axio,2008.0,18.0,0.0,1500.0,Gampaha,Used,Petrol,Automatic,Saloon,silver,7350000.0
Suzuki,Wagon R,2025.0,1.0,1500.0,690.0,Kurunegala,Brand New,Hybrid,Automatic,Hatchback,white,8500000.0
Toyota,Vitz,2017.0,9.0,52000.0,990.0,Adampan,Used,Petrol,Automatic,Hatchback,white,8200000.0
Toyota,Premio,2010.0,16.0,85800.0,1500.0,Chilaw,Used,Petrol,Automatic,Liftback,maroon,9650000.0
Nissan,March,2001.0,25.0,144150.0,990.0,Ambalangoda,Used,Petrol,Automatic,Hatchback,gray,3750000.0
Toyota,Aqua,2015.0,11.0,129000.0,1500.0,Horana,Used,Hybrid,Automatic,Hatchback,black,7950000.0
Nissan,March,2002.0,24.0,123449.0,1240.0,Beruwala,Used,Petrol,Automatic,Hatchback,orange,3500000.0
Toyota,Belta,2007.0,19.0,150000.0,1500.0,Oluvil,Used,Petrol,Automatic,Sedan,silver,6450000.0
Honda,Fit,2014.0,12.0,80000.0,1500.0,Gampaha,Used,Petrol,Automatic,Hatchback,silver,7290000.0
Suzuki,Wagon R,2017.0,9.0,85000.0,650.0,Colombo Fort (Colombo 01),Used,Hybrid,Automatic,Hatchback,white,5975000.0
Suzuki,Wagon R,2024.0,2.0,10000.0,660.0,Kurunegala,Brand New,Petrol,Automatic,Hatchback,beige,7400000.0
Toyota,Prius,2011.0,15.0,211000.0,1500.0,Biyagama,Used,Petrol,Automatic,Saloon,white,7500000.0
Suzuki,Alto,2016.0,10.0,83600.0,1000.0,Negombo,Used,Petrol,Other,Saloon,red,4650000.0
Suzuki,Spacia,2023.0,3.0,3779.0,650.0,Kurunegala,Brand New,Hybrid,Automatic,Convertible,brown,8650000.0
Toyota,Prius,2013.0,13.0,168000.0,1500.0,Pasyala,Used,Petrol,Automatic,Hatchback,white,9450000.0
Toyota,Vitz,2007.0,19.0,180000.0,1000.0,Pepiliyana,Used,Petrol,Automatic,Hatchback,white,5075000.0
Suzuki,Celerio,2016.0,10.0,130000.0,1000.0,Ratmalana,Used,Petrol,Automatic,Liftback,red,4900000.0
Suzuki,Alto,2014.0,12.0,170000.0,800.0,Kandy,Used,Petrol,Manual,Hatchback,black,3575000.0
Toyota,Passo,2023.0,3.0,6600.0,660.0,Kottawa,Brand New,Petrol,Automatic,Hatchback,gray,8200000.0
Suzuki,Celerio,2015.0,11.0,93000.0,1000.0,Kadawatha,Used,Petrol,Automatic,Hatchback,white,4925000.0
Perodua,Viva,2011.0,15.0,165810.0,1000.0,Galle,Used,Petrol,Automatic,Hatchback,silver,4190000.0
Suzuki,Wagon R,2015.0,11.0,145000.0,1000.0,Gampola,Used,Petrol,Automatic,Hatchback,black,5750000.0
Suzuki,Wagon R,2016.0,10.0,0.0,650.0,Ambalangoda,Used,Petrol,Automatic,Hatchback,white,5600000.0
Toyota,Vitz,2015.0,11.0,92500.0,990.0,Pannipitiya,Used,Petrol,Automatic,,silver,6900000.0
Toyota,Aqua,2013.0,13.0,0.0,1500.0,Gampaha,Used,Hybrid,Automatic,Liftback,white,7000000.0
Mitsubishi,Lancer,1991.0,35.0,0.0,1500.0,Homagama,Used,Petrol,Manual,Sedan,red,1750000.0
Toyota,Passo,2009.0,17.0,127000.0,990.0,Badulla,Used,Petrol,Automatic,Hatchback,red,5025000.0
Toyota,Vitz,2018.0,8.0,63000.0,1000.0,Kadawatha,Used,Petrol,Automatic,Hatchback,white,7800000.0
Toyota,Allion,2012.0,14.0,134000.0,1500.0,Matara,Used,Petrol,Automatic,Saloon,white,10200000.0
Toyota,Allion,2016.0,10.0,108000.0,1500.0,Delgoda,Used,Petrol,Automatic,,red,12950000.0
Toyota,Vitz,2019.0,7.0,37000.0,690.0,Welimada,Used,Hybrid,Automatic,Hatchback,red,8700000.0
Suzuki,Wagon R,2024.0,2.0,13700.0,650.0,Veyangoda,Reconditioned,Petrol,Automatic,Station wagon,black,7150000.0
Perodua,Axia,2016.0,10.0,71000.0,1000.0,Katuwawala,Used,Petrol,Automatic,Hatchback,white,5600000.0
Daihatsu,Taft,2025.0,1.0,0.0,1500.0,Nugegoda,Brand New,Petrol,Automatic,Station wagon,white,8790000.0
Suzuki,Wagon R,2025.0,1.0,2700.0,650.0,Yakkala,Reconditioned,Petrol,Automatic,Hatchback,silver,7650000.0
Suzuki,Alto,2015.0,11.0,59000.0,800.0,Buttala,Used,Petrol,Manual,Hatchback,white,3750000.0
Toyota,Vitz,2016.0,10.0,90000.0,1000.0,Kegalle,Used,Petrol,Automatic,Hatchback,blue,6750000.0
BMW,5 Series,2013.0,13.0,171000.0,1995.0,Gampaha,Used,Diesel,Automatic,Sedan,white,22000000.0
Toyota,Aqua,2016.0,10.0,0.0,1300.0,Hinatiyana Madawala,Used,Petrol,Automatic,Hatchback,pink,7500000.0
Toyota,Aqua,2014.0,12.0,0.0,1500.0,Ambalangoda,Used,Hybrid,Automatic,Liftback,blue,7300000.0
Toyota,Axio,2018.0,8.0,122000.0,1500.0,Anuradhapura,Used,Hybrid,Automatic,Liftback,white,12800000.0
Honda,Fit,2013.0,13.0,0.0,1330.0,Wennappuwa,Used,Hybrid,Automatic,Hatchback,silver,8750000.0
Toyota,Prius,2014.0,12.0,210000.0,1500.0,Ambalangoda,Used,Petrol,Automatic,Sedan,white,10500000.0
Toyota,Axio,2010.0,16.0,0.0,1500.0,Alutgama,Used,Petrol,Manual,Sedan,brown,11200000.0
Suzuki,Celerio,2014.0,12.0,87000.0,1000.0,Dehiwala,Used,Petrol,Tiptronic,Hatchback,yellow,4750000.0
Suzuki,Wagon R,2023.0,3.0,0.0,650.0,Mawathagama,Brand New,Petrol,Automatic,Station wagon,blue,6800000.0
BMW,5 Series,2003.0,23.0,218136.0,2171.0,Negombo,Used,Petrol,Automatic,Saloon,silver,8900000.0
Suzuki,Alto,2024.0,2.0,11300.0,650.0,Nittambuwa,Reconditioned,Hybrid,Automatic,Hatchback,blue,7200000.0
Subaru,Impreza,2000.0,26.0,135000.0,1597.0,Kesbewa,Used,Petrol,Manual,Sedan,green,4295000.0
Toyota,Prius,2013.0,13.0,85000.0,690.0,Badulla,Used,Diesel,Automatic,Hatchback,white,6900000.0
Suzuki,Spacia,2025.0,1.0,0.0,660.0,Kurunegala,Brand New,Hybrid,Automatic,Convertible,silver,9700000.0
Toyota,Allion,2004.0,22.0,1111.0,1490.0,Kurunegala,Used,Petrol,Manual,Hatchback,red,6675000.0
Perodua,Axia,2016.0,10.0,37445.0,1000.0,Kandy,Used,Petrol,Automatic,Hatchback,silver,5450000.0
Suzuki,Wagon R,2014.0,12.0,196.0,1000.0,Horana,Used,Petrol,Manual,Hatchback,red,4100000.0
Nissan,AD Wagon,1999.0,27.0,0.0,1500.0,Tennekumbura,Used,Petrol,Automatic,Station wagon,gray,3400000.0
Nissan,Roox,2016.0,10.0,0.0,659.0,Kandy,Used,Petrol,Automatic,Hatchback,white,6800000.0
Toyota,Prius,2009.0,17.0,156487.0,1500.0,Moratuwa,Used,Petrol,Automatic,Hatchback,black,7250000.0
Nissan,Sakura,2023.0,3.0,9800.0,,Horana,Brand New,Electric,Automatic,Hatchback,blue,7850000.0
Toyota,Belta,2007.0,19.0,167000.0,1490.0,Matara,Used,Petrol,Manual,Sedan,blue,6200000.0
Toyota,Aqua,2014.0,12.0,152000.0,1500.0,Dehiwala,Used,Petrol,Automatic,Liftback,blue,7450000.0
Toyota,Prius,2014.0,12.0,175000.0,1799.0,Kandy,Used,Hybrid,Automatic,Hatchback,black,10500000.0
Toyota,Belta,2007.0,19.0,150000.0,990.0,Wellampitiya,Used,Petrol,Automatic,Liftback,white,5975000.0
BMW,5 Series,2013.0,13.0,151000.0,2000.0,Ambalangoda,Used,Diesel,Automatic,Saloon,black,22000000.0
Hyundai,Accent,2003.0,23.0,165500.0,1200.0,Wellawatta (Colombo 06),Used,Petrol,Manual,Hatchback,black,2625000.0
Toyota,Aqua,2013.0,13.0,124000.0,1459.0,Rajagiriya,Used,Hybrid,Automatic,Hatchback,white,6800000.0
Toyota,Yaris,2024.0,2.0,1500.0,1800.0,Kotte,Brand New,Hybrid,Automatic,Hatchback,white,10600000.0
Toyota,Axio,2017.0,9.0,190000.0,1500.0,Ambalangoda,Used,Petrol,Automatic,Saloon,white,10400000.0
Toyota,Vitz,2016.0,10.0,110000.0,1300.0,Ambalangoda,Used,Petrol,Automatic,Hatchback,blue,7000000.0
Toyota,Aqua,2015.0,11.0,85000.0,1500.0,Ambalangoda,Used,Petrol,Automatic,Hatchback,black,8300000.0
Honda,Civic,2008.0,18.0,180000.0,1339.0,Makola,Used,Hybrid,Automatic,Sedan,silver,7700000.0
Suzuki,Alto,2015.0,11.0,0.0,800.0,Gampola,Used,Petrol,Manual,Liftback,white,4000000.0
Toyota,Allion,2003.0,23.0,151000.0,1500.0,Panadura,Used,Petrol,Automatic,Saloon,silver,6800000.0
Mitsubishi,Lancer,2008.0,18.0,0.0,1299.0,Homagama,Used,Petrol,Automatic,Sports,blue,7000000.0
MG,6,2014.0,12.0,100000.0,1800.0,Kandy,Used,Petrol,Manual,Saloon,silver,5870000.0
Suzuki,Wagon R,2018.0,8.0,105000.0,650.0,Ratnapura,Reconditioned,Petrol,Automatic,Hatchback,red,6200000.0
Toyota,Vitz,2018.0,8.0,75000.0,1000.0,Karapitiya,Used,Petrol,Automatic,Hatchback,white,8300000.0
Nissan,Sunny,2005.0,21.0,0.0,1400.0,Kuliyapitiya,Used,Diesel,Manual,Saloon,white,3800000.0
Toyota,Axio,2017.0,9.0,180000.0,1469.0,Slave Island (Colombo 02),Used,Petrol,Automatic,Saloon,blue,10200000.0
Toyota,Premio,2018.0,8.0,98000.0,1500.0,Matara,Used,Petrol,Automatic,Liftback,white,15600000.0
Suzuki,Wagon R,2015.0,11.0,137000.0,650.0,Ambalangoda,Used,Hybrid,Automatic,Hatchback,white,5300000.0
BMW,7 Series,2018.0,8.0,65000.0,1800.0,Ambalangoda,Used,Petrol,Automatic,Saloon,black,37000000.0
Suzuki,Wagon R,2015.0,11.0,53000.0,650.0,Nittambuwa,Used,Hybrid,Automatic,Hatchback,silver,5600000.0
Mitsubishi,eK,2023.0,3.0,0.0,660.0,Kottawa,Brand New,Petrol,Automatic,Liftback,silver,6850000.0
Suzuki,A Star,2011.0,15.0,109000.0,800.0,Boralesgamuwa,Used,Petrol,Manual,Hatchback,white,3500000.0
Suzuki,Wagon R,2017.0,9.0,119000.0,650.0,Ambalangoda,Used,Petrol,Automatic,Hatchback,white,6500000.0
Toyota,Axio,2007.0,19.0,300000.0,1500.0,Ambalangoda,Used,Petrol,Automatic,Saloon,white,6800000.0
Suzuki,Alto,2015.0,11.0,55000.0,800.0,Ampara,Used,Petrol,Manual,Hatchback,black,3950000.0
Suzuki,Estilo,2010.0,16.0,167000.0,1000.0,Kahawatta,Used,Petrol,Manual,Hatchback,red,3450000.0
Suzuki,Celerio,2018.0,8.0,48000.0,1000.0,Kadawatha,Used,Petrol,Automatic,Hatchback,blue,5825000.0
Suzuki,Wagon R,2017.0,9.0,102000.0,600.0,Gampaha,Used,Petrol,Automatic,Hatchback,white,7050000.0
Toyota,Prius,2012.0,14.0,145000.0,1800.0,Kurunegala,Used,Hybrid,Automatic,Hatchback,maroon,10750000.0
BMW,5 Series,2010.0,16.0,160000.0,2497.0,Pita Kotte,Used,Petrol,Automatic,,black,16900000.0
Toyota,Aqua,2013.0,13.0,180000.0,1200.0,Mirigama,Used,Petrol,Automatic,Hatchback,silver,7500000.0
Toyota,Prius,2013.0,13.0,110000.0,1800.0,Kekirawa,Used,Petrol,Automatic,Hatchback,white,11950000.0
Nissan,Dayz,2024.0,2.0,6600.0,660.0,Kottawa,Reconditioned,Petrol,Automatic,Hatchback,other,7250000.0
Toyota,Vitz,2007.0,19.0,0.0,1300.0,Kottawa,Used,Petrol,Automatic,Hatchback,black,6000000.0
Nissan,Sunny,1994.0,32.0,0.0,1500.0,Chilaw,Used,Petrol,Manual,Hatchback,white,3000000.0
Mazda,Flair,2023.0,3.0,1500.0,660.0,Kottawa,Brand New,Hybrid,Automatic,Hatchback,white,7250000.0
Nissan,B11,2023.0,3.0,16000.0,1200.0,Embilipitiya,Used,Petrol,Automatic,Station wagon,black,13850000.0
Suzuki,Spacia,2024.0,2.0,4000.0,650.0,Kandy,Reconditioned,Hybrid,Automatic,Hatchback,silver,9950000.0
Suzuki,Alto,2015.0,11.0,106140.0,800.0,Ambalangoda,Used,Petrol,Manual,Hatchback,white,3700000.0
Peugeot,206,2000.0,26.0,132000.0,1390.0,Wattala,Used,Petrol,Automatic,Hatchback,silver,3550000.0
Suzuki,Wagon R,2019.0,7.0,60000.0,650.0,Ratnapura,Used,Hybrid,Automatic,Hatchback,white,6995000.0
Suzuki,Alto,2014.0,12.0,0.0,800.0,Divulapitiya,Used,Petrol,Manual,Hatchback,blue,3595000.0
BMW,5 Series,2012.0,14.0,110000.0,2000.0,Galle,Used,Diesel,Automatic,Saloon,brown,20800000.0
Honda,Insight,2011.0,15.0,167000.0,1200.0,Beliatta,Used,Petrol,Automatic,Saloon,black,7350000.0
Nissan,Almera,2025.0,1.0,0.0,1000.0,Kalubowila,Brand New,Petrol,Automatic,Saloon,black,11900000.0
Suzuki,Wagon R,2024.0,2.0,12400.0,660.0,Kohuwala,Used,Hybrid,Automatic,Station wagon,brown,7950000.0
Mitsubishi,eK,2024.0,2.0,2000.0,660.0,Kurunegala,Brand New,Petrol,Automatic,Convertible,white,6900000.0
Suzuki,Wagon R,2017.0,9.0,80000.0,650.0,Galle,Used,Petrol,Automatic,Station wagon,white,6500000.0
Toyota,Axio,2015.0,11.0,,1500.0,Nittambuwa,Used,Hybrid,Automatic,Saloon,brown,9290000.0
Toyota,Axio,2015.0,11.0,168000.0,,Rajagiriya,Used,Petrol,Automatic,Hatchback,silver,8500000.0
Toyota,Prius,2010.0,16.0,216000.0,1900.0,Rajagiriya,Used,Hybrid,Automatic,Saloon,white,8600000.0
Toyota,Aqua,2012.0,14.0,182000.0,1500.0,Horana,Used,Hybrid,Automatic,Liftback,blue,6900000.0
Toyota,Aqua,2012.0,14.0,112000.0,1490.0,Nittambuwa,Used,Hybrid,Automatic,Hatchback,orange,6790000.0
BMW,3 Series,2011.0,15.0,201500.0,2000.0,Ja-Ela,Used,Diesel,Tiptronic,Saloon,maroon,11460000.0
Honda,Fit,2011.0,15.0,140000.0,1330.0,Kalpitiya,Used,Hybrid,Automatic,Hatchback,green,6500000.0
Mazda,Flair,2023.0,3.0,6600.0,660.0,Kottawa,Brand New,Hybrid,Automatic,Hatchback,orange,7650000.0
Nissan,Roox,2024.0,2.0,0.0,660.0,Kurunegala,Brand New,Petrol,Manual,Station wagon,white,8400000.0
Hyundai,Santro,2005.0,21.0,0.0,1200.0,Horana,Used,Petrol,Manual,,gray,2500000.0
Mazda,Axela,2007.0,19.0,149700.0,2007.0,Malabe,Used,Petrol,Automatic,Saloon,white,6075000.0
Suzuki,Swift,2003.0,23.0,149759.0,1300.0,Galigamuwa Town,Used,Petrol,Automatic,Hatchback,other,4100000.0
Daihatsu,Boon,2017.0,9.0,52000.0,1000.0,Wellampitiya,Used,Petrol,Automatic,Sedan,red,7550000.0
Suzuki,Wagon R,2024.0,2.0,1850.0,650.0,Nugegoda,Brand New,Hybrid,Automatic,Sedan,white,7750000.0
Mercedes Benz,E Class,2019.0,7.0,53000.0,1497.0,Rajagiriya,Used,Petrol,Automatic,Saloon,white,35000000.0
Suzuki,Celerio,2017.0,9.0,5500.0,1000.0,Athurugiriya,Used,Petrol,Tiptronic,Hatchback,gray,5700000.0
Suzuki,Celerio,2015.0,11.0,59000.0,1000.0,Anuradhapura,Used,Petrol,Manual,Hatchback,white,5300000.0
Nissan,Dayz,2025.0,1.0,1000.0,658.0,Negombo,Reconditioned,Petrol,Automatic,Hatchback,white,8750000.0
Toyota,Super GL,2007.0,19.0,185000.0,,Colombo Fort (Colombo 01),Used,Diesel,Automatic,Convertible,black,16900000.0
Toyota,Premio,2010.0,16.0,118000.0,1500.0,Kandy,Used,Petrol,Automatic,Hatchback,gray,8990000.0
Nissan,FB 13,1992.0,34.0,195000.0,1500.0,Kuliyapitiya,Used,Petrol,Manual,Saloon,other,2400000.0
Toyota,Vitz,2016.0,10.0,135000.0,1000.0,Ratnapura,Used,Petrol,Manual,Liftback,black,6900000.0
Suzuki,Swift,2017.0,9.0,97500.0,1300.0,Ambalangoda,Used,Hybrid,Automatic,Hatchback,red,7900000.0
Toyota,Aqua,2012.0,14.0,166000.0,1500.0,Ambalangoda,Used,Hybrid,Automatic,Hatchback,silver,6600000.0
Toyota,Aqua,2014.0,12.0,140000.0,1200.0,Pussellawa,Used,Petrol,Automatic,Hatchback,white,7800000.0
Suzuki,Zen,2004.0,22.0,130000.0,1000.0,Galewela,Used,Petrol,Manual,Hatchback,silver,2250000.0
Suzuki,Baleno,2019.0,7.0,51492.0,1000.0,Borella (Colombo 08),Used,Petrol,Automatic,Hatchback,gray,7950000.0
Toyota,Axio,2016.0,10.0,0.0,1490.0,Boralesgamuwa,Used,Hybrid,Automatic,Hatchback,brown,10850000.0
BMW,5 Series,2012.0,14.0,75000.0,2000.0,Mount Lavinia,Used,Diesel,Automatic,Saloon,beige,21000000.0
Nissan,Pulsar,1999.0,27.0,189298.0,1500.0,Negombo,Used,Petrol,Automatic,Saloon,silver,3350000.0
Toyota,Vitz,2018.0,8.0,38000.0,990.0,Kelaniya,Used,Petrol,Automatic,,gray,7500000.0
Toyota,Corolla,,,0.0,1200.0,Horana,Used,Petrol,Manual,,red,850000.0
Toyota,Yaris,2023.0,3.0,3500.0,690.0,Kurunegala,Brand New,Hybrid,Automatic,Hatchback,white,8500000.0
Suzuki,Swift,2018.0,8.0,83000.0,1240.0,Ratmalana,Used,Hybrid,Automatic,Hatchback,red,9650000.0
Suzuki,Wagon R,2017.0,9.0,64000.0,660.0,Pannipitiya,Used,Petrol,Automatic,Hatchback,black,6650000.0
Toyota,Passo,2023.0,3.0,8400.0,1000.0,Mount Lavinia,Reconditioned,Petrol,Automatic,Hatchback,blue,8200000.0
Suzuki,Wagon R,2017.0,9.0,114000.0,,Sooriyawewa Town,Used,Petrol,Automatic,Hatchback,other,6390000.0
Toyota,Vitz,2007.0,19.0,160000.0,650.0,Alutgama,Used,Petrol,Automatic,Hatchback,silver,5350000.0
Toyota,Corsa,1998.0,28.0,183000.0,1500.0,Kandana,Used,Petrol,Automatic,Saloon,silver,4400000.0
Suzuki,Alto,2024.0,2.0,0.0,1500.0,Rajagiriya,Brand New,Petrol,Automatic,Station wagon,silver,6390000.0
Honda,Civic,2018.0,8.0,84000.0,1000.0,Pannipitiya,Used,Petrol,Automatic,Saloon,black,12700000.0
Toyota,DX Wagon,1990.0,36.0,100000.0,1300.0,Badulla,Used,Petrol,Manual,Station wagon,green,1900000.0
Honda,Fit,2014.0,12.0,87000.0,1496.0,Gampaha,Used,Hybrid,Automatic,Hatchback,white,8200000.0
Toyota,Corolla,2008.0,18.0,177000.0,1600.0,Gampaha,Used,Petrol,Automatic,Saloon,black,6700000.0
Toyota,Aqua,2017.0,9.0,92000.0,1500.0,Nikaweratiya,Used,Petrol,Automatic,Hatchback,blue,9100000.0
Suzuki,Alto,2015.0,11.0,88487.0,800.0,Wattala,Used,Petrol,Manual,Hatchback,black,3890000.0
BMW,3 Series,2011.0,15.0,120000.0,2000.0,Kadawatha,Used,Diesel,Automatic,Hatchback,white,13000000.0
Toyota,Yaris,2022.0,4.0,0.0,1500.0,Maharagama,Brand New,Hybrid,Automatic,Hatchback,white,11990000.0
Nissan,March,2001.0,25.0,145000.0,990.0,Kottawa,Used,Petrol,Automatic,Station wagon,blue,3000000.0
Renault,KWID,2016.0,10.0,0.0,800.0,Padukka,Used,Petrol,Manual,Hatchback,brown,3700000.0
BMW,M Series,2012.0,14.0,160000.0,2000.0,Ambalangoda,Used,Diesel,Automatic,Sedan,black,19500000.0
Perodua,Viva,2013.0,13.0,92000.0,1000.0,Adampan,Used,Petrol,Automatic,Hatchback,purple,4675000.0
Suzuki,Wagon R,2016.0,10.0,95000.0,660.0,Panadura,Used,Petrol,Automatic,Hatchback,black,5600000.0
Toyota,Corolla,2004.0,22.0,123.0,1500.0,Matugama,Used,Petrol,Manual,Sedan,black,5800000.0
Toyota,Prius,2011.0,15.0,165000.0,1600.0,Ambalangoda,Used,Hybrid,Automatic,Liftback,black,8250000.0
Suzuki,Wagon R,2025.0,1.0,0.0,660.0,Kohuwala,Brand New,Petrol,Automatic,Hatchback,white,8650000.0
Toyota,Allion,2008.0,18.0,250000.0,1500.0,Ambalangoda,Used,Petrol,Automatic,Sedan,black,7700000.0
Toyota,Passo,2008.0,18.0,154000.0,990.0,Delgoda,Used,Petrol,Automatic,Hatchback,white,5250000.0
Honda,City,2025.0,1.0,135.0,1000.0,Kollupitiya (Colombo 03),Brand New,Petrol,Tiptronic,Sedan,gray,13500000.0
Mazda,Flair,2015.0,11.0,179000.0,660.0,Ja-Ela,Used,Hybrid,Automatic,Station wagon,beige,6175000.0
Toyota,Corolla,1988.0,38.0,467000.0,1800.0,Matara,Used,Diesel,Manual,Sedan,white,2800000.0
Micro,Panda,2018.0,8.0,91000.0,1000.0,Panadura,Used,Petrol,Automatic,Hatchback,white,4000000.0
Suzuki,Maruti,2007.0,19.0,92000.0,800.0,Homagama,Used,Petrol,Manual,Liftback,blue,2150000.0
Toyota,Starlet,1986.0,40.0,0.0,1300.0,Horana,Used,Petrol,Manual,,black,1450000.0
Toyota,Corolla,2004.0,22.0,125000.0,1500.0,Kadawatha,Used,Petrol,Automatic,Saloon,white,6275000.0
Suzuki,Hustler,2016.0,10.0,85000.0,650.0,Pussellawa,Used,Petrol,Automatic,Hatchback,yellow,6800000.0
Ford,Fiesta,2015.0,11.0,0.0,1000.0,Colombo Fort (Colombo 01),Used,Petrol,Automatic,Hatchback,white,7950000.0
Toyota,Crown,2024.0,2.0,20000.0,2500.0,Kohuwala,Brand New,Petrol,Automatic,Sedan,white,58500000.0
Suzuki,Wagon R,2025.0,1.0,0.0,650.0,Kelaniya,Brand New,Hybrid,Automatic,Hatchback,white,8750000.0
Toyota,Premio,2017.0,9.0,126000.0,1500.0,Matara,Used,Petrol,Automatic,Sedan,white,15000000.0
Suzuki,Wagon R,2018.0,8.0,147000.0,650.0,Ambalangoda,Used,Hybrid,Automatic,Hatchback,white,6625000.0
Suzuki,Swift,2007.0,19.0,170000.0,1300.0,Ambalangoda,Used,Petrol,Automatic,Hatchback,blue,4800000.0
Toyota,Corolla,1995.0,31.0,295000.0,1500.0,Katugastota,Used,Petrol,Manual,Hatchback,silver,2800000.0
Toyota,Axio,2015.0,11.0,160000.0,1500.0,Wattala,Used,Hybrid,Automatic,Saloon,white,9950000.0
Mitsubishi,Minica,2008.0,18.0,140000.0,998.0,Badalgama,Used,Petrol,Automatic,Hatchback,black,3550000.0
KIA,Rio,2002.0,24.0,149000.0,1300.0,Kolonnawa,Reconditioned,Petrol,Manual,Saloon,blue,680000.0
Suzuki,Maruti,2012.0,14.0,79288.0,800.0,Gurudeniya,Used,Petrol,Manual,Hatchback,maroon,2575000.0
Nissan,Sunny,2003.0,23.0,0.0,1500.0,Kurunegala,Used,Petrol,Automatic,Saloon,silver,4550000.0
Suzuki,Wagon R,2018.0,8.0,0.0,800.0,Angoda,Used,Petrol,Automatic,Hatchback,black,6900000.0
Suzuki,Wagon R,2015.0,11.0,106900.0,650.0,Akarawita,Used,Petrol,Automatic,,white,5250000.0
Suzuki,Wagon R,2017.0,9.0,53000.0,650.0,Nittambuwa,Used,Hybrid,Automatic,Hatchback,blue,6250000.0
Daihatsu,Mira,2018.0,8.0,0.0,,Kotahena (Colombo 13),Used,Petrol,Automatic,Hatchback,gray,5450000.0
Toyota,Vitz,2017.0,9.0,55000.0,1300.0,Ambalangoda,Used,Petrol,Automatic,Hatchback,black,7700000.0
Honda,Civic,2018.0,8.0,48000.0,1500.0,Kohuwala,Used,Petrol,Automatic,Sedan,blue,12900000.0
Nissan,AD Wagon,2001.0,25.0,200000.0,1300.0,Bemmulla,Used,Petrol,Automatic,Station wagon,white,3450000.0
Toyota,Aqua,2015.0,11.0,90000.0,1500.0,Ambalangoda,Used,Hybrid,Automatic,Liftback,black,8250000.0
Toyota,Aqua,2014.0,12.0,90905.0,1600.0,Ambalangoda,Used,Hybrid,Automatic,Hatchback,blue,7150000.0
Mitsubishi,Lancer,2006.0,20.0,151000.0,1500.0,Nittambuwa,Used,Petrol,Automatic,Saloon,silver,6900000.0
Nissan,Roox,2023.0,3.0,6600.0,660.0,Kottawa,Brand New,Petrol,Automatic,Hatchback,white,7575000.0
Suzuki,Alto,2006.0,20.0,0.0,1000.0,Matugama,Used,Petrol,Manual,Hatchback,black,2750000.0
Toyota,Allion,2007.0,19.0,260000.0,1500.0,Homagama,Used,Petrol,Automatic,Sedan,red,7800000.0
Daihatsu,Mira,2024.0,2.0,0.0,660.0,Embilipitiya,Reconditioned,Petrol,Automatic,Hatchback,silver,6990000.0
Suzuki,Wagon R,2024.0,2.0,4000.0,650.0,Kalubowila,Reconditioned,Petrol,Automatic,Hatchback,blue,7800000.0
Suzuki,Spacia,2024.0,2.0,4000.0,650.0,Madawala Bazaar,Brand New,Hybrid,Automatic,Station wagon,white,9375000.0
BMW,5 Series,2013.0,13.0,134000.0,1500.0,Ambalangoda,Used,Diesel,Automatic,Saloon,gold,17100000.0
Perodua,Bezza,2019.0,7.0,128000.0,1000.0,Kurunegala,Used,Petrol,Automatic,Saloon,white,6450000.0
Toyota,Axio,2017.0,9.0,150000.0,1500.0,Ambalangoda,Used,Hybrid,Automatic,Sedan,white,11200000.0
Toyota,Vitz,2017.0,9.0,113000.0,1000.0,Ambalangoda,Used,Petrol,Automatic,Hatchback,black,7300000.0
Toyota,Premio,2019.0,7.0,126000.0,1500.0,Matara,Used,Petrol,Automatic,Sedan,white,16400000.0
Toyota,Aqua,2013.0,13.0,249143.0,1490.0,Siyambalape,Reconditioned,Petrol,Automatic,Sedan,blue,7125000.0
Suzuki,Wagon R,2024.0,2.0,8000.0,650.0,Kurunegala,Brand New,Petrol,Automatic,Hatchback,white,7500000.0
Suzuki,Swift,2017.0,9.0,102000.0,1240.0,Kegalle,Used,Hybrid,Automatic,Hatchback,gray,7800000.0
Suzuki,Spacia,2024.0,2.0,3300.0,650.0,Kurunegala,Brand New,Hybrid,Automatic,,red,9750000.0
Toyota,Passo,2023.0,3.0,0.0,1000.0,Kottawa,Brand New,Petrol,Automatic,Hatchback,beige,8250000.0
Toyota,Vitz,2018.0,8.0,83000.0,1000.0,Ambalangoda,Used,Petrol,Automatic,Hatchback,white,8500000.0
Toyota,Prius,2010.0,16.0,180000.0,1500.0,Kadawatha,Used,Hybrid,Automatic,Saloon,purple,8500000.0
Toyota,Vitz,2017.0,9.0,119000.0,1300.0,Dikwella,Used,Petrol,Automatic,Liftback,white,7990000.0
Nissan,March,2000.0,26.0,0.0,990.0,Ambalangoda,Used,Petrol,Automatic,Hatchback,blue,3550000.0
Toyota,Vitz,2016.0,10.0,238000.0,1000.0,Matara,Used,Petrol,Automatic,Hatchback,white,6900000.0
Toyota,Corolla,2002.0,24.0,280000.0,1200.0,Valaichenai,Used,Petrol,Automatic,Saloon,blue,5690000.0
Toyota,Vitz,2005.0,21.0,99312.0,990.0,Ambalangoda,Used,Petrol,Automatic,Hatchback,black,4750000.0
Suzuki,Swift,2005.0,21.0,138000.0,1300.0,Maradana (Colombo 10),Used,Petrol,Automatic,Convertible,blue,5250000.0
Nissan,Sunny,1987.0,39.0,300000.0,1500.0,Poddala,Used,Petrol,Manual,Saloon,white,1650000.0
KIA,Rio,2009.0,17.0,,1300.0,Hanwella,Used,Petrol,Manual,Sports,blue,2675000.0
Suzuki,Alto,2015.0,11.0,50000.0,800.0,Kadawatha,Used,Petrol,Manual,Hatchback,black,3775000.0
Toyota,Premio,2008.0,18.0,160000.0,1800.0,Kurunegala,Used,Petrol,Automatic,Liftback,silver,8300000.0
Honda,Civic,2011.0,15.0,235000.0,1799.0,Ambalangoda,Used,Petrol,Automatic,Sedan,gray,6950000.0
Toyota,Mark II,,,0.0,2000.0,Kandy,Used,Petrol,Manual,Sedan,green,1400000.0
Toyota,Aqua,2013.0,13.0,180000.0,1200.0,Athurugiriya,Used,Petrol,Automatic,Sports,silver,7400000.0
Suzuki,Celerio,2015.0,11.0,0.0,998.0,Cinnamon Garden (Colombo 07),Used,Petrol,Automatic,Hatchback,red,4950000.0
Suzuki,Alto,2010.0,16.0,61500.0,800.0,Anuradhapura,Used,Petrol,Manual,Hatchback,orange,3175000.0
Hyundai,Santro,2002.0,24.0,170406.0,1100.0,Delgoda,Used,Petrol,Manual,Hatchback,gold,2390000.0
Honda,Fit,2015.0,11.0,143000.0,1000.0,Kadawatha,Used,Petrol,Automatic,Saloon,red,7800000.0
Suzuki,XBee,2023.0,3.0,6600.0,660.0,Kottawa,Brand New,Hybrid,Automatic,Hatchback,green,10300000.0
Suzuki,Swift,1998.0,28.0,165000.0,1300.0,Piliyandala,Used,Petrol,Manual,Liftback,blue,2495000.0
Suzuki,Alto,2015.0,11.0,160000.0,800.0,Ambalangoda,Used,Petrol,Manual,Hatchback,gray,3800000.0
Toyota,Aqua,2014.0,12.0,180000.0,1500.0,Athurugiriya,Used,Petrol,Automatic,Hatchback,black,7775000.0
Toyota,Aqua,2015.0,11.0,105000.0,1000.0,Nugegoda,Used,Petrol,Automatic,Hatchback,black,8300000.0
Toyota,Prius,2009.0,17.0,125000.0,1600.0,Ambalangoda,Used,Hybrid,Automatic,Liftback,black,8350000.0
Nissan,Sunny,2001.0,25.0,184177.0,1498.0,Kurunegala,Brand New,Petrol,Manual,Saloon,silver,4650000.0
Toyota,Aqua,2014.0,12.0,0.0,1190.0,Colombo Fort (Colombo 01),Used,Petrol,Automatic,Hatchback,white,8050000.0
Toyota,Corolla,2000.0,26.0,105000.0,1490.0,Boralesgamuwa,Used,Petrol,Automatic,Sedan,white,3250000.0
Geely,Panda,2015.0,11.0,0.0,650.0,Polonnaruwa,Reconditioned,Petrol,Manual,Hatchback,silver,3200000.0
Honda,Fit,2014.0,12.0,164547.0,1300.0,Ambalangoda,Used,Petrol,Automatic,Hatchback,white,7700000.0
Suzuki,Estilo,2010.0,16.0,175000.0,998.0,Ratmalana,Used,Petrol,Manual,Hatchback,black,3850000.0
KIA,Picanto,2017.0,9.0,38050.0,1000.0,Wellawatta (Colombo 06),Used,Petrol,Manual,Hatchback,red,6000000.0
Toyota,Starlet,1986.0,40.0,0.0,1400.0,Gonapola Junction,Used,Petrol,Manual,Sedan,black,1650000.0
Toyota,Aqua,2017.0,9.0,0.0,1500.0,Ambalangoda,Used,Hybrid,Automatic,Hatchback,gray,9050000.0
Toyota,Allion,2002.0,24.0,195000.0,1490.0,Negombo,Used,Petrol,Manual,Saloon,silver,6195000.0
Subaru,XV,2014.0,12.0,149000.0,1995.0,Gampaha,Used,Hybrid,Automatic,Hatchback,black,8300000.0
Toyota,Starlet,1997.0,29.0,230000.0,1330.0,Kiribathgoda,Used,Petrol,Automatic,Sports,silver,3675000.0
Suzuki,Alto,2014.0,12.0,179000.0,800.0,Anuradhapura,Used,Petrol,Manual,Hatchback,blue,3585000.0
Toyota,Allion,2016.0,10.0,160000.0,1490.0,Borella (Colombo 08),Used,Petrol,Automatic,Sedan,black,12800000.0
Toyota,Prius,2011.0,15.0,138000.0,1800.0,Hokandara,Reconditioned,Hybrid,Automatic,Hatchback,white,7500000.0
Honda,Civic,2017.0,9.0,82285.0,1000.0,Telijjawila,Used,Petrol,Automatic,,silver,12500000.0
Suzuki,Swift,2003.0,23.0,125250.0,1300.0,Ganemulla,Used,Petrol,Automatic,Hatchback,silver,4500000.0
Toyota,Axio,2015.0,11.0,107000.0,1500.0,Dompe,Used,Hybrid,Automatic,Sedan,purple,9500000.0
Toyota,Axio,2025.0,1.0,0.0,1500.0,Colombo Fort (Colombo 01),Brand New,Hybrid,Automatic,,white,16500000.0
Suzuki,Wagon R,2024.0,2.0,0.0,690.0,Agaliya,Brand New,Hybrid,Automatic,Hatchback,white,7500000.0
Suzuki,Wagon R,2017.0,9.0,115000.0,650.0,Ambalangoda,Used,Petrol,Automatic,Hatchback,blue,6500000.0
Honda,Grace,2014.0,12.0,120000.0,1500.0,Wellampitiya,Used,Petrol,Automatic,Saloon,gray,7800000.0
Daihatsu,Mira,2025.0,1.0,5000.0,660.0,Kottawagama,Brand New,Petrol,Automatic,Liftback,blue,6725000.0
Toyota,Prius,2016.0,10.0,196500.0,1790.0,Kiribathgoda,Used,Hybrid,Automatic,Saloon,beige,13475000.0
Nissan,Sunny,1998.0,28.0,100000.0,1300.0,Yakkala,Used,Petrol,Manual,Saloon,white,2150000.0
Toyota,Aqua,2015.0,11.0,87000.0,1500.0,Ambalangoda,Used,Hybrid,Automatic,Hatchback,brown,8200000.0
Toyota,Corolla,2005.0,21.0,120000.0,1259.0,Vavuniya,Used,Petrol,Manual,Saloon,blue,5750000.0
Toyota,Prius,2010.0,16.0,165000.0,1798.0,Ratmalana,Used,Hybrid,Automatic,Sedan,blue,8900000.0
Toyota,Prius,2016.0,10.0,138000.0,1800.0,Hokandara,Used,Petrol,Automatic,Hatchback,white,14000000.0
Toyota,Corolla,2008.0,18.0,128000.0,1600.0,Kurunegala,Used,Petrol,Automatic,Liftback,blue,7350000.0
Toyota,Aqua,2012.0,14.0,132000.0,1500.0,Kiribathgoda,Used,Hybrid,Automatic,Hatchback,blue,6800000.0
Honda,Vezel,2017.0,9.0,203000.0,1490.0,Alutgama,Used,Petrol,Automatic,Hatchback,white,13500000.0
Toyota,Corolla,1996.0,30.0,130000.0,1000.0,Kurunegala,Used,Petrol,Manual,Convertible,white,3400000.0
Daihatsu,Charade,2000.0,26.0,75000.0,1300.0,Rajagiriya,Used,Petrol,Other,Liftback,blue,3350000.0
Suzuki,Swift,2009.0,17.0,170000.0,1300.0,Waikkal,Used,Petrol,Automatic,Hatchback,black,5350000.0
Perodua,Elite,2011.0,15.0,100000.0,800.0,Ambalangoda,Used,Petrol,Automatic,Hatchback,silver,4400000.0
Renault,KWID,2018.0,8.0,89000.0,800.0,Ja-Ela,Used,Petrol,Manual,Hatchback,red,3800000.0
Toyota,Yaris,2024.0,2.0,2000.0,1000.0,Gampaha,Reconditioned,Petrol,Automatic,Hatchback,white,9700000.0
Daihatsu,Taft,2025.0,1.0,0.0,990.0,Kottawa,Brand New,Petrol,Automatic,Liftback,black,7800000.0
Micro,Trend,2012.0,14.0,88000.0,1075.0,Kaduwela,Used,Petrol,Manual,Hatchback,white,1795000.0
Suzuki,Celerio,2015.0,11.0,86000.0,1000.0,Akkarayankulam,Used,Petrol,Automatic,Hatchback,white,5450000.0
BMW,4 Series,2014.0,12.0,,1500.0,Kohuwala,Used,Petrol,Automatic,Sedan,black,25500000.0
Honda,N WGN,2016.0,10.0,90000.0,660.0,Matale,Used,Petrol,Automatic,Hatchback,purple,6250000.0
Daihatsu,Mira,2024.0,2.0,0.0,660.0,Kurunegala,Brand New,Petrol,Manual,Liftback,white,7000000.0
Suzuki,Wagon R,2024.0,2.0,9500.0,650.0,Kalubowila,Reconditioned,Petrol,Automatic,Hatchback,gray,7800000.0
Toyota,Axio,2016.0,10.0,138000.0,1500.0,Kurunegala,Reconditioned,Hybrid,Automatic,Saloon,silver,10300000.0
Honda,City,2025.0,1.0,0.0,1490.0,Kohuwala,Brand New,Petrol,Automatic,Sedan,white,14350000.0
Mitsubishi,Lancer,2004.0,22.0,250000.0,1300.0,Anuradhapura,Used,Petrol,Automatic,Convertible,navy,6800000.0
Nissan,FB 15,2003.0,23.0,130828.0,1490.0,Pannala,Used,Petrol,Automatic,Sedan,white,4600000.0
Suzuki,Wagon R,2024.0,2.0,8000.0,660.0,Boralesgamuwa,Brand New,Petrol,Automatic,Hatchback,black,7390000.0
Daihatsu,Taft,2024.0,2.0,6000.0,650.0,Mudungoda,Brand New,Petrol,Automatic,Hatchback,beige,8600000.0
Suzuki,Wagon R,2024.0,2.0,6369.0,660.0,Anuradhapura,Brand New,Hybrid,Automatic,Hatchback,beige,7350000.0
Suzuki,Alto,2015.0,11.0,117000.0,658.0,Ambalangoda,Used,Petrol,Automatic,Hatchback,black,5050000.0
Suzuki,Wagon R,2015.0,11.0,109000.0,650.0,Wellawatta (Colombo 06),Used,Petrol,Automatic,Hatchback,purple,5800000.0
Toyota,Corona,1996.0,30.0,0.0,,Anuradhapura,Used,Petrol,Automatic,Liftback,white,3400000.0
Toyota,Vitz,1999.0,27.0,0.0,990.0,Panadura,Used,Petrol,Automatic,Hatchback,white,4195000.0
Toyota,Premio,2016.0,10.0,142000.0,1500.0,Anuradhapura,Used,Petrol,Automatic,Liftback,white,14800000.0
Honda,N BOX,2023.0,3.0,13500.0,660.0,Kottawa,Brand New,Petrol,Automatic,Hatchback,silver,7790000.0
Mitsubishi,eK,2016.0,10.0,23000.0,650.0,Maharagama,Used,Petrol,Automatic,Station wagon,pink,5350000.0
Honda,Grace,2014.0,12.0,146000.0,1500.0,Rajagiriya,Used,Petrol,Automatic,Hatchback,white,9750000.0
Suzuki,Wagon R,2018.0,8.0,61000.0,658.0,Batticaloa,Used,Petrol,Automatic,Hatchback,white,6950000.0
Nissan,Dayz,2023.0,3.0,25000.0,600.0,Gampaha,Brand New,Petrol,Automatic,Hatchback,red,6650000.0
Perodua,Elite,2011.0,15.0,0.0,650.0,Nikaweratiya,Used,Petrol,Automatic,Hatchback,black,4300000.0
Tata,Nano,2016.0,10.0,120000.0,660.0,Adampan,Used,Petrol,Automatic,Hatchback,red,1400000.0
Suzuki,Alto,2015.0,11.0,84000.0,800.0,Galle,Used,Petrol,Manual,Hatchback,black,3450000.0
Toyota,Prius,2013.0,13.0,116000.0,1790.0,Embilipitiya,Used,Hybrid,Automatic,Hatchback,silver,9700000.0
Mazda,Familia,2001.0,25.0,210000.0,1500.0,Panadura,Used,Petrol,Automatic,Saloon,white,3600000.0
Toyota,Axio,2007.0,19.0,75000.0,1300.0,Ganemulla,Used,Petrol,Manual,Liftback,silver,7500000.0
Micro,Panda,2015.0,11.0,0.0,1000.0,Anuradhapura,Used,Petrol,Manual,Hatchback,gray,3100000.0
Micro,Panda,2015.0,11.0,80258.0,1000.0,Marawila,Used,Petrol,Manual,Hatchback,silver,3150000.0
Honda,Fit,2011.0,15.0,139000.0,1330.0,Kalpitiya,Used,Hybrid,Automatic,Hatchback,green,6800000.0
Suzuki,Maruti,2006.0,20.0,0.0,800.0,Pilimatalawa,Used,Petrol,Manual,,gray,2095000.0
Honda,Civic,2012.0,14.0,0.0,1800.0,Kirulapone,Used,Petrol,Manual,Saloon,gray,6700000.0
Suzuki,Wagon R,2018.0,8.0,65000.0,650.0,Kalmunai,Used,Hybrid,Automatic,Sedan,white,6980000.0
Daihatsu,Mira,2017.0,9.0,88000.0,650.0,Kalagedihena,Used,Petrol,Automatic,Sedan,brown,5490000.0
Micro,Panda,2016.0,10.0,30200.0,1300.0,Morontuduwa,Used,Petrol,Manual,Hatchback,white,3550000.0
Toyota,Allion,2004.0,22.0,168000.0,1500.0,Ambalangoda,Used,Petrol,Automatic,Sedan,red,6500000.0
Suzuki,Wagon R,2025.0,1.0,0.0,650.0,Kandy,Brand New,Hybrid,Automatic,Hatchback,white,8800000.0
Honda,Fit,2014.0,12.0,150000.0,1496.0,Ambalangoda,Used,Hybrid,Automatic,Hatchback,white,7650000.0
Suzuki,Alto,2024.0,2.0,2200.0,660.0,Nugegoda,Brand New,Petrol,Automatic,Hatchback,silver,6500000.0
Suzuki,Alto,2010.0,16.0,200000.0,660.0,Matale,Used,Petrol,Manual,Hatchback,red,3000000.0
Daihatsu,Taft,2023.0,3.0,0.0,660.0,Kurunegala,Brand New,Hybrid,Manual,Station wagon,blue,8200000.0
Toyota,Prius,2011.0,15.0,134500.0,1790.0,Dehiwala,Used,Hybrid,Automatic,Sedan,silver,8590000.0
Suzuki,Alto,2015.0,11.0,0.0,650.0,Pannala,Used,Petrol,Manual,Hatchback,white,3800000.0
Suzuki,XBee,2023.0,3.0,6600.0,660.0,Kottawa,Reconditioned,Hybrid,Automatic,Hatchback,other,9350000.0
Hyundai,Eon,2013.0,13.0,150000.0,990.0,Ampara,Used,Petrol,Manual,Hatchback,red,3300000.0
Toyota,Prius,2013.0,13.0,147000.0,1800.0,Maspotha,Used,Hybrid,Automatic,Hatchback,silver,10500000.0
Suzuki,Wagon R,2024.0,2.0,0.0,650.0,Mawathagama,Brand New,Petrol,Automatic,Station wagon,white,7200000.0
Suzuki,Wagon R,2025.0,1.0,1300.0,650.0,Yakkala,Reconditioned,Petrol,Automatic,Hatchback,white,7750000.0
Nissan,N 16,1996.0,30.0,212000.0,1500.0,Boralesgamuwa,Used,Petrol,Manual,Saloon,white,3000000.0
Toyota,Yaris,2025.0,1.0,0.0,1000.0,Kalubowila,Brand New,Petrol,Automatic,Hatchback,white,10500000.0
Toyota,Aqua,2016.0,10.0,136000.0,1500.0,Ambalangoda,Used,Hybrid,Automatic,Liftback,blue,7800000.0
Toyota,Vios,2004.0,22.0,250000.0,1000.0,Homagama,Used,Petrol,Automatic,Hatchback,black,5300000.0
Suzuki,Alto,2016.0,10.0,41000.0,800.0,Kalmunai,Used,Petrol,Manual,Hatchback,gray,4350000.0
Suzuki,Wagon R,2014.0,12.0,130000.0,650.0,Panadura,Used,Hybrid,Automatic,Hatchback,silver,5550000.0
Chevrolet,Aveo,2011.0,15.0,150000.0,1200.0,Matale,Used,Petrol,Manual,Saloon,red,3900000.0
Toyota,Aqua,2012.0,14.0,139000.0,1500.0,Chilaw,Used,Hybrid,Automatic,Liftback,silver,7150000.0
Toyota,Premio,2019.0,7.0,0.0,1500.0,Nugegoda,Used,Petrol,Automatic,Sedan,white,18550000.0
KIA,Picanto,2016.0,10.0,72000.0,1000.0,Athurugiriya,Brand New,Petrol,Automatic,Hatchback,red,5300000.0
Toyota,Axio,2017.0,9.0,198000.0,1500.0,Ambalangoda,Used,Hybrid,Automatic,,white,12100000.0
Suzuki,Hustler,2024.0,2.0,0.0,650.0,Mawathagama,Brand New,Petrol,Automatic,Station wagon,white,8900000.0
Nissan,Almera,2024.0,2.0,0.0,1000.0,Kalubowila,Brand New,Petrol,Automatic,Saloon,silver,13100000.0
Toyota,Corolla,1986.0,40.0,1000.0,1300.0,Kuruwita,Used,Petrol,Manual,Hatchback,blue,1685000.0
Mercedes Benz,A250,2023.0,3.0,7000.0,1330.0,Kohuwala,Brand New,Petrol,Automatic,Sedan,black,28700000.0
Suzuki,Esteem,1998.0,28.0,0.0,1320.0,Kaduwela,Used,Petrol,Automatic,Station wagon,yellow,1850000.0
Mitsubishi,Lancer,1988.0,38.0,0.0,1470.0,Pannala,Used,Petrol,Manual,,white,1250000.0
Perodua,Elite,2013.0,13.0,100000.0,,Maharagama,Used,Petrol,Automatic,Saloon,black,4100000.0
Suzuki,Wagon R,2015.0,11.0,137000.0,690.0,Colombo Fort (Colombo 01),Used,Petrol,Manual,Hatchback,white,5700000.0
Daihatsu,Taft,2023.0,3.0,0.0,660.0,Angoda,Brand New,Petrol,Automatic,Station wagon,white,7900000.0
Suzuki,Wagon R,2017.0,9.0,87000.0,1500.0,Boralesgamuwa,Used,Hybrid,Automatic,Liftback,black,5800000.0
Toyota,Aqua,2013.0,13.0,124000.0,1496.0,Ambalangoda,Used,Hybrid,Automatic,Hatchback,black,8750000.0
Suzuki,Wagon R,2024.0,2.0,4054.0,660.0,Kegalle,Brand New,Petrol,Automatic,Hatchback,blue,7500000.0
Honda,N BOX,2025.0,1.0,0.0,650.0,Dehiwala,Brand New,Petrol,Automatic,Hatchback,white,8950000.0
Honda,Civic,2017.0,9.0,75000.0,1000.0,Bandaragama,Used,Petrol,Automatic,Hatchback,black,12900000.0
Subaru,Pleo,2023.0,3.0,7500.0,658.0,Narammala,Reconditioned,Petrol,Automatic,Hatchback,red,5900000.0
Mitsubishi,Lancer,1992.0,34.0,250000.0,1500.0,Battaramulla,Used,Petrol,Manual,Sedan,blue,3380000.0
Toyota,Axio,2018.0,8.0,145000.0,1500.0,Tangalla,Used,Hybrid,Automatic,Liftback,white,12500000.0
Toyota,Corolla,2019.0,7.0,93000.0,1490.0,Homagama,Used,Hybrid,Automatic,Sedan,red,13000000.0
Suzuki,Wagon R,2024.0,2.0,17567.0,650.0,Negombo,Brand New,Petrol,Automatic,Hatchback,white,7400000.0
Suzuki,Wagon R,2015.0,11.0,90000.0,1490.0,Balangoda,Used,Petrol,Automatic,Hatchback,white,5400000.0
Toyota,Passo,2023.0,3.0,10000.0,1000.0,Rajagiriya,Used,Petrol,Automatic,Station wagon,green,8100000.0
Suzuki,Alto,2015.0,11.0,46000.0,680.0,Badulla,Reconditioned,Petrol,Manual,Hatchback,gray,3350000.0
Suzuki,Wagon R,2018.0,8.0,90000.0,650.0,Angoda,Used,Petrol,Automatic,Hatchback,silver,6850000.0
Toyota,Premio,2013.0,13.0,125000.0,1000.0,Kurunegala,Used,Petrol,Automatic,Hatchback,white,10600000.0
Daihatsu,Taft,2023.0,3.0,6600.0,660.0,Kottawa,Reconditioned,Petrol,Automatic,Hatchback,purple,7600000.0
Toyota,Wigo,2018.0,8.0,136000.0,1000.0,Moratuwa,Used,Petrol,Automatic,Hatchback,white,5650000.0
Honda,Fit,2008.0,18.0,194047.0,1330.0,Moratuwa,Used,Petrol,Automatic,Hatchback,black,5550000.0
Suzuki,Wagon R,2025.0,1.0,0.0,658.0,Kurunegala,Brand New,Petrol,Automatic,Hatchback,blue,7250000.0
Mercedes Benz,E200,1998.0,28.0,94000.0,2000.0,Wellawatta (Colombo 06),Used,Petrol,Manual,Saloon,black,5500000.0
Toyota,Prius,2012.0,14.0,66000.0,1796.0,Naula,Used,Hybrid,Automatic,Saloon,silver,12150000.0
Honda,Fit,2013.0,13.0,132000.0,1496.0,Negombo,Used,Hybrid,Automatic,Hatchback,white,9100000.0
Renault,KWID,2018.0,8.0,40000.0,1000.0,Ambalangoda,Used,Petrol,Manual,Hatchback,red,4000000.0
Suzuki,Wagon R,2018.0,8.0,0.0,1500.0,Kalutara,Used,Petrol,Automatic,Hatchback,silver,8000000.0
Chery,QQ,2006.0,20.0,129000.0,800.0,Kelaniya,Used,Petrol,Automatic,Hatchback,orange,1600000.0
Nissan,Tiida,2004.0,22.0,159000.0,1500.0,Malabe,Used,Petrol,Automatic,Hatchback,silver,5275000.0
Tata,Tiago,2023.0,3.0,35000.0,,Maharagama,Used,Electric,Automatic,Liftback,white,7900000.0
Mazda,323,2003.0,23.0,140000.0,1000.0,Pilessa,Used,Petrol,Automatic,Saloon,gray,3850000.0
Suzuki,Spacia,2017.0,9.0,72700.0,960.0,Gampaha,Used,Petrol,Automatic,Hatchback,yellow,6450000.0
Mazda,Flair,2025.0,1.0,0.0,658.0,Yakkala,Brand New,Petrol,Automatic,,other,7875000.0
Hyundai,Eon,2016.0,10.0,97940.0,814.0,Moratuwa,Used,Petrol,Manual,Saloon,white,4095000.0
Toyota,Aqua,2013.0,13.0,152600.0,1500.0,Nittambuwa,Used,Petrol,Automatic,Saloon,other,7025000.0
Toyota,Aqua,2017.0,9.0,92000.0,1500.0,Ambalangoda,Used,Petrol,Automatic,Hatchback,black,9000000.0
Honda,Grace,2017.0,9.0,119800.0,1500.0,Moratuwa,Used,Hybrid,Automatic,,white,9875000.0
Nissan,Primera,2001.0,25.0,128887.0,1990.0,Galle,Used,Petrol,Automatic,Saloon,gold,4200000.0
Honda,Civic,2004.0,22.0,192000.0,1234.0,Ja-Ela,Used,Petrol,Automatic,Sedan,other,5600000.0
Toyota,Aqua,2013.0,13.0,200000.0,1300.0,Ambalangoda,Used,Petrol,Automatic,Hatchback,white,7000000.0
Suzuki,Wagon R,2023.0,3.0,0.0,650.0,Kataragama,Brand New,Petrol,Automatic,Station wagon,blue,8900000.0
Suzuki,Wagon R,2023.0,3.0,2000.0,650.0,Kandy,Brand New,Petrol,Automatic,Liftback,red,7050000.0
Mazda,Familia,2002.0,24.0,160000.0,1300.0,Bibile,Used,Petrol,Manual,Hatchback,silver,3300000.0
Toyota,Aqua,2014.0,12.0,125000.0,1490.0,Kurunegala,Used,Hybrid,Automatic,Saloon,black,7500000.0
Toyota,Passo,2004.0,22.0,12345.0,1000.0,Kottawa,Used,Petrol,Automatic,Liftback,yellow,4295000.0
Toyota,Carina,1998.0,28.0,0.0,1500.0,Bingiriya,Used,Petrol,Automatic,Liftback,other,3500000.0
Toyota,Vitz,2008.0,18.0,0.0,1500.0,Matugama,Used,Petrol,Manual,Hatchback,silver,6800000.0
Honda,Fit,2011.0,15.0,160000.0,1500.0,Ambalangoda,Used,Petrol,Automatic,Hatchback,silver,6500000.0
Nissan,March,2003.0,23.0,0.0,1300.0,Adampan,Used,Petrol,Automatic,Liftback,blue,3890000.0
Toyota,Yaris,2023.0,3.0,22068.0,1500.0,Wattala,Brand New,Petrol,Automatic,Hatchback,white,12700000.0
Tata,Indica,2005.0,21.0,75000.0,1300.0,Kesbewa,Used,Petrol,Manual,Liftback,silver,1900000.0
Toyota,Passo,2023.0,3.0,6600.0,660.0,Kottawa,Brand New,Petrol,Automatic,Hatchback,black,8150000.0
Toyota,Vitz,2017.0,9.0,93000.0,1000.0,Boralesgamuwa,Used,Petrol,Automatic,Hatchback,black,7500000.0
Toyota,Corolla,1997.0,29.0,0.0,2000.0,Piliyandala,Reconditioned,Diesel,Automatic,Saloon,white,3500000.0
Toyota,Aqua,2013.0,13.0,124000.0,1500.0,Ambalangoda,Used,Hybrid,Automatic,Hatchback,black,7950000.0
Nissan,Sunny,2002.0,24.0,210000.0,1490.0,Anuradhapura,Used,Petrol,Manual,Sedan,blue,4075000.0
Daihatsu,Taft,2024.0,2.0,9500.0,650.0,Dehiwala,Used,Petrol,Automatic,Hatchback,white,7750000.0
Suzuki,Wagon R,2017.0,9.0,150000.0,690.0,Wennappuwa,Used,Hybrid,Automatic,Hatchback,white,5800000.0
Toyota,Corona,1990.0,36.0,180000.0,1970.0,Kahathuduwa,Used,Diesel,Manual,Hatchback,green,1855000.0
Suzuki,Wagon R,2018.0,8.0,0.0,990.0,Kegalle,Used,Petrol,Automatic,Hatchback,white,6890000.0
Suzuki,Wagon R,2024.0,2.0,0.0,650.0,Narammala,Brand New,Petrol,Automatic,Hatchback,white,7300000.0
Honda,Vezel,2023.0,3.0,25000.0,1200.0,Kurunegala,Reconditioned,Petrol,Automatic,Hatchback,white,16500000.0
Suzuki,Alto,2011.0,15.0,,800.0,Ambalangoda,Used,Petrol,Manual,Hatchback,white,2975000.0
Suzuki,Swift,2003.0,23.0,149000.0,1300.0,Kandy,Used,Petrol,Automatic,Hatchback,silver,4150000.0
Nissan,Sunny,1987.0,39.0,150000.0,1500.0,Ginigathhena,Used,Petrol,Manual,Saloon,white,1360000.0
Nissan,Sunny,2004.0,22.0,198000.0,1600.0,Anuradhapura,Used,Petrol,Manual,Saloon,blue,4450000.0
Toyota,Platz,2001.0,25.0,0.0,1000.0,Horana,Used,Petrol,Automatic,,black,3900000.0
Toyota,Premio,2019.0,7.0,113000.0,1500.0,Colombo Fort (Colombo 01),Used,Petrol,Automatic,Liftback,white,15700000.0
Toyota,Yaris,2023.0,3.0,28800.0,1500.0,Rajagiriya,Brand New,Hybrid,Automatic,Hatchback,black,13000000.0
Toyota,Vitz,2016.0,10.0,0.0,990.0,Welpalla,Used,Petrol,Automatic,Hatchback,black,7200000.0
Suzuki,Wagon R,2016.0,10.0,0.0,998.0,Panadura,Used,Petrol,Automatic,Hatchback,black,4755000.0
Suzuki,Wagon R,2018.0,8.0,96000.0,650.0,Gampaha,Used,Petrol,Automatic,Station wagon,brown,5900000.0
Honda,N WGN,2017.0,9.0,30250.0,650.0,Kalutara,Used,Petrol,Automatic,Station wagon,green,6250000.0
Toyota,Aqua,2014.0,12.0,1490.0,1490.0,Adampan,Used,Hybrid,Automatic,Hatchback,red,7100000.0
Toyota,Prius,2016.0,10.0,104000.0,1800.0,Ratmalana,Used,Hybrid,Automatic,Liftback,white,13400000.0
Suzuki,Alto,2025.0,1.0,35.0,650.0,Gampaha,Brand New,Petrol,Automatic,Hatchback,beige,6375000.0
Perodua,Axia,2016.0,10.0,93000.0,1000.0,Kadawatha,Used,Petrol,Automatic,Hatchback,silver,5375000.0
Mercedes Benz,CLA,2019.0,7.0,61000.0,2000.0,Ambalangoda,Used,Petrol,Automatic,Sedan,white,22950000.0
Toyota,Prius,2012.0,14.0,267000.0,1500.0,Embilipitiya,Used,Hybrid,Automatic,Liftback,white,11300000.0
Suzuki,Wagon R,2025.0,1.0,42.0,650.0,Kurunegala,Brand New,Hybrid,Automatic,Convertible,white,9200000.0
Honda,Civic,2002.0,24.0,280000.0,1500.0,Dehiwala,Used,Petrol,Automatic,Hatchback,silver,5600000.0
Suzuki,Wagon R,2017.0,9.0,140.0,658.0,Kandy,Used,Petrol,Automatic,Hatchback,white,6400000.0
Suzuki,Wagon R,2018.0,8.0,105000.0,650.0,Pussellawa,Used,Petrol,Automatic,Hatchback,white,7500000.0
Toyota,Aqua,2013.0,13.0,108000.0,1490.0,Sooriyawewa Town,Used,Hybrid,Automatic,Hatchback,silver,7290000.0
Mazda,Flair,2023.0,3.0,6600.0,660.0,Kottawa,Brand New,Petrol,Automatic,Hatchback,other,7800000.0
Micro,Panda Cross,2013.0,13.0,86525.0,1300.0,Polonnaruwa,Used,Petrol,Manual,Hatchback,blue,3300000.0
Mitsubishi,eK,2023.0,3.0,10000.0,660.0,Rajagiriya,Reconditioned,Petrol,Automatic,Hatchback,black,6800000.0
Toyota,Allion,2005.0,21.0,210000.0,1500.0,Kiribathgoda,Used,Petrol,Automatic,Liftback,white,6700000.0
Suzuki,Maruti,2006.0,20.0,220000.0,800.0,Warakapola,Used,Petrol,Manual,Hatchback,gray,1880000.0
Mazda,Flair,2023.0,3.0,0.0,660.0,Kottawa,Brand New,Petrol,Automatic,Hatchback,black,7300000.0
Suzuki,Spacia,2024.0,2.0,300.0,650.0,Kurunegala,Brand New,Hybrid,Automatic,,red,9600000.0
Toyota,Vitz,2017.0,9.0,98200.0,1000.0,Kesbewa,Used,Petrol,Automatic,Hatchback,gray,7900000.0
Suzuki,Spacia,2016.0,10.0,96000.0,658.0,Piliyandala,Used,Petrol,Automatic,Hatchback,gray,6850000.0
Toyota,Aqua,2012.0,14.0,173000.0,1500.0,Kiribathgoda,Used,Petrol,Automatic,Sports,blue,6600000.0
Toyota,Corolla,2000.0,26.0,0.0,1500.0,Ja-Ela,Used,Petrol,Automatic,Saloon,silver,5750000.0
Nissan,Tiida,2007.0,19.0,240000.0,1500.0,Ja-Ela,Used,Petrol,Automatic,Sedan,white,5490000.0
Honda,Grace,2015.0,11.0,0.0,1490.0,Kegalle,Used,Hybrid,Automatic,Saloon,red,8700000.0
Toyota,Premio,2013.0,13.0,148000.0,1500.0,Ambalangoda,Used,Petrol,Automatic,Sedan,maroon,10500000.0
Suzuki,Alto,2014.0,12.0,58000.0,650.0,Batticaloa,Used,Petrol,Manual,Hatchback,gray,3800000.0
Toyota,Premio,2018.0,8.0,142000.0,1500.0,Divulapitiya,Used,Petrol,Automatic,Saloon,white,14575000.0
Toyota,Vitz,2018.0,8.0,145000.0,1000.0,Batticaloa,Used,Petrol,Automatic,Sedan,white,7600000.0
Suzuki,Wagon R,2015.0,11.0,138500.0,650.0,Boralesgamuwa,Used,Petrol,Automatic,Hatchback,red,5850000.0
Honda,City,2025.0,1.0,0.0,1000.0,Kottawa,Brand New,Petrol,Automatic,Station wagon,white,14350000.0
Nissan,March,2003.0,23.0,100000.0,900.0,Dambulla,Used,Petrol,Automatic,,green,3450000.0
Toyota,Aqua,2014.0,12.0,0.0,1500.0,Ambalangoda,Used,Hybrid,Automatic,Liftback,white,7200000.0
Renault,KWID,2016.0,10.0,200000.0,800.0,Moratuwa,Used,Petrol,Manual,Hatchback,white,3550000.0
Honda,Civic,2005.0,21.0,172000.0,1600.0,Colombo Fort (Colombo 01),Used,Petrol,Manual,Sedan,black,5800000.0
Suzuki,Swift,2010.0,16.0,0.0,1300.0,Ambalangoda,Used,Petrol,Automatic,Hatchback,black,5400000.0
Mazda,6,2016.0,10.0,69699.0,2488.0,Colombo Fort (Colombo 01),Used,Petrol,Automatic,Sedan,black,12000000.0
Daihatsu,Taft,2024.0,2.0,3000.0,660.0,Kurunegala,Brand New,Petrol,Automatic,Hatchback,black,8400000.0
Suzuki,Celerio,2015.0,11.0,100500.0,1000.0,Homagama,Used,Petrol,Tiptronic,Hatchback,white,4880000.0
BMW,i8,2014.0,12.0,35000.0,690.0,Maradana (Colombo 10),Used,Hybrid,Automatic,Hatchback,black,27500000.0
Toyota,Soluna,2001.0,25.0,254000.0,1500.0,Delgoda,Used,Petrol,Automatic,Sedan,green,2500000.0
Suzuki,Wagon R,2014.0,12.0,118000.0,650.0,Malabe,Used,Petrol,Automatic,Hatchback,white,5675000.0
Honda,Insight,2012.0,14.0,0.0,1330.0,Negombo,Used,Hybrid,Automatic,Saloon,silver,7890000.0
Suzuki,Alto,2015.0,11.0,180000.0,880.0,Maharagama,Used,Petrol,Manual,Hatchback,silver,3795000.0
Toyota,Passo,2023.0,3.0,2000.0,990.0,Kalubowila,Reconditioned,Petrol,Automatic,Hatchback,maroon,8500000.0
Mitsubishi,Lancer,1997.0,29.0,0.0,1300.0,Alahengama,Used,Petrol,Manual,Saloon,red,4050000.0
Honda,Fit,2011.0,15.0,198000.0,1300.0,Rajagiriya,Used,Hybrid,Automatic,Hatchback,white,6200000.0
Honda,Fit,2015.0,11.0,90000.0,1500.0,Matara,Used,Petrol,Automatic,Hatchback,white,8200000.0
Nissan,March,2000.0,26.0,179000.0,990.0,Gampaha,Used,Petrol,Automatic,Hatchback,gray,3200000.0
Suzuki,Wagon R,2025.0,1.0,0.0,658.0,Kurunegala,Brand New,Hybrid,Automatic,Hatchback,red,8750000.0
Suzuki,Wagon R,2014.0,12.0,203000.0,650.0,Pussellawa,Used,Petrol,Automatic,Hatchback,brown,5050000.0
Toyota,Allion,2013.0,13.0,0.0,1500.0,Kurunegala,Used,Petrol,Automatic,Sedan,maroon,11750000.0
Honda,Fit,2015.0,11.0,146152.0,1500.0,Bandaragama,Used,Hybrid,Automatic,Hatchback,silver,8300000.0
Toyota,Aqua,2014.0,12.0,85000.0,1500.0,Nittambuwa,Used,Hybrid,Automatic,Hatchback,white,8300000.0
Toyota,Axio,2015.0,11.0,111000.0,1500.0,Kohuwala,Used,Petrol,Automatic,Sedan,blue,8500000.0
Honda,N BOX,2023.0,3.0,6600.0,660.0,Kottawa,Reconditioned,Petrol,Automatic,Hatchback,black,7600000.0
BMW,740Le,2018.0,8.0,120000.0,2000.0,Nugegoda,Used,Hybrid,Automatic,Sedan,white,36500000.0
Suzuki,Wagon R,2015.0,11.0,136000.0,650.0,Kottawa,Used,Petrol,Automatic,Hatchback,black,5849000.0
Toyota,Aqua,2015.0,11.0,128000.0,1330.0,Kalmunai,Used,Petrol,Automatic,Station wagon,silver,8050000.0
Toyota,Axio,2019.0,7.0,92766.0,1500.0,Ambalangoda,Used,Hybrid,Automatic,Sedan,red,12000000.0
Suzuki,Wagon R,2015.0,11.0,130000.0,658.0,Walasmulla,Used,Petrol,Automatic,Station wagon,white,5690000.0
Toyota,Axio,2015.0,11.0,132000.0,1500.0,Rajagiriya,Used,Petrol,Automatic,Saloon,brown,10500000.0
Mazda,Familia,1997.0,29.0,180000.0,1500.0,Malabe,Used,Petrol,Automatic,Sedan,white,3000000.0
Renault,KWID,2016.0,10.0,95000.0,800.0,Raddolugama,Used,Petrol,Manual,Hatchback,white,3700000.0
Mazda,Carol,2023.0,3.0,0.0,650.0,Horana,Reconditioned,Petrol,Automatic,Liftback,blue,6700000.0
Suzuki,Celerio,2015.0,11.0,71000.0,1000.0,Kadawatha,Used,Petrol,Automatic,Hatchback,other,5200000.0
Hyundai,Eon,2016.0,10.0,100000.0,850.0,Kalmunai,Used,Petrol,Manual,Hatchback,white,4325000.0
Mercedes Benz,C180,2011.0,15.0,184000.0,1800.0,Maharagama,Used,Petrol,Tiptronic,Sedan,gray,10700000.0
Mazda,Flair,2016.0,10.0,62000.0,658.0,Ambalangoda,Used,Petrol,Automatic,Hatchback,white,5600000.0
Toyota,Yaris,2024.0,2.0,0.0,1000.0,Nawala,Brand New,Petrol,Automatic,Hatchback,white,1150000.0
Toyota,Allion,2004.0,22.0,168000.0,1500.0,Benthara,Used,Petrol,Automatic,Saloon,red,6300000.0
Mercedes Benz,C200,2014.0,12.0,82000.0,2000.0,Kiribathgoda,Used,Petrol,Tiptronic,Sedan,gray,21750000.0
Honda,Fit,2014.0,12.0,99000.0,1500.0,Matale,Used,Petrol,Automatic,Station wagon,white,7925000.0
Suzuki,Wagon R,2023.0,3.0,0.0,660.0,Kurunegala,Brand New,Petrol,Manual,Station wagon,red,8200000.0
Suzuki,Wagon R,2018.0,8.0,107000.0,650.0,Kobeigane,Used,Hybrid,Automatic,Hatchback,white,6990000.0
Nissan,Sunny,,,0.0,1400.0,Gampaha,Used,Petrol,Manual,Saloon,silver,545000.0
Toyota,Vitz,2015.0,11.0,76400.0,1000.0,Bambalapitiya (Colombo 04),Used,Petrol,Automatic,Hatchback,silver,7780000.0
Toyota,Axio,2016.0,10.0,87000.0,1500.0,Panadura,Used,Petrol,Automatic,Saloon,white,9475000.0
Toyota,Wigo,2017.0,9.0,143000.0,1000.0,Ambatenna,Used,Petrol,Automatic,Hatchback,white,5800000.0
Toyota,Allion,2013.0,13.0,120000.0,1490.0,Gampaha,Used,Petrol,Automatic,Saloon,black,10500000.0
Honda,Civic,2003.0,23.0,195000.0,1500.0,Kandy,Used,Petrol,Automatic,Sedan,red,4900000.0
Suzuki,Wagon R,2018.0,8.0,0.0,650.0,Panadura,Used,Petrol,Automatic,Hatchback,orange,6295000.0
Nissan,FB 15,1999.0,27.0,0.0,1497.0,Ambalangoda,Used,Petrol,Automatic,Sedan,white,3750000.0
Toyota,Passo,2009.0,17.0,131.0,1000.0,Gampaha,Used,Petrol,Automatic,Hatchback,silver,4825000.0
Toyota,Aqua,2012.0,14.0,171000.0,1500.0,Kurunegala,Used,Hybrid,Automatic,Hatchback,white,7010000.0
Toyota,Prius,2008.0,18.0,178000.0,1500.0,Medawachchiya,Used,Hybrid,Automatic,Hatchback,silver,6750000.0
Suzuki,Maruti,2006.0,20.0,170000.0,800.0,Kurunegala,Used,Petrol,Manual,Saloon,blue,2500000.0
Suzuki,XBee,2023.0,3.0,20000.0,1000.0,Borella (Colombo 08),Brand New,Hybrid,Automatic,Hatchback,maroon,10300000.0
Toyota,Prius,2009.0,17.0,86000.0,1800.0,Ambalangoda,Used,Petrol,Automatic,Liftback,black,8800000.0
Toyota,Corolla,1996.0,30.0,0.0,1200.0,Kuliyapitiya,Used,Diesel,Manual,Saloon,white,2800000.0
Mini,Cooper,,,0.0,1000.0,Negombo,Used,Petrol,Manual,Hatchback,purple,1700000.0
Toyota,Yaris,2024.0,2.0,2700.0,990.0,Gampaha,Reconditioned,Petrol,Automatic,Hatchback,gray,9850000.0
Toyota,Premio,2013.0,13.0,121000.0,1500.0,Wariyapola,Used,Petrol,Automatic,Saloon,maroon,11700000.0
Suzuki,Wagon R,2024.0,2.0,0.0,660.0,Rajagiriya,Brand New,Petrol,Automatic,Station wagon,other,7200000.0
Suzuki,Alto,2015.0,11.0,104255.0,800.0,Kottawa,Used,Petrol,Manual,Liftback,black,3695000.0
Honda,Aria,2008.0,18.0,199000.0,1500.0,Anuradhapura,Used,Petrol,Automatic,Saloon,gray,5100000.0
Suzuki,Swift,2003.0,23.0,182000.0,1200.0,Ambalangoda,Used,Petrol,Automatic,Hatchback,silver,4200000.0
Suzuki,Alto,2015.0,11.0,116438.0,800.0,Talawatugoda,Used,Petrol,Manual,Hatchback,blue,3889000.0
Toyota,Premio,2011.0,15.0,0.0,1600.0,Ambalangoda,Used,Petrol,Automatic,Saloon,red,9350000.0
Suzuki,Alto,2015.0,11.0,50400.0,1000.0,Battaramulla,Used,Petrol,Manual,Convertible,white,4550000.0
Nissan,FB 15,2003.0,23.0,190000.0,1490.0,Giriulla,Used,Petrol,Automatic,Saloon,silver,4850000.0
Suzuki,Alto,2017.0,9.0,95000.0,660.0,Giriulla,Used,Petrol,Automatic,Hatchback,white,5550000.0
Hyundai,Eon,2016.0,10.0,86000.0,814.0,Batticaloa,Used,Petrol,Manual,Hatchback,white,4100000.0
Suzuki,Wagon R,2018.0,8.0,80000.0,650.0,Ambalangoda,Used,Hybrid,Automatic,Hatchback,orange,5850000.0
Audi,A1,2017.0,9.0,89000.0,990.0,Kotahena (Colombo 13),Used,Petrol,Manual,Hatchback,red,8500000.0
Daihatsu,Taft,2023.0,3.0,6000.0,660.0,Kelaniya,Used,Petrol,Automatic,Hatchback,green,7700000.0
Toyota,Premio,2020.0,6.0,48000.0,1496.0,Baddegama,Used,Petrol,Automatic,Hatchback,maroon,16500000.0
Toyota,Vitz,2013.0,13.0,,1000.0,Ampara,Used,Diesel,Manual,Hatchback,gray,7700000.0
Toyota,Roomy,2024.0,2.0,4000.0,1000.0,Kohuwala,Brand New,Petrol,Automatic,Hatchback,white,10900000.0
Suzuki,Alto,2011.0,15.0,155000.0,1000.0,Kotahena (Colombo 13),Used,Petrol,Manual,Hatchback,red,3500000.0
Suzuki,Alto,2015.0,11.0,95000.0,650.0,Akarawita,Used,Petrol,Automatic,Hatchback,blue,3600000.0
Suzuki,Alto,2015.0,11.0,68000.0,800.0,Batticaloa,Used,Petrol,Manual,Hatchback,blue,3500000.0
Suzuki,Alto,2011.0,15.0,,800.0,Bandarawela,Used,Petrol,Manual,Hatchback,silver,3000000.0
Toyota,Allion,2002.0,24.0,0.0,1600.0,Ambalangoda,Used,Petrol,Automatic,Sedan,white,6050000.0
Toyota,Allion,2010.0,16.0,170000.0,1500.0,Panadura,Used,Petrol,Automatic,Sedan,maroon,9700000.0
Perodua,Elite,2011.0,15.0,112000.0,1000.0,Moratuwa,Used,Petrol,Automatic,Hatchback,black,4285000.0
Nissan,N 17,2004.0,22.0,190000.0,1500.0,Ratnapura,Used,Petrol,Automatic,Hatchback,beige,5950000.0
Toyota,Aqua,2012.0,14.0,165000.0,1490.0,Adampan,Used,Petrol,Automatic,Hatchback,silver,7200000.0
Suzuki,Celerio,2015.0,11.0,140000.0,996.0,Rajagiriya,Used,Petrol,Manual,Hatchback,white,4500000.0
Honda,Grace,2014.0,12.0,146000.0,1500.0,Kandy,Used,Hybrid,Automatic,Sedan,black,8300000.0
Toyota,Carina,2001.0,25.0,150000.0,1490.0,Katuneriya,Used,Petrol,Automatic,Sedan,white,2100000.0
Toyota,Vios,2004.0,22.0,0.0,1500.0,Anuradhapura,Used,Petrol,Automatic,Hatchback,other,5500000.0
Toyota,Allion,2015.0,11.0,160000.0,1600.0,Ambalangoda,Used,Petrol,Automatic,Sedan,silver,11100000.0
Honda,Civic,2019.0,7.0,67000.0,1000.0,Dehiwala,Used,Petrol,Automatic,Sedan,red,13400000.0
Honda,Civic,2007.0,19.0,106000.0,1490.0,Pitipana Homagama,Used,Petrol,Manual,Hatchback,silver,5575000.0
Suzuki,Wagon R,2023.0,3.0,360.0,660.0,Padukka,Brand New,Hybrid,Automatic,,blue,9150000.0
Daihatsu,Taft,2023.0,3.0,1000.0,660.0,Kurunegala,Brand New,Petrol,Automatic,Hatchback,green,7850000.0
Suzuki,Spacia,2018.0,8.0,129600.0,660.0,Pannipitiya,Used,Hybrid,Automatic,Sedan,blue,7450000.0
Toyota,Starlet,1997.0,29.0,213000.0,1330.0,Minuwangoda,Reconditioned,Petrol,Automatic,Hatchback,blue,4400000.0
Nissan,ExSunny,2003.0,23.0,221113.0,1290.0,Panadura,Used,Petrol,Automatic,Saloon,silver,4600000.0
Honda,N BOX,2015.0,11.0,98000.0,650.0,Ampitiya,Used,Petrol,Automatic,Station wagon,white,7800000.0
Mercedes Benz,E180 AMG,2019.0,7.0,27000.0,1497.0,Heiyanthuduwa,Used,Petrol,Automatic,Saloon,blue,30000000.0
Toyota,Vitz,2015.0,11.0,147000.0,1000.0,Ambalangoda,Used,Petrol,Automatic,Hatchback,black,6800000.0
Suzuki,Swift,2004.0,22.0,187654.0,1300.0,Katunayake,Used,Petrol,Automatic,Hatchback,white,4150000.0
Toyota,Premio,2012.0,14.0,124000.0,1500.0,Kadawatha,Reconditioned,Petrol,Automatic,Liftback,white,9800000.0
Suzuki,Maruti,2009.0,17.0,0.0,796.0,Ambalangoda,Used,Petrol,Manual,Hatchback,red,2100000.0
Micro,Panda,2017.0,9.0,68000.0,630.0,Minuwangete,Reconditioned,Petrol,Automatic,Hatchback,white,3150000.0
Suzuki,Wagon R,2015.0,11.0,0.0,650.0,Agalawatta,Used,Petrol,Automatic,Hatchback,red,5300000.0
Toyota,Premio,2008.0,18.0,270000.0,1500.0,Ambalangoda,Used,Petrol,Automatic,Saloon,maroon,8900000.0
Suzuki,Celerio,2014.0,12.0,103000.0,1000.0,Kadawatha,Used,Petrol,Automatic,Hatchback,red,4675000.0
Suzuki,Wagon R,2018.0,8.0,70000.0,650.0,Chilaw,Reconditioned,Petrol,Automatic,Hatchback,gray,6950000.0
Suzuki,Alto,2011.0,15.0,75000.0,800.0,Horana,Used,Petrol,Manual,Hatchback,red,3500000.0
Suzuki,Wagon R,2017.0,9.0,73000.0,650.0,Anuradhapura,Used,Petrol,Automatic,Hatchback,black,5300000.0
Suzuki,Spacia,2025.0,1.0,0.0,660.0,Kurunegala,Brand New,Hybrid,Automatic,Liftback,white,8400000.0
Chery,QQ,2007.0,19.0,85000.0,800.0,Matugama,Used,Petrol,Manual,Hatchback,black,1550000.0
Toyota,Aqua,2014.0,12.0,107000.0,1500.0,Kundasale,Used,Hybrid,Automatic,Hatchback,black,7300000.0
Suzuki,Alto,2017.0,9.0,115618.0,660.0,Mulleriyawa New Town,Used,Petrol,Automatic,Hatchback,blue,5350000.0
Toyota,Passo,2008.0,18.0,125000.0,1000.0,Nugegoda,Used,Petrol,Automatic,Hatchback,silver,4800000.0
Toyota,Premio,2007.0,19.0,108000.0,1500.0,Sri Jayawardenepura Kotte,Used,Petrol,Automatic,Saloon,maroon,9800000.0
Daihatsu,Taft,2024.0,2.0,0.0,660.0,Kadawatha,Reconditioned,Petrol,Automatic,Hatchback,green,8590000.0
Daihatsu,Thor,2022.0,4.0,21000.0,1000.0,Adampan,Brand New,Petrol,Automatic,Hatchback,blue,9800000.0
Toyota,Aqua,2013.0,13.0,107000.0,1200.0,Nikaweratiya,Used,Petrol,Automatic,Hatchback,silver,7250000.0
Suzuki,Wagon R,2017.0,9.0,130000.0,650.0,Battaramulla,Used,Hybrid,Automatic,,white,5900000.0
Toyota,Yaris,2022.0,4.0,25000.0,1000.0,Borella (Colombo 08),Brand New,Petrol,Automatic,Hatchback,white,9200000.0
Honda,Fit,2011.0,15.0,210000.0,1300.0,Ragama,Used,Petrol,Automatic,Station wagon,white,8000000.0
Toyota,Vitz,2019.0,7.0,118000.0,1000.0,Athurugiriya,Used,Petrol,Automatic,Hatchback,black,8350000.0
Suzuki,Wagon R,2017.0,9.0,85000.0,660.0,Kottawa,Used,Hybrid,Automatic,Hatchback,white,7300000.0
Nissan,Sunny,1987.0,39.0,0.0,1500.0,Kuliyapitiya,Used,Petrol,Manual,Saloon,white,1675000.0
Toyota,Premio,2013.0,13.0,145000.0,1500.0,Homagama,Used,Petrol,Automatic,Saloon,maroon,11200000.0
Mazda,Familia,1998.0,28.0,120000.0,1350.0,Veyangoda,Used,Petrol,Manual,Sedan,green,4800000.0
Suzuki,Maruti,2004.0,22.0,175000.0,800.0,Kelaniya,Used,Petrol,Manual,Hatchback,silver,1840000.0
Mazda,3,2023.0,3.0,18000.0,1500.0,Mirigama,Reconditioned,Petrol,Automatic,Hatchback,white,16900000.0
Suzuki,Alto,2023.0,3.0,6500.0,660.0,Kotte,Reconditioned,Petrol,Automatic,Hatchback,black,6550000.0
Hyundai,Eon,2017.0,9.0,71000.0,850.0,Kalmunai,Used,Petrol,Manual,Hatchback,gray,4250000.0
Suzuki,Celerio,2015.0,11.0,129000.0,1000.0,Pallekelle,Reconditioned,Petrol,Automatic,Hatchback,black,5275000.0
Nissan,Sunny,1998.0,28.0,226800.0,1950.0,Piliyandala,Used,Diesel,Manual,Saloon,gray,2450000.0
Nissan,Almera,2025.0,1.0,0.0,1000.0,Kohuwala,Brand New,Petrol,Automatic,Sedan,red,13500000.0
Suzuki,Wagon R,2018.0,8.0,160000.0,1500.0,Padukka,Used,Hybrid,Automatic,Liftback,white,6300000.0
Toyota,Passo,2023.0,3.0,15000.0,660.0,Kottawa,Brand New,Petrol,Automatic,Hatchback,black,8250000.0
Suzuki,Alto,2024.0,2.0,2500.0,660.0,Panadura,Brand New,Petrol,Automatic,Hatchback,other,6750000.0
Toyota,Allion,2003.0,23.0,0.0,1500.0,Anuradhapura,Used,Petrol,Automatic,Saloon,black,7250000.0
Audi,A4,2011.0,15.0,75000.0,1500.0,Katupota,Used,Petrol,Automatic,Saloon,purple,10500000.0
Suzuki,Alto,2005.0,21.0,100000.0,800.0,Bandaragama,Used,Petrol,Manual,Convertible,silver,2895000.0
Toyota,Premio,2014.0,12.0,130000.0,1500.0,Dankotuwa,Used,Petrol,Automatic,Liftback,white,13200000.0
Honda,Fit,2011.0,15.0,0.0,1330.0,Wennappuwa,Used,Petrol,Manual,Hatchback,black,6750000.0
Toyota,Passo,2025.0,1.0,0.0,650.0,Kelaniya,Brand New,Petrol,Automatic,Hatchback,red,7500000.0
Suzuki,SX,2007.0,19.0,100525.0,1586.0,Nawala,Used,Petrol,Automatic,Sedan,blue,5150000.0
Suzuki,Spacia,2023.0,3.0,0.0,658.0,Kohuwala,Reconditioned,Petrol,Automatic,Hatchback,silver,9250000.0
Toyota,Belta,2008.0,18.0,125000.0,1200.0,Kurunegala,Used,Petrol,Automatic,Saloon,blue,5800000.0
Honda,Civic,2018.0,8.0,66000.0,998.0,Gampaha,Used,Petrol,Automatic,Hatchback,white,12950000.0
Toyota,Prius,2010.0,16.0,100000.0,1200.0,Rajagiriya,Used,Petrol,Other,Hatchback,blue,8600000.0
Mazda,Capella,2000.0,26.0,150000.0,1890.0,Dompe,Used,Petrol,Automatic,Saloon,silver,3500000.0
Suzuki,Wagon R,2023.0,3.0,4600.0,690.0,Kurunegala,Brand New,Hybrid,Automatic,Hatchback,white,8900000.0
Daihatsu,Hijet,2001.0,25.0,120000.0,650.0,Ruwanwella,Used,Petrol,Manual,Convertible,white,2750000.0
Nissan,Sunny,2003.0,23.0,276000.0,1957.0,Kurunegala,Used,Petrol,Manual,Hatchback,gray,4850000.0
Suzuki,Spacia,2016.0,10.0,0.0,670.0,Panadura,Used,Petrol,Automatic,Station wagon,silver,5985000.0
Toyota,Corolla,2000.0,26.0,0.0,1500.0,Ambalangoda,Used,Petrol,Automatic,Saloon,white,5575000.0
Toyota,Prius,2008.0,18.0,0.0,1800.0,Ambalangoda,Used,Petrol,Automatic,Saloon,blue,6000000.0
Suzuki,Swift,2017.0,9.0,110000.0,1300.0,Ambalangoda,Used,Petrol,Automatic,Hatchback,silver,8300000.0
Toyota,Allion,2003.0,23.0,150000.0,1500.0,Anuradhapura,Used,Petrol,Automatic,Hatchback,silver,7300000.0
Toyota,Vitz,2011.0,15.0,149000.0,1000.0,Kalubowila,Used,Petrol,Automatic,Convertible,black,5750000.0
Suzuki,Alto,2010.0,16.0,32000.0,996.0,Minuwangoda,Used,Petrol,Manual,Hatchback,blue,3050000.0
Suzuki,Alto,2024.0,2.0,0.0,650.0,Kurunegala,Brand New,Petrol,Automatic,Hatchback,white,7400000.0
Toyota,Vitz,2018.0,8.0,82500.0,1000.0,Kalmunai,Used,Petrol,Automatic,Hatchback,white,7925000.0
Suzuki,Baleno,2017.0,9.0,128000.0,1000.0,Kohuwala,Used,Petrol,Automatic,Sedan,white,7850000.0
Renault,KWID,2018.0,8.0,87000.0,800.0,Panadura,Used,Petrol,Manual,Hatchback,white,3800000.0
Suzuki,Swift,2004.0,22.0,0.0,1300.0,Homagama,Used,Petrol,Manual,Saloon,red,4775000.0
Nissan,Leaf,2013.0,13.0,50600.0,,Matale,Used,Electric,Automatic,Hatchback,gray,4900000.0
Toyota,Vios,2004.0,22.0,0.0,1500.0,Matugama,Used,Petrol,Manual,Sedan,black,5200000.0
Peugeot,206,2005.0,21.0,75000.0,1300.0,Nittambuwa,Used,Petrol,Other,Hatchback,green,3200000.0
Suzuki,Hustler,2024.0,2.0,3000.0,658.0,Mawathagama,Reconditioned,Petrol,Automatic,Sports,white,8750000.0
Suzuki,Alto,2013.0,13.0,130000.0,690.0,Agaliya,Used,Petrol,Manual,Hatchback,white,3600000.0
Toyota,Vitz,2018.0,8.0,56000.0,1000.0,Adampan,Used,Petrol,Automatic,Hatchback,silver,7900000.0
Toyota,Corolla,1996.0,30.0,126000.0,1970.0,Maharagama,Used,Diesel,Automatic,Saloon,blue,2900000.0
BMW,i8,2014.0,12.0,35000.0,1500.0,Ambalangoda,Used,Petrol,Automatic,Sports,black,26800000.0
Toyota,Prius,2011.0,15.0,166350.0,1800.0,Ambalangoda,Used,Hybrid,Automatic,,white,9275000.0
Nissan,Dayz,2023.0,3.0,0.0,660.0,Embilipitiya,Brand New,Petrol,Automatic,Saloon,blue,8150000.0
Suzuki,Wagon R,2017.0,9.0,93000.0,650.0,Udawalawe,Used,Petrol,Automatic,Hatchback,white,6800000.0
Toyota,Prius,2016.0,10.0,117000.0,1800.0,Panadura,Used,Hybrid,Automatic,Liftback,white,12990000.0
Suzuki,Maruti,2010.0,16.0,84000.0,800.0,Kahathuduwa,Used,Petrol,Manual,Hatchback,silver,2430000.0
Nissan,March,1997.0,29.0,165000.0,1000.0,Minuwangoda,Used,Petrol,Automatic,Hatchback,blue,3600000.0
Toyota,Camry,2006.0,20.0,157000.0,1490.0,Negombo,Used,Petrol,Automatic,Hatchback,red,7900000.0
Mitsubishi,eK,2023.0,3.0,4500.0,660.0,Kottawa,Brand New,Petrol,Automatic,Hatchback,black,6950000.0
Perodua,Kelisa,2004.0,22.0,134000.0,1000.0,Piliyandala,Used,Petrol,Automatic,Hatchback,silver,3375000.0
Suzuki,Spacia,2023.0,3.0,6600.0,660.0,Kottawa,Brand New,Petrol,Automatic,Hatchback,white,8975000.0
Toyota,Axio,2008.0,18.0,154000.0,1800.0,Matugama,Used,Petrol,Automatic,Saloon,white,7850000.0
Honda,Civic,2007.0,19.0,160000.0,1800.0,Homagama,Used,Petrol,Automatic,Sedan,white,8300000.0
Micro,MX7,2009.0,17.0,130000.0,,Kahawatta,Used,Petrol,Automatic,Sedan,white,2595000.0
Toyota,Mark II,1996.0,30.0,280000.0,2440.0,Anuradhapura,Used,Diesel,Automatic,Saloon,maroon,4200000.0
Toyota,Roomy,2023.0,3.0,18000.0,1000.0,Negombo,Brand New,Petrol,Automatic,Hatchback,blue,10500000.0
Toyota,Premio,2010.0,16.0,233000.0,1500.0,Colombo Fort (Colombo 01),Used,Petrol,Automatic,Saloon,gray,11300000.0
Suzuki,Swift,2004.0,22.0,112000.0,1000.0,Gampaha,Used,Petrol,Automatic,Hatchback,silver,5000000.0
Toyota,Corolla,1986.0,40.0,200000.0,1300.0,Matale,Used,Petrol,Manual,Hatchback,white,1450000.0
Suzuki,Swift,2004.0,22.0,134000.0,1000.0,Kirulapone,Used,Petrol,Automatic,Hatchback,silver,4200000.0
Nissan,Aura,2024.0,2.0,3500.0,1200.0,Embilipitiya,Reconditioned,Petrol,Automatic,Hatchback,gray,13750000.0
Suzuki,Spacia,2023.0,3.0,21000.0,660.0,Kottawa,Brand New,Hybrid,Automatic,Hatchback,white,7800000.0
Toyota,Vitz,2013.0,13.0,141000.0,960.0,Homagama,Used,Petrol,Automatic,Hatchback,white,6075000.0
Suzuki,Wagon R,2018.0,8.0,69000.0,660.0,Maharagama,Used,Petrol,Automatic,Liftback,white,7100000.0
Toyota,Aqua,2013.0,13.0,88000.0,1500.0,Kegalle,Used,Petrol,Automatic,Hatchback,blue,7250000.0
Subaru,Legacy,1994.0,32.0,142000.0,2000.0,Negombo,Reconditioned,Petrol,Manual,Sedan,gray,5500000.0
Perodua,Axia,2016.0,10.0,106000.0,1000.0,Kadawatha,Used,Petrol,Automatic,Hatchback,blue,5475000.0
Mercedes Benz,CLA,2016.0,10.0,65500.0,1490.0,Anuradhapura,Used,Petrol,Automatic,Liftback,white,20500000.0
Toyota,Aqua,2014.0,12.0,158000.0,1500.0,Dehiwala,Used,Hybrid,Automatic,Liftback,black,7750000.0
Mitsubishi,eK,2024.0,2.0,1000.0,660.0,Kottawa,Brand New,Petrol,Automatic,Hatchback,white,7050000.0
Suzuki,Wagon R,2017.0,9.0,102000.0,600.0,Gampaha,Used,Petrol,Automatic,Hatchback,white,6850000.0
Suzuki,Wagon R,2025.0,1.0,0.0,660.0,Wariyapola,Brand New,Petrol,Automatic,Station wagon,white,8800000.0
Honda,Accord,2004.0,22.0,183500.0,1000.0,Horana,Used,Petrol,Automatic,Saloon,brown,4790000.0
Mazda,Familia,2002.0,24.0,202.0,1323.0,Ambalangoda,Used,Petrol,Manual,Saloon,green,3000000.0
Toyota,Axio,2007.0,19.0,182000.0,1500.0,Dematagoda (Colombo 09),Used,Petrol,Automatic,Saloon,gold,7150000.0
Daihatsu,Tanto,2023.0,3.0,10800.0,650.0,Kurunegala,Reconditioned,Petrol,Automatic,Liftback,blue,8650000.0
Suzuki,Alto,2024.0,2.0,8000.0,650.0,Gampaha,Reconditioned,Petrol,Automatic,Hatchback,silver,6550000.0
Mercedes Benz,C200,2020.0,6.0,33000.0,1497.0,Matara,Used,Petrol,Automatic,Saloon,black,30500000.0
Toyota,Premio,2013.0,13.0,120000.0,690.0,Ampara,Used,Petrol,Manual,Hatchback,white,11600000.0
Toyota,Belta,2007.0,19.0,121000.0,1500.0,Ambalangoda,Used,Petrol,Automatic,Saloon,white,6000000.0
Nissan,Dayz,2024.0,2.0,2800.0,660.0,Colombo Fort (Colombo 01),Reconditioned,Petrol,Automatic,Hatchback,silver,7190000.0
Nissan,Sunny,1987.0,39.0,239000.0,1500.0,Kohuwala,Used,Petrol,Manual,Saloon,white,1690000.0
Toyota,Passo,2023.0,3.0,24000.0,1000.0,Ja-Ela,Brand New,Petrol,Automatic,Liftback,white,9390000.0
Toyota,Vitz,1999.0,27.0,130000.0,1000.0,Welimada,Reconditioned,Petrol,Automatic,Hatchback,silver,3890000.0
Toyota,Corolla,2007.0,19.0,125000.0,1600.0,Ambalangoda,Used,Petrol,Automatic,Saloon,white,7250000.0
Suzuki,Wagon R,2017.0,9.0,65800.0,660.0,Ja-Ela,Used,Hybrid,Automatic,Liftback,maroon,6990000.0
Toyota,Sprinter,1990.0,36.0,294000.0,1500.0,Minuwangoda,Used,Petrol,Manual,Saloon,white,2275000.0
Toyota,Premio,2014.0,12.0,77421.0,1400.0,Wattala,Used,Petrol,Automatic,Sedan,maroon,12150000.0
Toyota,Vitz,2015.0,11.0,116000.0,1500.0,Ja-Ela,Used,Petrol,Automatic,,black,6790000.0
Suzuki,Celerio,2016.0,10.0,78000.0,1000.0,Trincomalee,Used,Petrol,Automatic,Liftback,silver,5150000.0
Suzuki,Alto,2016.0,10.0,83000.0,800.0,Trincomalee,Used,Petrol,Manual,Hatchback,white,4000000.0
Suzuki,Wagon R,2018.0,8.0,91000.0,660.0,Nittambuwa,Used,Hybrid,Automatic,Saloon,black,6500000.0
Nissan,Sunny,1992.0,34.0,150000.0,2000.0,Yakkala,Used,Diesel,Manual,Saloon,other,2250000.0
Mitsubishi,Lancer,2002.0,24.0,0.0,1500.0,Kurunegala,Used,Petrol,Manual,Hatchback,gray,6000000.0
Suzuki,Celerio,2016.0,10.0,125000.0,1000.0,Kollupitiya (Colombo 03),Used,Petrol,Automatic,Hatchback,red,5300000.0
Toyota,Prius,2008.0,18.0,0.0,2490.0,Katunayake,Used,Petrol,Automatic,Hatchback,silver,6800000.0
Suzuki,Celerio,2016.0,10.0,114000.0,1000.0,Piliyandala,Used,Petrol,Tiptronic,,white,4900000.0
Suzuki,Alto,2017.0,9.0,75000.0,800.0,Kadawatha,Used,Petrol,Automatic,Liftback,white,4050000.0
Honda,Fit,2004.0,22.0,166000.0,1300.0,Embilipitiya,Used,Petrol,Automatic,Hatchback,blue,5275000.0
