Raw_Title,Raw_Price,Raw_Mileage,Raw_Metadata,Colour,Condition,Engine/Motor Capacity,Fuel Type,Manufacturer,Mileage,Model,Model Year,Power,Register Year,Transmission,Vehicle Type
Honda Civic 2017,"Rs: 12,500,000",km Find,"2026-02-19 | Telijjawila 82,285",silver,Used,1000,Petrol,Honda,82285,Civic,2017,1000,2018,Automatic,Car()
KIA Sephia 2002,"Rs: 2,600,000",km Find,"2026-02-10 | Mattegoda 162,481",gray,Used,1331,Petrol,KIA,162481,Sephia,2002,1331,2003,Automatic,Car(Sedan)
Toyota Belta 2007,"Rs: 5,500,000",km Find,"2026-02-06 | Homagama 166,600",silver,Used,1000,Petrol,Toyota,166600,Belta,2007,1000,2009,Automatic,Car(Saloon)
Suzuki Estilo 2010,"Rs: 4,250,000",km Find,"2026-02-22 | Batticaloa 142,500",silver,Used,800,Petrol,Suzuki,142500,Estilo,2010,800,2011,Manual,Car(Hatchback)
Toyota Prius 2011,"Rs: 8,900,000",km Find,"2026-02-22 | Anuradhapura 200,000",silver,Used,1800,Hybrid,Toyota,200000,Prius,2011,1800,2013,Automatic,Car(Saloon)
Nissan Leaf 2014,"Rs: 5,300,000",km Find,"2026-02-22 | Piliyandala 46,000",gray,Used,80,Electric,Nissan,46000,Leaf,2014,80,2015,Automatic,Car(Hatchback)
Suzuki Wagon R 2018,"Rs: 6,980,000",km Find,"2026-02-22 | Kalmunai 65,000",white,Used,650,Hybrid,Suzuki,65000,Wagon R,2018,650,2018,Automatic,Car(Sedan)
Toyota Prius 2008,"Rs: 6,750,000",km Find,"2026-02-22 | Medawachchiya 178,000",silver,Used,1500,Hybrid,Toyota,178000,Prius,2008,1500,2011,Automatic,Car(Hatchback)
Suzuki Wagon R 2018,"Rs: 7,075,000",km Find,"2026-02-22 | Chavakachcheri 72,000",white,Used,800,Hybrid,Suzuki,72000,Wagon R,2018,800,2018,Automatic,Car(Hatchback)
Nissan Dayz 2023,"Rs: 8,490,000",km Find,"2026-02-22 | Ja-Ela 19,600",orange,Brand New,650,Hybrid,Nissan,19600,Dayz,2023,650,Ref:,Automatic,Car(Station wagon)
Toyota Yaris 2024,"Rs: 9,800,000",km Find,"2026-02-22 | Dehiwala 7,000",white,Reconditioned,1000,Petrol,Toyota,7000,Yaris,2024,1000,2024,Automatic,Car(Hatchback)
Suzuki Spacia 2023,"Rs: 9,275,000",km Find,"2026-02-22 | Kalagedihena 1,200",red,Reconditioned,650,Hybrid,Suzuki,1200,Spacia,2023,650,2023,Automatic,Car(Sedan)
Toyota Prius 2012,"Rs: 9,600,000",km Find,"2026-02-22 | Katugastota 1,340,000",white,Used,1800,Petrol,Toyota,1340000,Prius,2012,1800,2014,Automatic,Car(Saloon)
Toyota Aqua 2012,"Rs: 6,550,000",km Find,"2026-02-22 | Galle 139,000",white,Used,1500,Petrol,Toyota,139000,Aqua,2012,1500,2013,Automatic,Car(Hatchback)
Suzuki Alto 2011,"Rs: 2,675,000",km Find,"2026-02-22 | Akurana 100,000",black,Used,796,Petrol,Suzuki,100000,Alto,2011,796,2012,Manual,Car(Hatchback)
Suzuki Wagon R 2016,"Rs: 7,300,000",km Find,"2026-02-22 | Kurunegala 112,000",white,Used,650,Petrol,Suzuki,112000,Wagon R,2016,650,2019,Automatic,Car(Station wagon)
Toyota Starlet 1998,"Rs: 2,875,000",km Find,"2026-02-22 | Alawatugoda 200,000",white,Used,1450,Diesel,Toyota,200000,Starlet,1998,1450,2000,Automatic,Car(Hatchback)
Toyota Premio 2014,"Rs: 12,150,000",km Find,"2026-02-22 | Wattala 77,421",maroon,Used,1400,Petrol,Toyota,77421,Premio,2014,1400,2014,Automatic,Car(Sedan)
Honda Civic 2017,"Rs: 12,500,000",km Find,"2026-02-19 | Telijjawila 82,285",silver,Used,1000,Petrol,Honda,82285,Civic,2017,1000,2018,Automatic,Car()
KIA Sephia 2002,"Rs: 2,600,000",km Find,"2026-02-10 | Mattegoda 162,481",gray,Used,1331,Petrol,KIA,162481,Sephia,2002,1331,2003,Automatic,Car(Sedan)
Toyota Belta 2007,"Rs: 5,500,000",km Find,"2026-02-06 | Homagama 166,600",silver,Used,1000,Petrol,Toyota,166600,Belta,2007,1000,2009,Automatic,Car(Saloon)
Toyota Corolla 1997,"Rs: 2,500,000",km Find,"2026-02-22 | Gampaha 185,000",white,Used,1330,Petrol,Toyota,185000,Corolla,1997,1330,2000,Automatic,Car(Saloon)
Toyota Yaris 2023,"Rs: 9,200,000",km Find,"2026-02-22 | Kurunegala 2,500",black,Brand New,690,Hybrid,Toyota,2500,Yaris,2023,690,Ref:,Automatic,Car(Hatchback)
Suzuki Wagon R 2017,"Rs: 7,000,000",,2026-02-22 | Gampaha Find Out More,gold,Used,800,Petrol,Suzuki,0,Wagon R,2017,800,2018,Automatic,Car(Liftback)
Toyota Vitz 2015,"Rs: 7,000,000",,2026-02-22 | Bandaragama Find Out More,blue,Used,990,Petrol,Toyota,0,Vitz,2015,990,2018,Automatic,Car(Hatchback)
Toyota Aqua 2013,"Rs: 8,100,000",km Find,"2026-02-22 | Alawala 140,000",black,Used,1300,Petrol,Toyota,140000,Aqua,2013,1300,2015,Automatic,Car(Liftback)
Suzuki Alto 2014,"Rs: 4,000,000",,2026-02-22 | Kalagedihena Find Out More,black,Used,800,Petrol,Suzuki,0,Alto,2014,800,2014,Manual,Car(Hatchback)
Suzuki Wagon R 2018,"Rs: 7,100,000",km Find,"2026-02-22 | Balana 89,000",white,Reconditioned,650,Petrol,Suzuki,89000,Wagon R,2018,650,2019,Automatic,Car(Station wagon)
Toyota Vitz 2016,"Rs: 7,200,000",km Find,"2026-02-22 | Oddamavadi 88,000",white,Used,1320,Petrol,Toyota,88000,Vitz,2016,1320,2019,Automatic,Car(Hatchback)
BMW 740Le 2018,"Rs: 36,500,000",km Find,"2026-02-22 | Nugegoda 120,000",white,Used,2000,Hybrid,BMW,120000,740Le,2018,2000,2019,Automatic,Car(Sedan)
Perodua Bezza 2019,"Rs: 7,800,000",km Find,"2026-02-22 | Moratuwa 90,000",white,Used,1000,Petrol,Perodua,90000,Bezza,2019,1000,2019,Automatic,Car(Saloon)
Honda Civic 2018,"Rs: 12,500,000",km Find,"2026-02-22 | Nawala 98,800",silver,Used,1000,Petrol,Honda,98800,Civic,2018,1000,2018,Tiptronic,Car(Hatchback)
Mercedes Benz C180 2011,"Rs: 10,700,000",km Find,"2026-02-22 | Maharagama 184,000",gray,Used,1800,Petrol,Mercedes Benz,184000,C180,2011,1800,2011,Tiptronic,Car(Sedan)
Nissan March 1999,"Rs: 3,625,000",km Find,"2026-02-22 | Kandy 211,000",silver,Used,1350,Petrol,Nissan,211000,March,1999,1350,2003,Automatic,Car(Hatchback)
Hyundai Accent 2003,"Rs: 2,625,000",km Find,"2026-02-22 | Wellawatta (Colombo 06) 165,500",black,Used,1200,Petrol,Hyundai,165500,Accent,2003,1200,2006,Manual,Car(Hatchback)
Honda Civic 2017,"Rs: 12,500,000",km Find,"2026-02-19 | Telijjawila 82,285",silver,Used,1000,Petrol,Honda,82285,Civic,2017,1000,2018,Automatic,Car()
KIA Sephia 2002,"Rs: 2,600,000",km Find,"2026-02-10 | Mattegoda 162,481",gray,Used,1331,Petrol,KIA,162481,Sephia,2002,1331,2003,Automatic,Car(Sedan)
Toyota Belta 2007,"Rs: 5,500,000",km Find,"2026-02-06 | Homagama 166,600",silver,Used,1000,Petrol,Toyota,166600,Belta,2007,1000,2009,Automatic,Car(Saloon)
Nissan FB 14 1998,"Rs: 3,150,000",km Find,"2026-02-21 | Pilimatalawa 185,000",silver,Used,1500,Petrol,Nissan,185000,FB 14,1998,1500,1998,Automatic,Car(Hatchback)
Honda Civic 2003,"Rs: 4,900,000",km Find,"2026-02-21 | Kandy 195,000",red,Used,1500,Petrol,Honda,195000,Civic,2003,1500,2003,Automatic,Car(Sedan)
Toyota Yaris 2023,"Rs: 8,900,000",km Find,"2026-02-21 | Negombo 1,200",white,Brand New,1200,Petrol,Toyota,1200,Yaris,2023,1200,2023,Automatic,Car(Hatchback)
Toyota Prius 2014,"Rs: 9,500,000",km Find,"2026-02-21 | Colombo Fort (Colombo 01) 132,000",silver,Used,1200,Petrol,Toyota,132000,Prius,2014,1200,2015,Automatic,Car(Hatchback)
Toyota Vitz 2019,"Rs: 8,300,000",km Find,"2026-02-21 | Colombo Fort (Colombo 01) 49,000",white,Used,1200,Petrol,Toyota,49000,Vitz,2019,1200,2019,Automatic,Car(Hatchback)
Daihatsu Mira 2024,"Rs: 7,200,000",km Find,"2026-02-21 | Kollupitiya (Colombo 03) 2,400",blue,Brand New,660,Petrol,Daihatsu,2400,Mira,2024,660,Ref:,Automatic,Car(Hatchback)
Toyota Passo 2009,"Rs: 4,650,000",km Find,"2026-02-21 | Gampaha 131,275",silver,Used,1000,Petrol,Toyota,131275,Passo,2009,1000,2011,Automatic,Car(Hatchback)
Suzuki Wagon R 2014,"Rs: 5,050,000",km Find,"2026-02-21 | Homagama 112,000",white,Used,650,Petrol,Suzuki,112000,Wagon R,2014,650,2015,Automatic,Car(Hatchback)
Honda Civic 2017,"Rs: 12,500,000",km Find,"2026-02-19 | Telijjawila 82,285",silver,Used,1000,Petrol,Honda,82285,Civic,2017,1000,2018,Automatic,Car()
KIA Sephia 2002,"Rs: 2,600,000",km Find,"2026-02-10 | Mattegoda 162,481",gray,Used,1331,Petrol,KIA,162481,Sephia,2002,1331,2003,Automatic,Car(Sedan)
Toyota Belta 2007,"Rs: 5,500,000",km Find,"2026-02-06 | Homagama 166,600",silver,Used,1000,Petrol,Toyota,166600,Belta,2007,1000,2009,Automatic,Car(Saloon)
Suzuki Wagon R 2017,"Rs: 6,250,000",km Find,"2026-02-21 | Katana 120,000",brown,Used,650,Petrol,Suzuki,120000,Wagon R,2017,650,2017,Automatic,Car(Hatchback)
Toyota Yaris 2025,"Rs: 10,600,000",,2026-02-21 | Kollupitiya (Colombo 03) Find Out More,white,Brand New,1000,Petrol,Toyota,0,Yaris,2025,1000,Ref:,Automatic,Car(Hatchback)
Suzuki Wagon R 2014,"Rs: 5,550,000",km Find,"2026-02-21 | Alampil 98,000",silver,Used,650,Petrol,Suzuki,98000,Wagon R,2014,650,2015,Automatic,Car(Station wagon)
Toyota Aqua 2012,"Rs: 6,200,000",km Find,"2026-02-21 | Kadawatha 153,000",black,Used,1490,Petrol,Toyota,153000,Aqua,2012,1490,2013,Automatic,Car(Liftback)
Micro Panda 2014,"Rs: 3,250,000",km Find,"2026-02-21 | Kahathuduwa 85,000",red,Used,1300,Petrol,Micro,85000,Panda,2014,1300,2014,Manual,Car(Hatchback)
Toyota Allion 2007,"Rs: 7,800,000",km Find,"2026-02-21 | Homagama 260,000",red,Used,1500,Petrol,Toyota,260000,Allion,2007,1500,2007,Automatic,Car(Sedan)
Micro Panda 2018,"Rs: 3,850,000",km Find,"2026-02-21 | Kaleliya 65,600",black,Used,1000,Petrol,Micro,65600,Panda,2018,1000,2018,Tiptronic,Car(Hatchback)
Subaru R2 2003,"Rs: 3,000,000",km Find,"2026-02-21 | Moratuwa 182,000",gray,Used,650,Petrol,Subaru,182000,R2,2003,650,2003,Automatic,Car(Hatchback)
Honda City 2025,"Rs: 13,500,000",km Find,2026-02-21 | Kollupitiya (Colombo 03) 135,gray,Brand New,1000,Petrol,Honda,135,City,2025,1000,Ref:,Tiptronic,Car(Sedan)
Suzuki Wagon R 2025,"Rs: 8,590,000",,2026-02-21 | Wattala Find Out More,white,Brand New,650,Petrol,Suzuki,0,Wagon R,2025,650,Ref:,Automatic,Car(Hatchback)
Toyota Vitz 2007,"Rs: 5,150,000",km Find,"2026-02-21 | Ratmalana 188,200",blue,Used,1000,Petrol,Toyota,188200,Vitz,2007,1000,2010,Automatic,Car(Hatchback)
Nissan Primera 2001,"Rs: 4,200,000",km Find,"2026-02-21 | Galle 128,887",gold,Used,1990,Petrol,Nissan,128887,Primera,2001,1990,2004,Automatic,Car(Saloon)
Toyota Roomy 2024,"Rs: 10,900,000",km Find,"2026-02-21 | Kohuwala 4,000",white,Brand New,1000,Petrol,Toyota,4000,Roomy,2024,1000,Ref:,Automatic,Car(Hatchback)
Suzuki Wagon R 2025,"Rs: 8,200,000",km Find,2026-02-21 | Kohuwala 35,white,Brand New,650,Hybrid,Suzuki,35,Wagon R,2025,650,Ref:,Automatic,Car(Hatchback)
Toyota Vitz 2011,"Rs: 6,150,000",km Find,"2026-02-21 | Kiribathkumbura 115,000",black,Used,990,Petrol,Toyota,115000,Vitz,2011,990,2012,Automatic,Car(Hatchback)
Hyundai Eon 2018,"Rs: 4,500,000",km Find,"2026-02-21 | Kelaniya 65,000",gray,Used,814,Petrol,Hyundai,65000,Eon,2018,814,2019,Manual,Car(Saloon)
Toyota Aqua 2015,"Rs: 8,300,000",km Find,"2026-02-21 | Nugegoda 105,000",black,Used,1000,Petrol,Toyota,105000,Aqua,2015,1000,2015,Automatic,Car(Hatchback)
Honda Civic 2017,"Rs: 12,500,000",km Find,"2026-02-19 | Telijjawila 82,285",silver,Used,1000,Petrol,Honda,82285,Civic,2017,1000,2018,Automatic,Car()
KIA Sephia 2002,"Rs: 2,600,000",km Find,"2026-02-10 | Mattegoda 162,481",gray,Used,1331,Petrol,KIA,162481,Sephia,2002,1331,2003,Automatic,Car(Sedan)
Toyota Belta 2007,"Rs: 5,500,000",km Find,"2026-02-06 | Homagama 166,600",silver,Used,1000,Petrol,Toyota,166600,Belta,2007,1000,2009,Automatic,Car(Saloon)
Nissan AD Wagon 2009,"Rs: 1,275,000",km Find,"2026-02-21 | Negombo 150,000",silver,Used,1499,Petrol,Nissan,150000,AD Wagon,2009,1499,2014,Automatic,Car(Hatchback)
Chery QQ 2007,"Rs: 1,550,000",km Find,"2026-02-21 | Matugama 85,000",black,Used,800,Petrol,Chery,85000,QQ,2007,800,2007,Manual,Car(Hatchback)
Nissan N 17 2004,"Rs: 5,950,000",km Find,"2026-02-21 | Ratnapura 190,000",beige,Used,1500,Petrol,Nissan,190000,N 17,2004,1500,2004,Automatic,Car(Hatchback)
Toyota Vitz 2019,"Rs: 8,650,000",km Find,"2026-02-21 | Sainthamaruthu 81,700",white,Used,1000,Petrol,Toyota,81700,Vitz,2019,1000,2019,Automatic,Car(Hatchback)
Toyota Prius 2013,"Rs: 11,990,000",km Find,"2026-02-21 | Yatalamatta 61,000",white,Used,1790,Hybrid,Toyota,61000,Prius,2013,1790,2015,Automatic,Car(Hatchback)
Nissan Tiida 2008,"Rs: 6,275,000",km Find,"2026-02-21 | Nawala 167,000",black,Used,1500,Petrol,Nissan,167000,Tiida,2008,1500,2008,Automatic,Car(Hatchback)
Toyota Belta 2008,"Rs: 6,350,000",km Find,"2026-02-21 | Dehiwala 151,000",silver,Used,1300,Petrol,Toyota,151000,Belta,2008,1300,2011,Automatic,Car(Sedan)
Suzuki Spacia 2018,"Rs: 6,795,000",km Find,"2026-02-20 | Kurunegala 51,000",red,Used,650,Hybrid,Suzuki,51000,Spacia,2018,650,2018,Automatic,Car(Station wagon)
Perodua Viva 2010,"Rs: 4,200,000",km Find,"2026-02-20 | Gampaha 114,000",blue,Used,1000,Petrol,Perodua,114000,Viva,2010,1000,2010,Automatic,Car(Hatchback)
Mitsubishi i-MiEV 2013,"Rs: 3,500,000",km Find,"2026-02-20 | Kiribathgoda 90,000",white,Used,600,Electric,Mitsubishi,90000,i-MiEV,2013,600,2013,Automatic,Car(Saloon)
Mitsubishi Lancer 1980,"Rs: 800,000",km Find,"2026-02-20 | Warakapola 1,000,000",green,Used,1500,Petrol,Mitsubishi,1000000,Lancer,1980,1500,1983,Manual,Car(Saloon)
Honda Civic 2017,"Rs: 12,500,000",km Find,"2026-02-19 | Telijjawila 82,285",silver,Used,1000,Petrol,Honda,82285,Civic,2017,1000,2018,Automatic,Car()
KIA Sephia 2002,"Rs: 2,600,000",km Find,"2026-02-10 | Mattegoda 162,481",gray,Used,1331,Petrol,KIA,162481,Sephia,2002,1331,2003,Automatic,Car(Sedan)
Toyota Belta 2007,"Rs: 5,500,000",km Find,"2026-02-06 | Homagama 166,600",silver,Used,1000,Petrol,Toyota,166600,Belta,2007,1000,2009,Automatic,Car(Saloon)
Toyota Vitz 2007,"Rs: 5,375,000",km Find,"2026-02-20 | Dehiwala 150,000",white,Used,1000,Petrol,Toyota,150000,Vitz,2007,1000,2011,Automatic,Car(Liftback)
Mercedes Benz E Class 2013,"Rs: 16,000,000",km Find,"2026-02-20 | Piliyandala 78,000",white,Used,2143,Hybrid,Mercedes Benz,78000,E Class,2013,2143,2014,Automatic,Car(Sedan)
Honda Fit 2015,"Rs: 8,200,000",km Find,"2026-02-20 | Matara 90,000",white,Used,1500,Petrol,Honda,90000,Fit,2015,1500,2015,Automatic,Car(Hatchback)
Suzuki Estilo 2010,"Rs: 3,450,000",km Find,"2026-02-20 | Kahawatta 167,000",red,Used,1000,Petrol,Suzuki,167000,Estilo,2010,1000,2011,Manual,Car(Hatchback)
Suzuki Wagon R 2025,"Rs: 7,650,000",km Find,"2026-02-20 | Mattakkuliya (Colombo 15) 6,800",white,Brand New,650,Petrol,Suzuki,6800,Wagon R,2025,650,Ref:,Automatic,Car(Hatchback)
Audi A1 2018,"Rs: 9,000,000",km Find,"2026-02-20 | Katugastota 96,000",black,Used,1000,Petrol,Audi,96000,A1,2018,1000,2018,Automatic,Car(Hatchback)
Mitsubishi Lancer 1980,"Rs: 800,000",km Find,"2026-02-20 | Warakapola 1,000,000",blue,Used,1500,Petrol,Mitsubishi,1000000,Lancer,1980,1500,1985,Manual,Car(Saloon)
Suzuki Swift 2003,"Rs: 4,150,000",km Find,"2026-02-20 | Kandy 149,000",silver,Used,1300,Petrol,Suzuki,149000,Swift,2003,1300,2007,Automatic,Car(Hatchback)
Honda Civic 2017,"Rs: 12,500,000",km Find,"2026-02-19 | Telijjawila 82,285",silver,Used,1000,Petrol,Honda,82285,Civic,2017,1000,2018,Automatic,Car()
KIA Sephia 2002,"Rs: 2,600,000",km Find,"2026-02-10 | Mattegoda 162,481",gray,Used,1331,Petrol,KIA,162481,Sephia,2002,1331,2003,Automatic,Car(Sedan)
Toyota Belta 2007,"Rs: 5,500,000",km Find,"2026-02-06 | Homagama 166,600",silver,Used,1000,Petrol,Toyota,166600,Belta,2007,1000,2009,Automatic,Car(Saloon)
Perodua Viva 2011,"Rs: 3,650,000",km Find,2026-02-20 | Kaduwela 0,white,Used,660,Petrol,Perodua,00,Viva,2011,660,2011,Automatic,Car(Liftback)
Suzuki Alto 2006,"Rs: 2,650,000",km Find,"2026-02-20 | Kurunegala 123,456",white,Used,800,Petrol,Suzuki,123456,Alto,2006,800,2006,Manual,Car(Convertible)
Suzuki Hustler 2017,"Rs: 5,600,000",km Find,"2026-02-20 | Ja-Ela 125,112",red,Used,660,Petrol,Suzuki,125112,Hustler,2017,660,2019,Automatic,Car()
Suzuki Hustler 2025,"Rs: 8,250,000",,2026-02-20 | Nawala Find Out More,blue,Brand New,658,Petrol,Suzuki,0,Hustler,2025,658,Ref:,Automatic,Car(Hatchback)
Mitsubishi eK 2023,"Rs: 6,850,000",km Find,"2026-02-20 | Kottawa 6,600",silver,Brand New,660,Petrol,Mitsubishi,6600,eK,2023,660,Ref:,Automatic,Car(Hatchback)
Toyota Passo 2010,"Rs: 4,975,000",km Find,"2026-02-20 | Athurugiriya 200,000",black,Used,1000,Petrol,Toyota,200000,Passo,2010,1000,2011,Automatic,Car(Hatchback)
Toyota Yaris 2006,"Rs: 6,000,000",km Find,"2026-02-20 | Dehiwala 190,000",red,Used,1300,Petrol,Toyota,190000,Yaris,2006,1300,2006,Automatic,Car(Saloon)
Mitsubishi Lancer 1991,"Rs: 4,250,000",km Find,"2026-02-20 | Peradeniya 150,000",green,Used,1600,Petrol,Mitsubishi,150000,Lancer,1991,1600,1996,Manual,Car(Sedan)
Honda Civic 2017,"Rs: 12,500,000",km Find,"2026-02-19 | Telijjawila 82,285",silver,Used,1000,Petrol,Honda,82285,Civic,2017,1000,2018,Automatic,Car()
KIA Sephia 2002,"Rs: 2,600,000",km Find,"2026-02-10 | Mattegoda 162,481",gray,Used,1331,Petrol,KIA,162481,Sephia,2002,1331,2003,Automatic,Car(Sedan)
Toyota Belta 2007,"Rs: 5,500,000",km Find,"2026-02-06 | Homagama 166,600",silver,Used,1000,Petrol,Toyota,166600,Belta,2007,1000,2009,Automatic,Car(Saloon)
Suzuki Alto 2015,"Rs: 3,490,000",km Find,"2026-02-20 | Hanwella 128,000",blue,Used,650,Petrol,Suzuki,128000,Alto,2015,650,2015,Manual,Car(Hatchback)
Suzuki Wagon R 2024,"Rs: 7,750,000",km Find,"2026-02-20 | Ampara 7,600",silver,Brand New,660,Hybrid,Suzuki,7600,Wagon R,2024,660,Ref:,Automatic,Car(Hatchback)
Mitsubishi Lancer 1989,"Rs: 1,450,000",km Find,"2026-02-20 | Peradeniya 190,000",white,Used,1200,Petrol,Mitsubishi,190000,Lancer,1989,1200,1995,Manual,Car(Sedan)
Honda Insight 2011,"Rs: 7,850,000",km Find,"2026-02-20 | Galle 176,000",silver,Used,1300,Hybrid,Honda,176000,Insight,2011,1300,2013,Automatic,Car()
Suzuki Alto 2024,"Rs: 6,475,000",km Find,"2026-02-20 | Kalagedihena 9,300",silver,Reconditioned,650,Petrol,Suzuki,9300,Alto,2024,650,2024,Automatic,Car(Sedan)
Suzuki Wagon R 2024,"Rs: 7,150,000",km Find,"2026-02-20 | Kottawa 6,600",other,Brand New,660,Petrol,Suzuki,6600,Wagon R,2024,660,Ref:,Automatic,Car(Hatchback)
Suzuki Spacia 2025,"Rs: 8,400,000",,2026-02-20 | Kurunegala Find Out More,white,Brand New,660,Hybrid,Suzuki,0,Spacia,2025,660,2025,Automatic,Car(Liftback)
Suzuki Wagon R 2014,"Rs: 5,550,000",,2026-02-20 | Kandy Find Out More,silver,Used,658,Hybrid,Suzuki,0,Wagon R,2014,658,2016,Automatic,Car(Hatchback)
Honda Civic 2017,"Rs: 12,500,000",km Find,"2026-02-19 | Telijjawila 82,285",silver,Used,1000,Petrol,Honda,82285,Civic,2017,1000,2018,Automatic,Car()
KIA Sephia 2002,"Rs: 2,600,000",km Find,"2026-02-10 | Mattegoda 162,481",gray,Used,1331,Petrol,KIA,162481,Sephia,2002,1331,2003,Automatic,Car(Sedan)
Toyota Belta 2007,"Rs: 5,500,000",km Find,"2026-02-06 | Homagama 166,600",silver,Used,1000,Petrol,Toyota,166600,Belta,2007,1000,2009,Automatic,Car(Saloon)
Suzuki Maruti 2007,"Rs: 2,700,000",km Find,2026-02-20 | Kurunegala 0,maroon,Used,0000,Petrol,Suzuki,0000,Maruti,2007,0000,2007,Manual,Car(Hatchback)
Suzuki Alto 2015,"Rs: 3,600,000",km Find,"2026-02-20 | Buttala 116,000",silver,Used,796,Petrol,Suzuki,116000,Alto,2015,796,2015,Manual,Car(Hatchback)
Suzuki Wagon R 2017,"Rs: 4,700,000",km Find,2026-02-20 | Kurunegala 0,white,Used,0000,Petrol,Suzuki,0000,Wagon R,2017,0000,2017,Manual,Car(Hatchback)
Daihatsu Mira 2017,"Rs: 5,490,000",km Find,"2026-02-20 | Kalagedihena 88,000",brown,Used,650,Petrol,Daihatsu,88000,Mira,2017,650,2017,Automatic,Car(Sedan)
Hyundai Matrix 2001,"Rs: 2,750,000",km Find,"2026-02-20 | Dehiwala 171,132",blue,Used,1599,Petrol,Hyundai,171132,Matrix,2001,1599,2005,Automatic,Car(Hatchback)
Nissan Dayz 2024,"Rs: 7,150,000",km Find,"2026-02-20 | Kottawa 6,600",black,Brand New,660,Petrol,Nissan,6600,Dayz,2024,660,Ref:,Automatic,Car(Hatchback)
Suzuki Zen 2004,"Rs: 2,250,000",km Find,"2026-02-20 | Galewela 130,000",silver,Used,1000,Petrol,Suzuki,130000,Zen,2004,1000,2005,Manual,Car(Hatchback)
Toyota Aqua 2015,"Rs: 7,800,000",km Find,"2026-02-20 | Ratnapura 124,000",purple,Used,1500,Hybrid,Toyota,124000,Aqua,2015,1500,2015,Automatic,Car(Saloon)
Honda City 2003,"Rs: 4,350,000",km Find,"2026-02-20 | Piliyandala 190,000",blue,Used,1490,Petrol,Honda,190000,City,2003,1490,2007,Automatic,Car(Hatchback)
Nissan N 16 2000,"Rs: 3,950,000",km Find,"2026-02-20 | Ganemulla 145,000",maroon,Used,1300,Petrol,Nissan,145000,N 16,2000,1300,2001,Manual,Car(Saloon)
Toyota Axio 2015,"Rs: 10,250,000",km Find,"2026-02-20 | Kurunegala 137,000",white,Used,1500,Petrol,Toyota,137000,Axio,2015,1500,2015,Automatic,Car(Convertible)
Daihatsu Cast 2023,"Rs: 7,300,000",km Find,"2026-02-20 | Kottawa 6,600",brown,Brand New,660,Petrol,Daihatsu,6600,Cast,2023,660,Ref:,Automatic,Car(Hatchback)
Nissan FB 15 2003,"Rs: 4,850,000",km Find,"2026-02-20 | Giriulla 190,000",silver,Used,1490,Petrol,Nissan,190000,FB 15,2003,1490,2006,Automatic,Car(Saloon)
Toyota Premio 2008,"Rs: 8,500,000",km Find,"2026-02-20 | Kandy 128,000",red,Used,1500,Petrol,Toyota,128000,Premio,2008,1500,2010,Automatic,Car(Saloon)
Perodua Kelisa 2007,"Rs: 2,850,000",km Find,"2026-02-20 | Matale 176,000",blue,Used,1000,Petrol,Perodua,176000,Kelisa,2007,1000,2007,Manual,Car(Hatchback)
Toyota Axio 2007,"Rs: 7,250,000",km Find,"2026-02-20 | Matale 160,000",silver,Used,1500,Petrol,Toyota,160000,Axio,2007,1500,2010,Automatic,Car(Sedan)
Honda Civic 2017,"Rs: 12,500,000",km Find,"2026-02-19 | Telijjawila 82,285",silver,Used,1000,Petrol,Honda,82285,Civic,2017,1000,2018,Automatic,Car()
KIA Sephia 2002,"Rs: 2,600,000",km Find,"2026-02-10 | Mattegoda 162,481",gray,Used,1331,Petrol,KIA,162481,Sephia,2002,1331,2003,Automatic,Car(Sedan)
Toyota Belta 2007,"Rs: 5,500,000",km Find,"2026-02-06 | Homagama 166,600",silver,Used,1000,Petrol,Toyota,166600,Belta,2007,1000,2009,Automatic,Car(Saloon)
Toyota Prius 2014,"Rs: 10,800,000",km Find,"2026-02-20 | Kalutara 144,000",white,Used,1800,Hybrid,Toyota,144000,Prius,2014,1800,2014,Automatic,Car(Hatchback)
Nissan Dayz 2024,"Rs: 7,325,000",km Find,"2026-02-20 | Kottawa 6,600",black,Brand New,660,Petrol,Nissan,6600,Dayz,2024,660,Ref:,Automatic,Car(Hatchback)
BMW 5 Series 2010,"Rs: 16,900,000",km Find,"2026-02-20 | Pita Kotte 160,000",black,Used,2497,Petrol,BMW,160000,5 Series,2010,2497,2010,Automatic,Car()
Nissan ExSunny 2003,"Rs: 4,600,000",km Find,"2026-02-20 | Panadura 221,113",silver,Used,1290,Petrol,Nissan,221113,ExSunny,2003,1290,2006,Automatic,Car(Saloon)
Toyota Axio 2017,"Rs: 11,750,000",km Find,"2026-02-20 | Kohuwala 121,000",other,Used,1500,Hybrid,Toyota,121000,Axio,2017,1500,2017,Automatic,Car(Saloon)
Suzuki Spacia 2023,"Rs: 9,250,000",,2026-02-20 | Kohuwala Find Out More,silver,Reconditioned,658,Petrol,Suzuki,0,Spacia,2023,658,2023,Automatic,Car(Hatchback)
Honda Civic 2003,"Rs: 5,625,000",km Find,"2026-02-20 | Colombo Fort (Colombo 01) 212,647",silver,Used,1490,Petrol,Honda,212647,Civic,2003,1490,2007,Automatic,Car(Hatchback)
Nissan Cefiro 1999,"Rs: 2,880,000",km Find,"2026-02-20 | Gampaha 210,000",blue,Used,1500,Petrol,Nissan,210000,Cefiro,1999,1500,2002,Automatic,Car(Sedan)
Toyota Wigo 2017,"Rs: 5,600,000",km Find,"2026-02-19 | Homagama 129,000",red,Used,1000,Petrol,Toyota,129000,Wigo,2017,1000,2017,Automatic,Car(Liftback)
Toyota Vitz 2018,"Rs: 8,100,000",km Find,"2026-02-19 | Kalmunai 56,000",white,Used,1000,Hybrid,Toyota,56000,Vitz,2018,1000,2019,Automatic,Car(Sedan)
Suzuki Alto 2015,"Rs: 3,775,000",km Find,2026-02-19 | Badulla 22,blue,Used,850,Petrol,Suzuki,22.17,Alto,2015,850,2015,Manual,Car(Liftback)
Suzuki Wagon R 2018,"Rs: 7,100,000",km Find,"2026-02-19 | Batticaloa 75,000",white,Used,650,Hybrid,Suzuki,75000,Wagon R,2018,650,2018,Automatic,Car(Sedan)
Suzuki Alto 2015,"Rs: 3,600,000",km Find,"2026-02-19 | Balana 125,000",gray,Used,800,Petrol,Suzuki,125000,Alto,2015,800,2015,Manual,Car(Liftback)
Suzuki Swift 2003,"Rs: 4,400,000",km Find,"2026-02-19 | Horana 154,000",black,Used,1300,Petrol,Suzuki,154000,Swift,2003,1300,2006,Automatic,Car(Hatchback)
Honda Civic 2017,"Rs: 12,500,000",km Find,"2026-02-19 | Telijjawila 82,285",silver,Used,1000,Petrol,Honda,82285,Civic,2017,1000,2018,Automatic,Car()
KIA Sephia 2002,"Rs: 2,600,000",km Find,"2026-02-10 | Mattegoda 162,481",gray,Used,1331,Petrol,KIA,162481,Sephia,2002,1331,2003,Automatic,Car(Sedan)
Toyota Belta 2007,"Rs: 5,500,000",km Find,"2026-02-06 | Homagama 166,600",silver,Used,1000,Petrol,Toyota,166600,Belta,2007,1000,2009,Automatic,Car(Saloon)
Nissan Sunny 2001,"Rs: 4,650,000",km Find,"2026-02-19 | Kurunegala 184,177",silver,Brand New,1498,Petrol,Nissan,184177,Sunny,2001,1498,2005,Manual,Car(Saloon)
Perodua Kenari 2007,"Rs: 3,595,000",,2026-02-19 | Panadura Find Out More,black,Used,1000,Petrol,Perodua,0,Kenari,2007,1000,2007,Automatic,Car(Liftback)
Suzuki SX 2018,"Rs: 5,250,000",km Find,"2026-02-19 | Piliyandala 81,000",black,Used,1200,Petrol,Suzuki,81000,SX,2018,1200,2010,Automatic,Car(Hatchback)
Suzuki Wagon R 2017,"Rs: 6,500,000",km Find,"2026-02-19 | Alawatugoda 109,000",black,Used,650,Petrol,Suzuki,109000,Wagon R,2017,650,2018,Automatic,Car(Station wagon)
Micro Panda Cross 2014,"Rs: 3,495,000",,2026-02-19 | Panadura Find Out More,red,Used,1300,Petrol,Micro,0,Panda Cross,2014,1300,2014,Manual,Car(Hatchback)
Micro Panda 2014,"Rs: 2,895,000",,2026-02-19 | Panadura Find Out More,blue,Used,1000,Petrol,Micro,0,Panda,2014,1000,2014,Manual,Car(Hatchback)
Suzuki Wagon R 2024,"Rs: 7,500,000",km Find,"2026-02-19 | Kurunegala 2,500",white,Brand New,690,Hybrid,Suzuki,2500,Wagon R,2024,690,Ref:,Automatic,Car(Hatchback)
Daihatsu Mira 2024,"Rs: 6,250,000",km Find,"2026-02-19 | Kurunegala 2,500",red,Brand New,690,Hybrid,Daihatsu,2500,Mira,2024,690,Ref:,Automatic,Car(Hatchback)
Toyota Custom 2024,"Rs: 8,990,000",km Find,"2026-02-19 | Kurunegala 2,500",white,Brand New,690,Hybrid,Toyota,2500,Custom,2024,690,Ref:,Automatic,Car(Hatchback)
Micro MX7 2012,"Rs: 3,295,000",,2026-02-19 | Panadura Find Out More,red,Used,1500,Petrol,Micro,0,MX7,2012,1500,2012,Manual,Car(Sedan)
Micro Panda Cross 2013,"Rs: 2,995,000",,2026-02-19 | Panadura Find Out More,silver,Used,1300,Petrol,Micro,0,Panda Cross,2013,1300,2013,Manual,Car(Hatchback)
Suzuki Wagon R 2018,"Rs: 6,300,000",km Find,"2026-02-19 | Akurana 88,000",red,Used,650,Petrol,Suzuki,88000,Wagon R,2018,650,2018,Automatic,Car(Liftback)
Micro Panda 2012,"Rs: 2,495,000",,2026-02-19 | Panadura Find Out More,orange,Used,1300,Petrol,Micro,0,Panda,2012,1300,2012,Manual,Car(Hatchback)
Nissan B11 1985,"Rs: 855,000",km Find,"2026-02-19 | Negombo 88,422",red,Used,1500,Petrol,Nissan,88422,B11,1985,1500,1985,Manual,Car(Saloon)
Mercedes Benz B Class 2016,"Rs: 9,000,000",km Find,"2026-02-19 | Kotte 120,000",white,Used,36,Electric,Mercedes Benz,120000,B Class,2016,36,2017,Automatic,Car(Hatchback)
Toyota Passo 2009,"Rs: 5,025,000",km Find,"2026-02-19 | Badulla 127,000",red,Used,990,Petrol,Toyota,127000,Passo,2009,990,2012,Automatic,Car(Hatchback)
Suzuki Alto 2015,"Rs: 3,800,000",km Find,"2026-02-19 | Batticaloa 58,000",white,Used,650,Petrol,Suzuki,58000,Alto,2015,650,2015,Manual,Car(Hatchback)
Honda Civic 2017,"Rs: 12,500,000",km Find,"2026-02-19 | Telijjawila 82,285",silver,Used,1000,Petrol,Honda,82285,Civic,2017,1000,2018,Automatic,Car()
KIA Sephia 2002,"Rs: 2,600,000",km Find,"2026-02-10 | Mattegoda 162,481",gray,Used,1331,Petrol,KIA,162481,Sephia,2002,1331,2003,Automatic,Car(Sedan)
Toyota Belta 2007,"Rs: 5,500,000",km Find,"2026-02-06 | Homagama 166,600",silver,Used,1000,Petrol,Toyota,166600,Belta,2007,1000,2009,Automatic,Car(Saloon)
Hyundai Eon 2016,"Rs: 4,250,000",km Find,"2026-02-19 | Batticaloa 86,530",white,Used,814,Petrol,Hyundai,86530,Eon,2016,814,2016,Manual,Car(Hatchback)
Daihatsu Mira 2023,"Rs: 6,400,000",km Find,"2026-02-19 | Kottawa 6,600",blue,Brand New,660,Petrol,Daihatsu,6600,Mira,2023,660,Ref:,Automatic,Car(Hatchback)
Hyundai Eon 2025,"Rs: 8,900,000",,2026-02-19 | Batticaloa Find Out More,red,Brand New,1000,Petrol,Hyundai,0,Eon,2025,1000,Ref:,Automatic,Car(Hatchback)
Suzuki Wagon R 2024,"Rs: 7,300,000",,2026-02-19 | Digana Find Out More,black,Brand New,650,Petrol,Suzuki,0,Wagon R,2024,650,Ref:,Automatic,Car()
Suzuki Celerio 2015,"Rs: 5,100,000",km Find,"2026-02-19 | Kalmunai 85,300",silver,Used,1000,Petrol,Suzuki,85300,Celerio,2015,1000,2015,Automatic,Car(Hatchback)
Suzuki Wagon R 2017,"Rs: 5,600,000",km Find,"2026-02-19 | Kandy 147,000",black,Used,650,Petrol,Suzuki,147000,Wagon R,2017,650,2017,Automatic,Car(Hatchback)
Mazda Flair 2015,"Rs: 5,100,000",km Find,"2026-02-19 | Ratnapura 128,000",black,Used,650,Petrol,Mazda,128000,Flair,2015,650,2015,Automatic,Car(Hatchback)
Suzuki Wagon R 2018,"Rs: 6,950,000",km Find,"2026-02-19 | Kegalle 89,000",purple,Used,660,Hybrid,Suzuki,89000,Wagon R,2018,660,2018,Automatic,Car(Hatchback)
Suzuki Wagon R 2025,"Rs: 8,750,000",,2026-02-19 | Kelaniya Find Out More,white,Brand New,650,Hybrid,Suzuki,0,Wagon R,2025,650,Ref:,Automatic,Car(Hatchback)
Perodua Bezza 2018,"Rs: 6,600,000",km Find,"2026-02-19 | Narahenpita (Colombo 05) 63,000",white,Used,1000,Petrol,Perodua,63000,Bezza,2018,1000,2018,Manual,Car(Hatchback)
Nissan FB 15 2003,"Rs: 4,350,000",km Find,"2026-02-19 | Kegalle 2,200,000",silver,Used,1000,Diesel,Nissan,2200000,FB 15,2003,1000,2005,Manual,Car(Saloon)
Honda Civic 2017,"Rs: 12,500,000",km Find,"2026-02-19 | Telijjawila 82,285",silver,Used,1000,Petrol,Honda,82285,Civic,2017,1000,2018,Automatic,Car()
KIA Sephia 2002,"Rs: 2,600,000",km Find,"2026-02-10 | Mattegoda 162,481",gray,Used,1331,Petrol,KIA,162481,Sephia,2002,1331,2003,Automatic,Car(Sedan)
Toyota Belta 2007,"Rs: 5,500,000",km Find,"2026-02-06 | Homagama 166,600",silver,Used,1000,Petrol,Toyota,166600,Belta,2007,1000,2009,Automatic,Car(Saloon)
Suzuki Alto 2015,"Rs: 3,750,000",km Find,"2026-02-19 | Wattala 131,500",gray,Used,800,Petrol,Suzuki,131500,Alto,2015,800,2015,Manual,Car(Hatchback)
Suzuki Wagon R 2024,"Rs: 8,300,000",km Find,"2026-02-19 | Kotahena (Colombo 13) 3,300",black,Reconditioned,650,Petrol,Suzuki,3300,Wagon R,2024,650,2025,Automatic,Car(Hatchback)
Toyota Aqua 2014,"Rs: 7,450,000",km Find,"2026-02-19 | Piliyandala 127,500",white,Used,1500,Petrol,Toyota,127500,Aqua,2014,1500,2014,Manual,Car(Hatchback)
Toyota Premio 2015,"Rs: 11,450,000",km Find,"2026-02-19 | Panadura 97,000",black,Used,1500,Petrol,Toyota,97000,Premio,2015,1500,2016,Automatic,Car(Saloon)
BMW X Series 2018,"Rs: 18,200,000",km Find,"2026-02-19 | Delgoda 150,000",white,Used,1500,Petrol,BMW,150000,X Series,2018,1500,2018,Automatic,Car()
Micro Panda 2015,"Rs: 2,875,000",km Find,"2026-02-19 | Delgoda 55,000",white,Used,1000,Petrol,Micro,55000,Panda,2015,1000,2015,Manual,Car(Hatchback)
Toyota Aqua 2014,"Rs: 7,400,000",km Find,"2026-02-19 | Pelmadulla 80,460",yellow,Used,1500,Hybrid,Toyota,80460,Aqua,2014,1500,2015,Automatic,Car(Hatchback)
Toyota Corolla 1996,"Rs: 2,990,000",km Find,"2026-02-19 | Pelmadulla 190,000",white,Used,1970,Diesel,Toyota,190000,Corolla,1996,1970,1999,Automatic,Car(Sedan)
Suzuki Alto 2015,"Rs: 4,000,000",km Find,"2026-02-19 | Kirillawala 68,500",white,Used,800,Petrol,Suzuki,68500,Alto,2015,800,2015,Manual,Car(Hatchback)
Suzuki Wagon R 2017,"Rs: 6,850,000",km Find,"2026-02-19 | Gampaha 102,000",white,Used,600,Petrol,Suzuki,102000,Wagon R,2017,600,2018,Automatic,Car(Hatchback)
Suzuki Alto 2014,"Rs: 3,585,000",km Find,"2026-02-19 | Anuradhapura 179,000",blue,Used,800,Petrol,Suzuki,179000,Alto,2014,800,2015,Manual,Car(Hatchback)
Toyota Vitz 2008,"Rs: 5,550,000",km Find,"2026-02-22 | Kaleliya 120,000",white,Used,1000,Petrol,Toyota,120000,Vitz,2008,1000,2011,Automatic,Car(Hatchback)
Suzuki Alto 2015,"Rs: 3,600,000",km Find,"2026-02-19 | Kegalle 92,000",gray,Used,800,Petrol,Suzuki,92000,Alto,2015,800,2015,Manual,Car(Hatchback)
Honda Civic 2017,"Rs: 12,500,000",km Find,"2026-02-19 | Telijjawila 82,285",silver,Used,1000,Petrol,Honda,82285,Civic,2017,1000,2018,Automatic,Car()
KIA Sephia 2002,"Rs: 2,600,000",km Find,"2026-02-10 | Mattegoda 162,481",gray,Used,1331,Petrol,KIA,162481,Sephia,2002,1331,2003,Automatic,Car(Sedan)
Toyota Belta 2007,"Rs: 5,500,000",km Find,"2026-02-06 | Homagama 166,600",silver,Used,1000,Petrol,Toyota,166600,Belta,2007,1000,2009,Automatic,Car(Saloon)
Suzuki Alto 2015,"Rs: 4,150,000",km Find,"2026-02-19 | Vavuniya 76,000",gray,Used,800,Petrol,Suzuki,76000,Alto,2015,800,2015,Automatic,Car(Liftback)
Nissan Primera 2001,"Rs: 3,750,000",km Find,"2026-02-19 | Colombo Fort (Colombo 01) 170,000",silver,Used,1200,Petrol,Nissan,170000,Primera,2001,1200,2003,Manual,Car(Hatchback)
Toyota Camry 2006,"Rs: 7,900,000",km Find,"2026-02-19 | Negombo 157,000",red,Used,1490,Petrol,Toyota,157000,Camry,2006,1490,2006,Automatic,Car(Hatchback)
Toyota Vios 2003,"Rs: 5,375,000",km Find,"2026-02-19 | Nugegoda 130,000",gold,Reconditioned,1500,Petrol,Toyota,130000,Vios,2003,1500,2006,Automatic,Car(Saloon)
Nissan B11 1985,"Rs: 1,150,000",km Find,"2026-02-19 | Panadura 150,000",silver,Used,1300,Petrol,Nissan,150000,B11,1985,1300,1985,Manual,Car(Saloon)
Toyota Axio 2018,"Rs: 13,500,000",km Find,"2026-02-19 | Padukka 106,000",white,Used,1500,Hybrid,Toyota,106000,Axio,2018,1500,2019,Automatic,Car(Sedan)
Toyota DX Wagon 1986,"Rs: 900,000",km Find,"2026-02-19 | Padaviya 20,000",white,Used,1200,Petrol,Toyota,20000,DX Wagon,1986,1200,1989,Manual,Car(Station wagon)
Honda Grace 2014,"Rs: 8,800,000",km Find,"2026-02-19 | Kegalle 154,000",white,Used,1490,Hybrid,Honda,154000,Grace,2014,1490,2014,Automatic,Car(Hatchback)
Toyota Prius 2007,"Rs: 6,300,000",km Find,"2026-02-18 | Kalutara 165,000",silver,Used,1500,Hybrid,Toyota,165000,Prius,2007,1500,2011,Automatic,Car(Sedan)
Daihatsu Tanto 2025,"Rs: 8,200,000",,2026-02-18 | Kurunegala Find Out More,green,Brand New,660,Petrol,Daihatsu,0,Tanto,2025,660,Ref:,Automatic,Car(Station wagon)
Suzuki Wagon R 2024,"Rs: 7,300,000",,2026-02-18 | Kuliyapitiya Find Out More,gray,Brand New,600,Hybrid,Suzuki,0,Wagon R,2024,600,Ref:,Automatic,Car(Liftback)
Perodua Axia 2016,"Rs: 5,450,000",km Find,"2026-02-18 | Kandy 37,445",silver,Used,1000,Petrol,Perodua,37445,Axia,2016,1000,2016,Automatic,Car(Hatchback)
Honda Civic 2017,"Rs: 12,500,000",km Find,"2026-02-19 | Telijjawila 82,285",silver,Used,1000,Petrol,Honda,82285,Civic,2017,1000,2018,Automatic,Car()
KIA Sephia 2002,"Rs: 2,600,000",km Find,"2026-02-10 | Mattegoda 162,481",gray,Used,1331,Petrol,KIA,162481,Sephia,2002,1331,2003,Automatic,Car(Sedan)
Toyota Belta 2007,"Rs: 5,500,000",km Find,"2026-02-06 | Homagama 166,600",silver,Used,1000,Petrol,Toyota,166600,Belta,2007,1000,2009,Automatic,Car(Saloon)
Honda Insight 2009,"Rs: 7,925,000",km Find,"2026-02-18 | Trincomalee 190,000",red,Reconditioned,1330,Hybrid,Honda,190000,Insight,2009,1330,2015,Automatic,Car(Sedan)
Ford Prefect 1959,"Rs: 450,000",,2026-02-18 | Horana Find Out More,white,Used,1000,Petrol,Ford,0,Prefect,1959,1000,1959,Manual,Car()
Audi Q2 2019,"Rs: 13,600,000",km Find,"2026-02-18 | Athurugiriya 146,000",gray,Used,999,Petrol,Audi,146000,Q2,2019,999,2019,Automatic,Car(Hatchback)
Toyota Pixis 2024,"Rs: 6,700,000",,2026-02-18 | Angoda Find Out More,blue,Brand New,650,Petrol,Toyota,0,Pixis,2024,650,Ref:,Automatic,Car(Hatchback)
Suzuki Maruti 2000,"Rs: 1,950,000",km Find,"2026-02-18 | Kaduwela 100,000",white,Used,800,Petrol,Suzuki,100000,Maruti,2000,800,2000,Manual,Car(Hatchback)
Renault KWID 2016,"Rs: 3,400,000",km Find,"2026-02-18 | Kuliyapitiya 140,000",red,Used,1000,Petrol,Renault,140000,KWID,2016,1000,2016,Manual,Car(Hatchback)
Honda N WGN 2017,"Rs: 6,250,000",km Find,"2026-02-18 | Kalutara 30,250",green,Used,650,Petrol,Honda,30250,N WGN,2017,650,2018,Automatic,Car(Station wagon)
Toyota Axio 2014,"Rs: 8,000,000",km Find,"2026-02-18 | Akarella 245,000",white,Used,1329,Petrol,Toyota,245000,Axio,2014,1329,2014,Automatic,Car(Hatchback)
Toyota Corolla 1977,"Rs: 850,000",,2026-02-18 | Horana Find Out More,red,Used,1200,Petrol,Toyota,0,Corolla,1977,1200,1977,Manual,Car()
Honda Civic 2017,"Rs: 12,500,000",km Find,"2026-02-19 | Telijjawila 82,285",silver,Used,1000,Petrol,Honda,82285,Civic,2017,1000,2018,Automatic,Car()
KIA Sephia 2002,"Rs: 2,600,000",km Find,"2026-02-10 | Mattegoda 162,481",gray,Used,1331,Petrol,KIA,162481,Sephia,2002,1331,2003,Automatic,Car(Sedan)
Toyota Belta 2007,"Rs: 5,500,000",km Find,"2026-02-06 | Homagama 166,600",silver,Used,1000,Petrol,Toyota,166600,Belta,2007,1000,2009,Automatic,Car(Saloon)
Toyota Starlet 1986,"Rs: 1,450,000",,2026-02-18 | Horana Find Out More,black,Used,1300,Petrol,Toyota,0,Starlet,1986,1300,1986,Manual,Car()
Suzuki Wagon R 2014,"Rs: 5,750,000",km Find,"2026-02-18 | Kurunegala 126,000",white,Used,650,Petrol,Suzuki,126000,Wagon R,2014,650,2015,Automatic,Car(Hatchback)
Suzuki Alto 2015,"Rs: 3,750,000",km Find,"2026-02-18 | Kotte 130,000",white,Used,800,Petrol,Suzuki,130000,Alto,2015,800,2015,Manual,Car(Hatchback)
Toyota Axio 2013,"Rs: 8,350,000",km Find,"2026-02-18 | Bopitiya 135,000",white,Used,1500,Petrol,Toyota,135000,Axio,2013,1500,2013,Automatic,Car(Saloon)
Hyundai Santro 2005,"Rs: 2,500,000",,2026-02-18 | Horana Find Out More,gray,Used,1200,Petrol,Hyundai,0,Santro,2005,1200,2005,Manual,Car()
Daihatsu Mira 2003,"Rs: 3,690,000",km Find,"2026-02-18 | Malabe 151,000",blue,Used,650,Petrol,Daihatsu,151000,Mira,2003,650,2007,Automatic,Car(Hatchback)
Honda Grace 2015,"Rs: 8,900,000",km Find,"2026-02-18 | Kollupitiya (Colombo 03) 127,000",white,Used,1500,Hybrid,Honda,127000,Grace,2015,1500,2016,Automatic,Car(Sedan)
Toyota Corolla 1996,"Rs: 3,500,000",,2026-02-18 | Horana Find Out More,white,Used,1500,Petrol,Toyota,0,Corolla,1996,1500,1999,Manual,Car()
Toyota Platz 2001,"Rs: 3,900,000",,2026-02-18 | Horana Find Out More,black,Used,1000,Petrol,Toyota,0,Platz,2001,1000,2002,Automatic,Car()
Perodua Viva 2013,"Rs: 4,675,000",km Find,"2026-02-18 | Adampan 92,000",purple,Used,1000,Petrol,Perodua,92000,Viva,2013,1000,2013,Automatic,Car(Hatchback)
Toyota Carina 1992,"Rs: 3,400,000",km Find,"2026-02-18 | Matugama 23,000",white,Used,1500,Petrol,Toyota,23000,Carina,1992,1500,1992,Manual,Car(Saloon)
Perodua Kancil 2003,"Rs: 2,300,000",,2026-02-18 | Kandy Find Out More,green,Used,0,Petrol,Perodua,0,Kancil,2003,0,2003,Manual,Car()
Suzuki Wagon R 2017,"Rs: 5,975,000",km Find,"2026-02-18 | Moratuwa 160,000",white,Used,790,Petrol,Suzuki,160000,Wagon R,2017,790,2018,Automatic,Car(Hatchback)
Suzuki Celerio 2014,"Rs: 4,750,000",km Find,"2026-02-18 | Dehiwala 87,000",yellow,Used,1000,Petrol,Suzuki,87000,Celerio,2014,1000,2014,Tiptronic,Car(Hatchback)
Honda Fit 2012,"Rs: 6,750,000",km Find,"2026-02-18 | Moratuwa 126,650",silver,Used,1339,Petrol,Honda,126650,Fit,2012,1339,2015,Automatic,Car(Hatchback)
Honda Civic 2017,"Rs: 12,500,000",km Find,"2026-02-19 | Telijjawila 82,285",silver,Used,1000,Petrol,Honda,82285,Civic,2017,1000,2018,Automatic,Car()
KIA Sephia 2002,"Rs: 2,600,000",km Find,"2026-02-10 | Mattegoda 162,481",gray,Used,1331,Petrol,KIA,162481,Sephia,2002,1331,2003,Automatic,Car(Sedan)
Toyota Belta 2007,"Rs: 5,500,000",km Find,"2026-02-06 | Homagama 166,600",silver,Used,1000,Petrol,Toyota,166600,Belta,2007,1000,2009,Automatic,Car(Saloon)
Perodua Kelisa 2004,"Rs: 3,375,000",km Find,"2026-02-18 | Piliyandala 134,000",silver,Used,1000,Petrol,Perodua,134000,Kelisa,2004,1000,2007,Automatic,Car(Hatchback)
KIA Rio 2001,"Rs: 2,400,000",km Find,"2026-02-18 | Anuradhapura 146,935",yellow,Used,1500,Petrol,KIA,146935,Rio,2001,1500,2005,Manual,Car(Hatchback)
Toyota Corona 1990,"Rs: 1,855,000",km Find,"2026-02-18 | Kahathuduwa 180,000",green,Used,1970,Diesel,Toyota,180000,Corona,1990,1970,1993,Manual,Car(Hatchback)
Toyota Aqua 2005,"Rs: 6,350,000",,2026-02-18 | Kirulapone Find Out More,orange,Used,1800,Petrol,Toyota,0,Aqua,2005,1800,2006,Automatic,Car(Hatchback)
Suzuki Alto 2010,"Rs: 3,500,000",,2026-02-18 | Kirulapone Find Out More,black,Reconditioned,800,Petrol,Suzuki,0,Alto,2010,800,2011,Manual,Car(Hatchback)
Suzuki Wagon R 2017,"Rs: 5,975,000",km Find,"2026-02-18 | Panadura 160,000",white,Used,650,Petrol,Suzuki,160000,Wagon R,2017,650,2018,Automatic,Car(Hatchback)
Toyota Passo 2023,"Rs: 8,400,000",km Find,"2026-02-18 | Katugastota 4,000",maroon,Reconditioned,1000,Hybrid,Toyota,4000,Passo,2023,1000,2023,Automatic,Car(Hatchback)
Suzuki Alto 2016,"Rs: 3,800,000",km Find,"2026-02-18 | Anuradhapura 78,000",white,Used,796,Petrol,Suzuki,78000,Alto,2016,796,2016,Manual,Car(Hatchback)
Toyota Vitz 2016,"Rs: 7,500,000",km Find,"2026-02-18 | Kuliyapitiya 85,000",white,Used,1000,Petrol,Toyota,85000,Vitz,2016,1000,2019,Automatic,Car(Hatchback)
Toyota Vitz 2016,"Rs: 6,900,000",km Find,"2026-02-18 | Matara 238,000",white,Used,1000,Petrol,Toyota,238000,Vitz,2016,1000,2018,Automatic,Car(Hatchback)
Daihatsu Charade 1988,"Rs: 1,750,000",km Find,"2026-02-18 | Nittambuwa 97,285",green,Used,990,Diesel,Daihatsu,97285,Charade,1988,990,1992,Manual,Car(Hatchback)
Micro Panda 2016,"Rs: 3,550,000",km Find,"2026-02-18 | Morontuduwa 30,200",white,Used,1300,Petrol,Micro,30200,Panda,2016,1300,2016,Manual,Car(Hatchback)
Honda Civic 2017,"Rs: 12,500,000",km Find,"2026-02-19 | Telijjawila 82,285",silver,Used,1000,Petrol,Honda,82285,Civic,2017,1000,2018,Automatic,Car()
KIA Sephia 2002,"Rs: 2,600,000",km Find,"2026-02-10 | Mattegoda 162,481",gray,Used,1331,Petrol,KIA,162481,Sephia,2002,1331,2003,Automatic,Car(Sedan)
Toyota Belta 2007,"Rs: 5,500,000",km Find,"2026-02-06 | Homagama 166,600",silver,Used,1000,Petrol,Toyota,166600,Belta,2007,1000,2009,Automatic,Car(Saloon)
Suzuki Alto 2015,"Rs: 3,600,000",km Find,"2026-02-18 | Minuwangoda 110,000",gray,Used,800,Petrol,Suzuki,110000,Alto,2015,800,2015,Manual,Car(Saloon)
Toyota Belta 2007,"Rs: 5,950,000",km Find,"2026-02-18 | Matara 116,500",silver,Used,1000,Petrol,Toyota,116500,Belta,2007,1000,2011,Automatic,Car(Saloon)
Toyota Corona 1996,"Rs: 3,400,000",km Find,2026-02-18 | Anuradhapura 0,white,Used,00000,Petrol,Toyota,00000,Corona,1996,00000,1999,Automatic,Car(Liftback)
Suzuki Wagon R 2017,"Rs: 6,250,000",km Find,"2026-02-17 | Gampaha 169,000",black,Reconditioned,650,Petrol,Suzuki,169000,Wagon R,2017,650,2018,Automatic,Car(Hatchback)
Suzuki Alto 2015,"Rs: 3,350,000",km Find,"2026-02-17 | Badulla 46,000",gray,Reconditioned,680,Petrol,Suzuki,46000,Alto,2015,680,2015,Manual,Car(Hatchback)
Peugeot 206 2000,"Rs: 3,550,000",km Find,"2026-02-17 | Wattala 132,000",silver,Used,1390,Petrol,Peugeot,132000,206,2000,1390,2006,Automatic,Car(Hatchback)
Micro Panda 2015,"Rs: 3,550,000",km Find,"2026-02-17 | Wanela 82,000",orange,Used,1000,Petrol,Micro,82000,Panda,2015,1000,2015,Manual,Car(Hatchback)
Suzuki Celerio 2015,"Rs: 4,950,000",km Find,"2026-02-17 | Batticaloa 85,328",white,Used,1000,Petrol,Suzuki,85328,Celerio,2015,1000,2015,Automatic,Car(Hatchback)
Suzuki Alto 2010,"Rs: 3,000,000",km Find,"2026-02-17 | Matale 200,000",red,Used,660,Petrol,Suzuki,200000,Alto,2010,660,2011,Manual,Car(Hatchback)
Honda Civic 2017,"Rs: 12,500,000",km Find,"2026-02-19 | Telijjawila 82,285",silver,Used,1000,Petrol,Honda,82285,Civic,2017,1000,2018,Automatic,Car()
KIA Sephia 2002,"Rs: 2,600,000",km Find,"2026-02-10 | Mattegoda 162,481",gray,Used,1331,Petrol,KIA,162481,Sephia,2002,1331,2003,Automatic,Car(Sedan)
Toyota Belta 2007,"Rs: 5,500,000",km Find,"2026-02-06 | Homagama 166,600",silver,Used,1000,Petrol,Toyota,166600,Belta,2007,1000,2009,Automatic,Car(Saloon)
Audi A3 2023,"Rs: 18,000,000",,2026-02-17 | Kiribathgoda Find Out More,blue,Brand New,1000,Petrol,Audi,0,A3,2023,1000,Ref:,Automatic,Car(Sedan)
Suzuki Spacia 2024,"Rs: 9,500,000",km Find,"2026-02-17 | Halloluwa 3,000",white,Brand New,990,Petrol,Suzuki,3000,Spacia,2024,990,Ref:,Automatic,Car(Hatchback)
Suzuki Wagon R 2018,"Rs: 6,950,000",km Find,"2026-02-17 | Batticaloa 61,000",white,Used,658,Petrol,Suzuki,61000,Wagon R,2018,658,2018,Automatic,Car(Hatchback)
Toyota Aqua 2012,"Rs: 6,800,000",km Find,"2026-02-17 | Kiribathgoda 132,000",blue,Used,1500,Hybrid,Toyota,132000,Aqua,2012,1500,2014,Automatic,Car(Hatchback)
Toyota Vitz 2015,"Rs: 6,900,000",km Find,"2026-02-17 | Pannipitiya 92,500",silver,Used,990,Petrol,Toyota,92500,Vitz,2015,990,2018,Automatic,Car()
Nissan Sunny 2002,"Rs: 4,075,000",km Find,"2026-02-17 | Anuradhapura 210,000",blue,Used,1490,Petrol,Nissan,210000,Sunny,2002,1490,2004,Manual,Car(Sedan)
Toyota Corolla 1997,"Rs: 3,200,000",km Find,"2026-02-17 | Matale 250,000",white,Used,1500,Petrol,Toyota,250000,Corolla,1997,1500,1997,Automatic,Car(Saloon)
Toyota Allion 2016,"Rs: 12,800,000",km Find,"2026-02-17 | Borella (Colombo 08) 160,000",black,Used,1490,Petrol,Toyota,160000,Allion,2016,1490,2017,Automatic,Car(Sedan)
Toyota Roomy 2025,"Rs: 11,100,000",,2026-02-17 | Halloluwa Find Out More,white,Brand New,990,Petrol,Toyota,0,Roomy,2025,990,Ref:,Automatic,Car(Hatchback)
Toyota Vitz 2019,"Rs: 8,499,000",km Find,"2026-02-17 | Negombo 46,000",red,Used,1000,Petrol,Toyota,46000,Vitz,2019,1000,2020,Automatic,Car()
Toyota Axio 2002,"Rs: 2,550,000",,2026-02-17 | Kobeigane Find Out More,white,Used,650,Petrol,Toyota,0,Axio,2002,650,2002,Automatic,Car(Saloon)
Nissan Sunny 1987,"Rs: 1,650,000",km Find,"2026-02-17 | Poddala 300,000",white,Used,1500,Petrol,Nissan,300000,Sunny,1987,1500,1987,Manual,Car(Saloon)
Honda Accord 2004,"Rs: 4,790,000",km Find,"2026-02-17 | Horana 183,500",brown,Used,1000,Petrol,Honda,183500,Accord,2004,1000,2004,Automatic,Car(Saloon)
Suzuki Celerio 2014,"Rs: 4,950,000",,2026-02-17 | Horana Find Out More,black,Used,990,Petrol,Suzuki,0,Celerio,2014,990,2017,Manual,Car(Hatchback)
Toyota Mark II 2001,"Rs: 6,300,000",km Find,"2026-02-17 | Kurunegala 148,000",black,Used,2000,Petrol,Toyota,148000,Mark II,2001,2000,2006,Automatic,Car(Hatchback)
BMW 3 Series 2016,"Rs: 18,850,000",km Find,"2026-02-17 | Kohuwala 75,000",white,Used,1500,Petrol,BMW,75000,3 Series,2016,1500,2018,Automatic,Car(Saloon)
Suzuki Alto 2017,"Rs: 5,250,000",km Find,"2026-02-17 | Matale 200,000",silver,Used,660,Petrol,Suzuki,200000,Alto,2017,660,2018,Automatic,Car(Hatchback)
Toyota Vitz 2015,"Rs: 6,750,000",km Find,"2026-02-17 | Galagedara 150,000",white,Used,1000,Petrol,Toyota,150000,Vitz,2015,1000,2018,Automatic,Car(Hatchback)
Honda Civic 2017,"Rs: 12,500,000",km Find,"2026-02-19 | Telijjawila 82,285",silver,Used,1000,Petrol,Honda,82285,Civic,2017,1000,2018,Automatic,Car()
KIA Sephia 2002,"Rs: 2,600,000",km Find,"2026-02-10 | Mattegoda 162,481",gray,Used,1331,Petrol,KIA,162481,Sephia,2002,1331,2003,Automatic,Car(Sedan)
Toyota Belta 2007,"Rs: 5,500,000",km Find,"2026-02-06 | Homagama 166,600",silver,Used,1000,Petrol,Toyota,166600,Belta,2007,1000,2009,Automatic,Car(Saloon)
Toyota Axio 2016,"Rs: 11,200,000",km Find,"2026-02-17 | Welipennagahamulla 170,000",silver,Used,1490,Hybrid,Toyota,170000,Axio,2016,1490,2019,Automatic,Car(Sedan)
BMW 3 Series 2011,"Rs: 10,495,000",,2026-02-17 | Panadura Find Out More,white,Used,1990,Diesel,BMW,0,3 Series,2011,1990,2011,Automatic,Car(Sedan)
Mitsubishi eK 2023,"Rs: 6,850,000",km Find,"2026-02-17 | Kottawa 6,600",silver,Brand New,660,Petrol,Mitsubishi,6600,eK,2023,660,Ref:,Automatic,Car(Hatchback)
Toyota Passo 2007,"Rs: 4,590,000",km Find,"2026-02-17 | Kurunegala 158,000",maroon,Used,1000,Petrol,Toyota,158000,Passo,2007,1000,2010,Automatic,Car(Hatchback)
Micro Voleex 2012,"Rs: 3,745,000",km Find,"2026-02-17 | Ja-Ela 128,000",red,Used,1300,Petrol,Micro,128000,Voleex,2012,1300,2013,Automatic,Car(Hatchback)
Toyota Corolla 1996,"Rs: 3,000,000",km Find,"2026-02-17 | Kurunegala 123,456",silver,Used,1500,Petrol,Toyota,123456,Corolla,1996,1500,0000,Manual,Car()
Toyota Passo 2009,"Rs: 4,825,000",km Find,2026-02-17 | Gampaha 131,silver,Used,1000,Petrol,Toyota,131,Passo,2009,1000,2011,Automatic,Car(Hatchback)
Suzuki Alto 2015,"Rs: 3,690,000",km Find,"2026-02-17 | Horana 135,000",black,Used,800,Petrol,Suzuki,135000,Alto,2015,800,2015,Automatic,Car(Hatchback)
Honda Civic 2019,"Rs: 13,400,000",km Find,"2026-02-17 | Dehiwala 67,000",red,Used,1000,Petrol,Honda,67000,Civic,2019,1000,2019,Automatic,Car(Sedan)
Toyota Allion 2016,"Rs: 13,200,000",km Find,"2026-02-17 | Galewela 100,000",white,Used,1500,Hybrid,Toyota,100000,Allion,2016,1500,2018,Automatic,Car(Saloon)
Suzuki Alto 2011,"Rs: 3,350,000",km Find,"2026-02-17 | Kurunegala 153,000",silver,Used,1000,Petrol,Suzuki,153000,Alto,2011,1000,0000,Manual,Car(Convertible)
Honda Civic 2017,"Rs: 12,500,000",km Find,"2026-02-19 | Telijjawila 82,285",silver,Used,1000,Petrol,Honda,82285,Civic,2017,1000,2018,Automatic,Car()
KIA Sephia 2002,"Rs: 2,600,000",km Find,"2026-02-10 | Mattegoda 162,481",gray,Used,1331,Petrol,KIA,162481,Sephia,2002,1331,2003,Automatic,Car(Sedan)
Toyota Belta 2007,"Rs: 5,500,000",km Find,"2026-02-06 | Homagama 166,600",silver,Used,1000,Petrol,Toyota,166600,Belta,2007,1000,2009,Automatic,Car(Saloon)
Toyota Corolla 1999,"Rs: 3,200,000",km Find,"2026-02-17 | Kurunegala 180,000",white,Used,1300,Petrol,Toyota,180000,Corolla,1999,1300,2002,Automatic,Car(Station wagon)
Honda Insight 2010,"Rs: 6,700,000",km Find,"2026-02-17 | Alutgama 155,000",red,Used,1500,Petrol,Honda,155000,Insight,2010,1500,2011,Automatic,Car(Liftback)
Suzuki Wagon R 2018,"Rs: 6,100,000",km Find,"2026-02-17 | Wattala 115,000",white,Used,660,Hybrid,Suzuki,115000,Wagon R,2018,660,2018,Automatic,Car()
Suzuki Wagon R 2015,"Rs: 5,300,000",,2026-02-17 | Agalawatta Find Out More,red,Used,650,Petrol,Suzuki,0,Wagon R,2015,650,2015,Automatic,Car(Hatchback)
Mercedes Benz E180 AMG 2019,"Rs: 30,000,000",km Find,"2026-02-17 | Heiyanthuduwa 27,000",blue,Used,1497,Petrol,Mercedes Benz,27000,E180 AMG,2019,1497,2019,Automatic,Car(Saloon)
Toyota Aqua 2013,"Rs: 7,000,000",km Find,"2026-02-17 | Colombo Fort (Colombo 01) 170,000",white,Used,1000,Petrol,Toyota,170000,Aqua,2013,1000,2016,Automatic,Car(Hatchback)
Honda Civic 2017,"Rs: 12,500,000",km Find,"2026-02-19 | Telijjawila 82,285",silver,Used,1000,Petrol,Honda,82285,Civic,2017,1000,2018,Automatic,Car()
KIA Sephia 2002,"Rs: 2,600,000",km Find,"2026-02-10 | Mattegoda 162,481",gray,Used,1331,Petrol,KIA,162481,Sephia,2002,1331,2003,Automatic,Car(Sedan)
Toyota Belta 2007,"Rs: 5,500,000",km Find,"2026-02-06 | Homagama 166,600",silver,Used,1000,Petrol,Toyota,166600,Belta,2007,1000,2009,Automatic,Car(Saloon)
Suzuki Wagon R 2017,"Rs: 6,150,000",km Find,"2026-02-17 | Bambalapitiya (Colombo 04) 92,000",gray,Used,650,Petrol,Suzuki,92000,Wagon R,2017,650,2018,Automatic,Car(Hatchback)
Suzuki Swift 2004,"Rs: 4,175,000",km Find,"2026-02-17 | Matara 122,000",black,Used,760,Petrol,Suzuki,122000,Swift,2004,760,2007,Manual,Car(Hatchback)
Toyota Corolla 2000,"Rs: 5,750,000",,2026-02-16 | Ja-Ela Find Out More,silver,Used,1500,Petrol,Toyota,0,Corolla,2000,1500,2003,Automatic,Car(Saloon)
Toyota Passo 2015,"Rs: 6,850,000",km Find,"2026-02-16 | Kadawatha 115,500",blue,Used,996,Petrol,Toyota,115500,Passo,2015,996,2018,Automatic,Car(Hatchback)
Toyota Vitz 1999,"Rs: 4,000,000",,2026-02-16 | Kelinkanda Find Out More,gold,Used,800,Petrol,Toyota,0,Vitz,1999,800,2003,Automatic,Car(Hatchback)
Suzuki Spacia 2017,"Rs: 6,450,000",km Find,"2026-02-16 | Gampaha 72,700",yellow,Used,960,Petrol,Suzuki,72700,Spacia,2017,960,2017,Automatic,Car(Hatchback)
Toyota Yaris 2007,"Rs: 5,350,000",km Find,"2026-02-16 | Akurana 134,000",blue,Used,1300,Petrol,Toyota,134000,Yaris,2007,1300,2007,Manual,Car(Hatchback)
Mitsubishi Lancer 1997,"Rs: 4,050,000",,2026-02-16 | Alahengama Find Out More,red,Used,1300,Petrol,Mitsubishi,0,Lancer,1997,1300,1997,Manual,Car(Saloon)
Honda Fit 2011,"Rs: 6,500,000",km Find,"2026-02-16 | Kalpitiya 140,000",green,Used,1330,Hybrid,Honda,140000,Fit,2011,1330,2013,Automatic,Car(Hatchback)
Toyota Yaris 2023,"Rs: 13,000,000",km Find,"2026-02-16 | Rajagiriya 28,800",black,Brand New,1500,Hybrid,Toyota,28800,Yaris,2023,1500,Ref:,Automatic,Car(Hatchback)
Mitsubishi eK 2023,"Rs: 6,850,000",,2026-02-16 | Kottawa Find Out More,silver,Brand New,660,Petrol,Mitsubishi,0,eK,2023,660,Ref:,Automatic,Car(Liftback)
Suzuki Hustler 2024,"Rs: 8,000,000",km Find,"2026-02-16 | Rajagiriya 18,326",blue,Brand New,650,Petrol,Suzuki,18326,Hustler,2024,650,Ref:,Automatic,Car(Hatchback)
Honda Civic 2017,"Rs: 12,500,000",km Find,"2026-02-19 | Telijjawila 82,285",silver,Used,1000,Petrol,Honda,82285,Civic,2017,1000,2018,Automatic,Car()
KIA Sephia 2002,"Rs: 2,600,000",km Find,"2026-02-10 | Mattegoda 162,481",gray,Used,1331,Petrol,KIA,162481,Sephia,2002,1331,2003,Automatic,Car(Sedan)
Toyota Belta 2007,"Rs: 5,500,000",km Find,"2026-02-06 | Homagama 166,600",silver,Used,1000,Petrol,Toyota,166600,Belta,2007,1000,2009,Automatic,Car(Saloon)
Toyota Vitz 2010,"Rs: 5,675,000",km Find,"2026-02-16 | Kurunegala 185,000",silver,Used,996,Petrol,Toyota,185000,Vitz,2010,996,2012,Automatic,Car(Hatchback)
Suzuki Swift 2004,"Rs: 4,275,000",km Find,"2026-02-16 | Galle 110,000",blue,Used,1320,Petrol,Suzuki,110000,Swift,2004,1320,2008,Automatic,Car(Liftback)
Toyota Axio 2015,"Rs: 9,290,000",km Find,"2026-02-16 | Nittambuwa 1,170,000",brown,Used,1500,Hybrid,Toyota,1170000,Axio,2015,1500,2015,Automatic,Car(Saloon)
Suzuki Swift 2000,"Rs: 3,550,000",km Find,"2026-02-16 | Nugegoda 180,000",blue,Used,1300,Petrol,Suzuki,180000,Swift,2000,1300,2004,Automatic,Car(Hatchback)
Daihatsu Mira 2023,"Rs: 6,400,000",km Find,"2026-02-16 | Kottawa 1,234",blue,Brand New,660,Petrol,Daihatsu,1234,Mira,2023,660,Ref:,Automatic,Car(Liftback)
Toyota Corona 2000,"Rs: 5,800,000",km Find,"2026-02-16 | Ragama 152,000",silver,Used,2000,Diesel,Toyota,152000,Corona,2000,2000,2004,Automatic,Car(Saloon)
Suzuki Alto 2015,"Rs: 3,700,000",km Find,"2026-02-16 | Kadawatha 123,000",red,Used,800,Petrol,Suzuki,123000,Alto,2015,800,2015,Manual,Car(Hatchback)
Suzuki Swift 2008,"Rs: 5,450,000",km Find,"2026-02-16 | Malabe 116,000",blue,Used,1300,Petrol,Suzuki,116000,Swift,2008,1300,2010,Automatic,Car(Hatchback)
Toyota Corolla 2004,"Rs: 6,190,000",km Find,"2026-02-16 | Malabe 147,000",blue,Used,1500,Petrol,Toyota,147000,Corolla,2004,1500,2007,Automatic,Car(Saloon)
Toyota Corsa 1993,"Rs: 3,050,000",km Find,"2026-02-16 | Malabe 180,000",gray,Used,1300,Petrol,Toyota,180000,Corsa,1993,1300,1998,Automatic,Car(Saloon)
Honda Grace 2016,"Rs: 11,500,000",km Find,"2026-02-16 | Kiribathgoda 68,000",white,Used,1200,Petrol,Honda,68000,Grace,2016,1200,2016,Automatic,Car(Sedan)
Suzuki Alto 2008,"Rs: 2,700,000",km Find,"2026-02-16 | Kotagala 202,000",red,Used,800,Petrol,Suzuki,202000,Alto,2008,800,2008,Manual,Car(Hatchback)
Honda Civic 2017,"Rs: 12,500,000",km Find,"2026-02-19 | Telijjawila 82,285",silver,Used,1000,Petrol,Honda,82285,Civic,2017,1000,2018,Automatic,Car()
KIA Sephia 2002,"Rs: 2,600,000",km Find,"2026-02-10 | Mattegoda 162,481",gray,Used,1331,Petrol,KIA,162481,Sephia,2002,1331,2003,Automatic,Car(Sedan)
Toyota Belta 2007,"Rs: 5,500,000",km Find,"2026-02-06 | Homagama 166,600",silver,Used,1000,Petrol,Toyota,166600,Belta,2007,1000,2009,Automatic,Car(Saloon)
Daihatsu Move 2016,"Rs: 5,890,000",km Find,"2026-02-16 | Weliveriya 78,000",silver,Used,658,Petrol,Daihatsu,78000,Move,2016,658,2017,Automatic,Car(Hatchback)
Suzuki Wagon R 2018,"Rs: 6,890,000",km Find,"2026-02-16 | Minuwangoda 95,000",white,Used,660,Hybrid,Suzuki,95000,Wagon R,2018,660,2018,Automatic,Car()
Toyota Premio 2016,"Rs: 13,700,000",km Find,"2026-02-16 | Nugegoda 139,000",white,Used,1500,Petrol,Toyota,139000,Premio,2016,1500,2016,Automatic,Car(Liftback)
Toyota Yaris 2025,"Rs: 9,900,000",km Find,"2026-02-16 | Wattala 10,000",white,Brand New,1000,Petrol,Toyota,10000,Yaris,2025,1000,Ref:,Automatic,Car(Hatchback)
Suzuki Wagon R 2025,"Rs: 8,750,000",,2026-02-16 | Attanagalla Find Out More,white,Brand New,650,Hybrid,Suzuki,0,Wagon R,2025,650,Ref:,Automatic,Car(Hatchback)
Toyota Axio 2025,"Rs: 16,500,000",km Find,2026-02-16 | Colombo Fort (Colombo 01) 0,white,Brand New,1500,Hybrid,Toyota,0000,Axio,2025,1500,Ref:,Automatic,Car()
Toyota Premio 2019,"Rs: 15,300,000",km Find,"2026-02-16 | Kollupitiya (Colombo 03) 113,000",white,Used,1500,Petrol,Toyota,113000,Premio,2019,1500,2019,Automatic,Car()
Suzuki Celerio 2017,"Rs: 5,275,000",km Find,"2026-02-16 | Kadawatha 93,000",red,Used,1000,Petrol,Suzuki,93000,Celerio,2017,1000,2017,Automatic,Car(Hatchback)
Suzuki Wagon R 2016,"Rs: 5,600,000",km Find,"2026-02-16 | Matara 90,000",red,Reconditioned,650,Petrol,Suzuki,90000,Wagon R,2016,650,2018,Automatic,Car(Hatchback)
Suzuki Spacia 2024,"Rs: 9,600,000",,2026-02-16 | Kurunegala Find Out More,gray,Brand New,650,Hybrid,Suzuki,0,Spacia,2024,650,Ref:,Automatic,Car()
Daihatsu Mira 2023,"Rs: 6,400,000",km Find,"2026-02-16 | Kottawa 6,600",blue,Brand New,660,Petrol,Daihatsu,6600,Mira,2023,660,Ref:,Automatic,Car(Hatchback)
Nissan Dayz 2024,"Rs: 7,325,000",km Find,"2026-02-16 | Kottawa 6,600",black,Brand New,660,Petrol,Nissan,6600,Dayz,2024,660,Ref:,Automatic,Car(Hatchback)
Honda Civic 2017,"Rs: 12,500,000",km Find,"2026-02-19 | Telijjawila 82,285",silver,Used,1000,Petrol,Honda,82285,Civic,2017,1000,2018,Automatic,Car()
KIA Sephia 2002,"Rs: 2,600,000",km Find,"2026-02-10 | Mattegoda 162,481",gray,Used,1331,Petrol,KIA,162481,Sephia,2002,1331,2003,Automatic,Car(Sedan)
Toyota Belta 2007,"Rs: 5,500,000",km Find,"2026-02-06 | Homagama 166,600",silver,Used,1000,Petrol,Toyota,166600,Belta,2007,1000,2009,Automatic,Car(Saloon)
Toyota Premio 2012,"Rs: 9,800,000",km Find,"2026-02-16 | Kadawatha 124,000",white,Reconditioned,1500,Petrol,Toyota,124000,Premio,2012,1500,2013,Automatic,Car(Liftback)
Suzuki Wagon R 2017,"Rs: 6,075,000",km Find,"2026-02-16 | Sooriyawewa Town 115,000",gray,Used,660,Petrol,Suzuki,115000,Wagon R,2017,660,2017,Automatic,Car(Hatchback)
Honda Shuttle 2012,"Rs: 8,400,000",km Find,2026-02-16 | Ratnapura 0,blue,Used,1500,Hybrid,Honda,000,Shuttle,2012,1500,2012,Automatic,Car()
Suzuki Wagon R 2016,"Rs: 5,550,000",km Find,"2026-02-16 | Dehiwala 100,000",blue,Used,660,Petrol,Suzuki,100000,Wagon R,2016,660,2018,Automatic,Car(Hatchback)
Suzuki Spacia 2024,"Rs: 9,700,000",,2026-02-16 | Kurunegala Find Out More,white,Brand New,650,Hybrid,Suzuki,0,Spacia,2024,650,Ref:,Automatic,Car()
Toyota Corolla 1986,"Rs: 1,450,000",km Find,"2026-02-16 | Matale 200,000",white,Used,1300,Petrol,Toyota,200000,Corolla,1986,1300,1988,Manual,Car(Hatchback)
Mercedes Benz C Class 2000,"Rs: 6,200,000",km Find,"2026-02-16 | Beruwala 204,000",beige,Used,2000,Petrol,Mercedes Benz,204000,C Class,2000,2000,2000,Automatic,Car(Sedan)
Austin Mini 1967,"Rs: 2,600,000",km Find,"2026-02-16 | Matale 200,000",black,Used,1000,Petrol,Austin,200000,Mini,1967,1000,1967,Manual,Car(Hatchback)
Honda Grace 2017,"Rs: 9,875,000",km Find,"2026-02-16 | Moratuwa 119,800",white,Used,1500,Hybrid,Honda,119800,Grace,2017,1500,2017,Automatic,Car()
Toyota Vitz 2019,"Rs: 8,790,000",km Find,"2026-02-16 | Kalmunai 59,000",white,Used,1000,Petrol,Toyota,59000,Vitz,2019,1000,2019,Automatic,Car()
Toyota Vitz 2019,"Rs: 8,550,000",km Find,"2026-02-16 | Kalmunai 68,000",white,Used,1000,Petrol,Toyota,68000,Vitz,2019,1000,2020,Automatic,Car()
Toyota Prius 2013,"Rs: 8,995,000",km Find,2026-02-16 | Alutgama 0,white,Used,1500,Hybrid,Toyota,000000,Prius,2013,1500,2013,Automatic,Car()
Toyota Axio 2017,"Rs: 12,100,000",km Find,"2026-02-16 | Ambalangoda 198,000",white,Used,1500,Hybrid,Toyota,198000,Axio,2017,1500,2018,Automatic,Car()
Suzuki Alto 2002,"Rs: 1,700,000",,2026-02-16 | Ratmalana Find Out More,blue,Used,800,Petrol,Suzuki,0,Alto,2002,800,2002,Automatic,Car()
Audi A3 2023,"Rs: 21,500,000",km Find,"2026-02-16 | Balapitiya 20,000",black,Reconditioned,1000,Petrol,Audi,20000,A3,2023,1000,2023,Automatic,Car(Sedan)
Suzuki Celerio 2015,"Rs: 4,790,000",km Find,"2026-02-16 | Kadawatha 56,000",white,Used,1000,Petrol,Suzuki,56000,Celerio,2015,1000,2015,Automatic,Car(Hatchback)
Honda Civic 2017,"Rs: 12,500,000",km Find,"2026-02-19 | Telijjawila 82,285",silver,Used,1000,Petrol,Honda,82285,Civic,2017,1000,2018,Automatic,Car()
KIA Sephia 2002,"Rs: 2,600,000",km Find,"2026-02-10 | Mattegoda 162,481",gray,Used,1331,Petrol,KIA,162481,Sephia,2002,1331,2003,Automatic,Car(Sedan)
Toyota Belta 2007,"Rs: 5,500,000",km Find,"2026-02-06 | Homagama 166,600",silver,Used,1000,Petrol,Toyota,166600,Belta,2007,1000,2009,Automatic,Car(Saloon)
Perodua Axia 2016,"Rs: 5,475,000",km Find,"2026-02-16 | Kadawatha 106,000",blue,Used,1000,Petrol,Perodua,106000,Axia,2016,1000,2016,Automatic,Car(Hatchback)
Suzuki Celerio 2016,"Rs: 5,275,000",km Find,"2026-02-16 | Kadawatha 115,000",white,Used,1000,Petrol,Suzuki,115000,Celerio,2016,1000,2017,Automatic,Car(Hatchback)
Suzuki Swift 2007,"Rs: 4,325,000",km Find,"2026-02-16 | Mawathagama 145,000",black,Used,760,Petrol,Suzuki,145000,Swift,2007,760,2008,Manual,Car(Hatchback)
Suzuki Spacia 2016,"Rs: 6,000,000",km Find,"2026-02-16 | Pujapitiya 80,000",black,Used,700,Petrol,Suzuki,80000,Spacia,2016,700,2018,Automatic,Car(Hatchback)
Toyota Passo 2017,"Rs: 5,500,000",km Find,"2026-02-16 | Kegalle 71,000",blue,Used,760,Petrol,Toyota,71000,Passo,2017,760,2019,Automatic,Car(Hatchback)
Mazda Flair 2016,"Rs: 5,400,000",km Find,"2026-02-16 | Angoda 140,000",silver,Used,660,Petrol,Mazda,140000,Flair,2016,660,2018,Automatic,Car(Hatchback)
Suzuki Wagon R 2018,"Rs: 6,200,000",km Find,"2026-02-16 | Ratnapura 105,000",red,Reconditioned,650,Petrol,Suzuki,105000,Wagon R,2018,650,2018,Automatic,Car(Hatchback)
Toyota Prius 2007,"Rs: 6,950,000",km Find,"2026-02-16 | Medawachchiya 178,700",silver,Used,1490,Hybrid,Toyota,178700,Prius,2007,1490,2011,Automatic,Car(Hatchback)
Toyota Axio 2015,"Rs: 10,700,000",km Find,"2026-02-16 | Gampaha 52,000",other,Used,1490,Petrol,Toyota,52000,Axio,2015,1490,2016,Automatic,Car(Sedan)
Mazda Demio 2009,"Rs: 5,480,000",km Find,"2026-02-16 | Pelmadulla 180,000",white,Used,1300,Petrol,Mazda,180000,Demio,2009,1300,2009,Automatic,Car(Hatchback)
Toyota Corolla 2000,"Rs: 3,250,000",km Find,"2026-02-16 | Boralesgamuwa 105,000",white,Used,1490,Petrol,Toyota,105000,Corolla,2000,1490,2003,Automatic,Car(Sedan)
Toyota Premio 2015,"Rs: 12,950,000",km Find,"2026-02-16 | Borella (Colombo 08) 200,000",maroon,Used,1500,Petrol,Toyota,200000,Premio,2015,1500,2015,Automatic,Car(Saloon)
Suzuki Celerio 2015,"Rs: 4,200,000",km Find,"2026-02-15 | Colombo Fort (Colombo 01) 130,000",yellow,Used,960,Petrol,Suzuki,130000,Celerio,2015,960,2015,Automatic,Car(Hatchback)
Suzuki Celerio 2017,"Rs: 5,325,000",km Find,"2026-02-15 | Kadawatha 58,000",gray,Used,1000,Petrol,Suzuki,58000,Celerio,2017,1000,2017,Automatic,Car(Hatchback)
Perodua Axia 2017,"Rs: 5,825,000",km Find,"2026-02-15 | Kadawatha 83,000",gray,Used,1000,Petrol,Perodua,83000,Axia,2017,1000,2018,Automatic,Car(Hatchback)
Suzuki Celerio 2014,"Rs: 4,675,000",km Find,"2026-02-15 | Kadawatha 103,000",red,Used,1000,Petrol,Suzuki,103000,Celerio,2014,1000,2014,Automatic,Car(Hatchback)
Toyota Allion 2013,"Rs: 10,500,000",km Find,"2026-02-15 | Gampaha 120,000",black,Used,1490,Petrol,Toyota,120000,Allion,2013,1490,2014,Automatic,Car(Saloon)
Honda Civic 2017,"Rs: 12,500,000",km Find,"2026-02-19 | Telijjawila 82,285",silver,Used,1000,Petrol,Honda,82285,Civic,2017,1000,2018,Automatic,Car()
KIA Sephia 2002,"Rs: 2,600,000",km Find,"2026-02-10 | Mattegoda 162,481",gray,Used,1331,Petrol,KIA,162481,Sephia,2002,1331,2003,Automatic,Car(Sedan)
Toyota Belta 2007,"Rs: 5,500,000",km Find,"2026-02-06 | Homagama 166,600",silver,Used,1000,Petrol,Toyota,166600,Belta,2007,1000,2009,Automatic,Car(Saloon)
Suzuki Wagon R 2018,"Rs: 6,700,000",km Find,"2026-02-15 | Kurunegala 88,000",white,Used,760,Hybrid,Suzuki,88000,Wagon R,2018,760,2019,Automatic,Car(Hatchback)
Toyota Allion 2013,"Rs: 10,300,000",km Find,"2026-02-15 | Kandy 110,000",maroon,Used,1490,Petrol,Toyota,110000,Allion,2013,1490,2013,Automatic,Car(Saloon)
Nissan Sunny 1994,"Rs: 3,000,000",,2026-02-15 | Chilaw Find Out More,white,Used,1500,Petrol,Nissan,0,Sunny,1994,1500,1994,Manual,Car(Hatchback)
Perodua Viva 2011,"Rs: 4,290,000",km Find,"2026-02-15 | Matara 110,000",black,Used,960,Petrol,Perodua,110000,Viva,2011,960,2011,Manual,Car(Hatchback)
Suzuki Maruti 2010,"Rs: 3,050,000",,2026-02-15 | Kurunegala Find Out More,black,Used,800,Petrol,Suzuki,0,Maruti,2010,800,2010,Manual,Car(Liftback)
Toyota Vios 2004,"Rs: 5,500,000",,2026-02-15 | Anuradhapura Find Out More,other,Used,1500,Petrol,Toyota,0,Vios,2004,1500,2005,Automatic,Car(Hatchback)
Suzuki Wagon R 2024,"Rs: 7,750,000",km Find,"2026-02-15 | Nugegoda 1,850",white,Brand New,650,Hybrid,Suzuki,1850,Wagon R,2024,650,Ref:,Automatic,Car(Sedan)
Toyota Carina 2008,"Rs: 5,500,000",,2026-02-15 | Anuradhapura Find Out More,other,Used,1500,Petrol,Toyota,0,Carina,2008,1500,2011,Manual,Car(Hatchback)
Suzuki Alto 2015,"Rs: 4,100,000",km Find,"2026-02-15 | Malgalla Talangalla 95,600",black,Used,800,Petrol,Suzuki,95600,Alto,2015,800,2015,Manual,Car(Liftback)
Nissan AD Wagon 2001,"Rs: 3,450,000",km Find,"2026-02-15 | Bemmulla 200,000",white,Used,1300,Petrol,Nissan,200000,AD Wagon,2001,1300,2004,Automatic,Car(Station wagon)
Suzuki Wagon R 2023,"Rs: 7,700,000",km Find,"2026-02-15 | Matara 8,000",black,Brand New,650,Hybrid,Suzuki,8000,Wagon R,2023,650,Ref:,Automatic,Car(Hatchback)
Hyundai Accent 2001,"Rs: 2,250,000",km Find,"2026-02-15 | Veyangoda 210,000",brown,Used,1500,Petrol,Hyundai,210000,Accent,2001,1500,2001,Manual,Car(Sedan)
Honda Civic 2017,"Rs: 12,500,000",km Find,"2026-02-19 | Telijjawila 82,285",silver,Used,1000,Petrol,Honda,82285,Civic,2017,1000,2018,Automatic,Car()
KIA Sephia 2002,"Rs: 2,600,000",km Find,"2026-02-10 | Mattegoda 162,481",gray,Used,1331,Petrol,KIA,162481,Sephia,2002,1331,2003,Automatic,Car(Sedan)
Toyota Belta 2007,"Rs: 5,500,000",km Find,"2026-02-06 | Homagama 166,600",silver,Used,1000,Petrol,Toyota,166600,Belta,2007,1000,2009,Automatic,Car(Saloon)
Toyota Pixis 2018,"Rs: 5,675,000",km Find,"2026-02-15 | Negombo 55,000",white,Used,960,Petrol,Toyota,55000,Pixis,2018,960,2019,Manual,Car(Hatchback)
Suzuki Spacia 2015,"Rs: 5,900,000",km Find,"2026-02-15 | Monaragala 138,000",pink,Used,960,Petrol,Suzuki,138000,Spacia,2015,960,2017,Automatic,Car(Hatchback)
Toyota Yaris 2013,"Rs: 6,850,000",km Find,"2026-02-15 | Moratuwa 120,000",blue,Used,1490,Petrol,Toyota,120000,Yaris,2013,1490,2014,Manual,Car(Sedan)
Toyota Vitz 2013,"Rs: 6,075,000",km Find,"2026-02-15 | Homagama 141,000",white,Used,960,Petrol,Toyota,141000,Vitz,2013,960,2016,Automatic,Car(Hatchback)
Honda Civic 2005,"Rs: 5,800,000",km Find,"2026-02-15 | Colombo Fort (Colombo 01) 172,000",black,Used,1600,Petrol,Honda,172000,Civic,2005,1600,2005,Manual,Car(Sedan)
Toyota Aqua 2015,"Rs: 8,175,000",km Find,"2026-02-15 | Kandy 134,000",gray,Used,1490,Hybrid,Toyota,134000,Aqua,2015,1490,2016,Automatic,Car(Hatchback)
Toyota Yaris 2023,"Rs: 7,950,000",km Find,"2026-02-15 | Kotte 76,500",white,Reconditioned,1000,Petrol,Toyota,76500,Yaris,2023,1000,2023,Automatic,Car(Hatchback)
Suzuki Wagon R 2017,"Rs: 6,385,000",km Find,"2026-02-15 | Attanagalla 88,600",white,Used,650,Hybrid,Suzuki,88600,Wagon R,2017,650,2017,Automatic,Car(Hatchback)
Nissan Sunny 2003,"Rs: 4,100,000",km Find,"2026-02-15 | Mirigama 194,000",gray,Used,1600,Petrol,Nissan,194000,Sunny,2003,1600,2003,Manual,Car(Saloon)
Suzuki Wagon R 2007,"Rs: 3,540,000",km Find,"2026-02-15 | Mulleriyawa New Town 122,000",black,Used,1061,Petrol,Suzuki,122000,Wagon R,2007,1061,2008,Manual,Car(Hatchback)
Suzuki Wagon R 2018,"Rs: 7,175,000",km Find,"2026-02-15 | Wellampitiya 76,000",white,Used,650,Petrol,Suzuki,76000,Wagon R,2018,650,2018,Automatic,Car(Station wagon)
Suzuki Swift 2004,"Rs: 4,700,000",km Find,"2026-02-15 | Yatiyantota 156,000",red,Used,760,Petrol,Suzuki,156000,Swift,2004,760,2006,Manual,Car(Hatchback)
Hyundai Santro 2004,"Rs: 2,400,000",km Find,"2026-02-15 | Kadawatha 197,000",gray,Used,760,Petrol,Hyundai,197000,Santro,2004,760,2005,Manual,Car(Hatchback)
Toyota Vitz 2018,"Rs: 9,500,000",km Find,"2026-02-15 | Peradeniya 30,500",blue,Used,1000,Petrol,Toyota,30500,Vitz,2018,1000,2019,Automatic,Car(Hatchback)
Suzuki Maruti 2007,"Rs: 2,175,000",km Find,"2026-02-15 | Divulapitiya 131,200",blue,Used,800,Petrol,Suzuki,131200,Maruti,2007,800,2007,Manual,Car(Saloon)
Daihatsu Boon 2017,"Rs: 7,550,000",km Find,"2026-02-15 | Wellampitiya 52,000",red,Used,1000,Petrol,Daihatsu,52000,Boon,2017,1000,2019,Automatic,Car(Sedan)
Honda Civic 2017,"Rs: 12,500,000",km Find,"2026-02-19 | Telijjawila 82,285",silver,Used,1000,Petrol,Honda,82285,Civic,2017,1000,2018,Automatic,Car()
KIA Sephia 2002,"Rs: 2,600,000",km Find,"2026-02-10 | Mattegoda 162,481",gray,Used,1331,Petrol,KIA,162481,Sephia,2002,1331,2003,Automatic,Car(Sedan)
Toyota Belta 2007,"Rs: 5,500,000",km Find,"2026-02-06 | Homagama 166,600",silver,Used,1000,Petrol,Toyota,166600,Belta,2007,1000,2009,Automatic,Car(Saloon)
Toyota Aqua 2012,"Rs: 7,050,000",km Find,"2026-02-15 | Maharagama 101,000",silver,Used,1490,Hybrid,Toyota,101000,Aqua,2012,1490,2014,Automatic,Car(Liftback)
Toyota Vitz 2007,"Rs: 5,490,000",km Find,"2026-02-15 | Kesbewa 107,000",silver,Used,1300,Petrol,Toyota,107000,Vitz,2007,1300,2011,Automatic,Car(Hatchback)
Toyota Prius 2009,"Rs: 8,400,000",km Find,"2026-02-15 | Kalutara 200,000",blue,Used,1780,Hybrid,Toyota,200000,Prius,2009,1780,2011,Automatic,Car(Hatchback)
Toyota Vitz 2015,"Rs: 7,800,000",km Find,"2026-02-15 | Athurugiriya 128,000",black,Used,960,Petrol,Toyota,128000,Vitz,2015,960,2018,Automatic,Car(Hatchback)
Toyota Corolla 1999,"Rs: 4,375,000",km Find,"2026-02-15 | Hanwella 275,000",white,Used,1500,Petrol,Toyota,275000,Corolla,1999,1500,2002,Manual,Car(Sedan)
Nissan Primera 2001,"Rs: 3,700,000",km Find,"2026-02-14 | Kegalle 140,000",blue,Used,1800,Petrol,Nissan,140000,Primera,2001,1800,2001,Automatic,Car(Sedan)
Suzuki Maruti 2002,"Rs: 3,650,000",km Find,"2026-02-14 | Piliyandala 95,000",brown,Used,0,Petrol,Suzuki,95000,Maruti,2002,0,2003,Manual,Car(Convertible)
Suzuki Alto 2015,"Rs: 3,795,000",km Find,"2026-02-14 | Maharagama 180,000",silver,Used,880,Petrol,Suzuki,180000,Alto,2015,880,2015,Manual,Car(Hatchback)
Suzuki Maruti 2010,"Rs: 1,750,000",,2026-02-14 | Pilimatalawa Find Out More,blue,Used,800,Petrol,Suzuki,0,Maruti,2010,800,2010,Manual,Car()
Toyota Premio 2010,"Rs: 8,950,000",km Find,"2026-02-14 | Kandy 118,000",black,Used,1500,Petrol,Toyota,118000,Premio,2010,1500,2011,Automatic,Car(Hatchback)
Mitsubishi Lancer 1997,"Rs: 4,000,000",km Find,"2026-02-14 | Narahenpita (Colombo 05) 135,000",blue,Used,1300,Petrol,Mitsubishi,135000,Lancer,1997,1300,2000,Automatic,Car(Sedan)
Suzuki Alto 2015,"Rs: 3,700,000",km Find,"2026-02-14 | Medirigiriya 96,000",red,Used,796,Petrol,Suzuki,96000,Alto,2015,796,2015,Manual,Car(Hatchback)
Suzuki Wagon R 2017,"Rs: 6,490,000",km Find,"2026-02-14 | Kadawatha 180,000",white,Used,998,Petrol,Suzuki,180000,Wagon R,2017,998,2018,Automatic,Car(Hatchback)
Honda Civic 2017,"Rs: 12,500,000",km Find,"2026-02-19 | Telijjawila 82,285",silver,Used,1000,Petrol,Honda,82285,Civic,2017,1000,2018,Automatic,Car()
KIA Sephia 2002,"Rs: 2,600,000",km Find,"2026-02-10 | Mattegoda 162,481",gray,Used,1331,Petrol,KIA,162481,Sephia,2002,1331,2003,Automatic,Car(Sedan)
Toyota Belta 2007,"Rs: 5,500,000",km Find,"2026-02-06 | Homagama 166,600",silver,Used,1000,Petrol,Toyota,166600,Belta,2007,1000,2009,Automatic,Car(Saloon)
Toyota Prius 2013,"Rs: 9,850,000",km Find,"2026-02-14 | Panadura 140,000",silver,Used,1798,Petrol,Toyota,140000,Prius,2013,1798,2016,Automatic,Car(Hatchback)
Micro Panda Cross 2016,"Rs: 4,100,000",km Find,"2026-02-14 | Dehiwala 38,400",black,Used,1300,Petrol,Micro,38400,Panda Cross,2016,1300,2016,Manual,Car(Hatchback)
Toyota Vitz 2016,"Rs: 7,300,000",km Find,"2026-02-14 | Kandy 87,565",white,Used,1000,Petrol,Toyota,87565,Vitz,2016,1000,2020,Automatic,Car(Hatchback)
Toyota Vitz 2010,"Rs: 5,650,000",km Find,"2026-02-14 | Panadura 91,000",black,Used,650,Petrol,Toyota,91000,Vitz,2010,650,2012,Automatic,Car(Hatchback)
Mazda Flair 2025,"Rs: 8,225,000",km Find,"2026-02-14 | Panadura 10,000",white,Reconditioned,650,Hybrid,Mazda,10000,Flair,2025,650,2026,Automatic,Car(Hatchback)
Suzuki Spacia 2024,"Rs: 9,500,000",,2026-02-14 | Panadura Find Out More,white,Reconditioned,650,Hybrid,Suzuki,0,Spacia,2024,650,2026,Automatic,Car(Hatchback)
Renault KWID 2016,"Rs: 3,600,000",km Find,"2026-02-14 | Panadura 53,842",white,Used,1000,Petrol,Renault,53842,KWID,2016,1000,2016,Manual,Car(Hatchback)
Suzuki Alto 2010,"Rs: 2,950,000",km Find,"2026-02-14 | Kadawatha 133,000",maroon,Used,660,Petrol,Suzuki,133000,Alto,2010,660,2010,Manual,Car(Hatchback)
Toyota Yaris 2025,"Rs: 10,750,000",,2026-02-14 | Wattala Find Out More,white,Brand New,1000,Petrol,Toyota,0,Yaris,2025,1000,Ref:,Automatic,Car(Hatchback)
Suzuki Spacia 2024,"Rs: 9,600,000",km Find,2026-02-14 | Kurunegala 300,red,Brand New,650,Hybrid,Suzuki,300,Spacia,2024,650,Ref:,Automatic,Car()
Suzuki Spacia 2024,"Rs: 9,600,000",km Find,2026-02-14 | Kurunegala 200,black,Brand New,650,Hybrid,Suzuki,200,Spacia,2024,650,Ref:,Automatic,Car()
Honda City 2001,"Rs: 3,900,000",km Find,"2026-02-14 | Anuradhapura 22,000",gray,Used,1500,Petrol,Honda,22000,City,2001,1500,2005,Manual,Car(Saloon)
Toyota Aqua 2015,"Rs: 8,100,000",km Find,"2026-02-14 | Kotawehera 150,000",white,Used,1300,Petrol,Toyota,150000,Aqua,2015,1300,2015,Automatic,Car(Liftback)
Toyota Aqua 2016,"Rs: 7,500,000",,2026-02-14 | Hinatiyana Madawala Find Out More,pink,Used,1300,Petrol,Toyota,0,Aqua,2016,1300,2018,Automatic,Car(Hatchback)
Toyota Aqua 2014,"Rs: 7,500,000",km Find,"2026-02-14 | Negombo 120,000",blue,Used,1500,Petrol,Toyota,120000,Aqua,2014,1500,2014,Automatic,Car(Hatchback)
Suzuki Alto 2014,"Rs: 4,000,000",km Find,"2026-02-14 | Kuliyapitiya 95,000",white,Used,800,Petrol,Suzuki,95000,Alto,2014,800,2014,Manual,Car(Hatchback)
Tata Indica 2014,"Rs: 5,400,000",km Find,"2026-02-14 | Matara 141,000",maroon,Used,1200,Petrol,Tata,141000,Indica,2014,1200,2014,Manual,Car(Hatchback)
Honda Civic 2017,"Rs: 12,500,000",km Find,"2026-02-19 | Telijjawila 82,285",silver,Used,1000,Petrol,Honda,82285,Civic,2017,1000,2018,Automatic,Car()
KIA Sephia 2002,"Rs: 2,600,000",km Find,"2026-02-10 | Mattegoda 162,481",gray,Used,1331,Petrol,KIA,162481,Sephia,2002,1331,2003,Automatic,Car(Sedan)
Toyota Belta 2007,"Rs: 5,500,000",km Find,"2026-02-06 | Homagama 166,600",silver,Used,1000,Petrol,Toyota,166600,Belta,2007,1000,2009,Automatic,Car(Saloon)
Nissan Dayz 2025,"Rs: 8,200,000",km Find,2026-02-14 | Narammala 350,black,Brand New,658,Hybrid,Nissan,350,Dayz,2025,658,Ref:,Automatic,Car(Hatchback)
Suzuki Spacia 2024,"Rs: 9,600,000",km Find,2026-02-14 | Kurunegala 200,white,Brand New,650,Hybrid,Suzuki,200,Spacia,2024,650,Ref:,Automatic,Car()
Daihatsu Mira 2024,"Rs: 6,300,000",km Find,"2026-02-14 | Minuwangoda 2,000",white,Reconditioned,658,Petrol,Daihatsu,2000,Mira,2024,658,2026,Automatic,Car(Liftback)
Suzuki Spacia 2024,"Rs: 9,600,000",,2026-02-14 | Kurunegala Find Out More,green,Brand New,650,Hybrid,Suzuki,0,Spacia,2024,650,Ref:,Automatic,Car()
Suzuki Wagon R 2014,"Rs: 5,200,000",km Find,"2026-02-14 | Tangalla 205,000",white,Used,650,Petrol,Suzuki,205000,Wagon R,2014,650,2015,Automatic,Car()
Mitsubishi Lancer 1980,"Rs: 1,375,000",,2026-02-14 | Kuruwita Find Out More,green,Used,1400,Petrol,Mitsubishi,0,Lancer,1980,1400,1980,Manual,Car(Saloon)
Toyota Axio 2013,"Rs: 8,700,000",km Find,"2026-02-14 | Horana 1,500",blue,Used,1500,Petrol,Toyota,1500,Axio,2013,1500,2016,Automatic,Car(Saloon)
Mitsubishi Lancer 2003,"Rs: 5,600,000",km Find,"2026-02-14 | Anuradhapura 115,000",black,Used,16000,Petrol,Mitsubishi,115000,Lancer,2003,16000,2004,Manual,Car(Liftback)
Toyota Vitz 2017,"Rs: 7,900,000",km Find,"2026-02-14 | Gampaha 110,000",silver,Used,990,Petrol,Toyota,110000,Vitz,2017,990,2020,Automatic,Car(Hatchback)
Suzuki Alto 2016,"Rs: 4,500,000",,2026-02-13 | Anuradhapura Find Out More,other,Used,800,Petrol,Suzuki,0,Alto,2016,800,2016,Manual,Car(Hatchback)
Honda Civic 2017,"Rs: 12,500,000",km Find,"2026-02-19 | Telijjawila 82,285",silver,Used,1000,Petrol,Honda,82285,Civic,2017,1000,2018,Automatic,Car()
KIA Sephia 2002,"Rs: 2,600,000",km Find,"2026-02-10 | Mattegoda 162,481",gray,Used,1331,Petrol,KIA,162481,Sephia,2002,1331,2003,Automatic,Car(Sedan)
Toyota Belta 2007,"Rs: 5,500,000",km Find,"2026-02-06 | Homagama 166,600",silver,Used,1000,Petrol,Toyota,166600,Belta,2007,1000,2009,Automatic,Car(Saloon)
Toyota Vios 2005,"Rs: 5,500,000",km Find,"2026-02-22 | Mawathagama 180,000",silver,Used,1496,Petrol,Toyota,180000,Vios,2005,1496,2009,Automatic,Car(Sedan)
Toyota Vitz 2016,"Rs: 7,050,000",km Find,"2026-02-13 | Delgoda 81,000",gray,Used,990,Petrol,Toyota,81000,Vitz,2016,990,2020,Automatic,Car(Hatchback)
Suzuki Maruti 2006,"Rs: 2,100,000",km Find,"2026-02-13 | Dehiowita 45,000",maroon,Used,796,Petrol,Suzuki,45000,Maruti,2006,796,2006,Manual,Car(Hatchback)
Nissan Bluebird 2007,"Rs: 6,400,000",km Find,"2026-02-13 | Panadura 175,000",maroon,Used,1500,Petrol,Nissan,175000,Bluebird,2007,1500,2007,Automatic,Car(Saloon)
Toyota Aqua 2015,"Rs: 8,100,000",km Find,"2026-02-13 | Kandy 134,000",black,Used,1300,Petrol,Toyota,134000,Aqua,2015,1300,2016,Automatic,Car(Hatchback)
Toyota Vitz 2016,"Rs: 7,200,000",,2026-02-13 | Welpalla Find Out More,black,Used,990,Petrol,Toyota,0,Vitz,2016,990,2019,Automatic,Car(Hatchback)
Suzuki Wagon R 2018,"Rs: 6,900,000",,2026-02-13 | Angoda Find Out More,black,Used,800,Petrol,Suzuki,0,Wagon R,2018,800,2018,Automatic,Car(Hatchback)
Toyota Prius 2010,"Rs: 8,500,000",km Find,"2026-02-13 | Boralesgamuwa 241,000",blue,Used,1790,Hybrid,Toyota,241000,Prius,2010,1790,2012,Automatic,Car(Sedan)
Tesla Model 3 2024,"Rs: 31,900,000",,2026-02-13 | Kotahena (Colombo 13) Find Out More,red,Reconditioned,82,Electric,Tesla,0,Model 3,2024,82,2024,Automatic,Car(Hatchback)
Nissan FB 14 1996,"Rs: 3,275,000",km Find,"2026-02-13 | Matale 200,000",gold,Used,1500,Petrol,Nissan,200000,FB 14,1996,1500,1999,Manual,Car(Saloon)
Nissan Dayz 2017,"Rs: 6,550,000",km Find,"2026-02-13 | Ja-Ela 64,000",red,Used,660,Petrol,Nissan,64000,Dayz,2017,660,2020,Automatic,Car(Station wagon)
Suzuki Celerio 2015,"Rs: 4,650,000",km Find,"2026-02-13 | Ragama 114,000",blue,Used,1500,Petrol,Suzuki,114000,Celerio,2015,1500,2015,Automatic,Car(Hatchback)
Suzuki Hustler 2024,"Rs: 8,000,000",km Find,"2026-02-13 | Rajagiriya 18,326",green,Reconditioned,660,Hybrid,Suzuki,18326,Hustler,2024,660,2026,Automatic,Car(Hatchback)
Honda Civic 2017,"Rs: 12,500,000",km Find,"2026-02-19 | Telijjawila 82,285",silver,Used,1000,Petrol,Honda,82285,Civic,2017,1000,2018,Automatic,Car()
KIA Sephia 2002,"Rs: 2,600,000",km Find,"2026-02-10 | Mattegoda 162,481",gray,Used,1331,Petrol,KIA,162481,Sephia,2002,1331,2003,Automatic,Car(Sedan)
Toyota Belta 2007,"Rs: 5,500,000",km Find,"2026-02-06 | Homagama 166,600",silver,Used,1000,Petrol,Toyota,166600,Belta,2007,1000,2009,Automatic,Car(Saloon)
Nissan FB 15 2003,"Rs: 4,250,000",km Find,"2026-02-13 | Dankotuwa 13,000",brown,Used,2198,Diesel,Nissan,13000,FB 15,2003,2198,2008,Automatic,Car(Sedan)
Daihatsu Taft 2024,"Rs: 8,350,000",,2026-02-13 | Borella (Colombo 08) Find Out More,black,Brand New,1000,Petrol,Daihatsu,0,Taft,2024,1000,Ref:,Automatic,Car(Hatchback)
Daihatsu Taft 2024,"Rs: 9,300,000",km Find,"2026-02-13 | Rajagiriya 9,900",green,Reconditioned,660,Petrol,Daihatsu,9900,Taft,2024,660,2026,Automatic,Car(Hatchback)
Daihatsu Mira 2017,"Rs: 5,650,000",km Find,"2026-02-13 | Negombo 99,300",white,Used,650,Petrol,Daihatsu,99300,Mira,2017,650,2017,Automatic,Car(Hatchback)
Toyota Allion 2013,"Rs: 9,500,000",km Find,"2026-02-13 | Kegalle 180,000",maroon,Used,1200,Hybrid,Toyota,180000,Allion,2013,1200,2013,Automatic,Car(Hatchback)
Suzuki Celerio 2015,"Rs: 5,100,000",km Find,"2026-02-13 | Moratuwa 97,500",gray,Used,996,Petrol,Suzuki,97500,Celerio,2015,996,2015,Automatic,Car(Hatchback)
Toyota Vitz 2018,"Rs: 4,100,000",km Find,"2026-02-13 | Kandana 68,000",gray,Used,990,Hybrid,Toyota,68000,Vitz,2018,990,2019,Automatic,Car(Hatchback)
Toyota Vitz 2017,"Rs: 7,650,000",km Find,"2026-02-13 | Kandy 55,000",gray,Used,1500,Petrol,Toyota,55000,Vitz,2017,1500,2020,Automatic,Car()
Suzuki Alto 2014,"Rs: 3,280,000",km Find,"2026-02-13 | Avissawella 140,000",black,Used,650,Petrol,Suzuki,140000,Alto,2014,650,2014,Automatic,Car(Hatchback)
Suzuki Alto 2017,"Rs: 5,200,000",km Find,"2026-02-13 | Mirigama 106,000",silver,Used,0,Petrol,Suzuki,106000,Alto,2017,0,2018,Automatic,Car(Hatchback)
Suzuki Alto 2015,"Rs: 3,485,000",km Find,"2026-02-13 | Anuradhapura 132,000",black,Used,800,Petrol,Suzuki,132000,Alto,2015,800,2015,Manual,Car(Hatchback)
Perodua Viva 2011,"Rs: 3,685,000",km Find,"2026-02-13 | Gampaha 127,800",black,Used,1000,Petrol,Perodua,127800,Viva,2011,1000,2013,Manual,Car(Hatchback)
Honda Accord 2001,"Rs: 4,390,000",km Find,"2026-02-13 | Panadura 192,000",silver,Used,1800,Petrol,Honda,192000,Accord,2001,1800,2005,Automatic,Car(Sedan)
Toyota Axio 2011,"Rs: 7,650,000",km Find,"2026-02-13 | Kurunegala 133,000",white,Used,1500,Petrol,Toyota,133000,Axio,2011,1500,2012,Automatic,Car(Liftback)
Suzuki Maruti 2006,"Rs: 2,040,000",km Find,"2026-02-13 | Divulapitiya 112,000",gray,Used,800,Petrol,Suzuki,112000,Maruti,2006,800,2006,Manual,Car(Hatchback)
Mitsubishi eK 2023,"Rs: 6,800,000",km Find,"2026-02-13 | Rajagiriya 10,000",black,Reconditioned,660,Petrol,Mitsubishi,10000,eK,2023,660,2026,Automatic,Car(Hatchback)
Suzuki Wagon R 2016,"Rs: 5,350,000",km Find,"2026-02-13 | Gampaha 86,000",gray,Used,650,Petrol,Suzuki,86000,Wagon R,2016,650,2018,Automatic,Car(Hatchback)
Honda Civic 2017,"Rs: 12,500,000",km Find,"2026-02-19 | Telijjawila 82,285",silver,Used,1000,Petrol,Honda,82285,Civic,2017,1000,2018,Automatic,Car()
KIA Sephia 2002,"Rs: 2,600,000",km Find,"2026-02-10 | Mattegoda 162,481",gray,Used,1331,Petrol,KIA,162481,Sephia,2002,1331,2003,Automatic,Car(Sedan)
Toyota Belta 2007,"Rs: 5,500,000",km Find,"2026-02-06 | Homagama 166,600",silver,Used,1000,Petrol,Toyota,166600,Belta,2007,1000,2009,Automatic,Car(Saloon)
Toyota Passo 2023,"Rs: 8,050,000",km Find,"2026-02-13 | Kottawa 6,600",other,Brand New,660,Petrol,Toyota,6600,Passo,2023,660,Ref:,Automatic,Car(Hatchback)
Nissan Dayz 2025,"Rs: 8,750,000",km Find,"2026-02-13 | Negombo 1,000",white,Reconditioned,658,Petrol,Nissan,1000,Dayz,2025,658,2025,Automatic,Car(Hatchback)
Honda N WGN 2024,"Rs: 8,750,000",km Find,2026-02-13 | Negombo 100,black,Brand New,658,Petrol,Honda,100,N WGN,2024,658,Ref:,Automatic,Car(Hatchback)
Toyota Premio 2018,"Rs: 15,200,000",km Find,"2026-02-13 | Alutwewa 53,995",white,Used,1500,Petrol,Toyota,53995,Premio,2018,1500,2018,Automatic,Car(Saloon)
Toyota Axio 2015,"Rs: 9,500,000",km Find,"2026-02-13 | Dompe 107,000",purple,Used,1500,Hybrid,Toyota,107000,Axio,2015,1500,2015,Automatic,Car(Sedan)
Suzuki Wagon R 2024,"Rs: 8,500,000",,2026-02-13 | Borella (Colombo 08) Find Out More,blue,Brand New,650,Petrol,Suzuki,0,Wagon R,2024,650,Ref:,Automatic,Car(Hatchback)
Honda Grace 2017,"Rs: 9,000,000",km Find,"2026-02-13 | Matara 120,000",white,Reconditioned,1600,Petrol,Honda,120000,Grace,2017,1600,2017,Automatic,Car(Liftback)
Honda Civic 2017,"Rs: 12,500,000",km Find,"2026-02-19 | Telijjawila 82,285",silver,Used,1000,Petrol,Honda,82285,Civic,2017,1000,2018,Automatic,Car()
KIA Sephia 2002,"Rs: 2,600,000",km Find,"2026-02-10 | Mattegoda 162,481",gray,Used,1331,Petrol,KIA,162481,Sephia,2002,1331,2003,Automatic,Car(Sedan)
Toyota Belta 2007,"Rs: 5,500,000",km Find,"2026-02-06 | Homagama 166,600",silver,Used,1000,Petrol,Toyota,166600,Belta,2007,1000,2009,Automatic,Car(Saloon)
Daihatsu Taft 2023,"Rs: 7,700,000",km Find,2026-02-13 | Angoda 100,white,Brand New,660,Petrol,Daihatsu,100,Taft,2023,660,2026,Automatic,Car(Hatchback)
Suzuki Spacia 2023,"Rs: 8,450,000",km Find,2026-02-13 | Angoda 100,blue,Brand New,658,Petrol,Suzuki,100,Spacia,2023,658,Ref:,Automatic,Car(Hatchback)
Suzuki Spacia 2024,"Rs: 7,950,000",,2026-02-13 | Nugegoda Find Out More,white,Brand New,658,Petrol,Suzuki,0,Spacia,2024,658,Ref:,Automatic,Car(Hatchback)
Honda N BOX 2023,"Rs: 7,550,000",km Find,"2026-02-13 | Kottawa 1,234",silver,Brand New,658,Petrol,Honda,1234,N BOX,2023,658,Ref:,Automatic,Car(Liftback)
BMW 5 Series 2012,"Rs: 16,500,000",km Find,"2026-02-13 | Colombo Fort (Colombo 01) 134,000",gold,Used,1997,Petrol,BMW,134000,5 Series,2012,1997,2013,Automatic,Car(Saloon)
Suzuki Wagon R 2024,"Rs: 7,150,000",km Find,"2026-02-13 | Veyangoda 13,700",black,Reconditioned,650,Petrol,Suzuki,13700,Wagon R,2024,650,2026,Automatic,Car(Station wagon)
Chevrolet Aveo 2011,"Rs: 3,900,000",km Find,"2026-02-13 | Matale 150,000",red,Used,1200,Petrol,Chevrolet,150000,Aveo,2011,1200,2011,Manual,Car(Saloon)
Nissan Tiida 2012,"Rs: 7,000,000",km Find,"2026-02-13 | Matale 160,000",white,Used,1500,Petrol,Nissan,160000,Tiida,2012,1500,2015,Automatic,Car(Saloon)
Suzuki Alto 2024,"Rs: 6,850,000",,2026-02-13 | Rajagiriya Find Out More,gray,Brand New,660,Petrol,Suzuki,0,Alto,2024,660,Ref:,Automatic,Car(Hatchback)
Nissan N 16 2004,"Rs: 4,000,000",,2026-02-13 | Maharagama Find Out More,maroon,Used,1500,Petrol,Nissan,0,N 16,2004,1500,2004,Automatic,Car(Saloon)
Toyota Passo 2023,"Rs: 8,100,000",km Find,"2026-02-13 | Kottawa 1,234",maroon,Brand New,660,Petrol,Toyota,1234,Passo,2023,660,Ref:,Automatic,Car(Hatchback)
Daihatsu Thor 2023,"Rs: 9,600,000",km Find,"2026-02-13 | Borella (Colombo 08) 11,700",white,Brand New,1000,Petrol,Daihatsu,11700,Thor,2023,1000,Ref:,Automatic,Car(Hatchback)
Daihatsu Thor 2022,"Rs: 9,800,000",km Find,"2026-02-13 | Adampan 21,000",blue,Brand New,1000,Petrol,Daihatsu,21000,Thor,2022,1000,Ref:,Automatic,Car(Hatchback)
Toyota Corolla 1986,"Rs: 1,685,000",km Find,"2026-02-13 | Kuruwita 1,000",blue,Used,1300,Petrol,Toyota,1000,Corolla,1986,1300,1986,Manual,Car(Hatchback)
Nissan Dayz 2024,"Rs: 8,300,000",km Find,"2026-02-13 | Rajagiriya 2,500",blue,Brand New,659,Petrol,Nissan,2500,Dayz,2024,659,Ref:,Automatic,Car(Hatchback)
Honda Civic 2017,"Rs: 12,500,000",km Find,"2026-02-19 | Telijjawila 82,285",silver,Used,1000,Petrol,Honda,82285,Civic,2017,1000,2018,Automatic,Car()
KIA Sephia 2002,"Rs: 2,600,000",km Find,"2026-02-10 | Mattegoda 162,481",gray,Used,1331,Petrol,KIA,162481,Sephia,2002,1331,2003,Automatic,Car(Sedan)
Toyota Belta 2007,"Rs: 5,500,000",km Find,"2026-02-06 | Homagama 166,600",silver,Used,1000,Petrol,Toyota,166600,Belta,2007,1000,2009,Automatic,Car(Saloon)
Nissan Dayz 2023,"Rs: 7,250,000",km Find,"2026-02-13 | Kottawa 6,600",other,Brand New,660,Petrol,Nissan,6600,Dayz,2023,660,Ref:,Automatic,Car(Hatchback)
Toyota Aqua 2014,"Rs: 7,450,000",km Find,"2026-02-13 | Dehiwala 152,000",blue,Used,1500,Petrol,Toyota,152000,Aqua,2014,1500,2016,Automatic,Car(Liftback)
Toyota Passo 2023,"Rs: 8,100,000",km Find,"2026-02-13 | Kottawa 6,600",brown,Brand New,660,Petrol,Toyota,6600,Passo,2023,660,Ref:,Automatic,Car(Hatchback)
Geely Panda 2012,"Rs: 2,490,000",km Find,"2026-02-13 | Dankotuwa 75,000",silver,Used,1300,Petrol,Geely,75000,Panda,2012,1300,2012,Manual,Car(Liftback)
Suzuki Wagon R 2015,"Rs: 5,250,000",km Find,"2026-02-13 | Akarawita 106,900",white,Used,650,Petrol,Suzuki,106900,Wagon R,2015,650,2015,Automatic,Car()
Suzuki Celerio 2015,"Rs: 4,350,000",km Find,"2026-02-13 | Nawala 97,000",black,Used,1000,Petrol,Suzuki,97000,Celerio,2015,1000,2015,Automatic,Car(Hatchback)
Proton Wira 2005,"Rs: 2,200,000",km Find,"2026-02-13 | Piliyandala 225,000",gold,Used,1300,Petrol,Proton,225000,Wira,2005,1300,2007,Manual,Car(Sedan)
Toyota Aqua 2014,"Rs: 7,100,000",km Find,"2026-02-13 | Adampan 1,490",red,Used,1490,Hybrid,Toyota,1490,Aqua,2014,1490,2014,Automatic,Car(Hatchback)
Suzuki Spacia 2015,"Rs: 6,250,000",km Find,"2026-02-13 | Nugegoda 93,000",white,Used,660,Petrol,Suzuki,93000,Spacia,2015,660,2018,Automatic,Car(Saloon)
Honda Civic 2017,"Rs: 12,500,000",km Find,"2026-02-19 | Telijjawila 82,285",silver,Used,1000,Petrol,Honda,82285,Civic,2017,1000,2018,Automatic,Car()
KIA Sephia 2002,"Rs: 2,600,000",km Find,"2026-02-10 | Mattegoda 162,481",gray,Used,1331,Petrol,KIA,162481,Sephia,2002,1331,2003,Automatic,Car(Sedan)
Toyota Belta 2007,"Rs: 5,500,000",km Find,"2026-02-06 | Homagama 166,600",silver,Used,1000,Petrol,Toyota,166600,Belta,2007,1000,2009,Automatic,Car(Saloon)
Toyota Axio 2017,"Rs: 12,000,000",km Find,"2026-02-13 | Rajagiriya 104,500",white,Used,1500,Petrol,Toyota,104500,Axio,2017,1500,2017,Automatic,Car(Hatchback)
KIA Optima 2009,"Rs: 4,600,000",km Find,"2026-02-13 | Kochchikade 246,000",other,Used,2000,Petrol,KIA,246000,Optima,2009,2000,2009,Automatic,Car(Saloon)
Honda Fit 2013,"Rs: 6,950,000",km Find,"2026-02-13 | Kandy 118,000",yellow,Used,1500,Petrol,Honda,118000,Fit,2013,1500,2013,Automatic,Car(Hatchback)
Perodua Viva 2013,"Rs: 4,575,000",km Find,"2026-02-13 | Colombo Fort (Colombo 01) 138,000",purple,Used,1000,Petrol,Perodua,138000,Viva,2013,1000,2013,Automatic,Car(Hatchback)
Toyota Prius 2014,"Rs: 9,500,000",km Find,"2026-02-13 | Nugegoda 134,000",silver,Used,1800,Hybrid,Toyota,134000,Prius,2014,1800,2015,Automatic,Car(Liftback)
Toyota Corolla 2008,"Rs: 7,000,000",km Find,"2026-02-13 | Yakkala 158,000",blue,Used,1490,Petrol,Toyota,158000,Corolla,2008,1490,2011,Automatic,Car(Sedan)
Mercedes Benz S Class 2010,"Rs: 21,500,000",km Find,"2026-02-13 | Kirulapone 98,000",black,Used,3000,Petrol,Mercedes Benz,98000,S Class,2010,3000,2011,Automatic,Car(Sedan)
Toyota Yaris 2023,"Rs: 8,300,000",,2026-02-12 | Kandana Find Out More,white,Brand New,1200,Petrol,Toyota,0,Yaris,2023,1200,Ref:,Automatic,Car(Hatchback)
Suzuki Alto 2015,"Rs: 3,600,000",km Find,"2026-02-12 | Akarawita 95,000",blue,Used,650,Petrol,Suzuki,95000,Alto,2015,650,2015,Automatic,Car(Hatchback)
Suzuki Alto 2025,"Rs: 6,375,000",km Find,2026-02-12 | Gampaha 35,beige,Brand New,650,Petrol,Suzuki,35,Alto,2025,650,Ref:,Automatic,Car(Hatchback)
Ford Fiesta 2011,"Rs: 5,100,000",km Find,"2026-02-12 | Adampan 217,000",gray,Used,1400,Petrol,Ford,217000,Fiesta,2011,1400,2012,Automatic,Car(Sedan)
Toyota Aqua 2013,"Rs: 7,600,000",km Find,"2026-02-12 | Adampan 132,000",white,Used,1490,Hybrid,Toyota,132000,Aqua,2013,1490,2015,Automatic,Car(Liftback)
Honda Civic 2017,"Rs: 12,500,000",km Find,"2026-02-19 | Telijjawila 82,285",silver,Used,1000,Petrol,Honda,82285,Civic,2017,1000,2018,Automatic,Car()
KIA Sephia 2002,"Rs: 2,600,000",km Find,"2026-02-10 | Mattegoda 162,481",gray,Used,1331,Petrol,KIA,162481,Sephia,2002,1331,2003,Automatic,Car(Sedan)
Toyota Belta 2007,"Rs: 5,500,000",km Find,"2026-02-06 | Homagama 166,600",silver,Used,1000,Petrol,Toyota,166600,Belta,2007,1000,2009,Automatic,Car(Saloon)
Suzuki Wagon R 2018,"Rs: 6,550,000",km Find,"2026-02-12 | Kurunegala 94,000",white,Used,650,Petrol,Suzuki,94000,Wagon R,2018,650,2018,Automatic,Car(Hatchback)
Nissan Dayz 2017,"Rs: 5,775,000",km Find,"2026-02-12 | Rajagiriya 115,500",silver,Reconditioned,660,Petrol,Nissan,115500,Dayz,2017,660,2019,Automatic,Car(Station wagon)
Suzuki Estilo 2011,"Rs: 3,990,000",km Find,"2026-02-12 | Adampan 150,000",brown,Used,1000,Petrol,Suzuki,150000,Estilo,2011,1000,2012,Manual,Car(Hatchback)
Toyota Axio 2007,"Rs: 6,875,000",km Find,"2026-02-12 | Kirillawala 180,000",silver,Used,1496,Petrol,Toyota,180000,Axio,2007,1496,2010,Automatic,Car(Sedan)
Suzuki Swift 2004,"Rs: 4,200,000",km Find,"2026-02-12 | Kirulapone 134,000",silver,Used,1000,Petrol,Suzuki,134000,Swift,2004,1000,2008,Automatic,Car(Hatchback)
BMW 5 Series 1998,"Rs: 4,800,000",km Find,"2026-02-12 | Dehiwala 174,500",red,Used,000,Petrol,BMW,174500,5 Series,1998,000,1998,Automatic,Car(Hatchback)
Toyota Vitz 2013,"Rs: 6,100,000",km Find,"2026-02-12 | Kandy 112,450",white,Used,1000,Petrol,Toyota,112450,Vitz,2013,1000,2014,Automatic,Car(Hatchback)
Daihatsu Mira 2024,"Rs: 6,900,000",,2026-02-12 | Ratmalana Find Out More,blue,Brand New,660,Petrol,Daihatsu,0,Mira,2024,660,Ref:,Automatic,Car()
Honda Civic 2017,"Rs: 12,500,000",km Find,"2026-02-19 | Telijjawila 82,285",silver,Used,1000,Petrol,Honda,82285,Civic,2017,1000,2018,Automatic,Car()
KIA Sephia 2002,"Rs: 2,600,000",km Find,"2026-02-10 | Mattegoda 162,481",gray,Used,1331,Petrol,KIA,162481,Sephia,2002,1331,2003,Automatic,Car(Sedan)
Toyota Belta 2007,"Rs: 5,500,000",km Find,"2026-02-06 | Homagama 166,600",silver,Used,1000,Petrol,Toyota,166600,Belta,2007,1000,2009,Automatic,Car(Saloon)
Toyota Prius 2016,"Rs: 12,990,000",km Find,"2026-02-12 | Panadura 117,000",white,Used,1800,Hybrid,Toyota,117000,Prius,2016,1800,2016,Automatic,Car(Liftback)
Toyota Prius 2012,"Rs: 8,950,000",km Find,"2026-02-22 | Horana 142,000",purple,Used,1800,Hybrid,Toyota,142000,Prius,2012,1800,2014,Automatic,Car(Hatchback)
Toyota Premio 2010,"Rs: 8,990,000",km Find,"2026-02-12 | Kandy 118,000",gray,Used,1500,Petrol,Toyota,118000,Premio,2010,1500,2011,Automatic,Car(Hatchback)
Suzuki Wagon R 2017,"Rs: 6,000,000",km Find,"2026-02-12 | Negombo 160,000",white,Used,000,Petrol,Suzuki,160000,Wagon R,2017,000,2017,Automatic,Car()
Chevrolet Cruze 2004,"Rs: 4,000,000",km Find,"2026-02-12 | Nittambuwa 142,000",blue,Used,1430,Petrol,Chevrolet,142000,Cruze,2004,1430,2007,Automatic,Car(Hatchback)
Mercedes Benz E Class 2018,"Rs: 32,500,000",km Find,"2026-02-11 | Kohuwala 18,000",red,Used,2000,Petrol,Mercedes Benz,18000,E Class,2018,2000,2018,Automatic,Car(Sports)
Nissan March 1999,"Rs: 2,900,000",km Find,"2026-02-11 | Kadawatha 225,000",silver,Used,1000,Petrol,Nissan,225000,March,1999,1000,2000,Automatic,Car(Hatchback)
Toyota Aqua 2015,"Rs: 7,800,000",km Find,"2026-02-11 | Baddegama 150,000",white,Used,1496,Hybrid,Toyota,150000,Aqua,2015,1496,2015,Automatic,Car(Convertible)
Toyota Aqua 2012,"Rs: 6,400,000",km Find,2026-02-11 | Malabe 290,blue,Used,1497,Hybrid,Toyota,290,Aqua,2012,1497,2014,Automatic,Car(Hatchback)
Daihatsu Mira 2023,"Rs: 6,900,000",km Find,"2026-02-11 | Negombo 5,000",black,Reconditioned,660,Petrol,Daihatsu,5000,Mira,2023,660,2026,Automatic,Car()
Toyota Vitz 2009,"Rs: 5,690,000",km Find,"2026-02-11 | Malabe 112,630",green,Used,1000,Petrol,Toyota,112630,Vitz,2009,1000,2011,Automatic,Car(Hatchback)
Suzuki Hustler 2024,"Rs: 8,750,000",km Find,"2026-02-11 | Mawathagama 3,000",white,Reconditioned,658,Petrol,Suzuki,3000,Hustler,2024,658,2024,Automatic,Car(Sports)
Honda Civic 2017,"Rs: 12,500,000",km Find,"2026-02-19 | Telijjawila 82,285",silver,Used,1000,Petrol,Honda,82285,Civic,2017,1000,2018,Automatic,Car()
KIA Sephia 2002,"Rs: 2,600,000",km Find,"2026-02-10 | Mattegoda 162,481",gray,Used,1331,Petrol,KIA,162481,Sephia,2002,1331,2003,Automatic,Car(Sedan)
Toyota Belta 2007,"Rs: 5,500,000",km Find,"2026-02-06 | Homagama 166,600",silver,Used,1000,Petrol,Toyota,166600,Belta,2007,1000,2009,Automatic,Car(Saloon)
Suzuki Wagon R 2017,"Rs: 6,375,000",km Find,"2026-02-11 | Kirillawala 60,000",white,Used,996,Petrol,Suzuki,60000,Wagon R,2017,996,2017,Automatic,Car(Hatchback)
BMW 7 Series 2017,"Rs: 36,500,000",km Find,"2026-02-11 | Kohuwala 45,000",silver,Used,2000,Petrol,BMW,45000,7 Series,2017,2000,2017,Automatic,Car(Saloon)
BMW 740Le 2017,"Rs: 43,500,000",km Find,"2026-02-11 | Kohuwala 18,000",white,Used,2000,Petrol,BMW,18000,740Le,2017,2000,2017,Automatic,Car(Saloon)
Suzuki Wagon R 2018,"Rs: 6,975,000",km Find,"2026-02-11 | Pannala 72,000",white,Used,650,Petrol,Suzuki,72000,Wagon R,2018,650,2018,Automatic,Car(Convertible)
Suzuki Maruti 2006,"Rs: 1,990,000",km Find,"2026-02-11 | Minuwangoda 84,585",blue,Used,800,Petrol,Suzuki,84585,Maruti,2006,800,2006,Manual,Car(Hatchback)
Toyota Corolla 2023,"Rs: 17,350,000",km Find,"2026-02-11 | Gampaha 3,150",red,Reconditioned,1500,Petrol,Toyota,3150,Corolla,2023,1500,2024,Automatic,Car(Saloon)
Toyota Corolla 2019,"Rs: 13,000,000",km Find,"2026-02-11 | Homagama 93,000",red,Used,1490,Hybrid,Toyota,93000,Corolla,2019,1490,2019,Automatic,Car(Sedan)
Suzuki Wagon R 2018,"Rs: 6,650,000",km Find,"2026-02-11 | Kandy 96,000",white,Used,650,Petrol,Suzuki,96000,Wagon R,2018,650,2018,Automatic,Car(Station wagon)
Mercedes Benz E200 2010,"Rs: 13,700,000",km Find,"2026-02-11 | Moratuwa 107,000",maroon,Used,1797,Petrol,Mercedes Benz,107000,E200,2010,1797,2010,Automatic,Car(Saloon)
Toyota Yaris 2024,"Rs: 9,550,000",km Find,"2026-02-11 | Gampaha 11,500",black,Reconditioned,1200,Petrol,Toyota,11500,Yaris,2024,1200,2025,Automatic,Car(Hatchback)
Suzuki Wagon R 2025,"Rs: 9,350,000",,2026-02-11 | Gampaha Find Out More,white,Brand New,660,Petrol,Suzuki,0,Wagon R,2025,660,Ref:,Automatic,Car(Hatchback)
Mercedes Benz C200 2008,"Rs: 10,500,000",km Find,"2026-02-11 | Moratuwa 163,000",white,Used,1800,Petrol,Mercedes Benz,163000,C200,2008,1800,2011,Automatic,Car(Saloon)
Honda Civic 2017,"Rs: 12,500,000",km Find,"2026-02-19 | Telijjawila 82,285",silver,Used,1000,Petrol,Honda,82285,Civic,2017,1000,2018,Automatic,Car()
KIA Sephia 2002,"Rs: 2,600,000",km Find,"2026-02-10 | Mattegoda 162,481",gray,Used,1331,Petrol,KIA,162481,Sephia,2002,1331,2003,Automatic,Car(Sedan)
Toyota Belta 2007,"Rs: 5,500,000",km Find,"2026-02-06 | Homagama 166,600",silver,Used,1000,Petrol,Toyota,166600,Belta,2007,1000,2009,Automatic,Car(Saloon)
Suzuki Wagon R 2024,"Rs: 7,650,000",km Find,"2026-02-11 | Yakkala 2,000",white,Reconditioned,650,Petrol,Suzuki,2000,Wagon R,2024,650,2026,Automatic,Car(Hatchback)
Suzuki Wagon R 2025,"Rs: 7,750,000",km Find,"2026-02-11 | Yakkala 1,300",white,Reconditioned,650,Petrol,Suzuki,1300,Wagon R,2025,650,2026,Automatic,Car(Hatchback)
Honda Grace 2015,"Rs: 8,900,000",km Find,"2026-02-11 | Bambalapitiya (Colombo 04) 141,800",maroon,Used,1500,Hybrid,Honda,141800,Grace,2015,1500,2015,Automatic,Car(Hatchback)
Suzuki Wagon R 2018,"Rs: 7,150,000",km Find,"2026-02-11 | Horana 75,000",white,Used,650,Hybrid,Suzuki,75000,Wagon R,2018,650,2018,Automatic,Car()
Daihatsu Mira 2024,"Rs: 6,590,000",,2026-02-11 | Nittambuwa Find Out More,silver,Brand New,650,Petrol,Daihatsu,0,Mira,2024,650,Ref:,Automatic,Car(Hatchback)
Suzuki Swift 2003,"Rs: 3,900,000",km Find,"2026-02-11 | Dehiwala 68,000",silver,Used,1300,Petrol,Suzuki,68000,Swift,2003,1300,2006,Manual,Car(Liftback)
Mitsubishi Galant 1999,"Rs: 3,350,000",km Find,"2026-02-11 | Minuwangoda 180,000",black,Used,2000,Petrol,Mitsubishi,180000,Galant,1999,2000,1999,Manual,Car(Sedan)
Maruti Estilo 2011,"Rs: 3,700,000",km Find,"2026-02-11 | Watinapaha 64,384",silver,Used,1000,Petrol,Maruti,64384,Estilo,2011,1000,2012,Manual,Car(Hatchback)
Toyota Yaris 2023,"Rs: 9,720,000",,2026-02-11 | Horana Find Out More,black,Brand New,1000,Petrol,Toyota,0,Yaris,2023,1000,Ref:,Automatic,Car()
Honda Civic 2017,"Rs: 12,500,000",km Find,"2026-02-19 | Telijjawila 82,285",silver,Used,1000,Petrol,Honda,82285,Civic,2017,1000,2018,Automatic,Car()
KIA Sephia 2002,"Rs: 2,600,000",km Find,"2026-02-10 | Mattegoda 162,481",gray,Used,1331,Petrol,KIA,162481,Sephia,2002,1331,2003,Automatic,Car(Sedan)
Toyota Belta 2007,"Rs: 5,500,000",km Find,"2026-02-06 | Homagama 166,600",silver,Used,1000,Petrol,Toyota,166600,Belta,2007,1000,2009,Automatic,Car(Saloon)
Suzuki Wagon R 2024,"Rs: 7,500,000",,2026-02-11 | Negombo Find Out More,gray,Brand New,650,Petrol,Suzuki,0,Wagon R,2024,650,2024,Automatic,Car(Hatchback)
Toyota Aqua 2012,"Rs: 6,790,000",km Find,"2026-02-11 | Nittambuwa 112,000",orange,Used,1490,Hybrid,Toyota,112000,Aqua,2012,1490,2012,Automatic,Car(Hatchback)
Suzuki Wagon R 2025,"Rs: 8,390,000",,2026-02-11 | Nittambuwa Find Out More,black,Brand New,650,Hybrid,Suzuki,0,Wagon R,2025,650,Ref:,Automatic,Car(Station wagon)
Nissan B11 1983,"Rs: 780,000",km Find,"2026-02-11 | Matugama 256,897",white,Used,1300,Petrol,Nissan,256897,B11,1983,1300,1983,Manual,Car(Sedan)
Suzuki Celerio 2016,"Rs: 4,575,000",km Find,"2026-02-11 | Kadawatha 150,000",yellow,Used,996,Petrol,Suzuki,150000,Celerio,2016,996,2016,Automatic,Car(Liftback)
Suzuki Hustler 2024,"Rs: 7,900,000",,2026-02-11 | Kelaniya Find Out More,white,Brand New,999,Petrol,Suzuki,0,Hustler,2024,999,2025,Automatic,Car(Hatchback)
Toyota Yaris 2023,"Rs: 7,850,000",km Find,"2026-02-11 | Kotte 76,000",white,Reconditioned,1000,Petrol,Toyota,76000,Yaris,2023,1000,2023,Automatic,Car(Hatchback)
Toyota Allion 2003,"Rs: 6,800,000",km Find,"2026-02-11 | Panadura 151,000",silver,Used,1500,Petrol,Toyota,151000,Allion,2003,1500,2003,Automatic,Car(Saloon)
Suzuki Swift 2018,"Rs: 9,650,000",km Find,"2026-02-11 | Ratmalana 83,000",red,Used,1240,Hybrid,Suzuki,83000,Swift,2018,1240,2019,Automatic,Car(Hatchback)
Nissan Sunny 2002,"Rs: 4,000,000",km Find,"2026-02-11 | Kotikawatta 139,896",white,Used,1299,Petrol,Nissan,139896,Sunny,2002,1299,2005,Automatic,Car(Saloon)
Peugeot 306 1999,"Rs: 1,275,000",,2026-02-11 | Pilimatalawa Find Out More,black,Used,1300,Petrol,Peugeot,0,306,1999,1300,1999,Manual,Car()
Suzuki Wagon R 2024,"Rs: 7,500,000",km Find,"2026-02-11 | Negombo 1,700",black,Brand New,650,Petrol,Suzuki,1700,Wagon R,2024,650,2024,Automatic,Car(Hatchback)
Suzuki Wagon R 2024,"Rs: 7,500,000",km Find,"2026-02-11 | Negombo 1,700",white,Brand New,650,Petrol,Suzuki,1700,Wagon R,2024,650,2024,Automatic,Car(Hatchback)
Suzuki Wagon R 2024,"Rs: 7,500,000",km Find,2026-02-11 | Negombo 650,other,Brand New,650,Petrol,Suzuki,650,Wagon R,2024,650,2024,Automatic,Car(Hatchback)
Toyota Corolla 2007,"Rs: 6,500,000",km Find,"2026-02-11 | Rajagiriya 200,000",gray,Used,1600,Petrol,Toyota,200000,Corolla,2007,1600,2007,Automatic,Car(Saloon)
Honda Civic 2017,"Rs: 12,500,000",km Find,"2026-02-19 | Telijjawila 82,285",silver,Used,1000,Petrol,Honda,82285,Civic,2017,1000,2018,Automatic,Car()
KIA Sephia 2002,"Rs: 2,600,000",km Find,"2026-02-10 | Mattegoda 162,481",gray,Used,1331,Petrol,KIA,162481,Sephia,2002,1331,2003,Automatic,Car(Sedan)
Toyota Belta 2007,"Rs: 5,500,000",km Find,"2026-02-06 | Homagama 166,600",silver,Used,1000,Petrol,Toyota,166600,Belta,2007,1000,2009,Automatic,Car(Saloon)
Honda Civic 2018,"Rs: 12,000,000",km Find,"2026-02-11 | Ja-Ela 105,000",blue,Used,1000,Petrol,Honda,105000,Civic,2018,1000,2018,Automatic,Car(Hatchback)
Suzuki Wagon R 2023,"Rs: 7,450,000",km Find,"2026-02-11 | Gampaha 11,895",blue,Reconditioned,650,Petrol,Suzuki,11895,Wagon R,2023,650,2026,Automatic,Car(Hatchback)
Honda Civic 2018,"Rs: 11,200,000",km Find,"2026-02-11 | Alutgama 95,000",gray,Used,1000,Petrol,Honda,95000,Civic,2018,1000,2018,Automatic,Car(Hatchback)
Toyota Yaris 2024,"Rs: 9,400,000",,2026-02-11 | Kelaniya Find Out More,white,Brand New,999,Petrol,Toyota,0,Yaris,2024,999,2025,Automatic,Car(Hatchback)
Toyota Yaris 2024,"Rs: 10,700,000",,2026-02-11 | Kelaniya Find Out More,red,Brand New,999,Petrol,Toyota,0,Yaris,2024,999,2025,Automatic,Car(Hatchback)
Toyota Corolla 2003,"Rs: 6,200,000",km Find,"2026-02-11 | Ja-Ela 231,000",white,Used,1500,Petrol,Toyota,231000,Corolla,2003,1500,2003,Automatic,Car(Saloon)
KIA Rio 2001,"Rs: 2,250,000",km Find,"2026-02-11 | Narahenpita (Colombo 05) 155,000",silver,Used,1500,Petrol,KIA,155000,Rio,2001,1500,2004,Automatic,Car(Hatchback)
Suzuki Wagon R 2018,"Rs: 6,375,000",km Find,"2026-02-11 | Katunayake 90,000",white,Reconditioned,650,Petrol,Suzuki,90000,Wagon R,2018,650,2018,Automatic,Car(Hatchback)
Suzuki Maruti 2006,"Rs: 2,085,000",km Find,"2026-02-11 | Nugegoda 120,000",other,Used,800,Petrol,Suzuki,120000,Maruti,2006,800,2006,Manual,Car(Liftback)
Toyota Vitz 2019,"Rs: 8,650,000",km Find,"2026-02-11 | Sainthamaruthu 81,700",white,Used,1000,Petrol,Toyota,81700,Vitz,2019,1000,2019,Automatic,Car(Hatchback)
Suzuki Wagon R 2015,"Rs: 5,375,000",km Find,"2026-02-11 | Matara 80,000",blue,Reconditioned,650,Petrol,Suzuki,80000,Wagon R,2015,650,2016,Automatic,Car(Hatchback)
Honda Civic 2017,"Rs: 12,500,000",km Find,"2026-02-19 | Telijjawila 82,285",silver,Used,1000,Petrol,Honda,82285,Civic,2017,1000,2018,Automatic,Car()
KIA Sephia 2002,"Rs: 2,600,000",km Find,"2026-02-10 | Mattegoda 162,481",gray,Used,1331,Petrol,KIA,162481,Sephia,2002,1331,2003,Automatic,Car(Sedan)
Toyota Belta 2007,"Rs: 5,500,000",km Find,"2026-02-06 | Homagama 166,600",silver,Used,1000,Petrol,Toyota,166600,Belta,2007,1000,2009,Automatic,Car(Saloon)
Suzuki Swift 2009,"Rs: 5,500,000",km Find,"2026-02-11 | Maharagama 132,500",other,Used,1300,Petrol,Suzuki,132500,Swift,2009,1300,2012,Automatic,Car(Liftback)
Toyota Corolla 2007,"Rs: 6,500,000",km Find,"2026-02-10 | Rajagiriya 200,000",gray,Brand New,1600,Petrol,Toyota,200000,Corolla,2007,1600,Ref:,Automatic,Car(Saloon)
Toyota Corolla 2008,"Rs: 7,350,000",km Find,"2026-02-10 | Kandy 110,000",white,Used,1600,Petrol,Toyota,110000,Corolla,2008,1600,2008,Automatic,Car(Saloon)
Toyota Vitz 2016,"Rs: 7,700,000",km Find,"2026-02-10 | Mawanella 21,500",black,Used,1000,Petrol,Toyota,21500,Vitz,2016,1000,2019,Automatic,Car(Hatchback)
Suzuki Wagon R 2024,"Rs: 7,290,000",km Find,"2026-02-10 | Ambalangoda 8,000",black,Brand New,650,Petrol,Suzuki,8000,Wagon R,2024,650,Ref:,Automatic,Car()
Honda Insight 2009,"Rs: 6,850,000",km Find,"2026-02-10 | Embilipitiya 104,045",blue,Reconditioned,1333,Hybrid,Honda,104045,Insight,2009,1333,2011,Automatic,Car(Saloon)
Mercedes Benz E Class 2015,"Rs: 18,300,000",km Find,"2026-02-10 | Ratmalana 120,000",silver,Used,2143,Diesel,Mercedes Benz,120000,E Class,2015,2143,2016,Automatic,Car(Saloon)
Daihatsu Taft 2024,"Rs: 8,050,000",km Find,2026-02-10 | Homagama 0,green,Brand New,660,Petrol,Daihatsu,00,Taft,2024,660,Ref:,Automatic,Car(Hatchback)
Geely Panda 2013,"Rs: 3,290,000",km Find,"2026-02-10 | Panadura 53,000",white,Used,1200,Petrol,Geely,53000,Panda,2013,1200,2013,Manual,Car(Hatchback)
Nissan Roox 2024,"Rs: 9,100,000",,2026-02-10 | Dehiwala Find Out More,red,Brand New,1200,Petrol,Nissan,0,Roox,2024,1200,Ref:,Automatic,Car()
Suzuki Alto 2024,"Rs: 6,200,000",km Find,"2026-02-10 | Nittambuwa 1,200",gray,Reconditioned,650,Hybrid,Suzuki,1200,Alto,2024,650,2026,Automatic,Car(Hatchback)
Suzuki Alto 2015,"Rs: 3,500,000",km Find,"2026-02-10 | Batticaloa 68,000",blue,Used,800,Petrol,Suzuki,68000,Alto,2015,800,2015,Manual,Car(Hatchback)
Suzuki Alto 2024,"Rs: 6,200,000",km Find,"2026-02-10 | Nittambuwa 1,200",gray,Brand New,650,Hybrid,Suzuki,1200,Alto,2024,650,Ref:,Automatic,Car(Hatchback)
Toyota Corolla 1994,"Rs: 2,300,000",km Find,"2026-02-10 | Embilipitiya 182,000",white,Used,1970,Diesel,Toyota,182000,Corolla,1994,1970,1997,Manual,Car(Saloon)
Toyota Axio 2007,"Rs: 7,250,000",km Find,"2026-02-10 | Anuradhapura 220,000",silver,Used,1500,Petrol,Toyota,220000,Axio,2007,1500,2010,Automatic,Car(Sedan)
Toyota Corolla 2000,"Rs: 3,450,000",km Find,"2026-02-10 | Nuwara Eliya 97,000",silver,Used,1295,Petrol,Toyota,97000,Corolla,2000,1295,2004,Automatic,Car(Sedan)
Honda Civic 2017,"Rs: 12,500,000",km Find,"2026-02-19 | Telijjawila 82,285",silver,Used,1000,Petrol,Honda,82285,Civic,2017,1000,2018,Automatic,Car()
KIA Sephia 2002,"Rs: 2,600,000",km Find,"2026-02-10 | Mattegoda 162,481",gray,Used,1331,Petrol,KIA,162481,Sephia,2002,1331,2003,Automatic,Car(Sedan)
Toyota Belta 2007,"Rs: 5,500,000",km Find,"2026-02-06 | Homagama 166,600",silver,Used,1000,Petrol,Toyota,166600,Belta,2007,1000,2009,Automatic,Car(Saloon)
Nissan Tiida 2008,"Rs: 5,000,000",km Find,"2026-02-10 | Boralesgamuwa 181,000",silver,Used,1500,Petrol,Nissan,181000,Tiida,2008,1500,2011,Automatic,Car(Hatchback)
Renault KWID 2018,"Rs: 3,800,000",km Find,"2026-02-10 | Ja-Ela 89,000",red,Used,800,Petrol,Renault,89000,KWID,2018,800,2019,Manual,Car(Hatchback)
Suzuki Swift 2017,"Rs: 7,700,000",km Find,"2026-02-10 | Kalutara 76,000",silver,Used,1000,Petrol,Suzuki,76000,Swift,2017,1000,2017,Automatic,Car(Hatchback)
Toyota Corolla 2004,"Rs: 6,275,000",km Find,"2026-02-10 | Kadawatha 125,000",white,Used,1500,Petrol,Toyota,125000,Corolla,2004,1500,2007,Automatic,Car(Saloon)
Suzuki Wagon R 2018,"Rs: 6,375,000",km Find,"2026-02-10 | Madurankuliya 115,000",white,Used,650,Petrol,Suzuki,115000,Wagon R,2018,650,2018,Automatic,Car(Hatchback)
Toyota Wigo 2017,"Rs: 6,290,000",km Find,"2026-02-10 | Kohuwala 42,000",other,Used,1000,Petrol,Toyota,42000,Wigo,2017,1000,2017,Automatic,Car(Hatchback)
Suzuki Alto 2011,"Rs: 3,600,000",km Find,"2026-02-10 | Ambalangoda 60,231",white,Used,1000,Petrol,Suzuki,60231,Alto,2011,1000,2011,Manual,Car(Hatchback)
Suzuki Alto 2015,"Rs: 3,775,000",km Find,"2026-02-10 | Kadawatha 50,000",black,Used,800,Petrol,Suzuki,50000,Alto,2015,800,2015,Manual,Car(Hatchback)
Honda Civic 2017,"Rs: 12,500,000",km Find,"2026-02-19 | Telijjawila 82,285",silver,Used,1000,Petrol,Honda,82285,Civic,2017,1000,2018,Automatic,Car()
KIA Sephia 2002,"Rs: 2,600,000",km Find,"2026-02-10 | Mattegoda 162,481",gray,Used,1331,Petrol,KIA,162481,Sephia,2002,1331,2003,Automatic,Car(Sedan)
Toyota Belta 2007,"Rs: 5,500,000",km Find,"2026-02-06 | Homagama 166,600",silver,Used,1000,Petrol,Toyota,166600,Belta,2007,1000,2009,Automatic,Car(Saloon)
Suzuki Swift 2011,"Rs: 4,200,000",km Find,"2026-02-10 | Borella (Colombo 08) 143,000",silver,Used,1200,Petrol,Suzuki,143000,Swift,2011,1200,2011,Manual,Car(Saloon)
Toyota Axio 2015,"Rs: 9,900,000",km Find,"2026-02-10 | Mount Lavinia 186,000",brown,Used,1500,Hybrid,Toyota,186000,Axio,2015,1500,2015,Automatic,Car(Saloon)
Suzuki Wagon R 2018,"Rs: 6,650,000",km Find,"2026-02-10 | Kandy 88,000",white,Used,650,Petrol,Suzuki,88000,Wagon R,2018,650,2018,Automatic,Car(Station wagon)
Honda Fit 2015,"Rs: 8,975,000",km Find,2026-02-10 | Moratuwa 123,blue,Used,123,Hybrid,Honda,123,Fit,2015,123,2021,Automatic,Car(Saloon)
Suzuki Swift 2003,"Rs: 4,500,000",km Find,"2026-02-10 | Ganemulla 125,250",silver,Used,1300,Petrol,Suzuki,125250,Swift,2003,1300,2006,Automatic,Car(Hatchback)
Suzuki Maruti 2007,"Rs: 2,150,000",km Find,"2026-02-10 | Homagama 92,000",blue,Used,800,Petrol,Suzuki,92000,Maruti,2007,800,2007,Manual,Car(Liftback)
Suzuki Celerio 2015,"Rs: 4,625,000",km Find,"2026-02-10 | Nugegoda 73,428",beige,Used,998,Petrol,Suzuki,73428,Celerio,2015,998,2015,Manual,Car(Liftback)
Mercedes Benz C200 2019,"Rs: 22,500,000",km Find,"2026-02-10 | Wellampitiya 38,000",silver,Used,2000,Petrol,Mercedes Benz,38000,C200,2019,2000,2020,Automatic,Car(Saloon)
Toyota Corolla 2008,"Rs: 6,700,000",km Find,"2026-02-10 | Gampaha 177,000",black,Used,1600,Petrol,Toyota,177000,Corolla,2008,1600,2008,Automatic,Car(Saloon)
Toyota Allion 2012,"Rs: 8,900,000",km Find,"2026-02-10 | Gampaha 182,000",other,Used,1490,Petrol,Toyota,182000,Allion,2012,1490,2013,Automatic,Car(Saloon)
Subaru Legacy 1994,"Rs: 5,500,000",km Find,"2026-02-10 | Negombo 142,000",gray,Reconditioned,2000,Petrol,Subaru,142000,Legacy,1994,2000,1996,Manual,Car(Sedan)
Nissan Dayz 2023,"Rs: 8,200,000",km Find,"2026-02-10 | Pasyala 1,500",red,Brand New,650,Petrol,Nissan,1500,Dayz,2023,650,Ref:,Automatic,Car(Station wagon)
Honda Civic 2017,"Rs: 12,500,000",km Find,"2026-02-19 | Telijjawila 82,285",silver,Used,1000,Petrol,Honda,82285,Civic,2017,1000,2018,Automatic,Car()
KIA Sephia 2002,"Rs: 2,600,000",km Find,"2026-02-10 | Mattegoda 162,481",gray,Used,1331,Petrol,KIA,162481,Sephia,2002,1331,2003,Automatic,Car(Sedan)
Toyota Belta 2007,"Rs: 5,500,000",km Find,"2026-02-06 | Homagama 166,600",silver,Used,1000,Petrol,Toyota,166600,Belta,2007,1000,2009,Automatic,Car(Saloon)
Mercedes Benz S Class 2005,"Rs: 18,000,000",km Find,"2026-02-10 | Dehiwala 150,000",gray,Used,3500,Petrol,Mercedes Benz,150000,S Class,2005,3500,2006,Automatic,Car(Sedan)
Suzuki Alto 2015,"Rs: 3,900,000",km Find,"2026-02-10 | Nugegoda 72,000",white,Used,800,Petrol,Suzuki,72000,Alto,2015,800,2015,Manual,Car(Hatchback)
Nissan March 1995,"Rs: 2,675,000",km Find,"2026-02-10 | Horana 170,000",navy,Used,1000,Petrol,Nissan,170000,March,1995,1000,1996,Manual,Car(Hatchback)
Toyota Aqua 2013,"Rs: 7,400,000",km Find,"2026-02-10 | Athurugiriya 180,000",silver,Used,1200,Petrol,Toyota,180000,Aqua,2013,1200,2015,Automatic,Car(Sports)
Honda Fit 2015,"Rs: 7,800,000",km Find,"2026-02-10 | Kadawatha 143,000",red,Used,1000,Petrol,Honda,143000,Fit,2015,1000,2015,Automatic,Car(Saloon)
Toyota Aqua 2012,"Rs: 6,900,000",km Find,"2026-02-10 | Yakkala 108,000",blue,Used,1000,Hybrid,Toyota,108000,Aqua,2012,1000,2015,Automatic,Car(Hatchback)
Daihatsu Move 2016,"Rs: 5,995,000",km Find,"2026-02-10 | Gampaha 78,000",gray,Used,658,Petrol,Daihatsu,78000,Move,2016,658,2017,Automatic,Car(Hatchback)
Suzuki Celerio 2014,"Rs: 4,475,000",km Find,"2026-02-10 | Kadawatha 1,000",red,Used,1000,Petrol,Suzuki,1000,Celerio,2014,1000,2014,Automatic,Car(Hatchback)
Nissan FB 15 2000,"Rs: 3,800,000",km Find,"2026-02-10 | Elpitiya 150,000",gray,Used,1500,Petrol,Nissan,150000,FB 15,2000,1500,2003,Automatic,Car(Saloon)
Toyota Premio 2007,"Rs: 8,675,000",km Find,"2026-02-10 | Kelaniya 146,038",other,Used,1490,Petrol,Toyota,146038,Premio,2007,1490,2010,Automatic,Car(Sedan)
Suzuki A Star 2011,"Rs: 3,625,000",km Find,"2026-02-10 | Uswetakeiyawa 123,400",silver,Used,998,Petrol,Suzuki,123400,A Star,2011,998,2011,Manual,Car(Hatchback)
Toyota Allion 2010,"Rs: 8,350,000",km Find,"2026-02-10 | Kollupitiya (Colombo 03) 155,000",white,Used,1300,Petrol,Toyota,155000,Allion,2010,1300,2012,Manual,Car(Hatchback)
Suzuki Wagon R 2025,"Rs: 8,900,000",,2026-02-10 | Kohuwala Find Out More,white,Brand New,650,Petrol,Suzuki,0,Wagon R,2025,650,Ref:,Automatic,Car(Hatchback)
Honda Civic 2017,"Rs: 12,500,000",km Find,"2026-02-19 | Telijjawila 82,285",silver,Used,1000,Petrol,Honda,82285,Civic,2017,1000,2018,Automatic,Car()
KIA Sephia 2002,"Rs: 2,600,000",km Find,"2026-02-10 | Mattegoda 162,481",gray,Used,1331,Petrol,KIA,162481,Sephia,2002,1331,2003,Automatic,Car(Sedan)
Toyota Belta 2007,"Rs: 5,500,000",km Find,"2026-02-06 | Homagama 166,600",silver,Used,1000,Petrol,Toyota,166600,Belta,2007,1000,2009,Automatic,Car(Saloon)
Toyota Axio 2018,"Rs: 12,000,000",km Find,"2026-02-10 | Attanagalla 116,500",white,Used,1490,Hybrid,Toyota,116500,Axio,2018,1490,2020,Automatic,Car(Saloon)
Daihatsu Charade 1987,"Rs: 1,300,000",,2026-02-09 | Pilimatalawa Find Out More,red,Used,990,Petrol,Daihatsu,0,Charade,1987,990,1987,Manual,Car()
Toyota Yaris 2023,"Rs: 9,800,000",km Find,"2026-02-09 | Kelaniya 8,500",red,Brand New,1000,Petrol,Toyota,8500,Yaris,2023,1000,Ref:,Automatic,Car(Liftback)
Toyota Yaris 2025,"Rs: 10,200,000",,2026-02-09 | Kelaniya Find Out More,gray,Brand New,1000,Petrol,Toyota,0,Yaris,2025,1000,Ref:,Automatic,Car(Liftback)
Suzuki Maruti 2006,"Rs: 2,095,000",,2026-02-09 | Pilimatalawa Find Out More,gray,Used,800,Petrol,Suzuki,0,Maruti,2006,800,2006,Manual,Car()
Toyota Yaris 2025,"Rs: 10,000,000",,2026-02-09 | Kelaniya Find Out More,white,Brand New,1000,Petrol,Toyota,0,Yaris,2025,1000,Ref:,Automatic,Car(Liftback)
Toyota Yaris 2024,"Rs: 9,800,000",km Find,"2026-02-09 | Kelaniya 4,500",blue,Brand New,1000,Petrol,Toyota,4500,Yaris,2024,1000,Ref:,Automatic,Car(Liftback)
Toyota Yaris 2023,"Rs: 9,700,000",km Find,"2026-02-09 | Kelaniya 6,500",red,Brand New,1000,Petrol,Toyota,6500,Yaris,2023,1000,Ref:,Automatic,Car(Liftback)
Nissan Sunny 2001,"Rs: 3,975,000",km Find,"2026-02-09 | Thalapathpitiya 1,500",white,Reconditioned,1490,Petrol,Nissan,1500,Sunny,2001,1490,2005,Manual,Car()
Toyota Axio 2017,"Rs: 10,200,000",km Find,"2026-02-09 | Slave Island (Colombo 02) 180,000",blue,Used,1469,Petrol,Toyota,180000,Axio,2017,1469,2018,Automatic,Car(Saloon)
Toyota Premio 2018,"Rs: 16,100,000",km Find,"2026-02-09 | Dehiwala 63,000",white,Used,1500,Petrol,Toyota,63000,Premio,2018,1500,2019,Automatic,Car(Liftback)
Mitsubishi Lancer 1987,"Rs: 675,000",,2026-02-09 | Pilimatalawa Find Out More,gray,Used,1400,Petrol,Mitsubishi,0,Lancer,1987,1400,1987,Manual,Car()
Suzuki Wagon R 2024,"Rs: 7,300,000",,2026-02-09 | Narammala Find Out More,white,Brand New,650,Petrol,Suzuki,0,Wagon R,2024,650,Ref:,Automatic,Car(Hatchback)
Honda Civic 2017,"Rs: 12,500,000",km Find,"2026-02-19 | Telijjawila 82,285",silver,Used,1000,Petrol,Honda,82285,Civic,2017,1000,2018,Automatic,Car()
KIA Sephia 2002,"Rs: 2,600,000",km Find,"2026-02-10 | Mattegoda 162,481",gray,Used,1331,Petrol,KIA,162481,Sephia,2002,1331,2003,Automatic,Car(Sedan)
Toyota Belta 2007,"Rs: 5,500,000",km Find,"2026-02-06 | Homagama 166,600",silver,Used,1000,Petrol,Toyota,166600,Belta,2007,1000,2009,Automatic,Car(Saloon)
Micro Panda 2012,"Rs: 2,550,000",km Find,"2026-02-09 | Maradana (Colombo 10) 120,500",white,Used,1300,Petrol,Micro,120500,Panda,2012,1300,2012,Manual,Car(Hatchback)
Toyota Aqua 2013,"Rs: 7,550,000",km Find,"2026-02-09 | Nittambuwa 152,000",white,Used,1500,Hybrid,Toyota,152000,Aqua,2013,1500,2015,Automatic,Car(Hatchback)
Suzuki Alto 2012,"Rs: 3,200,000",km Find,"2026-02-09 | Eppawala 97,291",beige,Used,800,Petrol,Suzuki,97291,Alto,2012,800,2012,Manual,Car(Hatchback)
Toyota Corolla 1996,"Rs: 2,500,000",,2026-02-09 | Pilimatalawa Find Out More,white,Used,1200,Diesel,Toyota,0,Corolla,1996,1200,1996,Automatic,Car()
Suzuki Wagon R 2025,"Rs: 8,500,000",km Find,"2026-02-09 | Wellampitiya 2,400",white,Brand New,660,Hybrid,Suzuki,2400,Wagon R,2025,660,Ref:,Automatic,Car(Station wagon)
Toyota Passo 2025,"Rs: 7,950,000",,2026-02-09 | Maspotha Find Out More,other,Brand New,1000,Petrol,Toyota,0,Passo,2025,1000,Ref:,Automatic,Car(Hatchback)
Suzuki Swift 2004,"Rs: 4,300,000",km Find,"2026-02-09 | Moratuwa 165,000",silver,Used,1300,Petrol,Suzuki,165000,Swift,2004,1300,2007,Automatic,Car(Hatchback)
Suzuki Wagon R 2018,"Rs: 7,450,000",km Find,2026-02-09 | Welimada 22,white,Used,650,Hybrid,Suzuki,22.14,Wagon R,2018,650,2018,Automatic,Car(Hatchback)
Toyota Prius 2012,"Rs: 8,750,000",km Find,"2026-02-09 | Nugegoda 200,000",silver,Used,1800,Hybrid,Toyota,200000,Prius,2012,1800,2013,Automatic,Car(Saloon)
Suzuki Swift 2004,"Rs: 4,300,000",km Find,"2026-02-09 | Moratuwa 165,000",silver,Used,1300,Petrol,Suzuki,165000,Swift,2004,1300,2007,Automatic,Car(Hatchback)
Honda Civic 2017,"Rs: 12,500,000",km Find,"2026-02-19 | Telijjawila 82,285",silver,Used,1000,Petrol,Honda,82285,Civic,2017,1000,2018,Automatic,Car()
KIA Sephia 2002,"Rs: 2,600,000",km Find,"2026-02-10 | Mattegoda 162,481",gray,Used,1331,Petrol,KIA,162481,Sephia,2002,1331,2003,Automatic,Car(Sedan)
Toyota Belta 2007,"Rs: 5,500,000",km Find,"2026-02-06 | Homagama 166,600",silver,Used,1000,Petrol,Toyota,166600,Belta,2007,1000,2009,Automatic,Car(Saloon)
Suzuki Alto 2016,"Rs: 3,700,000",km Find,"2026-02-09 | Beruwala 138,000",black,Used,800,Petrol,Suzuki,138000,Alto,2016,800,2016,Manual,Car(Hatchback)
Suzuki Alto 2015,"Rs: 3,800,000",km Find,"2026-02-09 | Kalmunai 98,000",silver,Used,800,Petrol,Suzuki,98000,Alto,2015,800,2015,Manual,Car(Liftback)
Suzuki Wagon R 2025,"Rs: 8,900,000",,2026-02-09 | Kelaniya Find Out More,white,Brand New,660,Hybrid,Suzuki,0,Wagon R,2025,660,Ref:,Automatic,Car(Liftback)
Toyota Axio 2012,"Rs: 9,000,000",km Find,"2026-02-09 | Kottawa 81,000",white,Used,1500,Petrol,Toyota,81000,Axio,2012,1500,2013,Automatic,Car(Saloon)
Suzuki Maruti 2011,"Rs: 2,375,000",,2026-02-09 | Kandy Find Out More,maroon,Used,800,Petrol,Suzuki,0,Maruti,2011,800,2012,Manual,Car(Hatchback)
Perodua Viva 2013,"Rs: 4,500,000",,2026-02-09 | Kandy Find Out More,white,Used,1000,Petrol,Perodua,0,Viva,2013,1000,2013,Automatic,Car(Hatchback)
Suzuki Maruti 2011,"Rs: 2,275,000",,2026-02-09 | Kandy Find Out More,white,Used,800,Petrol,Suzuki,0,Maruti,2011,800,2011,Manual,Car(Hatchback)
Suzuki Alto 2013,"Rs: 3,390,000",km Find,"2026-02-09 | Mirigama 142,560",black,Used,1500,Petrol,Suzuki,142560,Alto,2013,1500,2014,Automatic,Car(Hatchback)
Suzuki Alto 2015,"Rs: 3,695,000",km Find,"2026-02-09 | Kottawa 104,255",black,Used,800,Petrol,Suzuki,104255,Alto,2015,800,2015,Manual,Car(Liftback)
Daihatsu Cast 2016,"Rs: 6,800,000",,2026-02-09 | Kandy Find Out More,maroon,Used,650,Petrol,Daihatsu,0,Cast,2016,650,2018,Automatic,Car(Hatchback)
Toyota Vitz 2018,"Rs: 7,950,000",km Find,"2026-02-09 | Kandy 58,000",gray,Used,996,Petrol,Toyota,58000,Vitz,2018,996,2020,Automatic,Car(Hatchback)
Toyota Passo 2015,"Rs: 6,050,000",km Find,"2026-02-09 | Dehiwala 145,000",white,Used,1000,Petrol,Toyota,145000,Passo,2015,1000,2018,Automatic,Car(Saloon)
Toyota Prius 2016,"Rs: 14,000,000",km Find,"2026-02-09 | Hokandara 138,000",white,Used,1800,Petrol,Toyota,138000,Prius,2016,1800,2016,Automatic,Car(Hatchback)
Toyota Vios 2004,"Rs: 5,270,000",km Find,"2026-02-09 | Pepiliyana 224,000",black,Used,1490,Petrol,Toyota,224000,Vios,2004,1490,2007,Automatic,Car(Saloon)
Daihatsu Mira 2025,"Rs: 6,540,000",km Find,2026-02-09 | Anuradhapura 525,white,Brand New,660,Petrol,Daihatsu,525,Mira,2025,660,0000,Automatic,Car(Hatchback)
Honda Civic 2017,"Rs: 12,500,000",km Find,"2026-02-19 | Telijjawila 82,285",silver,Used,1000,Petrol,Honda,82285,Civic,2017,1000,2018,Automatic,Car()
KIA Sephia 2002,"Rs: 2,600,000",km Find,"2026-02-10 | Mattegoda 162,481",gray,Used,1331,Petrol,KIA,162481,Sephia,2002,1331,2003,Automatic,Car(Sedan)
Toyota Belta 2007,"Rs: 5,500,000",km Find,"2026-02-06 | Homagama 166,600",silver,Used,1000,Petrol,Toyota,166600,Belta,2007,1000,2009,Automatic,Car(Saloon)
Mitsubishi Lancer 1992,"Rs: 1,460,000",km Find,"2026-02-09 | Moratuwa 253,000",black,Used,2000,Diesel,Mitsubishi,253000,Lancer,1992,2000,1992,Manual,Car(Sedan)
Honda Grace 2015,"Rs: 8,700,000",km Find,2026-02-09 | Kegalle 0,red,Used,1490,Hybrid,Honda,0000,Grace,2015,1490,2015,Automatic,Car(Saloon)
Toyota Axio 2018,"Rs: 12,500,000",km Find,"2026-02-09 | Boralesgamuwa 125,000",red,Used,1500,Hybrid,Toyota,125000,Axio,2018,1500,2019,Automatic,Car(Saloon)
Suzuki Alto 2015,"Rs: 4,150,000",km Find,"2026-02-09 | Kotahena (Colombo 13) 122,000",gray,Used,1000,Petrol,Suzuki,122000,Alto,2015,1000,2015,Automatic,Car(Liftback)
Toyota Aqua 2013,"Rs: 7,250,000",km Find,"2026-02-09 | Kegalle 88,000",blue,Used,1500,Petrol,Toyota,88000,Aqua,2013,1500,2013,Automatic,Car(Hatchback)
Honda Airwave 2006,"Rs: 6,200,000",km Find,"2026-02-09 | Akurana 240,300",orange,Reconditioned,1200,Petrol,Honda,240300,Airwave,2006,1200,2007,Automatic,Car(Saloon)
Suzuki Swift 2008,"Rs: 4,700,000",,2026-02-09 | Kuliyapitiya Find Out More,silver,Used,1300,Petrol,Suzuki,0,Swift,2008,1300,0000,Manual,Car(Convertible)
Suzuki Alto 2015,"Rs: 3,750,000",km Find,"2026-02-09 | Vavuniya 85,000",white,Used,800,Petrol,Suzuki,85000,Alto,2015,800,2015,Manual,Car(Liftback)
Perodua Axia 2017,"Rs: 5,750,000",km Find,"2026-02-09 | Piliyandala 137,000",white,Used,998,Petrol,Perodua,137000,Axia,2017,998,2018,Automatic,Car(Hatchback)
Toyota Prius 2008,"Rs: 6,750,000",km Find,"2026-02-09 | Hokandara 210,000",blue,Used,1500,Hybrid,Toyota,210000,Prius,2008,1500,2011,Automatic,Car(Hatchback)
Suzuki Wagon R 2017,"Rs: 5,875,000",km Find,"2026-02-09 | Malabe 119,000",brown,Used,650,Hybrid,Suzuki,119000,Wagon R,2017,650,2019,Automatic,Car(Hatchback)
Toyota Aqua 2015,"Rs: 8,390,000",km Find,"2026-02-09 | Malabe 115,000",black,Used,1500,Hybrid,Toyota,115000,Aqua,2015,1500,2017,Automatic,Car(Hatchback)
Honda Civic 2017,"Rs: 12,500,000",km Find,"2026-02-19 | Telijjawila 82,285",silver,Used,1000,Petrol,Honda,82285,Civic,2017,1000,2018,Automatic,Car()
KIA Sephia 2002,"Rs: 2,600,000",km Find,"2026-02-10 | Mattegoda 162,481",gray,Used,1331,Petrol,KIA,162481,Sephia,2002,1331,2003,Automatic,Car(Sedan)
Toyota Belta 2007,"Rs: 5,500,000",km Find,"2026-02-06 | Homagama 166,600",silver,Used,1000,Petrol,Toyota,166600,Belta,2007,1000,2009,Automatic,Car(Saloon)
Suzuki Swift 2017,"Rs: 7,850,000",km Find,"2026-02-09 | Dehiwala 78,000",white,Used,1000,Petrol,Suzuki,78000,Swift,2017,1000,2018,Automatic,Car(Liftback)
Suzuki Swift 2006,"Rs: 4,000,000",km Find,"2026-02-09 | Dehiwala 170,000",other,Used,1300,Petrol,Suzuki,170000,Swift,2006,1300,2006,Manual,Car(Liftback)
Honda Civic 2017,"Rs: 12,500,000",km Find,"2026-02-09 | Padukka 26,700",white,Used,1000,Petrol,Honda,26700,Civic,2017,1000,2018,Automatic,Car(Hatchback)
Toyota Corolla 2006,"Rs: 5,750,000",km Find,"2026-02-09 | Piliyandala 163,000",blue,Used,1500,Petrol,Toyota,163000,Corolla,2006,1500,2006,Automatic,Car(Saloon)
Toyota Vitz 2009,"Rs: 5,650,000",km Find,"2026-02-09 | Negombo 142,000",gray,Used,1000,Petrol,Toyota,142000,Vitz,2009,1000,2012,Automatic,Car(Hatchback)
Suzuki Swift 2024,"Rs: 12,300,000",,2026-02-09 | Kohuwala Find Out More,white,Brand New,1500,Petrol,Suzuki,0,Swift,2024,1500,2024,Automatic,Car(Hatchback)
Suzuki Wagon R 2018,"Rs: 6,795,000",km Find,"2026-02-09 | Kohuwala 74,000",white,Used,1000,Petrol,Suzuki,74000,Wagon R,2018,1000,2018,Automatic,Car(Hatchback)
Suzuki Spacia 2024,"Rs: 9,400,000",,2026-02-09 | Kohuwala Find Out More,black,Brand New,650,Petrol,Suzuki,0,Spacia,2024,650,2024,Automatic,Car(Hatchback)
Suzuki Estilo 2010,"Rs: 3,850,000",km Find,"2026-02-09 | Ratmalana 175,000",black,Used,998,Petrol,Suzuki,175000,Estilo,2010,998,2011,Manual,Car(Hatchback)
Toyota Vios 2005,"Rs: 5,450,000",km Find,"2026-02-09 | Kandy 181,000",silver,Used,1500,Petrol,Toyota,181000,Vios,2005,1500,2008,Automatic,Car(Sedan)
Suzuki Alto 2015,"Rs: 3,550,000",km Find,"2026-02-09 | Batticaloa 117,000",gray,Used,800,Petrol,Suzuki,117000,Alto,2015,800,2015,Manual,Car(Hatchback)
Toyota Starlet 1993,"Rs: 3,350,000",km Find,"2026-02-09 | Hanwella 245,588",blue,Used,1330,Petrol,Toyota,245588,Starlet,1993,1330,2005,Manual,Car(Sports)
Hyundai Eon 2016,"Rs: 4,500,000",km Find,"2026-02-09 | Batticaloa 24,500",white,Used,814,Petrol,Hyundai,24500,Eon,2016,814,2016,Manual,Car(Hatchback)
Honda Civic 2017,"Rs: 12,500,000",km Find,"2026-02-19 | Telijjawila 82,285",silver,Used,1000,Petrol,Honda,82285,Civic,2017,1000,2018,Automatic,Car()
KIA Sephia 2002,"Rs: 2,600,000",km Find,"2026-02-10 | Mattegoda 162,481",gray,Used,1331,Petrol,KIA,162481,Sephia,2002,1331,2003,Automatic,Car(Sedan)
Toyota Belta 2007,"Rs: 5,500,000",km Find,"2026-02-06 | Homagama 166,600",silver,Used,1000,Petrol,Toyota,166600,Belta,2007,1000,2009,Automatic,Car(Saloon)
Suzuki Celerio 2015,"Rs: 5,200,000",km Find,"2026-02-08 | Makandura 102,500",silver,Used,1000,Petrol,Suzuki,102500,Celerio,2015,1000,2015,Automatic,Car(Liftback)
Toyota Vitz 2016,"Rs: 7,150,000",km Find,"2026-02-08 | Kuliyapitiya 77,000",silver,Used,1000,Petrol,Toyota,77000,Vitz,2016,1000,0000,Automatic,Car(Liftback)
Toyota Vitz 2007,"Rs: 5,150,000",km Find,"2026-02-08 | Borella (Colombo 08) 188,000",black,Used,1000,Petrol,Toyota,188000,Vitz,2007,1000,2011,Automatic,Car(Hatchback)
Toyota Corolla 2002,"Rs: 4,850,000",km Find,"2026-02-08 | Narahenpita (Colombo 05) 170,000",blue,Used,1300,Petrol,Toyota,170000,Corolla,2002,1300,2002,Manual,Car(Sedan)
Nissan Dayz 2023,"Rs: 7,125,000",km Find,"2026-02-08 | Kiribathgoda 6,900",white,Used,660,Petrol,Nissan,6900,Dayz,2023,660,2025,Automatic,Car(Station wagon)
Suzuki Celerio 2018,"Rs: 5,825,000",km Find,"2026-02-08 | Kadawatha 48,000",blue,Used,1000,Petrol,Suzuki,48000,Celerio,2018,1000,2018,Automatic,Car(Hatchback)
Suzuki Celerio 2016,"Rs: 4,975,000",km Find,"2026-02-08 | Kadawatha 96,000",white,Used,1000,Petrol,Suzuki,96000,Celerio,2016,1000,2016,Automatic,Car(Hatchback)
Suzuki Celerio 2019,"Rs: 5,790,000",km Find,"2026-02-08 | Kadawatha 78,000",white,Used,1000,Petrol,Suzuki,78000,Celerio,2019,1000,2019,Automatic,Car(Hatchback)
Suzuki Wagon R 2023,"Rs: 7,250,000",km Find,"2026-02-08 | Rambukkana 3,180",white,Brand New,660,Petrol,Suzuki,3180,Wagon R,2023,660,Ref:,Automatic,Car(Hatchback)
Suzuki Wagon R 2017,"Rs: 5,650,000",km Find,"2026-02-08 | Kirillawala 110,000",white,Used,660,Petrol,Suzuki,110000,Wagon R,2017,660,2018,Automatic,Car(Hatchback)
Honda Civic 2017,"Rs: 12,500,000",km Find,"2026-02-19 | Telijjawila 82,285",silver,Used,1000,Petrol,Honda,82285,Civic,2017,1000,2018,Automatic,Car()
KIA Sephia 2002,"Rs: 2,600,000",km Find,"2026-02-10 | Mattegoda 162,481",gray,Used,1331,Petrol,KIA,162481,Sephia,2002,1331,2003,Automatic,Car(Sedan)
Toyota Belta 2007,"Rs: 5,500,000",km Find,"2026-02-06 | Homagama 166,600",silver,Used,1000,Petrol,Toyota,166600,Belta,2007,1000,2009,Automatic,Car(Saloon)
Suzuki Wagon R 2024,"Rs: 7,400,000",km Find,"2026-02-08 | Dehiwala 5,000",yellow,Brand New,660,Petrol,Suzuki,5000,Wagon R,2024,660,Ref:,Automatic,Car(Hatchback)
Toyota Vitz 2007,"Rs: 5,075,000",km Find,"2026-02-08 | Pepiliyana 180,000",white,Used,1000,Petrol,Toyota,180000,Vitz,2007,1000,2011,Automatic,Car(Hatchback)
Daihatsu Move 2017,"Rs: 5,500,000",km Find,"2026-02-08 | Pepiliyana 90,000",yellow,Used,650,Petrol,Daihatsu,90000,Move,2017,650,2020,Automatic,Car(Hatchback)
Hyundai Accent 2001,"Rs: 2,850,000",,2026-02-08 | Pepiliyana Find Out More,gold,Used,1300,Petrol,Hyundai,0,Accent,2001,1300,2001,Automatic,Car(Saloon)
Toyota Passo 2007,"Rs: 4,675,000",km Find,"2026-02-08 | Kirillawala 146,000",blue,Used,996,Petrol,Toyota,146000,Passo,2007,996,2010,Automatic,Car(Hatchback)
Toyota Axio 2010,"Rs: 7,550,000",km Find,"2026-02-08 | Kirillawala 177,000",silver,Used,1496,Petrol,Toyota,177000,Axio,2010,1496,2011,Automatic,Car(Sedan)
Suzuki Wagon R 2016,"Rs: 4,755,000",,2026-02-08 | Panadura Find Out More,black,Used,998,Petrol,Suzuki,0,Wagon R,2016,998,2017,Automatic,Car(Hatchback)
Suzuki Maruti 2011,"Rs: 2,800,000",,2026-02-08 | Akuressa Find Out More,maroon,Used,650,Petrol,Suzuki,0,Maruti,2011,650,2011,Manual,Car()
Mazda Familia 1998,"Rs: 4,800,000",km Find,"2026-02-08 | Veyangoda 120,000",green,Used,1350,Petrol,Mazda,120000,Familia,1998,1350,1999,Manual,Car(Sedan)
Toyota Vitz 2008,"Rs: 6,000,000",km Find,"2026-02-08 | Pita Kotte 75,000",silver,Used,1000,Petrol,Toyota,75000,Vitz,2008,1000,2008,Automatic,Car(Hatchback)
Honda Civic 2017,"Rs: 12,500,000",km Find,"2026-02-19 | Telijjawila 82,285",silver,Used,1000,Petrol,Honda,82285,Civic,2017,1000,2018,Automatic,Car()
KIA Sephia 2002,"Rs: 2,600,000",km Find,"2026-02-10 | Mattegoda 162,481",gray,Used,1331,Petrol,KIA,162481,Sephia,2002,1331,2003,Automatic,Car(Sedan)
Toyota Belta 2007,"Rs: 5,500,000",km Find,"2026-02-06 | Homagama 166,600",silver,Used,1000,Petrol,Toyota,166600,Belta,2007,1000,2009,Automatic,Car(Saloon)
Suzuki Swift 2000,"Rs: 3,700,000",km Find,"2026-02-08 | Nugegoda 180,000",blue,Used,1300,Petrol,Suzuki,180000,Swift,2000,1300,2004,Automatic,Car(Hatchback)
KIA Picanto 2017,"Rs: 6,200,000",km Find,"2026-02-08 | Madampe 74,500",white,Used,998,Petrol,KIA,74500,Picanto,2017,998,2018,Tiptronic,Car(Hatchback)
Suzuki Alto 2015,"Rs: 3,790,000",km Find,"2026-02-08 | Athurugiriya 97,942",white,Used,800,Petrol,Suzuki,97942,Alto,2015,800,2015,Manual,Car(Hatchback)
Toyota Vitz 2017,"Rs: 6,800,000",km Find,"2026-02-08 | Kadawatha 130,000",black,Used,990,Petrol,Toyota,130000,Vitz,2017,990,2019,Automatic,Car(Hatchback)
Nissan B310 1981,"Rs: 850,000",km Find,"2026-02-08 | Narammala 20,000",blue,Used,1300,Petrol,Nissan,20000,B310,1981,1300,1991,Manual,Car(Saloon)
Nissan March 2001,"Rs: 3,000,000",km Find,"2026-02-08 | Kottawa 145,000",blue,Used,990,Petrol,Nissan,145000,March,2001,990,2004,Automatic,Car(Station wagon)
Toyota Prius 2010,"Rs: 8,150,000",km Find,"2026-02-08 | Gampaha 110,000",silver,Used,1800,Hybrid,Toyota,110000,Prius,2010,1800,2013,Automatic,Car(Saloon)
Honda Civic 2008,"Rs: 5,500,000",km Find,"2026-02-07 | Peradeniya 120,000",black,Used,1600,Petrol,Honda,120000,Civic,2008,1600,2008,Automatic,Car(Sedan)
Volkswagen Beetle 1966,"Rs: 690,000",km Find,"2026-02-07 | Negombo 100,000",blue,Used,1200,Petrol,Volkswagen,100000,Beetle,1966,1200,1966,Manual,Car(Saloon)
Suzuki Wagon R 2024,"Rs: 7,190,000",km Find,"2026-02-07 | Colombo Fort (Colombo 01) 3,400",blue,Reconditioned,660,Petrol,Suzuki,3400,Wagon R,2024,660,2024,Automatic,Car(Hatchback)
Nissan Dayz 2024,"Rs: 7,190,000",km Find,"2026-02-07 | Colombo Fort (Colombo 01) 2,800",silver,Reconditioned,660,Petrol,Nissan,2800,Dayz,2024,660,2024,Automatic,Car(Hatchback)
Honda Grace 2015,"Rs: 8,800,000",km Find,"2026-02-07 | Nawala 97,350",maroon,Used,1500,Hybrid,Honda,97350,Grace,2015,1500,2017,Automatic,Car(Sedan)
Toyota Prius 2011,"Rs: 7,500,000",km Find,"2026-02-07 | Biyagama 211,000",white,Used,1500,Petrol,Toyota,211000,Prius,2011,1500,2011,Automatic,Car(Saloon)
Honda Civic 2017,"Rs: 12,500,000",km Find,"2026-02-19 | Telijjawila 82,285",silver,Used,1000,Petrol,Honda,82285,Civic,2017,1000,2018,Automatic,Car()
KIA Sephia 2002,"Rs: 2,600,000",km Find,"2026-02-10 | Mattegoda 162,481",gray,Used,1331,Petrol,KIA,162481,Sephia,2002,1331,2003,Automatic,Car(Sedan)
Toyota Belta 2007,"Rs: 5,500,000",km Find,"2026-02-06 | Homagama 166,600",silver,Used,1000,Petrol,Toyota,166600,Belta,2007,1000,2009,Automatic,Car(Saloon)
Toyota Premio 2015,"Rs: 12,450,000",km Find,"2026-02-07 | Piliyandala 190,000",maroon,Used,1490,Petrol,Toyota,190000,Premio,2015,1490,2016,Automatic,Car(Saloon)
Suzuki Alto 2012,"Rs: 3,100,000",km Find,"2026-02-07 | Negombo 170,000",maroon,Used,1000,Petrol,Suzuki,170000,Alto,2012,1000,2012,Manual,Car(Hatchback)
Suzuki Alto 2014,"Rs: 3,600,000",km Find,"2026-02-07 | Gampaha 125,000",gray,Used,800,Petrol,Suzuki,125000,Alto,2014,800,2015,Manual,Car(Hatchback)
Suzuki Alto 2014,"Rs: 3,390,000",km Find,"2026-02-07 | Colombo Fort (Colombo 01) 110,000",blue,Used,800,Petrol,Suzuki,110000,Alto,2014,800,2014,Manual,Car(Hatchback)
Micro Panda Cross 2018,"Rs: 4,500,000",km Find,"2026-02-07 | Battaramulla 66,800",white,Used,1000,Petrol,Micro,66800,Panda Cross,2018,1000,2018,Tiptronic,Car(Hatchback)
Suzuki Alto 2015,"Rs: 3,590,000",km Find,"2026-02-07 | Anamaduwa 92,000",white,Used,800,Petrol,Suzuki,92000,Alto,2015,800,2015,Manual,Car(Hatchback)
Suzuki Alto 2009,"Rs: 2,875,000",km Find,"2026-02-07 | Pasyala 184,000",maroon,Used,796,Petrol,Suzuki,184000,Alto,2009,796,2009,Manual,Car(Hatchback)
Suzuki Celerio 2015,"Rs: 4,800,000",km Find,"2026-02-07 | Akarawita 122,000",red,Used,1000,Petrol,Suzuki,122000,Celerio,2015,1000,2015,Tiptronic,Car(Hatchback)
Suzuki Alto 2015,"Rs: 3,750,000",km Find,"2026-02-07 | Nittambuwa 60,000",silver,Used,800,Petrol,Suzuki,60000,Alto,2015,800,2015,Manual,Car(Hatchback)
Suzuki Wagon R 2015,"Rs: 5,275,000",km Find,"2026-02-07 | Bandaragama 106,900",white,Used,650,Petrol,Suzuki,106900,Wagon R,2015,650,2016,Automatic,Car(Liftback)
Toyota Carina 1999,"Rs: 5,850,000",km Find,"2026-02-07 | Kuliyapitiya 165,000",silver,Used,1500,Petrol,Toyota,165000,Carina,1999,1500,1999,Automatic,Car(Saloon)
Suzuki Celerio 2017,"Rs: 5,475,000",km Find,"2026-02-07 | Kotikawatta 110,000",white,Used,1000,Petrol,Suzuki,110000,Celerio,2017,1000,2017,Automatic,Car()
Nissan FB 13 1992,"Rs: 2,400,000",km Find,"2026-02-07 | Kuliyapitiya 195,000",other,Used,1500,Petrol,Nissan,195000,FB 13,1992,1500,1992,Manual,Car(Saloon)
Toyota Yaris 2008,"Rs: 5,650,000",km Find,"2026-02-07 | Piliyandala 189,000",blue,Used,1300,Petrol,Toyota,189000,Yaris,2008,1300,2008,Manual,Car(Hatchback)
Toyota Premio 2014,"Rs: 11,580,000",km Find,"2026-02-07 | Narammala 136,000",maroon,Used,1500,Petrol,Toyota,136000,Premio,2014,1500,2014,Automatic,Car(Hatchback)
Perodua Axia 2016,"Rs: 5,425,000",km Find,"2026-02-07 | Kadawatha 86,000",white,Used,1000,Petrol,Perodua,86000,Axia,2016,1000,2016,Automatic,Car(Hatchback)
Suzuki Celerio 2018,"Rs: 5,790,000",km Find,"2026-02-07 | Kadawatha 78,000",white,Used,1000,Petrol,Suzuki,78000,Celerio,2018,1000,2018,Automatic,Car(Hatchback)
Suzuki Wagon R 2014,"Rs: 5,475,000",km Find,"2026-02-07 | Polonnaruwa 120,000",white,Reconditioned,650,Petrol,Suzuki,120000,Wagon R,2014,650,2014,Automatic,Car(Hatchback)
Honda Civic 2017,"Rs: 12,500,000",km Find,"2026-02-19 | Telijjawila 82,285",silver,Used,1000,Petrol,Honda,82285,Civic,2017,1000,2018,Automatic,Car()
KIA Sephia 2002,"Rs: 2,600,000",km Find,"2026-02-10 | Mattegoda 162,481",gray,Used,1331,Petrol,KIA,162481,Sephia,2002,1331,2003,Automatic,Car(Sedan)
Toyota Belta 2007,"Rs: 5,500,000",km Find,"2026-02-06 | Homagama 166,600",silver,Used,1000,Petrol,Toyota,166600,Belta,2007,1000,2009,Automatic,Car(Saloon)
Micro Panda 2013,"Rs: 2,550,000",,2026-02-07 | Horana Find Out More,black,Used,1000,Petrol,Micro,0,Panda,2013,1000,2013,Manual,Car(Hatchback)
Toyota Aqua 2023,"Rs: 15,000,000",km Find,"2026-02-07 | Balapitiya 20,000",gray,Reconditioned,1500,Hybrid,Toyota,20000,Aqua,2023,1500,2023,Automatic,Car(Hatchback)
Suzuki Alto 2001,"Rs: 2,700,000",,2026-02-07 | Kurunegala Find Out More,red,Used,800,Petrol,Suzuki,0,Alto,2001,800,2004,Manual,Car(Hatchback)
Nissan Sunny 1994,"Rs: 3,300,000",km Find,"2026-02-07 | Kurunegala 1,200",gray,Used,1500,Petrol,Nissan,1200,Sunny,1994,1500,1996,Manual,Car(Saloon)
Mitsubishi Lancer 2008,"Rs: 5,990,000",km Find,"2026-02-07 | Ambalangoda 91,000",silver,Used,1300,Petrol,Mitsubishi,91000,Lancer,2008,1300,2009,Manual,Car(Sedan)
Micro Panda 2012,"Rs: 2,800,000",km Find,"2026-02-06 | Kolonnawa 150,000",red,Used,1300,Petrol,Micro,150000,Panda,2012,1300,2012,Manual,Car(Hatchback)
Suzuki Maruti 2000,"Rs: 1,650,000",km Find,"2026-02-06 | Elpitiya 28,500",maroon,Used,800,Petrol,Suzuki,28500,Maruti,2000,800,2001,Manual,Car(Hatchback)
Suzuki Alto 2015,"Rs: 3,750,000",km Find,"2026-02-06 | Ekala 78,625",black,Used,800,Petrol,Suzuki,78625,Alto,2015,800,2015,Manual,Car(Sedan)
Suzuki Wagon R 2003,"Rs: 2,850,000",km Find,"2026-02-06 | Athurugiriya 129,000",silver,Used,1100,Petrol,Suzuki,129000,Wagon R,2003,1100,2003,Manual,Car(Hatchback)
Suzuki Wagon R 2025,"Rs: 8,800,000",,2026-02-06 | Polonnaruwa Find Out More,white,Brand New,650,Hybrid,Suzuki,0,Wagon R,2025,650,Ref:,Automatic,Car(Hatchback)
Nissan Sunny 2002,"Rs: 4,500,000",,2026-02-06 | Bibile Find Out More,other,Reconditioned,1500,Diesel,Nissan,0,Sunny,2002,1500,2005,Automatic,Car(Saloon)
Honda Civic 2017,"Rs: 12,500,000",km Find,"2026-02-19 | Telijjawila 82,285",silver,Used,1000,Petrol,Honda,82285,Civic,2017,1000,2018,Automatic,Car()
KIA Sephia 2002,"Rs: 2,600,000",km Find,"2026-02-10 | Mattegoda 162,481",gray,Used,1331,Petrol,KIA,162481,Sephia,2002,1331,2003,Automatic,Car(Sedan)
Toyota Belta 2007,"Rs: 5,500,000",km Find,"2026-02-06 | Homagama 166,600",silver,Used,1000,Petrol,Toyota,166600,Belta,2007,1000,2009,Automatic,Car(Saloon)
Toyota Vitz 2007,"Rs: 5,250,000",km Find,"2026-02-06 | Panadura 120,000",silver,Reconditioned,1000,Petrol,Toyota,120000,Vitz,2007,1000,2011,Automatic,Car(Hatchback)
Honda City 2001,"Rs: 3,877,000",km Find,"2026-02-06 | Alutgama 137,000",gray,Used,1500,Petrol,Honda,137000,City,2001,1500,2007,Automatic,Car(Saloon)
Daihatsu Taft 2024,"Rs: 7,600,000",,2026-02-06 | Wattala Find Out More,green,Brand New,660,Petrol,Daihatsu,0,Taft,2024,660,Ref:,Automatic,Car(Hatchback)
Toyota Axio 2007,"Rs: 7,250,000",,2026-02-06 | Nikaweratiya Find Out More,gray,Used,1200,Petrol,Toyota,0,Axio,2007,1200,2010,Automatic,Car(Hatchback)
Micro MX7 2012,"Rs: 3,475,000",km Find,"2026-02-06 | Piliyandala 68,700",gray,Used,1500,Petrol,Micro,68700,MX7,2012,1500,2012,Manual,Car(Sedan)
Suzuki Alto 2011,"Rs: 3,000,000",km Find,"2026-02-06 | Avissawella 131,000",maroon,Used,800,Petrol,Suzuki,131000,Alto,2011,800,2011,Manual,Car(Sedan)
Toyota Yaris 2024,"Rs: 9,600,000",,2026-02-06 | Kaduwela Find Out More,white,Brand New,1000,Petrol,Toyota,0,Yaris,2024,1000,Ref:,Automatic,Car(Hatchback)
Nissan March 2000,"Rs: 2,850,000",km Find,"2026-02-06 | Ratmalana 160,000",blue,Used,1000,Petrol,Nissan,160000,March,2000,1000,2000,Automatic,Car(Station wagon)
Daihatsu Move 2016,"Rs: 5,995,000",km Find,"2026-02-06 | Gampaha 78,000",gray,Used,658,Petrol,Daihatsu,78000,Move,2016,658,2017,Automatic,Car(Hatchback)
Honda Civic 2017,"Rs: 12,500,000",km Find,"2026-02-19 | Telijjawila 82,285",silver,Used,1000,Petrol,Honda,82285,Civic,2017,1000,2018,Automatic,Car()
KIA Sephia 2002,"Rs: 2,600,000",km Find,"2026-02-10 | Mattegoda 162,481",gray,Used,1331,Petrol,KIA,162481,Sephia,2002,1331,2003,Automatic,Car(Sedan)
Toyota Belta 2007,"Rs: 5,500,000",km Find,"2026-02-06 | Homagama 166,600",silver,Used,1000,Petrol,Toyota,166600,Belta,2007,1000,2009,Automatic,Car(Saloon)
Mercedes Benz C200 2025,"Rs: 48,900,000",,2026-02-06 | Maradana (Colombo 10) Find Out More,black,Brand New,1500,Hybrid,Mercedes Benz,0,C200,2025,1500,Ref:,Automatic,Car(Saloon)
Nissan Dayz 2024,"Rs: 7,150,000",km Find,"2026-02-06 | Kottawa 6,600",other,Brand New,660,Petrol,Nissan,6600,Dayz,2024,660,Ref:,Automatic,Car(Hatchback)
Mitsubishi eK 2023,"Rs: 7,995,000",km Find,"2026-02-06 | Rajagiriya 100,000",gray,Brand New,660,Hybrid,Mitsubishi,100000,eK,2023,660,Ref:,Automatic,Car(Hatchback)
Toyota Belta 2007,"Rs: 5,975,000",km Find,"2026-02-06 | Wellampitiya 150,000",white,Used,990,Petrol,Toyota,150000,Belta,2007,990,2010,Automatic,Car(Liftback)
Toyota Passo 2023,"Rs: 8,100,000",km Find,"2026-02-06 | Kottawa 6,600",other,Brand New,660,Petrol,Toyota,6600,Passo,2023,660,Ref:,Automatic,Car(Hatchback)
Toyota Allion 2010,"Rs: 9,300,000",km Find,"2026-02-06 | Athurugiriya 195,000",other,Used,1460,Petrol,Toyota,195000,Allion,2010,1460,2010,Automatic,Car(Saloon)
Toyota Corolla 2008,"Rs: 7,150,000",km Find,"2026-02-06 | Maharagama 30,000",other,Used,1498,Petrol,Toyota,30000,Corolla,2008,1498,2008,Automatic,Car(Hatchback)
Mitsubishi eK 2024,"Rs: 7,050,000",km Find,"2026-02-06 | Kottawa 1,000",white,Brand New,660,Petrol,Mitsubishi,1000,eK,2024,660,Ref:,Automatic,Car(Hatchback)
Mitsubishi eK 2023,"Rs: 6,975,000",km Find,"2026-02-06 | Kottawa 6,600",black,Brand New,660,Petrol,Mitsubishi,6600,eK,2023,660,Ref:,Automatic,Car(Hatchback)
Toyota Vitz 2016,"Rs: 6,900,000",km Find,"2026-02-06 | Polonnaruwa 135,000",black,Used,990,Petrol,Toyota,135000,Vitz,2016,990,2019,Automatic,Car(Liftback)
Suzuki Swift 2017,"Rs: 7,650,000",km Find,"2026-02-06 | Panadura 125,000",red,Used,1000,Petrol,Suzuki,125000,Swift,2017,1000,2018,Automatic,Car(Liftback)
Honda Civic 2017,"Rs: 12,500,000",km Find,"2026-02-19 | Telijjawila 82,285",silver,Used,1000,Petrol,Honda,82285,Civic,2017,1000,2018,Automatic,Car()
KIA Sephia 2002,"Rs: 2,600,000",km Find,"2026-02-10 | Mattegoda 162,481",gray,Used,1331,Petrol,KIA,162481,Sephia,2002,1331,2003,Automatic,Car(Sedan)
Toyota Belta 2007,"Rs: 5,500,000",km Find,"2026-02-06 | Homagama 166,600",silver,Used,1000,Petrol,Toyota,166600,Belta,2007,1000,2009,Automatic,Car(Saloon)
Suzuki Swift 2010,"Rs: 5,990,000",km Find,"2026-02-06 | Maharagama 24,000",gray,Used,1242,Petrol,Suzuki,24000,Swift,2010,1242,2010,Automatic,Car(Hatchback)
Tata Indica 2015,"Rs: 2,800,000",km Find,"2026-02-06 | Matale 120,000",maroon,Used,1200,Petrol,Tata,120000,Indica,2015,1200,2015,Manual,Car(Hatchback)
Suzuki Alto 2015,"Rs: 3,900,000",km Find,"2026-02-06 | Maharagama 96,000",red,Used,800,Petrol,Suzuki,96000,Alto,2015,800,2015,Manual,Car(Liftback)
Suzuki Alto 2015,"Rs: 3,500,000",km Find,"2026-02-06 | Godakawela 103,000",black,Used,796,Petrol,Suzuki,103000,Alto,2015,796,2015,Manual,Car(Hatchback)
Toyota Axio 2012,"Rs: 8,100,000",km Find,"2026-02-06 | Nugegoda 161,000",silver,Used,1490,Petrol,Toyota,161000,Axio,2012,1490,2013,Automatic,Car(Sedan)
Mitsubishi Lancer 1993,"Rs: 2,850,000",km Find,"2026-02-06 | Kuruwita 200,000",red,Used,1500,Petrol,Mitsubishi,200000,Lancer,1993,1500,1993,Manual,Car(Sedan)
Honda Shuttle 2018,"Rs: 12,600,000",km Find,"2026-02-06 | Yakkala 95,000",black,Used,1500,Hybrid,Honda,95000,Shuttle,2018,1500,2020,Automatic,Car(Hatchback)
Suzuki Spacia 2016,"Rs: 6,385,000",km Find,"2026-02-06 | Dehiwala 131,000",purple,Used,660,Petrol,Suzuki,131000,Spacia,2016,660,2018,Automatic,Car(Hatchback)
Suzuki Wagon R 2025,"Rs: 7,650,000",km Find,"2026-02-06 | Yakkala 2,700",silver,Reconditioned,650,Petrol,Suzuki,2700,Wagon R,2025,650,2026,Automatic,Car(Hatchback)
Suzuki Wagon R 2018,"Rs: 6,790,000",km Find,"2026-02-06 | Yakkala 68,000",white,Used,650,Hybrid,Suzuki,68000,Wagon R,2018,650,2018,Automatic,Car(Hatchback)
Toyota Allion 2010,"Rs: 8,900,000",km Find,"2026-02-06 | Panadura 121,000",maroon,Used,1500,Petrol,Toyota,121000,Allion,2010,1500,2012,Automatic,Car(Saloon)
Honda Civic 2017,"Rs: 12,500,000",km Find,"2026-02-19 | Telijjawila 82,285",silver,Used,1000,Petrol,Honda,82285,Civic,2017,1000,2018,Automatic,Car()
KIA Sephia 2002,"Rs: 2,600,000",km Find,"2026-02-10 | Mattegoda 162,481",gray,Used,1331,Petrol,KIA,162481,Sephia,2002,1331,2003,Automatic,Car(Sedan)
Toyota Belta 2007,"Rs: 5,500,000",km Find,"2026-02-06 | Homagama 166,600",silver,Used,1000,Petrol,Toyota,166600,Belta,2007,1000,2009,Automatic,Car(Saloon)
Toyota Vitz 2017,"Rs: 7,500,000",km Find,"2026-02-05 | Marawila 42,000",white,Used,1000,Petrol,Toyota,42000,Vitz,2017,1000,2018,Automatic,Car(Hatchback)
Honda N BOX 2023,"Rs: 8,900,000",,2026-02-05 | Kandy Find Out More,white,Brand New,658,Petrol,Honda,0,N BOX,2023,658,Ref:,Automatic,Car(Hatchback)
Toyota Premio 2005,"Rs: 7,600,000",,2026-02-05 | Kandy Find Out More,blue,Used,1496,Petrol,Toyota,0,Premio,2005,1496,2007,Automatic,Car(Sedan)
Nissan Roox 2016,"Rs: 6,800,000",,2026-02-05 | Kandy Find Out More,white,Used,659,Petrol,Nissan,0,Roox,2016,659,2020,Automatic,Car(Hatchback)
Toyota Vitz 2007,"Rs: 5,800,000",km Find,"2026-02-05 | Badulla 163,000",silver,Used,1300,Petrol,Toyota,163000,Vitz,2007,1300,2011,Automatic,Car(Station wagon)
Suzuki Alto 2015,"Rs: 3,400,000",km Find,"2026-02-05 | Galle 224,000",red,Used,800,Petrol,Suzuki,224000,Alto,2015,800,2015,Manual,Car(Liftback)
Toyota Roomy 2023,"Rs: 10,500,000",km Find,"2026-02-05 | Negombo 18,000",blue,Brand New,1000,Petrol,Toyota,18000,Roomy,2023,1000,Ref:,Automatic,Car(Hatchback)
Toyota Allion 2010,"Rs: 8,900,000",km Find,"2026-02-05 | Akarawita 150,000",maroon,Used,1490,Petrol,Toyota,150000,Allion,2010,1490,2010,Automatic,Car(Saloon)
Toyota Yaris Ativ 2025,"Rs: 18,500,000",,2026-02-05 | Kohuwala Find Out More,white,Brand New,1500,Hybrid,Toyota,0,Yaris Ativ,2025,1500,Ref:,Automatic,Car(Sedan)
Mercedes Benz S Class 2014,"Rs: 37,500,000",km Find,"2026-02-05 | Kohuwala 90,000",white,Used,3000,Petrol,Mercedes Benz,90000,S Class,2014,3000,2014,Automatic,Car(Sedan)
Nissan Almera 2025,"Rs: 13,350,000",,2026-02-05 | Kohuwala Find Out More,red,Brand New,1000,Petrol,Nissan,0,Almera,2025,1000,Ref:,Automatic,Car(Sedan)
Nissan Almera 2025,"Rs: 13,400,000",,2026-02-05 | Kohuwala Find Out More,white,Brand New,1000,Petrol,Nissan,0,Almera,2025,1000,Ref:,Automatic,Car(Saloon)
Mitsubishi Lancer 1972,"Rs: 390,000",km Find,"2026-02-05 | Negombo 100,000",red,Used,1400,Petrol,Mitsubishi,100000,Lancer,1972,1400,1972,Manual,Car(Saloon)
Mercedes Benz E Class 2015,"Rs: 17,500,000",km Find,"2026-02-05 | Kohuwala 70,000",black,Used,2000,Diesel,Mercedes Benz,70000,E Class,2015,2000,2015,Automatic,Car(Sedan)
Honda Civic 2017,"Rs: 12,500,000",km Find,"2026-02-19 | Telijjawila 82,285",silver,Used,1000,Petrol,Honda,82285,Civic,2017,1000,2018,Automatic,Car()
KIA Sephia 2002,"Rs: 2,600,000",km Find,"2026-02-10 | Mattegoda 162,481",gray,Used,1331,Petrol,KIA,162481,Sephia,2002,1331,2003,Automatic,Car(Sedan)
Toyota Belta 2007,"Rs: 5,500,000",km Find,"2026-02-06 | Homagama 166,600",silver,Used,1000,Petrol,Toyota,166600,Belta,2007,1000,2009,Automatic,Car(Saloon)
Nissan March 2002,"Rs: 2,950,000",km Find,"2026-02-05 | Ragama 149,000",red,Used,1000,Petrol,Nissan,149000,March,2002,1000,2005,Automatic,Car(Liftback)
Toyota Corolla 1997,"Rs: 3,500,000",,2026-02-05 | Piliyandala Find Out More,white,Reconditioned,2000,Diesel,Toyota,0,Corolla,1997,2000,2000,Automatic,Car(Saloon)
Nissan FB 15 2002,"Rs: 4,800,000",km Find,"2026-02-05 | Anuradhapura 154,000",silver,Used,1500,Petrol,Nissan,154000,FB 15,2002,1500,2002,Automatic,Car(Saloon)
Toyota Corona 1995,"Rs: 2,550,000",km Find,"2026-02-05 | Anuradhapura 120,000",navy,Used,1650,Petrol,Toyota,120000,Corona,1995,1650,1995,Manual,Car(Hatchback)
Perodua Elite 2011,"Rs: 4,400,000",km Find,"2026-02-05 | Dompe 167,320",green,Used,1000,Petrol,Perodua,167320,Elite,2011,1000,2012,Automatic,Car(Hatchback)
Suzuki Alto 2010,"Rs: 2,800,000",km Find,"2026-02-05 | Galle 126,000",black,Used,800,Petrol,Suzuki,126000,Alto,2010,800,2011,Manual,Car(Hatchback)
Nissan Tiida 2007,"Rs: 5,490,000",km Find,"2026-02-05 | Ja-Ela 240,000",white,Used,1500,Petrol,Nissan,240000,Tiida,2007,1500,2011,Automatic,Car(Sedan)
KIA Picanto 2018,"Rs: 5,975,000",km Find,"2026-02-05 | Kalubowila 59,000",white,Used,1000,Petrol,KIA,59000,Picanto,2018,1000,2018,Automatic,Car(Convertible)
Toyota Vitz 2011,"Rs: 5,750,000",km Find,"2026-02-05 | Kalubowila 149,000",black,Used,1000,Petrol,Toyota,149000,Vitz,2011,1000,2011,Automatic,Car(Convertible)
Suzuki Swift 2017,"Rs: 7,800,000",km Find,"2026-02-05 | Raddolugama 115,000",red,Used,1240,Hybrid,Suzuki,115000,Swift,2017,1240,2017,Automatic,Car(Liftback)
Suzuki Alto 2015,"Rs: 3,750,000",km Find,2026-02-05 | Hanwella 110,red,Used,800,Petrol,Suzuki,110,Alto,2015,800,2016,Manual,Car(Hatchback)
Nissan N 16 2003,"Rs: 4,200,000",km Find,"2026-02-05 | Badulla 173,000",silver,Used,1300,Petrol,Nissan,173000,N 16,2003,1300,2003,Manual,Car(Saloon)
Suzuki Wagon R 2024,"Rs: 7,800,000",,2026-02-05 | Polonnaruwa Find Out More,silver,Brand New,650,Hybrid,Suzuki,0,Wagon R,2024,650,Ref:,Automatic,Car(Hatchback)
Honda ARIA 2008,"Rs: 5,650,000",km Find,"2026-02-05 | Ella 1,234",silver,Used,1500,Petrol,Honda,1234,ARIA,2008,1500,2010,Automatic,Car(Saloon)
Nissan Sunny 2004,"Rs: 4,675,000",km Find,"2026-02-05 | Kalubowila 225,000",white,Used,1500,Petrol,Nissan,225000,Sunny,2004,1500,2004,Automatic,Car(Convertible)
Toyota Premio 2017,"Rs: 15,500,000",km Find,"2026-02-05 | Anuradhapura 90,000",red,Used,1500,Hybrid,Toyota,90000,Premio,2017,1500,2018,Automatic,Car(Hatchback)
Honda Civic 2017,"Rs: 12,500,000",km Find,"2026-02-19 | Telijjawila 82,285",silver,Used,1000,Petrol,Honda,82285,Civic,2017,1000,2018,Automatic,Car()
KIA Sephia 2002,"Rs: 2,600,000",km Find,"2026-02-10 | Mattegoda 162,481",gray,Used,1331,Petrol,KIA,162481,Sephia,2002,1331,2003,Automatic,Car(Sedan)
Toyota Belta 2007,"Rs: 5,500,000",km Find,"2026-02-06 | Homagama 166,600",silver,Used,1000,Petrol,Toyota,166600,Belta,2007,1000,2009,Automatic,Car(Saloon)
Toyota Vitz 2017,"Rs: 7,500,000",km Find,"2026-02-05 | Boralesgamuwa 93,000",black,Used,1000,Petrol,Toyota,93000,Vitz,2017,1000,2017,Automatic,Car(Hatchback)
Suzuki Celerio 2016,"Rs: 4,900,000",km Find,"2026-02-05 | Ragama 78,000",red,Used,1000,Petrol,Suzuki,78000,Celerio,2016,1000,2016,Automatic,Car(Hatchback)
Toyota Roomy 2017,"Rs: 8,000,000",km Find,"2026-02-05 | Homagama 69,000",silver,Used,900,Petrol,Toyota,69000,Roomy,2017,900,2019,Automatic,Car(Hatchback)
Suzuki Estilo 2010,"Rs: 3,525,000",km Find,"2026-02-05 | Ragama 115,000",brown,Used,1000,Petrol,Suzuki,115000,Estilo,2010,1000,2010,Manual,Car(Hatchback)
Suzuki Estilo 2011,"Rs: 3,800,000",km Find,"2026-02-05 | Sainthamaruthu 89,000",brown,Used,800,Petrol,Suzuki,89000,Estilo,2011,800,2011,Automatic,Car(Hatchback)
Toyota Premio 2018,"Rs: 14,500,000",km Find,"2026-02-05 | Dankotuwa 76,000",white,Used,1490,Petrol,Toyota,76000,Premio,2018,1490,2019,Automatic,Car(Saloon)
Nissan FB 15 2001,"Rs: 3,850,000",km Find,"2026-02-05 | Sainthamaruthu 125,000",white,Used,1490,Petrol,Nissan,125000,FB 15,2001,1490,2004,Automatic,Car(Saloon)
Suzuki Estilo 2012,"Rs: 3,575,000",km Find,"2026-02-05 | Ragama 98,000",gold,Used,1000,Petrol,Suzuki,98000,Estilo,2012,1000,2012,Manual,Car(Hatchback)
Suzuki Wagon R 2017,"Rs: 6,675,000",km Find,"2026-02-05 | Malabe 64,000",white,Used,650,Hybrid,Suzuki,64000,Wagon R,2017,650,2017,Automatic,Car(Hatchback)
Toyota Sprinter 1999,"Rs: 3,650,000",km Find,"2026-02-05 | Dehiwala 302,000",silver,Used,2000,Diesel,Toyota,302000,Sprinter,1999,2000,1999,Manual,Car(Saloon)
Micro Emgrand 7 2015,"Rs: 4,750,000",km Find,"2026-02-05 | Mattakkuliya (Colombo 15) 103,000",maroon,Used,1800,Petrol,Micro,103000,Emgrand 7,2015,1800,2015,Automatic,Car(Saloon)
Honda Civic 2017,"Rs: 12,500,000",km Find,"2026-02-19 | Telijjawila 82,285",silver,Used,1000,Petrol,Honda,82285,Civic,2017,1000,2018,Automatic,Car()
KIA Sephia 2002,"Rs: 2,600,000",km Find,"2026-02-10 | Mattegoda 162,481",gray,Used,1331,Petrol,KIA,162481,Sephia,2002,1331,2003,Automatic,Car(Sedan)
Toyota Belta 2007,"Rs: 5,500,000",km Find,"2026-02-06 | Homagama 166,600",silver,Used,1000,Petrol,Toyota,166600,Belta,2007,1000,2009,Automatic,Car(Saloon)
Honda Fit 2011,"Rs: 6,800,000",km Find,"2026-02-04 | Kalpitiya 139,000",green,Used,1330,Hybrid,Honda,139000,Fit,2011,1330,2013,Automatic,Car(Hatchback)
Toyota Axio 2018,"Rs: 12,500,000",km Find,"2026-02-04 | Nugegoda 125,000",red,Used,1500,Hybrid,Toyota,125000,Axio,2018,1500,2019,Automatic,Car(Saloon)
Toyota Axio 2014,"Rs: 9,000,000",km Find,"2026-02-04 | Ja-Ela 119,700",blue,Used,1500,Petrol,Toyota,119700,Axio,2014,1500,2017,Automatic,Car(Saloon)
Mitsubishi Lancer 1973,"Rs: 485,000",km Find,"2026-02-04 | Pilimatalawa 120,000",white,Used,1496,Petrol,Mitsubishi,120000,Lancer,1973,1496,1980,Manual,Car(Sedan)
Suzuki Wagon R 2014,"Rs: 5,550,000",km Find,"2026-02-04 | Wattala 100,000",white,Used,650,Petrol,Suzuki,100000,Wagon R,2014,650,2015,Automatic,Car(Sedan)
Mitsubishi Lancer 1973,"Rs: 620,000",km Find,"2026-02-04 | Pilimatalawa 150,000",blue,Used,1496,Petrol,Mitsubishi,150000,Lancer,1973,1496,1980,Manual,Car(Sedan)
Suzuki A Star 2010,"Rs: 3,975,000",km Find,"2026-02-04 | Polgolla 137,000",silver,Used,998,Petrol,Suzuki,137000,A Star,2010,998,2010,Manual,Car(Hatchback)
Toyota Corolla 1974,"Rs: 485,000",km Find,"2026-02-04 | Pilimatalawa 160,000",white,Used,1167,Petrol,Toyota,160000,Corolla,1974,1167,1980,Manual,Car(Sedan)
BMW M Series 2017,"Rs: 20,500,000",km Find,"2026-02-04 | Cinnamon Garden (Colombo 07) 65,000",white,Used,1500,Petrol,BMW,65000,M Series,2017,1500,2018,Automatic,Car(Saloon)
BMW 3 Series 2000,"Rs: 6,775,000",km Find,"2026-02-04 | Adampan 139,000",green,Used,2000,Diesel,BMW,139000,3 Series,2000,2000,2000,Manual,Car(Saloon)
Honda Civic 2017,"Rs: 12,500,000",km Find,"2026-02-19 | Telijjawila 82,285",silver,Used,1000,Petrol,Honda,82285,Civic,2017,1000,2018,Automatic,Car()
KIA Sephia 2002,"Rs: 2,600,000",km Find,"2026-02-10 | Mattegoda 162,481",gray,Used,1331,Petrol,KIA,162481,Sephia,2002,1331,2003,Automatic,Car(Sedan)
Toyota Belta 2007,"Rs: 5,500,000",km Find,"2026-02-06 | Homagama 166,600",silver,Used,1000,Petrol,Toyota,166600,Belta,2007,1000,2009,Automatic,Car(Saloon)
Toyota Corolla 2000,"Rs: 5,450,000",km Find,"2026-02-04 | Athurugiriya 198,000",white,Used,1500,Petrol,Toyota,198000,Corolla,2000,1500,2004,Automatic,Car(Sedan)
Subaru XV 2014,"Rs: 8,300,000",km Find,"2026-02-04 | Gampaha 149,000",black,Used,1995,Hybrid,Subaru,149000,XV,2014,1995,2014,Automatic,Car(Hatchback)
Toyota Passo 2008,"Rs: 4,800,000",km Find,"2026-02-04 | Nugegoda 125,000",silver,Used,1000,Petrol,Toyota,125000,Passo,2008,1000,2011,Automatic,Car(Hatchback)
Toyota Axio 2014,"Rs: 9,800,000",km Find,"2026-02-04 | Karapitiya 128,000",white,Used,1500,Hybrid,Toyota,128000,Axio,2014,1500,2016,Automatic,Car(Sedan)
Suzuki Swift 2003,"Rs: 4,300,000",km Find,"2026-02-04 | Ampitiya 241,000",white,Used,1300,Petrol,Suzuki,241000,Swift,2003,1300,2007,Automatic,Car(Hatchback)
Nissan Sunny 1996,"Rs: 2,650,000",km Find,"2026-02-04 | Matugama 215,000",silver,Used,1970,Diesel,Nissan,215000,Sunny,1996,1970,1999,Automatic,Car(Saloon)
BMW F30 2017,"Rs: 19,500,000",km Find,"2026-02-03 | Cinnamon Garden (Colombo 07) 65,000",white,Used,1500,Petrol,BMW,65000,F30,2017,1500,2018,Automatic,Car(Sedan)
Honda Grace 2016,"Rs: 8,300,000",km Find,"2026-02-03 | Matara 121,000",black,Used,1490,Hybrid,Honda,121000,Grace,2016,1490,2017,Automatic,Car(Saloon)
Honda Grace 2016,"Rs: 9,000,000",km Find,"2026-02-03 | Kalutara 96,000",red,Used,1490,Hybrid,Honda,96000,Grace,2016,1490,2016,Automatic,Car(Saloon)
Toyota Vios 2005,"Rs: 4,975,000",km Find,"2026-02-03 | Ragama 158,000",silver,Used,1500,Petrol,Toyota,158000,Vios,2005,1500,2009,Automatic,Car(Sedan)
Toyota Premio 2018,"Rs: 16,300,000",km Find,"2026-02-03 | Anuradhapura 112,000",white,Used,1500,Petrol,Toyota,112000,Premio,2018,1500,2019,Automatic,Car(Hatchback)
Toyota Aqua 2013,"Rs: 7,100,000",km Find,"2026-02-03 | Anuradhapura 132,000",white,Used,1500,Hybrid,Toyota,132000,Aqua,2013,1500,2015,Automatic,Car(Saloon)
Mitsubishi Lancer 1992,"Rs: 3,180,000",km Find,"2026-02-03 | Battaramulla 250,000",blue,Used,1500,Petrol,Mitsubishi,250000,Lancer,1992,1500,1992,Manual,Car(Sedan)
Honda Civic 2017,"Rs: 12,500,000",km Find,"2026-02-19 | Telijjawila 82,285",silver,Used,1000,Petrol,Honda,82285,Civic,2017,1000,2018,Automatic,Car()
KIA Sephia 2002,"Rs: 2,600,000",km Find,"2026-02-10 | Mattegoda 162,481",gray,Used,1331,Petrol,KIA,162481,Sephia,2002,1331,2003,Automatic,Car(Sedan)
Toyota Belta 2007,"Rs: 5,500,000",km Find,"2026-02-06 | Homagama 166,600",silver,Used,1000,Petrol,Toyota,166600,Belta,2007,1000,2009,Automatic,Car(Saloon)
Toyota Yaris 2022,"Rs: 9,200,000",km Find,"2026-02-03 | Borella (Colombo 08) 22,000",white,Brand New,1000,Petrol,Toyota,22000,Yaris,2022,1000,Ref:,Automatic,Car(Hatchback)
Honda Civic 2004,"Rs: 5,400,000",km Find,"2026-02-03 | Wellawatta (Colombo 06) 150,000",other,Used,1500,Petrol,Honda,150000,Civic,2004,1500,2004,Automatic,Car()
Toyota Yaris 2007,"Rs: 6,700,700",km Find,"2026-02-03 | Athurugiriya 170,000",white,Used,1300,Petrol,Toyota,170000,Yaris,2007,1300,2007,Automatic,Car(Sedan)
Suzuki Wagon R 2025,"Rs: 7,575,000",,2026-02-03 | Nittambuwa Find Out More,white,Brand New,660,Petrol,Suzuki,0,Wagon R,2025,660,Ref:,Automatic,Car(Hatchback)
Datsun Redi Go 2016,"Rs: 3,350,000",km Find,"2026-02-03 | Padukka 47,200",green,Used,800,Petrol,Datsun,47200,Redi Go,2016,800,2016,Manual,Car(Hatchback)
Suzuki Celerio 2017,"Rs: 5,290,000",km Find,"2026-02-03 | Kadawatha 92,000",red,Used,1000,Petrol,Suzuki,92000,Celerio,2017,1000,2017,Automatic,Car(Hatchback)
Chery QQ 2007,"Rs: 1,790,000",km Find,"2026-02-03 | Padukka 65,900",green,Used,800,Petrol,Chery,65900,QQ,2007,800,2008,Manual,Car(Hatchback)
Toyota Aqua 2012,"Rs: 6,525,000",km Find,"2026-02-03 | Mount Lavinia 175,000",orange,Reconditioned,1490,Hybrid,Toyota,175000,Aqua,2012,1490,2015,Automatic,Car(Hatchback)
Suzuki Celerio 2015,"Rs: 4,595,000",km Find,"2026-02-03 | Adampan 161,000",gray,Used,1000,Petrol,Suzuki,161000,Celerio,2015,1000,2015,Manual,Car(Hatchback)
Nissan Sunny 1996,"Rs: 2,890,000",km Find,"2026-02-03 | Malabe 235,000",brown,Used,1300,Petrol,Nissan,235000,Sunny,1996,1300,2000,Automatic,Car(Hatchback)
Suzuki Maruti 2000,"Rs: 2,375,000",km Find,"2026-02-03 | Malabe 60,000",black,Used,800,Petrol,Suzuki,60000,Maruti,2000,800,2011,Manual,Car(Hatchback)
Toyota Aqua 2014,"Rs: 7,750,000",km Find,"2026-02-03 | Dehiwala 158,000",black,Used,1500,Hybrid,Toyota,158000,Aqua,2014,1500,2016,Automatic,Car(Liftback)
Suzuki Wagon R 2018,"Rs: 6,890,000",km Find,"2026-02-03 | Malabe 61,000",black,Used,650,Petrol,Suzuki,61000,Wagon R,2018,650,2018,Automatic,Car(Hatchback)
Perodua Axia 2017,"Rs: 5,790,000",km Find,"2026-02-03 | Kadawatha 111,000",white,Used,1000,Petrol,Perodua,111000,Axia,2017,1000,2017,Automatic,Car(Hatchback)
Honda Civic 2017,"Rs: 12,500,000",km Find,"2026-02-19 | Telijjawila 82,285",silver,Used,1000,Petrol,Honda,82285,Civic,2017,1000,2018,Automatic,Car()
KIA Sephia 2002,"Rs: 2,600,000",km Find,"2026-02-10 | Mattegoda 162,481",gray,Used,1331,Petrol,KIA,162481,Sephia,2002,1331,2003,Automatic,Car(Sedan)
Toyota Belta 2007,"Rs: 5,500,000",km Find,"2026-02-06 | Homagama 166,600",silver,Used,1000,Petrol,Toyota,166600,Belta,2007,1000,2009,Automatic,Car(Saloon)
Suzuki Maruti 2010,"Rs: 2,430,000",km Find,"2026-02-03 | Kahathuduwa 84,000",silver,Used,800,Petrol,Suzuki,84000,Maruti,2010,800,2010,Manual,Car(Hatchback)
Suzuki Spacia 2024,"Rs: 8,000,000",km Find,"2026-02-03 | Ambalangoda 6,500",green,Reconditioned,660,Hybrid,Suzuki,6500,Spacia,2024,660,2024,Automatic,Car(Hatchback)
Nissan March 2002,"Rs: 4,490,000",km Find,"2026-02-03 | Badulla 100,000",other,Used,1240,Petrol,Nissan,100000,March,2002,1240,2005,Automatic,Car(Hatchback)
Toyota Premio 2007,"Rs: 7,950,000",km Find,"2026-02-03 | Kandy 118,000",white,Used,1500,Petrol,Toyota,118000,Premio,2007,1500,2011,Automatic,Car(Hatchback)
Nissan March 1997,"Rs: 3,600,000",km Find,"2026-02-03 | Minuwangoda 165,000",blue,Used,1000,Petrol,Nissan,165000,March,1997,1000,2000,Automatic,Car(Hatchback)
Toyota Premio 2010,"Rs: 8,990,000",km Find,"2026-02-03 | Kandy 118,000",brown,Used,1500,Petrol,Toyota,118000,Premio,2010,1500,2011,Automatic,Car(Liftback)
Ford Laser 1993,"Rs: 1,850,000",km Find,"2026-02-03 | Wattala 265,000",maroon,Used,1300,Petrol,Ford,265000,Laser,1993,1300,1993,Manual,Car(Sedan)
Toyota Vitz 2013,"Rs: 7,250,000",km Find,"2026-02-03 | Dekatana 116,680",black,Used,990,Petrol,Toyota,116680,Vitz,2013,990,2017,Automatic,Car(Hatchback)
Honda Civic 2017,"Rs: 12,500,000",km Find,"2026-02-19 | Telijjawila 82,285",silver,Used,1000,Petrol,Honda,82285,Civic,2017,1000,2018,Automatic,Car()
KIA Sephia 2002,"Rs: 2,600,000",km Find,"2026-02-10 | Mattegoda 162,481",gray,Used,1331,Petrol,KIA,162481,Sephia,2002,1331,2003,Automatic,Car(Sedan)
Toyota Belta 2007,"Rs: 5,500,000",km Find,"2026-02-06 | Homagama 166,600",silver,Used,1000,Petrol,Toyota,166600,Belta,2007,1000,2009,Automatic,Car(Saloon)
Suzuki Estilo 2010,"Rs: 3,550,000",km Find,"2026-02-03 | Peradeniya 102,000",orange,Used,1000,Petrol,Suzuki,102000,Estilo,2010,1000,2011,Manual,Car(Hatchback)
Nissan Roox 2025,"Rs: 9,000,000",,2026-02-03 | Negombo Find Out More,gray,Brand New,660,Petrol,Nissan,0,Roox,2025,660,Ref:,Automatic,Car(Liftback)
Daihatsu Taft 2025,"Rs: 8,500,000",,2026-02-03 | Negombo Find Out More,white,Brand New,660,Petrol,Daihatsu,0,Taft,2025,660,Ref:,Automatic,Car(Liftback)
Nissan Roox 2025,"Rs: 9,250,000",km Find,2026-02-03 | Negombo 200,white,Brand New,660,Petrol,Nissan,200,Roox,2025,660,Ref:,Automatic,Car(Liftback)
Honda Fit 2013,"Rs: 6,950,000",km Find,"2026-02-02 | Kohuwala 85,000",other,Used,1500,Petrol,Honda,85000,Fit,2013,1500,2016,Automatic,Car(Hatchback)
BMW i Series 2013,"Rs: 18,275,000",km Find,"2026-02-02 | Nugegoda 1,500",gray,Used,1000,Petrol,BMW,1500,i Series,2013,1000,2014,Manual,Car(Hatchback)
Honda Civic 2002,"Rs: 5,600,000",km Find,"2026-02-02 | Dehiwala 280,000",silver,Used,1500,Petrol,Honda,280000,Civic,2002,1500,2005,Automatic,Car(Hatchback)
Toyota Aqua 2015,"Rs: 8,890,000",km Find,"2026-02-02 | Kohuwala 105,000",white,Used,1500,Petrol,Toyota,105000,Aqua,2015,1500,2015,Automatic,Car(Hatchback)
Toyota Aqua 2013,"Rs: 7,450,000",km Find,"2026-02-02 | Kelaniya 114,000",black,Used,1200,Petrol,Toyota,114000,Aqua,2013,1200,2016,Automatic,Car(Convertible)
Micro Panda 2012,"Rs: 2,500,000",,2026-02-02 | Moratuwa Find Out More,white,Used,1500,Petrol,Micro,0,Panda,2012,1500,2012,Manual,Car(Hatchback)
Toyota Starlet 1993,"Rs: 4,000,000",km Find,"2026-02-02 | Homagama 140,000",white,Used,1330,Petrol,Toyota,140000,Starlet,1993,1330,2005,Manual,Car(Hatchback)
Toyota Premio 2016,"Rs: 13,500,000",km Find,"2026-02-02 | Andiambalama 176,000",white,Used,1490,Petrol,Toyota,176000,Premio,2016,1490,2016,Automatic,Car(Sedan)
Suzuki Wagon R 2024,"Rs: 7,950,000",km Find,"2026-02-02 | Kohuwala 12,400",brown,Used,660,Hybrid,Suzuki,12400,Wagon R,2024,660,2024,Automatic,Car(Station wagon)
Mazda 6 2016,"Rs: 12,000,000",km Find,"2026-02-02 | Colombo Fort (Colombo 01) 69,699",black,Used,2488,Petrol,Mazda,69699,6,2016,2488,2016,Automatic,Car(Sedan)
Honda Civic 2017,"Rs: 12,500,000",km Find,"2026-02-19 | Telijjawila 82,285",silver,Used,1000,Petrol,Honda,82285,Civic,2017,1000,2018,Automatic,Car()
KIA Sephia 2002,"Rs: 2,600,000",km Find,"2026-02-10 | Mattegoda 162,481",gray,Used,1331,Petrol,KIA,162481,Sephia,2002,1331,2003,Automatic,Car(Sedan)
Toyota Belta 2007,"Rs: 5,500,000",km Find,"2026-02-06 | Homagama 166,600",silver,Used,1000,Petrol,Toyota,166600,Belta,2007,1000,2009,Automatic,Car(Saloon)
Suzuki Alto 2015,"Rs: 3,900,000",km Find,"2026-02-02 | Delgoda 119,000",silver,Used,796,Petrol,Suzuki,119000,Alto,2015,796,2016,Manual,Car(Hatchback)
Nissan Sunny 2003,"Rs: 4,200,000",km Find,"2026-02-02 | Ratmalana 172,000",other,Used,1300,Petrol,Nissan,172000,Sunny,2003,1300,2003,Manual,Car(Saloon)
Toyota Vios 2005,"Rs: 4,250,000",,2026-02-02 | Kollupitiya (Colombo 03) Find Out More,black,Used,1500,Hybrid,Toyota,0,Vios,2005,1500,2005,Automatic,Car(Sedan)
Toyota Premio 2018,"Rs: 13,200,000",km Find,"2026-02-02 | Nattandiya 86,000",white,Used,1500,Petrol,Toyota,86000,Premio,2018,1500,2015,Automatic,Car(Saloon)
Suzuki Alto 2003,"Rs: 3,495,000",km Find,"2026-02-02 | Panadura 150,000",white,Used,660,Petrol,Suzuki,150000,Alto,2003,660,2007,Automatic,Car(Liftback)
Perodua Viva 2011,"Rs: 4,190,000",km Find,"2026-02-02 | Galle 165,810",silver,Used,1000,Petrol,Perodua,165810,Viva,2011,1000,2011,Automatic,Car(Hatchback)
Toyota Belta 2010,"Rs: 6,375,000",km Find,"2026-02-02 | Wennappuwa 131,000",gray,Used,1300,Petrol,Toyota,131000,Belta,2010,1300,2011,Automatic,Car(Sedan)
Toyota Premio 2010,"Rs: 9,050,000",km Find,"2026-02-02 | Kandy 118,000",brown,Used,1500,Petrol,Toyota,118000,Premio,2010,1500,2011,Automatic,Car(Liftback)
Suzuki Alto 2017,"Rs: 4,875,000",km Find,"2026-02-02 | Kosgoda 185,000",white,Used,796,Petrol,Suzuki,185000,Alto,2017,796,2018,Manual,Car(Hatchback)
Mercedes Benz EQB 2024,"Rs: 35,800,000",km Find,2026-02-02 | Kotahena (Colombo 13) 0,blue,Brand New,000,Electric,Mercedes Benz,000,EQB,2024,000,Ref:,Automatic,Car(Hatchback)
Suzuki Alto 2015,"Rs: 4,500,000",km Find,"2026-02-02 | Dematagoda (Colombo 09) 82,500",blue,Used,998,Petrol,Suzuki,82500,Alto,2015,998,2015,Automatic,Car(Liftback)
Nissan Sunny 2008,"Rs: 6,000,000",km Find,"2026-02-02 | Kalmunai 98,000",silver,Used,1300,Petrol,Nissan,98000,Sunny,2008,1300,2008,Automatic,Car(Saloon)
Honda Civic 2017,"Rs: 12,500,000",km Find,"2026-02-19 | Telijjawila 82,285",silver,Used,1000,Petrol,Honda,82285,Civic,2017,1000,2018,Automatic,Car()
KIA Sephia 2002,"Rs: 2,600,000",km Find,"2026-02-10 | Mattegoda 162,481",gray,Used,1331,Petrol,KIA,162481,Sephia,2002,1331,2003,Automatic,Car(Sedan)
Toyota Belta 2007,"Rs: 5,500,000",km Find,"2026-02-06 | Homagama 166,600",silver,Used,1000,Petrol,Toyota,166600,Belta,2007,1000,2009,Automatic,Car(Saloon)
Toyota Corolla 2006,"Rs: 5,475,000",km Find,"2026-02-02 | Dodangaslanda 190,000",black,Used,1300,Petrol,Toyota,190000,Corolla,2006,1300,2006,Manual,Car(Sedan)
Toyota Aqua 2015,"Rs: 8,100,000",km Find,"2026-02-02 | Katugastota 139,000",black,Used,1500,Petrol,Toyota,139000,Aqua,2015,1500,2017,Automatic,Car(Hatchback)
BMW M Series 2017,"Rs: 28,000,000",km Find,"2026-02-02 | Katugastota 90,000",black,Used,2000,Petrol,BMW,90000,M Series,2017,2000,2018,Automatic,Car(Saloon)
Suzuki Wagon R 2015,"Rs: 5,700,000",km Find,"2026-02-02 | Hambantota 120,000",white,Used,650,Hybrid,Suzuki,120000,Wagon R,2015,650,2018,Manual,Car(Sedan)
Suzuki Swift 2005,"Rs: 4,290,000",km Find,"2026-02-02 | Ruwanwella 222,000",white,Used,1500,Petrol,Suzuki,222000,Swift,2005,1500,2009,Tiptronic,Car(Hatchback)
Suzuki Wagon R 2014,"Rs: 5,000,000",km Find,"2026-02-02 | Galle 97,000",black,Used,658,Petrol,Suzuki,97000,Wagon R,2014,658,2015,Automatic,Car(Hatchback)
Suzuki Swift 1998,"Rs: 2,495,000",km Find,"2026-02-02 | Piliyandala 165,000",blue,Used,1300,Petrol,Suzuki,165000,Swift,1998,1300,1998,Manual,Car(Liftback)
Suzuki Alto 2015,"Rs: 3,590,000",km Find,"2026-02-02 | Nugegoda 120,000",gray,Used,800,Petrol,Suzuki,120000,Alto,2015,800,2015,Manual,Car(Liftback)
Suzuki Wagon R 2017,"Rs: 5,800,000",km Find,"2026-02-02 | Kalmunai 134,000",black,Used,655,Hybrid,Suzuki,134000,Wagon R,2017,655,2018,Automatic,Car(Hatchback)
Suzuki Spacia 2023,"Rs: 7,250,000",km Find,"2026-02-02 | Kottawa 6,600",yellow,Brand New,660,Petrol,Suzuki,6600,Spacia,2023,660,Ref:,Automatic,Car(Hatchback)
Toyota Axio 2014,"Rs: 8,700,000",km Find,"2026-02-02 | Beruwala 140,000",white,Used,1490,Petrol,Toyota,140000,Axio,2014,1490,2014,Automatic,Car(Saloon)
Toyota Axio 2008,"Rs: 7,100,000",km Find,2026-02-02 | Godagama 197,silver,Used,1500,Petrol,Toyota,197,Axio,2008,1500,2010,Automatic,Car(Saloon)
Toyota Aqua 2012,"Rs: 6,650,000",km Find,"2026-02-02 | Mirigama 145,000",silver,Used,1500,Petrol,Toyota,145000,Aqua,2012,1500,2014,Automatic,Car(Hatchback)
Mitsubishi Lancer 1998,"Rs: 2,660,000",km Find,"2026-02-02 | Maharagama 240,000",white,Used,1500,Petrol,Mitsubishi,240000,Lancer,1998,1500,2001,Automatic,Car(Sedan)
Honda N BOX 2026,"Rs: 7,575,000",km Find,"2026-02-02 | Kottawa 6,600",gray,Brand New,660,Petrol,Honda,6600,N BOX,2026,660,Ref:,Automatic,Car(Hatchback)
Suzuki Wagon R 2017,"Rs: 5,300,000",km Find,"2026-02-02 | Anuradhapura 73,000",black,Used,650,Petrol,Suzuki,73000,Wagon R,2017,650,2017,Automatic,Car(Hatchback)
Nissan Roox 2023,"Rs: 7,575,000",km Find,"2026-02-02 | Kottawa 6,600",white,Brand New,660,Petrol,Nissan,6600,Roox,2023,660,Ref:,Automatic,Car(Hatchback)
Suzuki Wagon R 2018,"Rs: 6,900,000",km Find,"2026-02-02 | Samanthurai 82,000",white,Used,650,Petrol,Suzuki,82000,Wagon R,2018,650,2018,Automatic,Car(Station wagon)
Toyota Vitz 2017,"Rs: 7,500,000",km Find,"2026-02-02 | Minuwangoda 166,000",silver,Used,1000,Petrol,Toyota,166000,Vitz,2017,1000,2020,Automatic,Car(Hatchback)
Honda Civic 2017,"Rs: 12,500,000",km Find,"2026-02-19 | Telijjawila 82,285",silver,Used,1000,Petrol,Honda,82285,Civic,2017,1000,2018,Automatic,Car()
KIA Sephia 2002,"Rs: 2,600,000",km Find,"2026-02-10 | Mattegoda 162,481",gray,Used,1331,Petrol,KIA,162481,Sephia,2002,1331,2003,Automatic,Car(Sedan)
Toyota Belta 2007,"Rs: 5,500,000",km Find,"2026-02-06 | Homagama 166,600",silver,Used,1000,Petrol,Toyota,166600,Belta,2007,1000,2009,Automatic,Car(Saloon)
Toyota Passo 2023,"Rs: 8,200,000",km Find,"2026-02-02 | Kottawa 6,600",gray,Brand New,660,Petrol,Toyota,6600,Passo,2023,660,Ref:,Automatic,Car(Hatchback)
Toyota Passo 2023,"Rs: 8,100,000",km Find,"2026-02-02 | Kottawa 6,600",other,Brand New,660,Petrol,Toyota,6600,Passo,2023,660,Ref:,Automatic,Car(Hatchback)
Micro Panda 2011,"Rs: 2,495,000",km Find,"2026-02-02 | Godagama 118,000",white,Used,1300,Petrol,Micro,118000,Panda,2011,1300,2011,Manual,Car(Hatchback)
Suzuki Swift 2017,"Rs: 7,950,000",km Find,"2026-02-02 | Bandaragama 77,000",gray,Used,1000,Petrol,Suzuki,77000,Swift,2017,1000,2018,Automatic,Car(Hatchback)
Toyota Aqua 2012,"Rs: 6,700,000",km Find,"2026-02-02 | Homagama 189,000",black,Used,000,Petrol,Toyota,189000,Aqua,2012,000,2014,Manual,Car(Sports)
Suzuki Wagon R 2018,"Rs: 6,650,000",km Find,"2026-02-02 | Kollupitiya (Colombo 03) 115,000",black,Used,650,Petrol,Suzuki,115000,Wagon R,2018,650,2018,Automatic,Car()
Toyota Aqua 2012,"Rs: 6,600,000",km Find,"2026-02-02 | Kiribathgoda 173,000",blue,Used,1500,Petrol,Toyota,173000,Aqua,2012,1500,2015,Automatic,Car(Sports)
Perodua Axia 2017,"Rs: 5,790,000",km Find,"2026-02-02 | Kadawatha 91,000",silver,Used,1000,Petrol,Perodua,91000,Axia,2017,1000,2017,Automatic,Car(Hatchback)
Nissan Dayz 2023,"Rs: 8,150,000",km Find,"2026-02-02 | Kurunegala 7,660",blue,Reconditioned,660,Petrol,Nissan,7660,Dayz,2023,660,0000,Automatic,Car()
Suzuki Celerio 2016,"Rs: 4,990,000",km Find,"2026-02-02 | Kadawatha 94,000",red,Used,1000,Petrol,Suzuki,94000,Celerio,2016,1000,2016,Automatic,Car(Hatchback)
Suzuki Celerio 2018,"Rs: 5,725,000",km Find,"2026-02-02 | Kadawatha 64,000",white,Used,1000,Petrol,Suzuki,64000,Celerio,2018,1000,2018,Automatic,Car(Hatchback)
Perodua Axia 2017,"Rs: 5,790,000",km Find,"2026-02-02 | Kadawatha 119,000",blue,Used,1000,Petrol,Perodua,119000,Axia,2017,1000,2017,Automatic,Car(Hatchback)
Tata Indica 2015,"Rs: 2,900,000",km Find,"2026-02-02 | Adampan 31,000",maroon,Used,1200,Petrol,Tata,31000,Indica,2015,1200,2015,Manual,Car(Hatchback)
Toyota Axio 2016,"Rs: 10,250,000",km Find,"2026-02-02 | Nugegoda 120,000",white,Used,1500,Hybrid,Toyota,120000,Axio,2016,1500,2016,Automatic,Car(Saloon)
Honda Civic 2017,"Rs: 12,500,000",km Find,"2026-02-19 | Telijjawila 82,285",silver,Used,1000,Petrol,Honda,82285,Civic,2017,1000,2018,Automatic,Car()
KIA Sephia 2002,"Rs: 2,600,000",km Find,"2026-02-10 | Mattegoda 162,481",gray,Used,1331,Petrol,KIA,162481,Sephia,2002,1331,2003,Automatic,Car(Sedan)
Toyota Belta 2007,"Rs: 5,500,000",km Find,"2026-02-06 | Homagama 166,600",silver,Used,1000,Petrol,Toyota,166600,Belta,2007,1000,2009,Automatic,Car(Saloon)
Suzuki Swift 2004,"Rs: 3,875,000",km Find,"2026-02-02 | Panadura 154,000",beige,Used,1300,Petrol,Suzuki,154000,Swift,2004,1300,2006,Automatic,Car(Hatchback)
Toyota Vitz 2015,"Rs: 6,600,000",km Find,"2026-02-02 | Kadawatha 170,000",black,Used,1000,Petrol,Toyota,170000,Vitz,2015,1000,2018,Automatic,Car(Hatchback)
Perodua Axia 2016,"Rs: 5,375,000",km Find,"2026-02-01 | Kadawatha 93,000",silver,Used,1000,Petrol,Perodua,93000,Axia,2016,1000,2016,Automatic,Car(Hatchback)
Suzuki Celerio 2016,"Rs: 5,050,000",km Find,"2026-02-01 | Kadawatha 116,000",white,Used,1000,Petrol,Suzuki,116000,Celerio,2016,1000,2016,Automatic,Car(Hatchback)
Toyota Pixis 2015,"Rs: 4,950,000",,2026-02-01 | Adampan Find Out More,white,Used,650,Petrol,Toyota,0,Pixis,2015,650,2018,Automatic,Car()
Tata Indica 2005,"Rs: 1,750,000",km Find,"2026-02-01 | Kaduruwela 261,000",red,Used,1200,Petrol,Tata,261000,Indica,2005,1200,2005,Manual,Car(Liftback)
Suzuki Alto 2011,"Rs: 4,100,000",km Find,"2026-02-01 | Wellawatta (Colombo 06) 130,000",other,Used,990,Petrol,Suzuki,130000,Alto,2011,990,2011,Manual,Car(Hatchback)
Tata Nano 2016,"Rs: 1,400,000",km Find,"2026-02-01 | Adampan 120,000",red,Used,660,Petrol,Tata,120000,Nano,2016,660,2017,Automatic,Car(Hatchback)
Audi A3 2023,"Rs: 18,900,000",km Find,"2026-02-01 | Ambalangoda 11,000",white,Brand New,1000,Hybrid,Audi,11000,A3,2023,1000,Ref:,Tiptronic,Car(Sedan)
Toyota Sprinter 2000,"Rs: 4,500,000",,2026-02-01 | Athurugiriya Find Out More,gray,Used,1500,Petrol,Toyota,0,Sprinter,2000,1500,2002,Automatic,Car(Saloon)
Suzuki Spacia 2024,"Rs: 9,800,000",km Find,"2026-02-01 | Kurunegala 11,000",white,Reconditioned,658,Petrol,Suzuki,11000,Spacia,2024,658,2026,Automatic,Car(Hatchback)
Toyota Prius 2008,"Rs: 6,000,000",km Find,"2026-02-01 | Galle 200,000",blue,Used,1497,Hybrid,Toyota,200000,Prius,2008,1497,2013,Automatic,Car(Hatchback)
Suzuki Alto 2016,"Rs: 5,375,000",km Find,"2026-02-01 | Kottawa 36,359",silver,Used,660,Petrol,Suzuki,36359,Alto,2016,660,2018,Tiptronic,Car(Hatchback)
Honda Civic 2017,"Rs: 12,500,000",km Find,"2026-02-19 | Telijjawila 82,285",silver,Used,1000,Petrol,Honda,82285,Civic,2017,1000,2018,Automatic,Car()
KIA Sephia 2002,"Rs: 2,600,000",km Find,"2026-02-10 | Mattegoda 162,481",gray,Used,1331,Petrol,KIA,162481,Sephia,2002,1331,2003,Automatic,Car(Sedan)
Toyota Belta 2007,"Rs: 5,500,000",km Find,"2026-02-06 | Homagama 166,600",silver,Used,1000,Petrol,Toyota,166600,Belta,2007,1000,2009,Automatic,Car(Saloon)
Suzuki Wagon R 2014,"Rs: 5,500,000",km Find,"2026-02-01 | Gampaha 183,000",black,Used,660,Hybrid,Suzuki,183000,Wagon R,2014,660,2015,Automatic,Car(Hatchback)
Nissan Sakura 2023,"Rs: 7,850,000",km Find,"2026-02-01 | Horana 9,800",blue,Brand New,20,Electric,Nissan,9800,Sakura,2023,20,Ref:,Automatic,Car(Hatchback)
Nissan NV100 2016,"Rs: 5,700,000",km Find,"2026-02-01 | Dematagoda (Colombo 09) 84,000",white,Used,800,Petrol,Nissan,84000,NV100,2016,800,2020,Automatic,Car(Convertible)
Nissan NV100 2016,"Rs: 5,475,000",km Find,"2026-02-01 | Dematagoda (Colombo 09) 89,000",silver,Used,800,Petrol,Nissan,89000,NV100,2016,800,2020,Automatic,Car(Convertible)
Toyota Vitz 2017,"Rs: 7,500,000",km Find,"2026-02-01 | Nugegoda 123,000",blue,Used,1000,Petrol,Toyota,123000,Vitz,2017,1000,2019,Automatic,Car(Hatchback)
Honda Civic 2017,"Rs: 12,500,000",km Find,"2026-02-01 | Baddegama 119,000",white,Used,1000,Petrol,Honda,119000,Civic,2017,1000,2017,Automatic,Car(Saloon)
Toyota Corolla 1988,"Rs: 2,800,000",km Find,"2026-02-01 | Matara 467,000",white,Used,1800,Diesel,Toyota,467000,Corolla,1988,1800,1991,Manual,Car(Sedan)
Toyota Allion 2004,"Rs: 8,000,000",,2026-02-01 | Adampan Find Out More,blue,Used,1300,Petrol,Toyota,0,Allion,2004,1300,2008,Automatic,Car(Hatchback)
Honda Civic 2017,"Rs: 12,500,000",km Find,"2026-02-19 | Telijjawila 82,285",silver,Used,1000,Petrol,Honda,82285,Civic,2017,1000,2018,Automatic,Car()
KIA Sephia 2002,"Rs: 2,600,000",km Find,"2026-02-10 | Mattegoda 162,481",gray,Used,1331,Petrol,KIA,162481,Sephia,2002,1331,2003,Automatic,Car(Sedan)
Toyota Belta 2007,"Rs: 5,500,000",km Find,"2026-02-06 | Homagama 166,600",silver,Used,1000,Petrol,Toyota,166600,Belta,2007,1000,2009,Automatic,Car(Saloon)
Suzuki Wagon R 2014,"Rs: 5,900,000",,2026-02-01 | Rambukkana Find Out More,red,Used,900,Petrol,Suzuki,0,Wagon R,2014,900,2014,Automatic,Car(Hatchback)
Toyota Vitz 2016,"Rs: 6,950,000",,2026-02-01 | Ratnapura Find Out More,black,Used,1000,Petrol,Toyota,0,Vitz,2016,1000,2016,Automatic,Car()
Suzuki Spacia 2017,"Rs: 6,700,000",km Find,"2026-02-01 | Homagama 95,000",white,Used,650,Petrol,Suzuki,95000,Spacia,2017,650,2017,Automatic,Car(Station wagon)
Suzuki Celerio 2016,"Rs: 4,900,000",km Find,"2026-02-01 | Piliyandala 114,000",white,Used,1000,Petrol,Suzuki,114000,Celerio,2016,1000,2016,Tiptronic,Car()
Suzuki Alto 2012,"Rs: 3,100,000",,2026-01-31 | Kaduruwela Find Out More,other,Used,800,Petrol,Suzuki,0,Alto,2012,800,2012,Manual,Car(Hatchback)
Toyota Vitz 2007,"Rs: 6,000,000",,2026-01-31 | Kottawa Find Out More,black,Used,1300,Petrol,Toyota,0,Vitz,2007,1300,2011,Automatic,Car(Hatchback)
Suzuki Wagon R 2015,"Rs: 6,500,000",,2026-01-31 | Dedunupitiya Find Out More,other,Used,900,Petrol,Suzuki,0,Wagon R,2015,900,2015,Automatic,Car(Liftback)
Renault KWID 2018,"Rs: 3,800,000",,2026-01-31 | Mamaduwa Find Out More,other,Used,1300,Petrol,Renault,0,KWID,2018,1300,2018,Automatic,Car(Hatchback)
Toyota Prius 2014,"Rs: 9,600,000",km Find,"2026-01-31 | Anuradhapura 2,550,000",blue,Used,1800,Petrol,Toyota,2550000,Prius,2014,1800,2015,Automatic,Car(Hatchback)
Suzuki Maruti 2010,"Rs: 3,000,000",,2026-01-31 | Galkulama Find Out More,black,Used,800,Petrol,Suzuki,0,Maruti,2010,800,2010,Manual,Car(Liftback)
Suzuki Alto 2015,"Rs: 3,900,000",,2026-01-31 | Horagala Find Out More,white,Used,800,Petrol,Suzuki,0,Alto,2015,800,2015,Manual,Car(Hatchback)
Suzuki Alto 2015,"Rs: 4,000,000",,2026-01-31 | Kesbewa Find Out More,other,Used,800,Petrol,Suzuki,0,Alto,2015,800,2015,Manual,Car(Hatchback)
Toyota Vitz 2018,"Rs: 8,300,000",km Find,"2026-02-22 | Karapitiya 75,000",white,Used,1000,Petrol,Toyota,75000,Vitz,2018,1000,2018,Automatic,Car(Hatchback)
Toyota Vitz 2019,"Rs: 8,500,000",km Find,"2026-01-31 | Anuradhapura 70,000",white,Used,1000,Hybrid,Toyota,70000,Vitz,2019,1000,2019,Automatic,Car(Hatchback)
Honda Civic 2017,"Rs: 12,500,000",km Find,"2026-02-19 | Telijjawila 82,285",silver,Used,1000,Petrol,Honda,82285,Civic,2017,1000,2018,Automatic,Car()
KIA Sephia 2002,"Rs: 2,600,000",km Find,"2026-02-10 | Mattegoda 162,481",gray,Used,1331,Petrol,KIA,162481,Sephia,2002,1331,2003,Automatic,Car(Sedan)
Toyota Belta 2007,"Rs: 5,500,000",km Find,"2026-02-06 | Homagama 166,600",silver,Used,1000,Petrol,Toyota,166600,Belta,2007,1000,2009,Automatic,Car(Saloon)
Toyota Axio 2015,"Rs: 9,600,000",,2026-01-31 | Anuradhapura Find Out More,black,Used,1500,Petrol,Toyota,0,Axio,2015,1500,2015,Automatic,Car(Saloon)
Toyota Prius 2012,"Rs: 10,200,000",km Find,"2026-01-31 | Maharagama 136,000",silver,Used,1800,Hybrid,Toyota,136000,Prius,2012,1800,2014,Automatic,Car(Sedan)
Daihatsu Mira 2017,"Rs: 5,300,000",km Find,"2026-01-31 | Nittambuwa 75,000",white,Used,1300,Petrol,Daihatsu,75000,Mira,2017,1300,2018,Other,Car(Hatchback)
Peugeot 206 2005,"Rs: 3,200,000",km Find,"2026-01-31 | Nittambuwa 75,000",green,Used,1300,Petrol,Peugeot,75000,206,2005,1300,2005,Other,Car(Hatchback)
Honda Grace 2015,"Rs: 9,600,000",,2026-01-31 | Mudungoda Find Out More,black,Used,1300,Petrol,Honda,0,Grace,2015,1300,2015,Automatic,Car(Liftback)
Suzuki Alto 2015,"Rs: 4,000,000",,2026-01-31 | Beliatta Find Out More,white,Used,800,Petrol,Suzuki,0,Alto,2015,800,2015,Manual,Car(Hatchback)
Hyundai Accent 2005,"Rs: 6,000,000",,2026-01-31 | Biyagama Find Out More,black,Used,1500,Petrol,Hyundai,0,Accent,2005,1500,2009,Automatic,Car(Hatchback)
Honda Grace 2014,"Rs: 7,800,000",km Find,"2026-01-31 | Wellampitiya 120,000",gray,Used,1500,Petrol,Honda,120000,Grace,2014,1500,2015,Automatic,Car(Saloon)
Honda Grace 2017,"Rs: 9,800,000",km Find,"2026-01-31 | Nagoda 146,000",gray,Used,1490,Petrol,Honda,146000,Grace,2017,1490,2016,Automatic,Car(Sedan)
Toyota Allion 2007,"Rs: 9,750,000",,2026-01-31 | Kurunegala Find Out More,white,Used,1500,Petrol,Toyota,0,Allion,2007,1500,0000,Manual,Car(Convertible)
Honda Civic 2017,"Rs: 12,500,000",km Find,"2026-02-19 | Telijjawila 82,285",silver,Used,1000,Petrol,Honda,82285,Civic,2017,1000,2018,Automatic,Car()
KIA Sephia 2002,"Rs: 2,600,000",km Find,"2026-02-10 | Mattegoda 162,481",gray,Used,1331,Petrol,KIA,162481,Sephia,2002,1331,2003,Automatic,Car(Sedan)
Toyota Belta 2007,"Rs: 5,500,000",km Find,"2026-02-06 | Homagama 166,600",silver,Used,1000,Petrol,Toyota,166600,Belta,2007,1000,2009,Automatic,Car(Saloon)
Suzuki Wagon R 2017,"Rs: 6,950,000",km Find,"2026-01-31 | Katunayake 110,000",white,Used,660,Hybrid,Suzuki,110000,Wagon R,2017,660,2018,Automatic,Car(Liftback)
Mitsubishi eK 2023,"Rs: 6,750,000",km Find,"2026-01-31 | Veyangoda 8,000",black,Reconditioned,650,Petrol,Mitsubishi,8000,eK,2023,650,2026,Automatic,Car(Station wagon)
BMW i Series 2012,"Rs: 15,800,000",km Find,"2026-01-31 | Kelaniya 139,000",silver,Used,2000,Petrol,BMW,139000,i Series,2012,2000,2012,Automatic,Car(Saloon)
Suzuki Alto 2014,"Rs: 3,575,000",km Find,"2026-01-31 | Kandy 170,000",black,Used,800,Petrol,Suzuki,170000,Alto,2014,800,2014,Manual,Car(Hatchback)
Daihatsu Mira 2014,"Rs: 5,395,000",km Find,"2026-01-31 | Kottawa 76,500",pink,Used,650,Petrol,Daihatsu,76500,Mira,2014,650,2017,Automatic,Car(Hatchback)
Suzuki Celerio 2015,"Rs: 4,500,000",km Find,"2026-01-31 | Rajagiriya 140,000",white,Used,996,Petrol,Suzuki,140000,Celerio,2015,996,2015,Manual,Car(Hatchback)
Suzuki Wagon R 2015,"Rs: 5,300,000",km Find,"2026-01-31 | Slave Island (Colombo 02) 130,000",white,Used,650,Petrol,Suzuki,130000,Wagon R,2015,650,2018,Automatic,Car(Sedan)
Toyota Premio 2010,"Rs: 9,650,000",km Find,"2026-01-31 | Chilaw 85,800",maroon,Used,1500,Petrol,Toyota,85800,Premio,2010,1500,2012,Automatic,Car(Liftback)
Toyota Vitz 2017,"Rs: 7,590,000",km Find,"2026-01-31 | Ja-Ela 46,000",white,Used,1000,Petrol,Toyota,46000,Vitz,2017,1000,2019,Automatic,Car()
Toyota Allion 2008,"Rs: 8,650,000",km Find,"2026-01-31 | Maharagama 178,000",silver,Used,1500,Petrol,Toyota,178000,Allion,2008,1500,2011,Automatic,Car()
Toyota Axio 2017,"Rs: 12,100,000",km Find,"2026-01-31 | Jambugahapitiya 123,000",white,Used,1500,Hybrid,Toyota,123000,Axio,2017,1500,2018,Automatic,Car()
Toyota Vitz 2018,"Rs: 8,190,000",km Find,"2026-01-31 | Ja-Ela 63,000",white,Used,1000,Petrol,Toyota,63000,Vitz,2018,1000,2019,Automatic,Car()
Toyota Premio 2018,"Rs: 15,600,000",km Find,"2026-01-31 | Matara 98,000",white,Used,1500,Petrol,Toyota,98000,Premio,2018,1500,2018,Automatic,Car(Liftback)
Toyota Vitz 2019,"Rs: 8,350,000",km Find,"2026-01-31 | Kattankudi 103,000",white,Used,1500,Hybrid,Toyota,103000,Vitz,2019,1500,2020,Automatic,Car()
Honda Fit 2013,"Rs: 7,650,000",km Find,"2026-01-31 | Negombo 134,000",black,Used,1500,Petrol,Honda,134000,Fit,2013,1500,2015,Automatic,Car()
Nissan Sunny 1987,"Rs: 1,499,000",km Find,"2026-01-31 | Kottawa 245,000",gray,Used,1300,Petrol,Nissan,245000,Sunny,1987,1300,1987,Manual,Car(Sedan)
Honda Civic 2017,"Rs: 12,500,000",km Find,"2026-02-19 | Telijjawila 82,285",silver,Used,1000,Petrol,Honda,82285,Civic,2017,1000,2018,Automatic,Car()
KIA Sephia 2002,"Rs: 2,600,000",km Find,"2026-02-10 | Mattegoda 162,481",gray,Used,1331,Petrol,KIA,162481,Sephia,2002,1331,2003,Automatic,Car(Sedan)
Toyota Belta 2007,"Rs: 5,500,000",km Find,"2026-02-06 | Homagama 166,600",silver,Used,1000,Petrol,Toyota,166600,Belta,2007,1000,2009,Automatic,Car(Saloon)
Suzuki Baleno 2016,"Rs: 6,750,000",km Find,"2026-01-31 | Godagama 123,000",black,Used,1200,Petrol,Suzuki,123000,Baleno,2016,1200,2018,Automatic,Car(Hatchback)
Suzuki Alto 2015,"Rs: 3,980,000",km Find,"2026-01-31 | Embilipitiya 112,000",silver,Brand New,800,Petrol,Suzuki,112000,Alto,2015,800,Ref:,Manual,Car(Hatchback)
Toyota Premio 2013,"Rs: 11,200,000",km Find,"2026-01-30 | Kandy 180,000",maroon,Used,1500,Petrol,Toyota,180000,Premio,2013,1500,2014,Automatic,Car(Liftback)
Toyota Aqua 2013,"Rs: 6,700,000",km Find,"2026-01-30 | Dehiwala 140,000",blue,Used,1500,Hybrid,Toyota,140000,Aqua,2013,1500,2014,Automatic,Car(Liftback)
Suzuki Wagon R 2018,"Rs: 6,500,000",km Find,"2026-01-30 | Baddegama 92,000",white,Used,998,Petrol,Suzuki,92000,Wagon R,2018,998,2018,Automatic,Car(Hatchback)
Honda Fit 2013,"Rs: 8,800,000",km Find,"2026-01-30 | Baddegama 120,000",blue,Used,1495,Petrol,Honda,120000,Fit,2013,1495,2015,Automatic,Car(Hatchback)
Suzuki Maruti 2008,"Rs: 2,275,000",,2026-01-30 | Maho Find Out More,blue,Used,650,Petrol,Suzuki,0,Maruti,2008,650,2008,Manual,Car()
Suzuki Spacia 2023,"Rs: 8,650,000",km Find,"2026-01-30 | Kurunegala 4,500",white,Brand New,690,Hybrid,Suzuki,4500,Spacia,2023,690,Ref:,Automatic,Car(Hatchback)
Mitsubishi eK 2023,"Rs: 7,250,000",km Find,"2026-01-30 | Kurunegala 4,500",white,Brand New,690,Hybrid,Mitsubishi,4500,eK,2023,690,Ref:,Automatic,Car(Hatchback)
Suzuki Wagon R 2025,"Rs: 8,500,000",km Find,"2026-01-30 | Kurunegala 1,500",white,Brand New,690,Hybrid,Suzuki,1500,Wagon R,2025,690,Ref:,Automatic,Car(Hatchback)
Daihatsu Mira 2023,"Rs: 6,300,000",km Find,"2026-01-30 | Kurunegala 3,500",red,Brand New,690,Hybrid,Daihatsu,3500,Mira,2023,690,Ref:,Automatic,Car(Hatchback)
Suzuki Wagon R 2014,"Rs: 5,290,000",km Find,"2026-01-30 | Kurunegala 85,000",black,Brand New,690,Hybrid,Suzuki,85000,Wagon R,2014,690,Ref:,Automatic,Car(Hatchback)
Nissan FB 15 1997,"Rs: 2,875,000",km Find,"2026-01-30 | Avissawella 125,559",silver,Used,1500,Petrol,Nissan,125559,FB 15,1997,1500,1999,Automatic,Car(Saloon)
Toyota Mark II 1996,"Rs: 4,200,000",km Find,"2026-01-30 | Anuradhapura 280,000",maroon,Used,2440,Diesel,Toyota,280000,Mark II,1996,2440,1998,Automatic,Car(Saloon)
Suzuki Swift 2002,"Rs: 3,600,000",km Find,"2026-01-30 | Kegalle 200,274",red,Used,1320,Petrol,Suzuki,200274,Swift,2002,1320,2005,Automatic,Car(Hatchback)
Suzuki Wagon R 2023,"Rs: 8,100,000",km Find,2026-01-30 | Kelaniya 220,silver,Used,660,Petrol,Suzuki,220,Wagon R,2023,660,2023,Other,Car(Station wagon)
Mitsubishi Minica 2008,"Rs: 3,550,000",km Find,"2026-01-30 | Badalgama 140,000",black,Used,998,Petrol,Mitsubishi,140000,Minica,2008,998,2008,Automatic,Car(Hatchback)
Perodua Kelisa 2007,"Rs: 3,450,000",km Find,"2026-01-30 | Kelaniya 75,000",silver,Used,1000,Petrol,Perodua,75000,Kelisa,2007,1000,2007,Other,Car(Hatchback)
Honda Civic 2017,"Rs: 12,500,000",km Find,"2026-02-19 | Telijjawila 82,285",silver,Used,1000,Petrol,Honda,82285,Civic,2017,1000,2018,Automatic,Car()
KIA Sephia 2002,"Rs: 2,600,000",km Find,"2026-02-10 | Mattegoda 162,481",gray,Used,1331,Petrol,KIA,162481,Sephia,2002,1331,2003,Automatic,Car(Sedan)
Toyota Belta 2007,"Rs: 5,500,000",km Find,"2026-02-06 | Homagama 166,600",silver,Used,1000,Petrol,Toyota,166600,Belta,2007,1000,2009,Automatic,Car(Saloon)
Toyota Premio 2013,"Rs: 12,400,000",km Find,"2026-01-30 | Ragama 48,900",white,Used,1500,Petrol,Toyota,48900,Premio,2013,1500,2015,Automatic,Car(Saloon)
Micro Panda 2014,"Rs: 2,745,000",km Find,"2026-01-30 | Alawwa 52,000",white,Used,1000,Petrol,Micro,52000,Panda,2014,1000,2014,Manual,Car(Hatchback)
Suzuki Wagon R 2014,"Rs: 5,695,000",km Find,"2026-01-30 | Bandaragama 100,000",black,Used,650,Hybrid,Suzuki,100000,Wagon R,2014,650,2016,Automatic,Car(Convertible)
Suzuki Alto 2005,"Rs: 2,895,000",km Find,"2026-01-30 | Bandaragama 100,000",silver,Used,800,Petrol,Suzuki,100000,Alto,2005,800,2006,Manual,Car(Convertible)
Suzuki Astra 2010,"Rs: 3,900,000",km Find,"2026-01-30 | Kalutara 143,000",black,Used,800,Petrol,Suzuki,143000,Astra,2010,800,2010,Manual,Car(Hatchback)
Suzuki Maruti 1996,"Rs: 1,145,000",km Find,"2026-01-30 | Alawwa 65,000",red,Used,800,Petrol,Suzuki,65000,Maruti,1996,800,1996,Manual,Car(Hatchback)
Toyota Prius 2012,"Rs: 10,750,000",km Find,"2026-01-30 | Kurunegala 145,000",maroon,Used,1800,Hybrid,Toyota,145000,Prius,2012,1800,2013,Automatic,Car(Hatchback)
Honda Fit 2015,"Rs: 7,790,000",km Find,"2026-01-30 | Pita Kotte 143,000",red,Used,1500,Hybrid,Honda,143000,Fit,2015,1500,2015,Automatic,Car(Hatchback)
Toyota DX Wagon 1985,"Rs: 630,000",,2026-01-30 | Warakapola Find Out More,white,Used,1300,Petrol,Toyota,0,DX Wagon,1985,1300,1985,Manual,Car()
Toyota Yaris 2025,"Rs: 10,300,000",km Find,2026-01-30 | Katugastota 200,white,Reconditioned,1000,Hybrid,Toyota,200,Yaris,2025,1000,0000,Automatic,Car(Saloon)
Tata Indigo 2015,"Rs: 3,565,000",km Find,"2026-01-30 | Veyangoda 110,008",white,Used,1200,Petrol,Tata,110008,Indigo,2015,1200,2015,Manual,Car(Hatchback)
Suzuki Wagon R 2018,"Rs: 6,750,000",km Find,"2026-01-30 | Kurunegala 72,000",white,Used,650,Hybrid,Suzuki,72000,Wagon R,2018,650,2018,Automatic,Car(Hatchback)
Toyota Corolla 2008,"Rs: 7,000,000",km Find,"2026-01-30 | Nugegoda 185,000",black,Used,1600,Petrol,Toyota,185000,Corolla,2008,1600,2008,Automatic,Car(Saloon)
Audi Q2 2018,"Rs: 12,700,000",km Find,2026-01-30 | Katugastota 0,black,Used,1400,Petrol,Audi,0000,Q2,2018,1400,2018,Automatic,Car(Saloon)
Suzuki Alto 2010,"Rs: 2,925,000",km Find,2026-01-30 | Ragama 0,other,Used,800,Petrol,Suzuki,00000,Alto,2010,800,2011,Manual,Car(Hatchback)
Suzuki Alto 2014,"Rs: 3,585,000",km Find,2026-01-30 | Ragama 0,blue,Used,800,Petrol,Suzuki,000,Alto,2014,800,2014,Manual,Car(Hatchback)
Toyota Prius 2013,"Rs: 9,750,000",km Find,"2026-01-30 | Hungama 187,000",black,Used,1800,Petrol,Toyota,187000,Prius,2013,1800,2014,Automatic,Car(Hatchback)
Toyota Yaris 2025,"Rs: 10,300,000",km Find,2026-01-30 | Katugastota 0,black,Reconditioned,1500,Hybrid,Toyota,00000,Yaris,2025,1500,0000,Automatic,Car(Hatchback)
Honda Civic 2017,"Rs: 12,500,000",km Find,"2026-02-19 | Telijjawila 82,285",silver,Used,1000,Petrol,Honda,82285,Civic,2017,1000,2018,Automatic,Car()
KIA Sephia 2002,"Rs: 2,600,000",km Find,"2026-02-10 | Mattegoda 162,481",gray,Used,1331,Petrol,KIA,162481,Sephia,2002,1331,2003,Automatic,Car(Sedan)
Toyota Belta 2007,"Rs: 5,500,000",km Find,"2026-02-06 | Homagama 166,600",silver,Used,1000,Petrol,Toyota,166600,Belta,2007,1000,2009,Automatic,Car(Saloon)
Toyota Starlet 1993,"Rs: 3,400,000",km Find,"2026-01-30 | Kelaniya 247,000",blue,Used,1300,Petrol,Toyota,247000,Starlet,1993,1300,1996,Manual,Car(Hatchback)
Toyota Prius 2013,"Rs: 11,950,000",km Find,"2026-01-30 | Kekirawa 110,000",white,Used,1800,Petrol,Toyota,110000,Prius,2013,1800,2013,Automatic,Car(Hatchback)
Toyota Aqua 2015,"Rs: 7,800,000",km Find,"2026-01-30 | Anuradhapura 106,000",white,Used,1000,Petrol,Toyota,106000,Aqua,2015,1000,2017,Automatic,Car(Liftback)
Suzuki Spacia 2017,"Rs: 6,700,000",km Find,"2026-01-30 | Anuradhapura 150,200",white,Used,660,Petrol,Suzuki,150200,Spacia,2017,660,2018,Automatic,Car(Liftback)
Toyota Aqua 2012,"Rs: 6,795,000",km Find,"2026-01-30 | Sri Jayawardenepura Kotte 11,200",silver,Used,1500,Hybrid,Toyota,11200,Aqua,2012,1500,2012,Automatic,Car(Hatchback)
Toyota Axio 2015,"Rs: 9,150,000",km Find,"2026-01-30 | Anuradhapura 178,000",black,Used,1500,Petrol,Toyota,178000,Axio,2015,1500,2015,Automatic,Car(Liftback)
Suzuki Alto 2007,"Rs: 2,860,000",km Find,"2026-01-30 | Horana 350,000",blue,Used,796,Petrol,Suzuki,350000,Alto,2007,796,2007,Manual,Car(Hatchback)
Suzuki Alto 2015,"Rs: 3,980,000",km Find,"2026-01-30 | Dehiwala 112,877",brown,Used,800,Petrol,Suzuki,112877,Alto,2015,800,2015,Manual,Car(Liftback)
Suzuki Swift 2010,"Rs: 4,100,000",km Find,"2026-01-30 | Kaduwela 102,000",red,Used,1197,Petrol,Suzuki,102000,Swift,2010,1197,2010,Manual,Car(Hatchback)
Toyota Corolla 1985,"Rs: 1,760,000",km Find,2026-01-30 | Mawanella 0,other,Used,1000,Petrol,Toyota,0000,Corolla,1985,1000,1986,Manual,Car(Liftback)
Nissan March 2001,"Rs: 3,575,000",km Find,2026-01-30 | Mawanella 0,silver,Used,1000,Petrol,Nissan,000,March,2001,1000,2004,Manual,Car(Hatchback)
Honda Civic 2017,"Rs: 12,500,000",km Find,"2026-02-19 | Telijjawila 82,285",silver,Used,1000,Petrol,Honda,82285,Civic,2017,1000,2018,Automatic,Car()
KIA Sephia 2002,"Rs: 2,600,000",km Find,"2026-02-10 | Mattegoda 162,481",gray,Used,1331,Petrol,KIA,162481,Sephia,2002,1331,2003,Automatic,Car(Sedan)
Toyota Belta 2007,"Rs: 5,500,000",km Find,"2026-02-06 | Homagama 166,600",silver,Used,1000,Petrol,Toyota,166600,Belta,2007,1000,2009,Automatic,Car(Saloon)
Suzuki Wagon R 2017,"Rs: 6,700,000",km Find,"2026-01-30 | Horana 84,000",white,Used,650,Hybrid,Suzuki,84000,Wagon R,2017,650,2017,Automatic,Car(Station wagon)
Suzuki Alto 2015,"Rs: 3,775,000",,2026-01-30 | Ragama Find Out More,red,Used,800,Petrol,Suzuki,0,Alto,2015,800,2015,Manual,Car(Hatchback)
Suzuki Alto 2015,"Rs: 3,800,000",km Find,"2026-01-30 | Vavuniya 94,000",gray,Used,800,Petrol,Suzuki,94000,Alto,2015,800,2015,Manual,Car(Liftback)
Nissan FB 15 2005,"Rs: 4,850,000",km Find,"2026-01-30 | Athurugiriya 228,000",other,Used,1500,Petrol,Nissan,228000,FB 15,2005,1500,2005,Automatic,Car(Saloon)
Hyundai Grand i10 2023,"Rs: 7,800,000",km Find,"2026-01-30 | Watapuluwa 8,000",white,Used,1197,Petrol,Hyundai,8000,Grand i10,2023,1197,2024,Automatic,Car(Hatchback)
Suzuki Alto 2015,"Rs: 3,475,000",km Find,"2026-01-30 | Kalutara 110,000",silver,Used,660,Petrol,Suzuki,110000,Alto,2015,660,2015,Manual,Car(Hatchback)
Micro Panda Cross 2013,"Rs: 2,975,000",km Find,"2026-01-30 | Gothatuwa 131,000",white,Used,1300,Petrol,Micro,131000,Panda Cross,2013,1300,2013,Manual,Car(Hatchback)
Toyota Pixis 2019,"Rs: 5,500,000",km Find,"2026-01-30 | Anuradhapura 140,000",blue,Used,1000,Petrol,Toyota,140000,Pixis,2019,1000,2020,Automatic,Car(Hatchback)
Mitsubishi Lancer 2004,"Rs: 6,800,000",km Find,"2026-01-30 | Anuradhapura 250,000",navy,Used,1300,Petrol,Mitsubishi,250000,Lancer,2004,1300,2004,Automatic,Car(Convertible)
Toyota Axio 2014,"Rs: 9,050,000",km Find,"2026-01-30 | Moratuwa 184,000",white,Used,1500,Hybrid,Toyota,184000,Axio,2014,1500,2014,Automatic,Car(Saloon)
Suzuki Wagon R 2018,"Rs: 6,500,000",,2026-01-30 | Keppetipola Find Out More,white,Used,900,Petrol,Suzuki,0,Wagon R,2018,900,2018,Automatic,Car(Liftback)
Suzuki Wagon R 2017,"Rs: 5,750,000",km Find,"2026-01-30 | Narahenpita (Colombo 05) 81,000",maroon,Used,000,Petrol,Suzuki,81000,Wagon R,2017,000,2018,Automatic,Car()
Toyota Premio 2015,"Rs: 12,300,000",km Find,"2026-01-30 | Kollupitiya (Colombo 03) 145,000",maroon,Used,000,Petrol,Toyota,145000,Premio,2015,000,2015,Automatic,Car(Saloon)
Toyota Aqua 2012,"Rs: 7,000,000",km Find,"2026-01-30 | Ja-Ela 250,000",white,Used,1500,Petrol,Toyota,250000,Aqua,2012,1500,2013,Automatic,Car(Hatchback)
Toyota Prius 2012,"Rs: 8,975,000",km Find,"2026-01-30 | Maharagama 216,000",silver,Used,1800,Petrol,Toyota,216000,Prius,2012,1800,2014,Automatic,Car(Sedan)
Honda Civic 2017,"Rs: 12,500,000",km Find,"2026-02-19 | Telijjawila 82,285",silver,Used,1000,Petrol,Honda,82285,Civic,2017,1000,2018,Automatic,Car()
KIA Sephia 2002,"Rs: 2,600,000",km Find,"2026-02-10 | Mattegoda 162,481",gray,Used,1331,Petrol,KIA,162481,Sephia,2002,1331,2003,Automatic,Car(Sedan)
Toyota Belta 2007,"Rs: 5,500,000",km Find,"2026-02-06 | Homagama 166,600",silver,Used,1000,Petrol,Toyota,166600,Belta,2007,1000,2009,Automatic,Car(Saloon)
Toyota Aqua 2013,"Rs: 6,800,000",km Find,"2026-01-30 | Rajagiriya 124,000",white,Used,1459,Hybrid,Toyota,124000,Aqua,2013,1459,2014,Automatic,Car(Hatchback)
Suzuki Alto 2007,"Rs: 2,795,000",km Find,"2026-01-30 | Kolonnawa 138,000",red,Used,799,Petrol,Suzuki,138000,Alto,2007,799,2007,Manual,Car(Liftback)
Toyota Prius 2010,"Rs: 8,600,000",km Find,"2026-01-30 | Rajagiriya 216,000",white,Used,1900,Hybrid,Toyota,216000,Prius,2010,1900,2011,Automatic,Car(Saloon)
Suzuki Alto 2015,"Rs: 3,725,000",km Find,"2026-01-30 | Rajagiriya 95,000",red,Used,800,Petrol,Suzuki,95000,Alto,2015,800,2015,Manual,Car(Liftback)
Toyota Premio 2015,"Rs: 12,490,000",km Find,"2026-01-30 | Kohuwala 175,000",maroon,Used,1500,Petrol,Toyota,175000,Premio,2015,1500,2016,Automatic,Car(Saloon)
Audi A6 2013,"Rs: 14,000,000",km Find,"2026-01-30 | Slave Island (Colombo 02) 165,000",black,Used,1968,Diesel,Audi,165000,A6,2013,1968,2014,Automatic,Car(Sedan)
Nissan HP11 2000,"Rs: 3,585,000",km Find,"2026-01-30 | Narahenpita (Colombo 05) 345,000",black,Used,2000,Petrol,Nissan,345000,HP11,2000,2000,2000,Manual,Car(Sedan)
Toyota Aqua 2014,"Rs: 7,650,000",km Find,"2026-01-30 | Galle 148,000",white,Used,1496,Petrol,Toyota,148000,Aqua,2014,1496,2016,Automatic,Car(Hatchback)
Toyota Premio 2019,"Rs: 16,750,000",km Find,"2026-01-30 | Kohuwala 89,000",silver,Used,1500,Petrol,Toyota,89000,Premio,2019,1500,2019,Automatic,Car(Saloon)
Suzuki Wagon R 2025,"Rs: 8,650,000",,2026-01-30 | Kohuwala Find Out More,white,Brand New,660,Petrol,Suzuki,0,Wagon R,2025,660,Ref:,Automatic,Car(Hatchback)
Zotye Z100 2017,"Rs: 3,145,000",km Find,"2026-01-30 | Horana 37,000",red,Used,1000,Petrol,Zotye,37000,Z100,2017,1000,2017,Manual,Car(Hatchback)
Mazda 6 2015,"Rs: 16,000,000",km Find,"2026-01-30 | Negombo 185,000",red,Used,2500,Petrol,Mazda,185000,6,2015,2500,2016,Automatic,Car(Saloon)
Perodua Viva 2013,"Rs: 4,300,000",km Find,"2026-01-30 | Battaramulla 140,000",black,Used,1000,Petrol,Perodua,140000,Viva,2013,1000,2013,Automatic,Car(Hatchback)
Toyota Vitz 2018,"Rs: 7,890,000",km Find,"2026-01-30 | Galle 79,000",maroon,Used,1000,Petrol,Toyota,79000,Vitz,2018,1000,2018,Automatic,Car(Liftback)
Honda Civic 2017,"Rs: 12,500,000",km Find,"2026-02-19 | Telijjawila 82,285",silver,Used,1000,Petrol,Honda,82285,Civic,2017,1000,2018,Automatic,Car()
KIA Sephia 2002,"Rs: 2,600,000",km Find,"2026-02-10 | Mattegoda 162,481",gray,Used,1331,Petrol,KIA,162481,Sephia,2002,1331,2003,Automatic,Car(Sedan)
Toyota Belta 2007,"Rs: 5,500,000",km Find,"2026-02-06 | Homagama 166,600",silver,Used,1000,Petrol,Toyota,166600,Belta,2007,1000,2009,Automatic,Car(Saloon)
Toyota Allion 2016,"Rs: 12,950,000",km Find,"2026-01-30 | Delgoda 108,000",red,Used,1500,Petrol,Toyota,108000,Allion,2016,1500,2017,Automatic,Car()
Toyota Premio 2010,"Rs: 15,700,000",km Find,"2026-01-30 | Akkaraipattu 176,000",white,Used,1500,Petrol,Toyota,176000,Premio,2010,1500,2011,Automatic,Car(Liftback)
Toyota Premio 2019,"Rs: 16,700,000",km Find,"2026-01-30 | Wellawatta (Colombo 06) 113,000",white,Used,1500,Petrol,Toyota,113000,Premio,2019,1500,2019,Automatic,Car(Liftback)
Toyota Premio 2017,"Rs: 13,700,000",km Find,"2026-01-30 | Kurunegala 135,000",red,Used,1500,Petrol,Toyota,135000,Premio,2017,1500,2018,Automatic,Car(Sedan)
Toyota Axio 2015,"Rs: 9,300,000",km Find,"2026-01-30 | Kurunegala 153,000",silver,Used,1500,Petrol,Toyota,153000,Axio,2015,1500,2015,Automatic,Car(Sedan)
Toyota Aqua 2013,"Rs: 7,250,000",km Find,"2026-01-30 | Kohuwala 170,000",blue,Used,1500,Petrol,Toyota,170000,Aqua,2013,1500,2016,Automatic,Car(Hatchback)
Toyota Vitz 2019,"Rs: 8,700,000",km Find,"2026-01-30 | Kohuwala 26,000",red,Used,1000,Petrol,Toyota,26000,Vitz,2019,1000,2019,Automatic,Car(Hatchback)
Suzuki Wagon R 2019,"Rs: 6,995,000",km Find,"2026-01-29 | Ratnapura 60,000",white,Used,650,Hybrid,Suzuki,60000,Wagon R,2019,650,2019,Automatic,Car(Hatchback)
Toyota Vios 2003,"Rs: 7,000,000",,2026-01-29 | Buttala Find Out More,other,Used,1300,Petrol,Toyota,0,Vios,2003,1300,2004,Automatic,Car(Hatchback)
Nissan Sunny 1992,"Rs: 2,250,000",km Find,"2026-01-29 | Yakkala 150,000",other,Used,2000,Diesel,Nissan,150000,Sunny,1992,2000,1995,Manual,Car(Saloon)
Tata Indica 2015,"Rs: 2,700,000",km Find,"2026-01-29 | Batticaloa 112,000",maroon,Used,1200,Petrol,Tata,112000,Indica,2015,1200,2015,Manual,Car(Hatchback)
Suzuki Wagon R 2018,"Rs: 6,850,000",,2026-01-29 | Siyambalewa Find Out More,white,Used,650,Petrol,Suzuki,0,Wagon R,2018,650,2018,Automatic,Car(Liftback)
Suzuki Alto 2015,"Rs: 4,000,000",,2026-01-29 | Godagama Find Out More,black,Used,800,Petrol,Suzuki,0,Alto,2015,800,2015,Manual,Car(Liftback)
Suzuki Baleno 2019,"Rs: 8,350,000",km Find,"2026-01-29 | Biyagama 35,000",white,Used,998,Petrol,Suzuki,35000,Baleno,2019,998,2019,Automatic,Car(Hatchback)
Suzuki Alto 2015,"Rs: 4,000,000",,2026-01-29 | Angoda Find Out More,red,Used,800,Petrol,Suzuki,0,Alto,2015,800,2015,Manual,Car(Liftback)
Toyota Aqua 2011,"Rs: 6,795,000",km Find,"2026-01-29 | Sri Jayawardenepura Kotte 75,000",silver,Used,1300,Petrol,Toyota,75000,Aqua,2011,1300,2011,Other,Car(Hatchback)
Mazda Axela 2007,"Rs: 6,075,000",km Find,"2026-01-29 | Malabe 149,700",white,Used,2007,Petrol,Mazda,149700,Axela,2007,2007,2007,Automatic,Car(Saloon)
Honda Civic 2017,"Rs: 12,500,000",km Find,"2026-02-19 | Telijjawila 82,285",silver,Used,1000,Petrol,Honda,82285,Civic,2017,1000,2018,Automatic,Car()
KIA Sephia 2002,"Rs: 2,600,000",km Find,"2026-02-10 | Mattegoda 162,481",gray,Used,1331,Petrol,KIA,162481,Sephia,2002,1331,2003,Automatic,Car(Sedan)
Toyota Belta 2007,"Rs: 5,500,000",km Find,"2026-02-06 | Homagama 166,600",silver,Used,1000,Petrol,Toyota,166600,Belta,2007,1000,2009,Automatic,Car(Saloon)
Nissan AD Wagon 1999,"Rs: 3,250,000",km Find,"2026-01-29 | Badulla 100,000",white,Used,1290,Petrol,Nissan,100000,AD Wagon,1999,1290,2005,Automatic,Car()
Suzuki Wagon R 2017,"Rs: 6,300,000",km Find,"2026-01-29 | Piliyandala 35,360",purple,Used,650,Hybrid,Suzuki,35360,Wagon R,2017,650,2018,Automatic,Car(Sedan)
Daihatsu Charade 1990,"Rs: 1,550,000",km Find,"2026-01-29 | Kandy 14,000",white,Used,1000,Petrol,Daihatsu,14000,Charade,1990,1000,1993,Manual,Car(Hatchback)
Suzuki Wagon R 2024,"Rs: 7,500,000",km Find,"2026-01-29 | Anuradhapura 3,000",black,Brand New,650,Petrol,Suzuki,3000,Wagon R,2024,650,Ref:,Automatic,Car(Hatchback)
Honda Accord 1994,"Rs: 2,850,000",,2026-01-29 | Agarapathana Find Out More,blue,Used,2000,Petrol,Honda,0,Accord,1994,2000,1994,Manual,Car(Saloon)
Daihatsu Mira 2025,"Rs: 6,600,000",km Find,"2026-01-29 | Anuradhapura 3,000",silver,Brand New,658,Petrol,Daihatsu,3000,Mira,2025,658,Ref:,Automatic,Car()
Toyota Corolla 1999,"Rs: 3,650,000",km Find,"2026-01-29 | Malabe 350,000",silver,Used,1975,Diesel,Toyota,350000,Corolla,1999,1975,1999,Manual,Car(Hatchback)
Suzuki Alto 2010,"Rs: 3,175,000",km Find,"2026-01-29 | Hali Ela 90,367",blue,Used,800,Petrol,Suzuki,90367,Alto,2010,800,2011,Manual,Car(Hatchback)
Suzuki Swift 2008,"Rs: 4,990,000",km Find,"2026-01-29 | Malabe 130,000",blue,Used,1300,Petrol,Suzuki,130000,Swift,2008,1300,2010,Automatic,Car(Hatchback)
Nissan Dayz 2024,"Rs: 8,390,000",,2026-01-29 | Colombo Fort (Colombo 01) Find Out More,black,Reconditioned,660,Petrol,Nissan,0,Dayz,2024,660,2024,Automatic,Car(Hatchback)
Mitsubishi eK 2025,"Rs: 7,175,000",,2026-01-29 | Colombo Fort (Colombo 01) Find Out More,silver,Brand New,650,Petrol,Mitsubishi,0,eK,2025,650,Ref:,Automatic,Car(Hatchback)
Toyota Premio 2015,"Rs: 12,000,000",km Find,"2026-01-29 | Nugegoda 97,000",black,Used,1490,Petrol,Toyota,97000,Premio,2015,1490,2015,Automatic,Car(Saloon)
Daihatsu Mira 2024,"Rs: 6,400,000",km Find,"2026-01-29 | Colombo Fort (Colombo 01) 6,600",silver,Reconditioned,660,Petrol,Daihatsu,6600,Mira,2024,660,2024,Automatic,Car(Hatchback)
Honda Civic 2017,"Rs: 12,500,000",km Find,"2026-02-19 | Telijjawila 82,285",silver,Used,1000,Petrol,Honda,82285,Civic,2017,1000,2018,Automatic,Car()
KIA Sephia 2002,"Rs: 2,600,000",km Find,"2026-02-10 | Mattegoda 162,481",gray,Used,1331,Petrol,KIA,162481,Sephia,2002,1331,2003,Automatic,Car(Sedan)
Toyota Belta 2007,"Rs: 5,500,000",km Find,"2026-02-06 | Homagama 166,600",silver,Used,1000,Petrol,Toyota,166600,Belta,2007,1000,2009,Automatic,Car(Saloon)
Toyota Axio 2018,"Rs: 12,800,000",km Find,"2026-01-29 | Nittambuwa 145,000",white,Used,1500,Hybrid,Toyota,145000,Axio,2018,1500,2018,Automatic,Car()
Nissan Almera 2025,"Rs: 13,490,000",,2026-01-29 | Colombo Fort (Colombo 01) Find Out More,white,Brand New,1000,Petrol,Nissan,0,Almera,2025,1000,Ref:,Automatic,Car(Saloon)
Toyota Yaris Ativ 2025,"Rs: 16,500,000",,2026-01-29 | Colombo Fort (Colombo 01) Find Out More,white,Brand New,1200,Petrol,Toyota,0,Yaris Ativ,2025,1200,Ref:,Automatic,Car(Saloon)
Suzuki Celerio 2016,"Rs: 4,900,000",km Find,"2026-01-29 | Ratmalana 130,000",red,Used,1000,Petrol,Suzuki,130000,Celerio,2016,1000,2016,Automatic,Car(Liftback)
Suzuki Maruti 2007,"Rs: 2,190,000",km Find,"2026-01-29 | Ratnapura 67,500",blue,Used,800,Petrol,Suzuki,67500,Maruti,2007,800,2007,Manual,Car(Hatchback)
Toyota Premio 2019,"Rs: 15,700,000",km Find,"2026-01-29 | Colombo Fort (Colombo 01) 113,000",white,Used,1500,Petrol,Toyota,113000,Premio,2019,1500,2019,Automatic,Car(Liftback)
Suzuki Wagon R 2016,"Rs: 5,790,000",km Find,"2026-01-29 | Piliyandala 96,000",white,Used,650,Hybrid,Suzuki,96000,Wagon R,2016,650,2016,Automatic,Car()
Subaru Pleo 2023,"Rs: 5,900,000",km Find,"2026-01-29 | Narammala 7,500",red,Reconditioned,658,Petrol,Subaru,7500,Pleo,2023,658,2026,Automatic,Car(Hatchback)
Toyota IST 2003,"Rs: 5,325,000",km Find,"2026-01-29 | Ratnapura 178,000",blue,Used,1300,Petrol,Toyota,178000,IST,2003,1300,2006,Automatic,Car(Hatchback)
Toyota Vitz 2015,"Rs: 6,790,000",km Find,"2026-01-29 | Ja-Ela 116,000",black,Used,1500,Petrol,Toyota,116000,Vitz,2015,1500,2018,Automatic,Car()
Toyota Premio 2014,"Rs: 11,700,000",km Find,"2026-01-29 | Monaragala 106,000",white,Used,1500,Petrol,Toyota,106000,Premio,2014,1500,2014,Automatic,Car(Liftback)
Suzuki Wagon R 2023,"Rs: 7,650,000",km Find,2026-01-29 | Kandy 0,orange,Used,660,Petrol,Suzuki,00000,Wagon R,2023,660,2023,Automatic,Car()
Perodua Axia 2016,"Rs: 5,600,000",km Find,"2026-01-29 | Katuwawala 71,000",white,Used,1000,Petrol,Perodua,71000,Axia,2016,1000,2016,Automatic,Car(Hatchback)
Nissan Tiida 2007,"Rs: 5,200,000",km Find,"2026-01-29 | Moratuwa 218,000",beige,Used,1500,Petrol,Nissan,218000,Tiida,2007,1500,2008,Automatic,Car(Sedan)
Toyota Passo 2011,"Rs: 4,575,000",km Find,"2026-01-29 | Moratuwa 127,000",black,Used,1300,Petrol,Toyota,127000,Passo,2011,1300,2011,Automatic,Car(Hatchback)
Nissan Sunny 2002,"Rs: 4,580,000",km Find,"2026-01-29 | Minuwangoda 170,000",gray,Used,1500,Petrol,Nissan,170000,Sunny,2002,1500,2005,Automatic,Car(Saloon)
Honda Fit 2014,"Rs: 7,750,000",km Find,"2026-01-29 | Hapugala 180,000",white,Used,1500,Hybrid,Honda,180000,Fit,2014,1500,2015,Automatic,Car(Hatchback)
Honda Civic 2017,"Rs: 12,500,000",km Find,"2026-02-19 | Telijjawila 82,285",silver,Used,1000,Petrol,Honda,82285,Civic,2017,1000,2018,Automatic,Car()
KIA Sephia 2002,"Rs: 2,600,000",km Find,"2026-02-10 | Mattegoda 162,481",gray,Used,1331,Petrol,KIA,162481,Sephia,2002,1331,2003,Automatic,Car(Sedan)
Toyota Belta 2007,"Rs: 5,500,000",km Find,"2026-02-06 | Homagama 166,600",silver,Used,1000,Petrol,Toyota,166600,Belta,2007,1000,2009,Automatic,Car(Saloon)
Toyota Avanza 2011,"Rs: 7,450,000",km Find,"2026-01-29 | Maharagama 121,000",silver,Used,1500,Petrol,Toyota,121000,Avanza,2011,1500,2011,Automatic,Car(Station wagon)
Honda Fit 2014,"Rs: 7,575,000",km Find,"2026-01-29 | Moratuwa 125,000",black,Used,1500,Hybrid,Honda,125000,Fit,2014,1500,2014,Automatic,Car(Liftback)
Toyota Corolla 2003,"Rs: 5,825,000",km Find,"2026-01-29 | Kirindiwela 173,000",silver,Used,1500,Petrol,Toyota,173000,Corolla,2003,1500,2006,Automatic,Car(Saloon)
Toyota Passo 2008,"Rs: 4,725,000",km Find,"2026-01-29 | Pannipitiya 150,000",navy,Used,650,Petrol,Toyota,150000,Passo,2008,650,2011,Automatic,Car(Liftback)
Toyota Premio 2007,"Rs: 9,800,000",km Find,"2026-01-29 | Sri Jayawardenepura Kotte 108,000",maroon,Used,1500,Petrol,Toyota,108000,Premio,2007,1500,2010,Automatic,Car(Saloon)
Nissan Sunny 1998,"Rs: 2,450,000",km Find,"2026-01-29 | Piliyandala 226,800",gray,Used,1950,Diesel,Nissan,226800,Sunny,1998,1950,1998,Manual,Car(Saloon)
Toyota Vitz 2018,"Rs: 8,200,000",km Find,"2026-01-29 | Pannala 61,345",silver,Used,1000,Petrol,Toyota,61345,Vitz,2018,1000,0000,Manual,Car(Sports)
Suzuki Alto 2010,"Rs: 3,275,000",km Find,"2026-01-29 | Pannala 65,110",silver,Used,800,Petrol,Suzuki,65110,Alto,2010,800,0000,Manual,Car(Sports)
Toyota Corolla 1998,"Rs: 4,675,000",km Find,"2026-01-29 | Dekatana 190,000",white,Used,1500,Petrol,Toyota,190000,Corolla,1998,1500,2000,Automatic,Car(Saloon)
Toyota Yaris 2007,"Rs: 6,190,000",km Find,"2026-01-29 | Galle 190,000",black,Used,0000,Petrol,Toyota,190000,Yaris,2007,0000,2007,Manual,Car(Saloon)
Daihatsu Mira 2024,"Rs: 6,850,000",,2026-01-29 | Sapugaskanda Find Out More,blue,Brand New,660,Petrol,Daihatsu,0,Mira,2024,660,Ref:,Automatic,Car(Hatchback)
Honda Fit 2013,"Rs: 6,450,000",km Find,"2026-01-29 | Pannala 122,000",blue,Used,1330,Petrol,Honda,122000,Fit,2013,1330,0000,Manual,Car(Sports)
Daihatsu Mira 2023,"Rs: 6,790,000",km Find,"2026-01-29 | Sapugaskanda 6,610",black,Brand New,660,Petrol,Daihatsu,6610,Mira,2023,660,Ref:,Automatic,Car(Hatchback)
Micro Panda Cross 2013,"Rs: 3,100,000",,2026-01-29 | Moratuwa Find Out More,black,Used,1300,Petrol,Micro,0,Panda Cross,2013,1300,0000,Manual,Car(Sports)
Toyota Aqua 2013,"Rs: 7,500,000",km Find,"2026-01-29 | Nugegoda 172,000",silver,Used,1490,Hybrid,Toyota,172000,Aqua,2013,1490,2015,Automatic,Car(Liftback)
Honda Civic 2017,"Rs: 12,500,000",km Find,"2026-02-19 | Telijjawila 82,285",silver,Used,1000,Petrol,Honda,82285,Civic,2017,1000,2018,Automatic,Car()
KIA Sephia 2002,"Rs: 2,600,000",km Find,"2026-02-10 | Mattegoda 162,481",gray,Used,1331,Petrol,KIA,162481,Sephia,2002,1331,2003,Automatic,Car(Sedan)
Toyota Belta 2007,"Rs: 5,500,000",km Find,"2026-02-06 | Homagama 166,600",silver,Used,1000,Petrol,Toyota,166600,Belta,2007,1000,2009,Automatic,Car(Saloon)
Honda Civic 2007,"Rs: 5,575,000",km Find,"2026-01-29 | Pitipana Homagama 106,000",silver,Used,1490,Petrol,Honda,106000,Civic,2007,1490,2013,Manual,Car(Hatchback)
Tata Indigo 2015,"Rs: 3,290,000",km Find,"2026-01-29 | Kirillawala 119,000",silver,Used,1200,Petrol,Tata,119000,Indigo,2015,1200,2015,Manual,Car(Hatchback)
Toyota Vitz 2016,"Rs: 6,690,000",km Find,"2026-01-29 | Maharagama 87,900",red,Used,1490,Hybrid,Toyota,87900,Vitz,2016,1490,2019,Automatic,Car(Hatchback)
Suzuki Alto 2017,"Rs: 5,350,000",km Find,"2026-01-28 | Mulleriyawa New Town 115,618",blue,Used,660,Petrol,Suzuki,115618,Alto,2017,660,2017,Automatic,Car(Hatchback)
Suzuki Wagon R 2014,"Rs: 4,100,000",km Find,2026-01-28 | Horana 196,red,Used,1000,Petrol,Suzuki,196,Wagon R,2014,1000,2014,Manual,Car(Hatchback)
Suzuki Celerio 2015,"Rs: 4,750,000",km Find,"2026-01-28 | Moratuwa 60,000",gray,Used,1000,Petrol,Suzuki,60000,Celerio,2015,1000,2015,Automatic,Car(Hatchback)
Honda Grace 2017,"Rs: 9,800,000",km Find,"2026-01-28 | Wellawatta (Colombo 06) 130,000",white,Excellent running condition,1500,Petrol,Honda,130000,Grace,2017,1500,2017,Automatic,Car(Hatchback)
Toyota Aqua 2013,"Rs: 6,700,000",km Find,"2026-01-28 | Kottawa 1,330,000",black,Used,1500,Hybrid,Toyota,1330000,Aqua,2013,1500,2013,Automatic,Car(Hatchback)
Toyota Yaris 2022,"Rs: 8,900,000",km Find,"2026-01-28 | Ibbagamuwa 53,000",white,Used,1300,Petrol,Toyota,53000,Yaris,2022,1300,2022,Automatic,Car(Hatchback)
Suzuki Wagon R 2015,"Rs: 5,750,000",km Find,"2026-01-28 | Gampola 145,000",black,Used,1000,Petrol,Suzuki,145000,Wagon R,2015,1000,0000,Automatic,Car(Hatchback)
Nissan Presea 1995,"Rs: 2,340,000",km Find,"2026-01-28 | Katugastota 150,000",black,Used,1500,Petrol,Nissan,150000,Presea,1995,1500,1999,Manual,Car(Hatchback)
Toyota Vitz 2005,"Rs: 5,100,000",km Find,2026-01-28 | Gampola 0,blue,Used,1000,Hybrid,Toyota,00000,Vitz,2005,1000,2011,Automatic,Car(Hatchback)
Toyota Axio 2008,"Rs: 7,850,000",km Find,"2026-01-28 | Matugama 154,000",white,Used,1800,Petrol,Toyota,154000,Axio,2008,1800,2010,Automatic,Car(Saloon)
Toyota Premio 2017,"Rs: 15,500,000",km Find,"2026-01-28 | Kohuwala 80,915",black,Reconditioned,1500,Petrol,Toyota,80915,Premio,2017,1500,2018,Automatic,Car(Saloon)
Toyota Roomy 2017,"Rs: 8,200,000",km Find,"2026-01-28 | Kolonnawa 59,000",orange,Used,1000,Petrol,Toyota,59000,Roomy,2017,1000,2019,Automatic,Car(Liftback)
Suzuki Wagon R 2025,"Rs: 9,950,000",,2026-01-28 | Moratuwa Find Out More,white,Brand New,660,Petrol,Suzuki,0,Wagon R,2025,660,Ref:,Automatic,Car(Station wagon)
Honda Civic 2017,"Rs: 12,500,000",km Find,"2026-02-19 | Telijjawila 82,285",silver,Used,1000,Petrol,Honda,82285,Civic,2017,1000,2018,Automatic,Car()
KIA Sephia 2002,"Rs: 2,600,000",km Find,"2026-02-10 | Mattegoda 162,481",gray,Used,1331,Petrol,KIA,162481,Sephia,2002,1331,2003,Automatic,Car(Sedan)
Toyota Belta 2007,"Rs: 5,500,000",km Find,"2026-02-06 | Homagama 166,600",silver,Used,1000,Petrol,Toyota,166600,Belta,2007,1000,2009,Automatic,Car(Saloon)
Suzuki Wagon R 2017,"Rs: 6,390,000",km Find,"2026-01-28 | Sooriyawewa Town 114,000",other,Used,0000,Petrol,Suzuki,114000,Wagon R,2017,0000,2017,Automatic,Car(Hatchback)
Nissan Pulsar 2004,"Rs: 3,550,000",,2026-01-28 | Pannala Find Out More,white,Used,1500,Petrol,Nissan,0,Pulsar,2004,1500,0000,Manual,Car(Sports)
Mitsubishi Lancer 1988,"Rs: 1,250,000",,2026-01-28 | Pannala Find Out More,white,Used,1470,Petrol,Mitsubishi,0,Lancer,1988,1470,1990,Manual,Car()
Suzuki Swift 2011,"Rs: 4,250,000",km Find,"2026-01-28 | Nugegoda 69,800",gray,Used,1200,Petrol,Suzuki,69800,Swift,2011,1200,2011,Manual,Car(Liftback)
Toyota Corolla 2000,"Rs: 5,650,000",km Find,"2026-01-28 | Kottawa 200,000",blue,Used,1500,Petrol,Toyota,200000,Corolla,2000,1500,2004,Automatic,Car(Saloon)
Toyota Corolla 2004,"Rs: 5,280,000",km Find,"2026-01-28 | Anuradhapura 195,000",white,Used,1500,Petrol,Toyota,195000,Corolla,2004,1500,2004,Automatic,Car(Saloon)
Toyota Prius 2014,"Rs: 10,500,000",km Find,"2026-01-28 | Kandy 175,000",black,Used,1799,Hybrid,Toyota,175000,Prius,2014,1799,2014,Automatic,Car(Hatchback)
Toyota Corolla 2000,"Rs: 5,300,000",km Find,"2026-01-28 | Piliyandala 192,000",white,Used,1500,Petrol,Toyota,192000,Corolla,2000,1500,2000,Automatic,Car(Saloon)
Toyota Corolla 1990,"Rs: 1,650,000",km Find,"2026-01-28 | Kandy 294,000",white,Used,1390,Petrol,Toyota,294000,Corolla,1990,1390,1993,Manual,Car(Saloon)
Micro Panda 2018,"Rs: 4,300,000",km Find,"2026-01-28 | Nugegoda 75,000",white,Used,1300,Petrol,Micro,75000,Panda,2018,1300,2018,Other,Car(Liftback)
Daihatsu Charade 2000,"Rs: 3,350,000",km Find,"2026-01-28 | Rajagiriya 75,000",blue,Used,1300,Petrol,Daihatsu,75000,Charade,2000,1300,2000,Other,Car(Liftback)
Toyota Corolla 2001,"Rs: 5,350,000",km Find,"2026-01-28 | Ratnapura 219,386",black,Used,1500,Petrol,Toyota,219386,Corolla,2001,1500,2005,Automatic,Car(Saloon)
Toyota Prius 2010,"Rs: 8,600,000",km Find,"2026-01-28 | Rajagiriya 100,000",blue,Used,1200,Petrol,Toyota,100000,Prius,2010,1200,2011,Other,Car(Hatchback)
Honda Fit 2015,"Rs: 7,800,000",km Find,"2026-01-28 | Rajagiriya 113,000",black,Used,1500,Hybrid,Honda,113000,Fit,2015,1500,2016,Automatic,Car(Hatchback)
Suzuki Wagon R 2018,"Rs: 6,600,000",km Find,"2026-01-28 | Kotte 64,000",maroon,Used,800,Petrol,Suzuki,64000,Wagon R,2018,800,2018,Automatic,Car(Liftback)
Toyota Vitz 2000,"Rs: 4,300,000",km Find,"2026-01-28 | Kochchikade 200,000",black,Used,990,Petrol,Toyota,200000,Vitz,2000,990,2003,Automatic,Car(Hatchback)
Honda Civic 2017,"Rs: 12,500,000",km Find,"2026-02-19 | Telijjawila 82,285",silver,Used,1000,Petrol,Honda,82285,Civic,2017,1000,2018,Automatic,Car()
KIA Sephia 2002,"Rs: 2,600,000",km Find,"2026-02-10 | Mattegoda 162,481",gray,Used,1331,Petrol,KIA,162481,Sephia,2002,1331,2003,Automatic,Car(Sedan)
Toyota Belta 2007,"Rs: 5,500,000",km Find,"2026-02-06 | Homagama 166,600",silver,Used,1000,Petrol,Toyota,166600,Belta,2007,1000,2009,Automatic,Car(Saloon)
Suzuki Wagon R 2017,"Rs: 5,800,000",km Find,"2026-01-28 | Boralesgamuwa 87,000",black,Used,1500,Hybrid,Suzuki,87000,Wagon R,2017,1500,2017,Automatic,Car(Liftback)
Suzuki Wagon R 2018,"Rs: 6,400,000",km Find,"2026-01-28 | Boralesgamuwa 75,000",red,Used,650,Hybrid,Suzuki,75000,Wagon R,2018,650,2018,Automatic,Car(Liftback)
Hyundai Eon 2015,"Rs: 3,670,000",km Find,"2026-01-28 | Hingurakgoda 75,000",gray,Used,1200,Petrol,Hyundai,75000,Eon,2015,1200,2015,Automatic,Car(Liftback)
Nissan Dayz 2024,"Rs: 7,300,000",km Find,"2026-01-28 | Kottawa 6,600",other,Brand New,660,Petrol,Nissan,6600,Dayz,2024,660,Ref:,Automatic,Car(Hatchback)
Audi A3 2023,"Rs: 18,500,000",km Find,"2026-01-28 | Kiribathgoda 19,500",blue,Reconditioned,1000,Petrol,Audi,19500,A3,2023,1000,0000,Automatic,Car(Saloon)
Suzuki Wagon R 2015,"Rs: 6,050,000",km Find,"2026-01-28 | Kandy 113,000",maroon,Used,0000,Petrol,Suzuki,113000,Wagon R,2015,0000,2017,Automatic,Car(Hatchback)
Daihatsu Mira 2023,"Rs: 6,350,000",km Find,"2026-01-28 | Kottawa 6,600",white,Brand New,660,Petrol,Daihatsu,6600,Mira,2023,660,Ref:,Automatic,Car(Hatchback)
Nissan Roox 2023,"Rs: 7,790,000",km Find,"2026-01-28 | Kottawa 48,500",white,Brand New,660,Hybrid,Nissan,48500,Roox,2023,660,Ref:,Automatic,Car(Hatchback)
Toyota Corolla 2002,"Rs: 3,850,000",km Find,"2026-01-28 | Monaragala 123,456",gray,Used,1500,Petrol,Toyota,123456,Corolla,2002,1500,2005,Automatic,Car(Saloon)
Honda N BOX 2023,"Rs: 7,650,000",km Find,"2026-01-28 | Kottawa 6,600",black,Reconditioned,660,Petrol,Honda,6600,N BOX,2023,660,2026,Automatic,Car(Hatchback)
Nissan Roox 2023,"Rs: 7,700,000",km Find,"2026-01-28 | Kottawa 6,600",white,Brand New,660,Petrol,Nissan,6600,Roox,2023,660,Ref:,Automatic,Car(Hatchback)
Nissan FB 15 1994,"Rs: 2,500,000",km Find,"2026-01-28 | Anuradhapura 123,456",gray,Used,1500,Petrol,Nissan,123456,FB 15,1994,1500,1998,Automatic,Car(Sedan)
Honda Civic 2017,"Rs: 12,500,000",km Find,"2026-02-19 | Telijjawila 82,285",silver,Used,1000,Petrol,Honda,82285,Civic,2017,1000,2018,Automatic,Car()
KIA Sephia 2002,"Rs: 2,600,000",km Find,"2026-02-10 | Mattegoda 162,481",gray,Used,1331,Petrol,KIA,162481,Sephia,2002,1331,2003,Automatic,Car(Sedan)
Toyota Belta 2007,"Rs: 5,500,000",km Find,"2026-02-06 | Homagama 166,600",silver,Used,1000,Petrol,Toyota,166600,Belta,2007,1000,2009,Automatic,Car(Saloon)
Toyota Prius 2011,"Rs: 8,590,000",km Find,"2026-01-28 | Dehiwala 134,500",silver,Used,1790,Hybrid,Toyota,134500,Prius,2011,1790,2013,Automatic,Car(Sedan)
Suzuki Wagon R 2017,"Rs: 7,050,000",km Find,"2026-01-28 | Gampaha 102,000",white,Used,600,Petrol,Suzuki,102000,Wagon R,2017,600,2018,Automatic,Car(Hatchback)
Toyota Axio 2014,"Rs: 8,200,000",km Find,"2026-01-28 | Boralesgamuwa 121,000",white,Used,1500,Hybrid,Toyota,121000,Axio,2014,1500,2015,Automatic,Car(Saloon)
Suzuki Wagon R 2015,"Rs: 5,200,000",km Find,"2026-01-28 | Boralesgamuwa 152,000",blue,Used,1500,Hybrid,Suzuki,152000,Wagon R,2015,1500,2017,Automatic,Car(Liftback)
Audi A3 2023,"Rs: 18,950,000",,2026-01-28 | Sapugaskanda Find Out More,black,Brand New,1984,Petrol,Audi,0,A3,2023,1984,Ref:,Automatic,Car(Sedan)
Suzuki Alto 2004,"Rs: 3,525,000",km Find,"2026-01-28 | Nikaweratiya 18,100",white,Used,650,Petrol,Suzuki,18100,Alto,2004,650,2006,Automatic,Car(Hatchback)
Suzuki Swift 2009,"Rs: 5,800,000",km Find,"2026-01-28 | Sapugaskanda 175,755",silver,Used,1242,Petrol,Suzuki,175755,Swift,2009,1242,2009,Automatic,Car(Hatchback)
Suzuki Spacia 2022,"Rs: 8,350,000",km Find,"2026-01-28 | Alutgama 30,000",white,Brand New,660,Hybrid,Suzuki,30000,Spacia,2022,660,Ref:,Automatic,Car(Hatchback)
Toyota Vitz 2007,"Rs: 5,350,000",km Find,"2026-01-28 | Alutgama 160,000",silver,Used,650,Petrol,Toyota,160000,Vitz,2007,650,2011,Automatic,Car(Hatchback)
Honda Insight 2009,"Rs: 7,375,000",km Find,"2026-01-28 | Kiribathgoda 172,000",white,Used,1200,Petrol,Honda,172000,Insight,2009,1200,2011,Manual,Car(Hatchback)
KIA Sportage 2012,"Rs: 8,500,000",km Find,"2026-01-28 | Alutgama 180,000",black,Used,2000,Petrol,KIA,180000,Sportage,2012,2000,2013,Automatic,Car(Hatchback)
Toyota Vitz 2015,"Rs: 6,950,000",km Find,"2026-01-28 | Polonnaruwa 66,815",blue,Used,990,Petrol,Toyota,66815,Vitz,2015,990,2018,Automatic,Car(Hatchback)
Suzuki Wagon R 2014,"Rs: 5,375,000",km Find,"2026-01-28 | Alutgama 100,000",silver,Used,650,Hybrid,Suzuki,100000,Wagon R,2014,650,2016,Automatic,Car(Hatchback)
Honda Civic 2017,"Rs: 12,500,000",km Find,"2026-02-19 | Telijjawila 82,285",silver,Used,1000,Petrol,Honda,82285,Civic,2017,1000,2018,Automatic,Car()
KIA Sephia 2002,"Rs: 2,600,000",km Find,"2026-02-10 | Mattegoda 162,481",gray,Used,1331,Petrol,KIA,162481,Sephia,2002,1331,2003,Automatic,Car(Sedan)
Toyota Belta 2007,"Rs: 5,500,000",km Find,"2026-02-06 | Homagama 166,600",silver,Used,1000,Petrol,Toyota,166600,Belta,2007,1000,2009,Automatic,Car(Saloon)
Suzuki Wagon R 2017,"Rs: 5,700,000",km Find,"2026-01-28 | Boralesgamuwa 87,000",black,Used,1500,Hybrid,Suzuki,87000,Wagon R,2017,1500,2017,Automatic,Car(Liftback)
Toyota Allion 2002,"Rs: 6,195,000",km Find,"2026-01-28 | Negombo 195,000",silver,Used,1490,Petrol,Toyota,195000,Allion,2002,1490,2005,Manual,Car(Saloon)
Toyota Axio 2014,"Rs: 8,200,000",km Find,"2026-01-28 | Ja-Ela 121,000",white,Used,1500,Hybrid,Toyota,121000,Axio,2014,1500,2014,Automatic,Car(Hatchback)
Honda N BOX 2015,"Rs: 5,540,000",km Find,"2026-01-27 | Raddolugama 245,000",black,Used,650,Petrol,Honda,245000,N BOX,2015,650,2018,Automatic,Car(Station wagon)
Suzuki Spacia 2024,"Rs: 9,375,000",km Find,"2026-01-27 | Madawala Bazaar 4,000",white,Brand New,650,Hybrid,Suzuki,4000,Spacia,2024,650,2,Automatic,Car(Station wagon)
Toyota Premio 2012,"Rs: 8,750,000",km Find,"2026-01-27 | Agaliya 96,000",white,Used,1500,Petrol,Toyota,96000,Premio,2012,1500,2013,Manual,Car(Hatchback)
Suzuki Wagon R 2014,"Rs: 5,500,000",,2026-01-27 | Hokandara Find Out More,silver,Used,650,Petrol,Suzuki,0,Wagon R,2014,650,2015,Automatic,Car(Liftback)
Mitsubishi Lancer 2002,"Rs: 6,000,000",,2026-01-27 | Kurunegala Find Out More,gray,Used,1500,Petrol,Mitsubishi,0,Lancer,2002,1500,2002,Manual,Car(Hatchback)
Suzuki Alto 2015,"Rs: 4,000,000",,2026-01-27 | Gampola Find Out More,white,Used,800,Petrol,Suzuki,0,Alto,2015,800,2015,Manual,Car(Liftback)
Suzuki Wagon R 2018,"Rs: 6,525,000",km Find,"2026-01-27 | Gampaha 68,000",silver,Used,650,Petrol,Suzuki,68000,Wagon R,2018,650,2018,Automatic,Car(Hatchback)
Suzuki Alto 2013,"Rs: 3,500,000",,2026-01-27 | Horana Find Out More,other,Used,800,Petrol,Suzuki,0,Alto,2013,800,2013,Manual,Car(Hatchback)
Mitsubishi Lancer 1982,"Rs: 850,000",km Find,"2026-01-27 | Rambukkana 223,300",silver,Used,1400,Petrol,Mitsubishi,223300,Lancer,1982,1400,1982,Manual,Car(Station wagon)
Datsun Redi Go 2016,"Rs: 3,350,000",km Find,"2026-01-27 | Padukka 47,090",green,Used,800,Petrol,Datsun,47090,Redi Go,2016,800,2016,Manual,Car(Hatchback)
Suzuki Maruti 2011,"Rs: 2,275,000",km Find,"2026-01-27 | Morontuduwa 93,000",black,Used,800,Petrol,Suzuki,93000,Maruti,2011,800,2012,Manual,Car(Hatchback)
Toyota Aqua 2012,"Rs: 6,700,000",km Find,"2026-01-27 | Dehiwala 160,000",orange,Used,1490,Hybrid,Toyota,160000,Aqua,2012,1490,2013,Automatic,Car(Hatchback)
Micro Panda 2018,"Rs: 4,000,000",km Find,"2026-01-27 | Godagama 52,000",other,Used,1000,Petrol,Micro,52000,Panda,2018,1000,2018,Manual,Car(Hatchback)
Toyota Vios 2003,"Rs: 5,000,000",km Find,"2026-01-27 | Gampaha 173,000",gold,Used,1500,Petrol,Toyota,173000,Vios,2003,1500,2007,Automatic,Car(Hatchback)
Suzuki Wagon R 2007,"Rs: 4,200,000",km Find,"2026-01-27 | Piliyandala 1,000",white,Used,1500,Petrol,Suzuki,1000,Wagon R,2007,1500,2007,Manual,Car(Hatchback)
Honda Civic 2017,"Rs: 12,500,000",km Find,"2026-02-19 | Telijjawila 82,285",silver,Used,1000,Petrol,Honda,82285,Civic,2017,1000,2018,Automatic,Car()
KIA Sephia 2002,"Rs: 2,600,000",km Find,"2026-02-10 | Mattegoda 162,481",gray,Used,1331,Petrol,KIA,162481,Sephia,2002,1331,2003,Automatic,Car(Sedan)
Toyota Belta 2007,"Rs: 5,500,000",km Find,"2026-02-06 | Homagama 166,600",silver,Used,1000,Petrol,Toyota,166600,Belta,2007,1000,2009,Automatic,Car(Saloon)
Chery QQ 2007,"Rs: 1,790,000",km Find,"2026-01-27 | Padukka 65,900",green,Used,800,Petrol,Chery,65900,QQ,2007,800,2008,Manual,Car(Hatchback)
Nissan Sunny 1996,"Rs: 3,275,000",km Find,"2026-01-27 | Matale 150,000",gold,Used,1500,Petrol,Nissan,150000,Sunny,1996,1500,1999,Automatic,Car(Saloon)
Toyota Vitz 2007,"Rs: 5,185,000",km Find,"2026-01-27 | Kurunegala 226,000",silver,Used,1000,Petrol,Toyota,226000,Vitz,2007,1000,2011,Automatic,Car(Hatchback)
Toyota Carina 1998,"Rs: 3,500,000",,2026-01-27 | Bingiriya Find Out More,other,Used,1500,Petrol,Toyota,0,Carina,1998,1500,2000,Automatic,Car(Liftback)
Daihatsu Tanto 2017,"Rs: 7,000,000",,2026-01-27 | Murunkan Find Out More,red,Used,1000,Petrol,Daihatsu,0,Tanto,2017,1000,2020,Automatic,Car(Liftback)
Suzuki Alto 2015,"Rs: 3,850,000",km Find,"2026-01-27 | Battaramulla 75,000",black,Used,1000,Petrol,Suzuki,75000,Alto,2015,1000,2015,Other,Car(Hatchback)
Toyota Alpha 2012,"Rs: 11,800,000",km Find,"2026-01-27 | Marawila 140,000",silver,Used,1800,Hybrid,Toyota,140000,Alpha,2012,1800,2014,Automatic,Car(Hatchback)
Honda Aria 2008,"Rs: 5,100,000",km Find,"2026-01-27 | Anuradhapura 199,000",gray,Used,1500,Petrol,Honda,199000,Aria,2008,1500,2008,Automatic,Car(Saloon)
Suzuki Wagon R 2016,"Rs: 5,875,000",km Find,"2026-01-27 | Gampaha 114,000",white,Used,650,Petrol,Suzuki,114000,Wagon R,2016,650,2018,Automatic,Car(Hatchback)
Suzuki Wagon R 2017,"Rs: 6,150,000",km Find,"2026-01-27 | Maharagama 130,000",white,Used,660,Hybrid,Suzuki,130000,Wagon R,2017,660,2017,Automatic,Car(Liftback)
Suzuki Wagon R 2018,"Rs: 7,100,000",km Find,"2026-01-27 | Maharagama 69,000",white,Used,660,Petrol,Suzuki,69000,Wagon R,2018,660,2018,Automatic,Car(Liftback)
Suzuki Wagon R 2014,"Rs: 5,450,000",km Find,"2026-01-27 | Kurunegala 133,000",red,Used,0000,Petrol,Suzuki,133000,Wagon R,2014,0000,2016,Automatic,Car(Hatchback)
Toyota Vitz 2017,"Rs: 7,490,000",km Find,"2026-01-27 | Anuradhapura 94,000",black,Used,1000,Petrol,Toyota,94000,Vitz,2017,1000,2017,Automatic,Car(Hatchback)
Honda N BOX 2023,"Rs: 7,600,000",km Find,"2026-01-27 | Kottawa 6,600",black,Reconditioned,660,Petrol,Honda,6600,N BOX,2023,660,2026,Automatic,Car(Hatchback)
Nissan Magnite 2025,"Rs: 9,150,000",km Find,"2026-01-27 | Anuradhapura 2,800",silver,Used,999,Petrol,Nissan,2800,Magnite,2025,999,2025,Automatic,Car(Hatchback)
KIA Mentor 2000,"Rs: 1,900,000",km Find,"2026-01-27 | Ja-Ela 65,000",black,Used,1500,Petrol,KIA,65000,Mentor,2000,1500,2004,Automatic,Car(Saloon)
Honda Civic 2017,"Rs: 12,500,000",km Find,"2026-02-19 | Telijjawila 82,285",silver,Used,1000,Petrol,Honda,82285,Civic,2017,1000,2018,Automatic,Car()
KIA Sephia 2002,"Rs: 2,600,000",km Find,"2026-02-10 | Mattegoda 162,481",gray,Used,1331,Petrol,KIA,162481,Sephia,2002,1331,2003,Automatic,Car(Sedan)
Toyota Belta 2007,"Rs: 5,500,000",km Find,"2026-02-06 | Homagama 166,600",silver,Used,1000,Petrol,Toyota,166600,Belta,2007,1000,2009,Automatic,Car(Saloon)
Toyota Aqua 2014,"Rs: 8,600,000",km Find,"2026-01-27 | Ragama 93,000",white,Used,1496,Petrol,Toyota,93000,Aqua,2014,1496,2015,Automatic,Car(Hatchback)
Suzuki Wagon R 2018,"Rs: 7,250,000",km Find,"2026-01-27 | Anuradhapura 97,000",white,Used,650,Petrol,Suzuki,97000,Wagon R,2018,650,2020,Manual,Car(Liftback)
Suzuki Wagon R 2014,"Rs: 5,300,000",km Find,"2026-01-27 | Hokandara 89,000",purple,Used,0000,Petrol,Suzuki,89000,Wagon R,2014,0000,2016,Automatic,Car(Hatchback)
Toyota Vitz 2017,"Rs: 7,850,000",km Find,"2026-01-27 | Anuradhapura 91,000",white,Used,1000,Hybrid,Toyota,91000,Vitz,2017,1000,2017,Automatic,Car(Saloon)
Suzuki Wagon R 2018,"Rs: 7,300,000",km Find,"2026-01-27 | Athurugiriya 69,000",white,Used,000,Petrol,Suzuki,69000,Wagon R,2018,000,2018,Automatic,Car()
Toyota Axio 2015,"Rs: 8,500,000",km Find,"2026-01-27 | Rajagiriya 168,000",silver,Used,000,Petrol,Toyota,168000,Axio,2015,000,2015,Automatic,Car(Hatchback)
Toyota Axio 2014,"Rs: 8,300,000",km Find,"2026-01-27 | Athurugiriya 145,000",white,Used,1500,Petrol,Toyota,145000,Axio,2014,1500,2014,Automatic,Car(Hatchback)
Honda ARIA 2003,"Rs: 5,400,000",km Find,"2026-01-27 | Godagama 140,000",gold,Used,1500,Petrol,Honda,140000,ARIA,2003,1500,2007,Automatic,Car(Saloon)
Toyota Axio 2015,"Rs: 9,950,000",km Find,"2026-01-27 | Wattala 160,000",white,Used,1500,Hybrid,Toyota,160000,Axio,2015,1500,2015,Automatic,Car(Saloon)
Toyota Aqua 2013,"Rs: 7,350,000",km Find,"2026-01-27 | Matara 140,000",black,Reconditioned,1500,Petrol,Toyota,140000,Aqua,2013,1500,2016,Automatic,Car(Hatchback)
Honda Civic 2017,"Rs: 12,500,000",km Find,"2026-02-19 | Telijjawila 82,285",silver,Used,1000,Petrol,Honda,82285,Civic,2017,1000,2018,Automatic,Car()
KIA Sephia 2002,"Rs: 2,600,000",km Find,"2026-02-10 | Mattegoda 162,481",gray,Used,1331,Petrol,KIA,162481,Sephia,2002,1331,2003,Automatic,Car(Sedan)
Toyota Belta 2007,"Rs: 5,500,000",km Find,"2026-02-06 | Homagama 166,600",silver,Used,1000,Petrol,Toyota,166600,Belta,2007,1000,2009,Automatic,Car(Saloon)
Toyota Yaris Ativ 2025,"Rs: 19,300,000",,2026-01-27 | Kurunegala Find Out More,black,Brand New,1000,Petrol,Toyota,0,Yaris Ativ,2025,1000,2025,Automatic,Car(Sedan)
Suzuki Wagon R 2016,"Rs: 5,700,000",km Find,"2026-01-27 | Galle 90,000",red,Reconditioned,650,Petrol,Suzuki,90000,Wagon R,2016,650,2018,Automatic,Car(Hatchback)
Mazda 2 2019,"Rs: 14,500,000",km Find,"2026-01-27 | Athurugiriya 40,000",black,Used,1500,Petrol,Mazda,40000,2,2019,1500,2019,Automatic,Car(Sedan)
Toyota Aqua 2014,"Rs: 8,900,000",km Find,"2026-01-27 | Jambugahapitiya 123,000",white,Used,1496,Hybrid,Toyota,123000,Aqua,2014,1496,2016,Automatic,Car(Hatchback)
Volkswagen Beetle 2017,"Rs: 13,200,000",km Find,"2026-01-27 | Nugegoda 101,000",other,Used,1200,Petrol,Volkswagen,101000,Beetle,2017,1200,2019,Automatic,Car(Sedan)
Geely Panda 2015,"Rs: 2,795,000",km Find,"2026-01-26 | Kottawa 67,000",black,Used,1000,Petrol,Geely,67000,Panda,2015,1000,2015,Manual,Car(Hatchback)
KIA Picanto 2016,"Rs: 5,300,000",km Find,"2026-01-26 | Athurugiriya 72,000",red,Brand New,1000,Petrol,KIA,72000,Picanto,2016,1000,Ref:,Automatic,Car(Hatchback)
Mitsubishi Lancer 1982,"Rs: 790,000",,2026-01-26 | Wariyapola Find Out More,black,Used,1300,Petrol,Mitsubishi,0,Lancer,1982,1300,1985,Manual,Car(Hatchback)
Suzuki Cultus 1995,"Rs: 2,700,000",km Find,"2026-01-26 | Kalubowila 114,000",other,Used,1300,Petrol,Suzuki,114000,Cultus,1995,1300,1998,Manual,Car(Hatchback)
Mitsubishi eK 2024,"Rs: 7,250,000",,2026-01-26 | Kottawa Find Out More,black,Brand New,660,Hybrid,Mitsubishi,0,eK,2024,660,Ref:,Automatic,Car(Liftback)
Honda Fit 2012,"Rs: 6,200,000",km Find,"2026-01-26 | Wattala 159,000",silver,Used,1330,Petrol,Honda,159000,Fit,2012,1330,2014,Automatic,Car(Hatchback)
Toyota Prius 2012,"Rs: 9,500,000",km Find,"2026-01-26 | Dehiwala 160,000",white,Used,17900000,Hybrid,Toyota,160000,Prius,2012,17900000,2013,Automatic,Car(Hatchback)
Suzuki Wagon R 2014,"Rs: 5,000,000",km Find,"2026-01-26 | Anuradhapura 112,000",white,Used,998,Hybrid,Suzuki,112000,Wagon R,2014,998,2015,Automatic,Car(Station wagon)
Suzuki Alto 1998,"Rs: 1,400,000",km Find,"2026-01-26 | Pilimatalawa 165,000",blue,Used,660,Petrol,Suzuki,165000,Alto,1998,660,1998,Manual,Car(Liftback)
Toyota Carina 2000,"Rs: 4,875,000",km Find,"2026-01-26 | Monaragala 220,000",other,Used,1500,Petrol,Toyota,220000,Carina,2000,1500,2000,Automatic,Car(Sedan)
Toyota Axio 2024,"Rs: 13,800,000",,2026-01-26 | Kottawa Find Out More,silver,Brand New,1500,Hybrid,Toyota,0,Axio,2024,1500,Ref:,Automatic,Car(Sedan)
Honda Civic 2017,"Rs: 12,500,000",km Find,"2026-02-19 | Telijjawila 82,285",silver,Used,1000,Petrol,Honda,82285,Civic,2017,1000,2018,Automatic,Car()
KIA Sephia 2002,"Rs: 2,600,000",km Find,"2026-02-10 | Mattegoda 162,481",gray,Used,1331,Petrol,KIA,162481,Sephia,2002,1331,2003,Automatic,Car(Sedan)
Toyota Belta 2007,"Rs: 5,500,000",km Find,"2026-02-06 | Homagama 166,600",silver,Used,1000,Petrol,Toyota,166600,Belta,2007,1000,2009,Automatic,Car(Saloon)
Honda Grace 2015,"Rs: 8,850,000",km Find,"2026-01-26 | Kadugannawa 160,000",maroon,Used,1000,Hybrid,Honda,160000,Grace,2015,1000,2015,Automatic,Car(Saloon)
Nissan FB 15 1998,"Rs: 4,100,000",km Find,"2026-01-26 | Kekirawa 220,000",silver,Used,1500,Petrol,Nissan,220000,FB 15,1998,1500,2000,Automatic,Car(Saloon)
Honda Insight 2009,"Rs: 7,290,000",km Find,"2026-01-26 | Kiribathgoda 172,000",white,Used,1234,Petrol,Honda,172000,Insight,2009,1234,2011,Automatic,Car(Liftback)
Toyota Aqua 2013,"Rs: 6,950,000",km Find,"2026-01-26 | Anuradhapura 216,000",black,Used,1490,Hybrid,Toyota,216000,Aqua,2013,1490,2013,Automatic,Car(Hatchback)
Toyota Wigo 2018,"Rs: 6,200,000",km Find,"2026-01-26 | Kurunegala 90,000",red,Used,998,Petrol,Toyota,90000,Wigo,2018,998,2018,Automatic,Car(Hatchback)
Suzuki Alto 2015,"Rs: 3,890,000",km Find,"2026-01-26 | Wattala 88,487",black,Used,800,Petrol,Suzuki,88487,Alto,2015,800,2015,Manual,Car(Hatchback)
Suzuki Swift 2007,"Rs: 5,175,000",km Find,"2026-01-26 | Dehiwala 137,424",blue,Used,1300,Petrol,Suzuki,137424,Swift,2007,1300,2011,Automatic,Car(Hatchback)
Toyota Axio 2017,"Rs: 10,800,000",km Find,"2026-01-26 | Nikaweratiya 79,000",white,Used,1500,Petrol,Toyota,79000,Axio,2017,1500,2017,Automatic,Car(Hatchback)
Suzuki Wagon R 2023,"Rs: 7,050,000",km Find,"2026-01-26 | Kandy 2,000",red,Brand New,650,Petrol,Suzuki,2000,Wagon R,2023,650,Ref:,Automatic,Car(Liftback)
Honda Fit 2015,"Rs: 8,300,000",km Find,"2026-01-26 | Bandaragama 146,152",silver,Used,1500,Hybrid,Honda,146152,Fit,2015,1500,2017,Automatic,Car(Hatchback)
Suzuki Ignis 2016,"Rs: 6,130,000",km Find,"2026-01-26 | Kiribathgoda 86,990",red,Used,1240,Petrol,Suzuki,86990,Ignis,2016,1240,2020,Automatic,Car(Hatchback)
Honda Grace 2015,"Rs: 9,100,000",km Find,"2026-01-26 | Ragama 135,000",white,Used,1500,Hybrid,Honda,135000,Grace,2015,1500,2016,Automatic,Car(Sedan)
Honda Civic 2018,"Rs: 12,700,000",km Find,"2026-01-26 | Pannipitiya 84,000",black,Used,1000,Petrol,Honda,84000,Civic,2018,1000,2018,Automatic,Car(Saloon)
Suzuki Alto 2015,"Rs: 3,800,000",km Find,"2026-01-26 | Kalmunai 78,000",silver,Used,800,Petrol,Suzuki,78000,Alto,2015,800,2015,Manual,Car(Liftback)
Nissan Sunny 2004,"Rs: 4,060,000",km Find,"2026-01-26 | Piliyandala 280,000",green,Used,1300,Petrol,Nissan,280000,Sunny,2004,1300,2005,Manual,Car(Saloon)
Honda Civic 2017,"Rs: 12,500,000",km Find,"2026-02-19 | Telijjawila 82,285",silver,Used,1000,Petrol,Honda,82285,Civic,2017,1000,2018,Automatic,Car()
KIA Sephia 2002,"Rs: 2,600,000",km Find,"2026-02-10 | Mattegoda 162,481",gray,Used,1331,Petrol,KIA,162481,Sephia,2002,1331,2003,Automatic,Car(Sedan)
Toyota Belta 2007,"Rs: 5,500,000",km Find,"2026-02-06 | Homagama 166,600",silver,Used,1000,Petrol,Toyota,166600,Belta,2007,1000,2009,Automatic,Car(Saloon)
Suzuki Alto 2013,"Rs: 3,550,000",km Find,"2026-01-26 | Gampaha 92,929",red,Used,1000,Petrol,Suzuki,92929,Alto,2013,1000,2013,Manual,Car(Hatchback)
Toyota Vitz 2016,"Rs: 7,000,000",km Find,"2026-01-26 | Aluthkade (Colombo 12) 154,000",silver,Used,1300,Petrol,Toyota,154000,Vitz,2016,1300,2019,Automatic,Car(Hatchback)
Nissan Clipper 2023,"Rs: 6,900,000",km Find,"2026-01-26 | Kottawa 6,600",white,Reconditioned,660,Petrol,Nissan,6600,Clipper,2023,660,2023,Automatic,Car(Hatchback)
Toyota Corolla 1992,"Rs: 3,000,000",km Find,"2026-01-26 | Anamaduwa 123,456",white,Used,1500,Petrol,Toyota,123456,Corolla,1992,1500,1994,Manual,Car(Saloon)
Suzuki XBee 2023,"Rs: 9,350,000",km Find,"2026-01-26 | Kottawa 6,600",other,Reconditioned,660,Hybrid,Suzuki,6600,XBee,2023,660,2023,Automatic,Car(Hatchback)
Suzuki Wagon R 2017,"Rs: 5,200,000",km Find,"2026-01-26 | Anuradhapura 150,000",white,Used,660,Petrol,Suzuki,150000,Wagon R,2017,660,2018,Automatic,Car(Hatchback)
Nissan Dayz 2024,"Rs: 7,250,000",km Find,"2026-01-26 | Kottawa 6,600",other,Reconditioned,660,Petrol,Nissan,6600,Dayz,2024,660,2026,Automatic,Car(Hatchback)
Daihatsu Taft 2023,"Rs: 7,600,000",km Find,"2026-01-26 | Kottawa 6,600",purple,Reconditioned,660,Petrol,Daihatsu,6600,Taft,2023,660,2023,Automatic,Car(Hatchback)
Daihatsu Taft 2025,"Rs: 7,800,000",km Find,"2026-01-26 | Kottawa 6,600",gray,Brand New,660,Petrol,Daihatsu,6600,Taft,2025,660,Ref:,Automatic,Car(Hatchback)
Nissan Dayz 2024,"Rs: 7,150,000",km Find,"2026-01-26 | Kottawa 6,600",black,Reconditioned,660,Petrol,Nissan,6600,Dayz,2024,660,2026,Automatic,Car(Hatchback)
Mitsubishi eK 2023,"Rs: 6,925,000",km Find,"2026-01-26 | Kottawa 6,600",silver,Reconditioned,660,Petrol,Mitsubishi,6600,eK,2023,660,2026,Automatic,Car(Hatchback)
Suzuki Hustler 2016,"Rs: 5,890,000",km Find,"2026-01-26 | Boralesgamuwa 126,000",green,Used,660,Petrol,Suzuki,126000,Hustler,2016,660,2017,Automatic,Car(Hatchback)
Suzuki Wagon R 2015,"Rs: 5,690,000",km Find,"2026-01-26 | Malabe 136,000",black,Used,650,Hybrid,Suzuki,136000,Wagon R,2015,650,2015,Automatic,Car(Hatchback)
Honda Civic 2017,"Rs: 12,500,000",km Find,"2026-02-19 | Telijjawila 82,285",silver,Used,1000,Petrol,Honda,82285,Civic,2017,1000,2018,Automatic,Car()
KIA Sephia 2002,"Rs: 2,600,000",km Find,"2026-02-10 | Mattegoda 162,481",gray,Used,1331,Petrol,KIA,162481,Sephia,2002,1331,2003,Automatic,Car(Sedan)
Toyota Belta 2007,"Rs: 5,500,000",km Find,"2026-02-06 | Homagama 166,600",silver,Used,1000,Petrol,Toyota,166600,Belta,2007,1000,2009,Automatic,Car(Saloon)
Honda N BOX 2023,"Rs: 7,575,000",km Find,"2026-01-26 | Kottawa 6,600",silver,Reconditioned,660,Petrol,Honda,6600,N BOX,2023,660,2026,Automatic,Car(Hatchback)
Toyota Axio 2024,"Rs: 13,800,000",km Find,"2026-01-26 | Kottawa 5,000",silver,Brand New,1500,Hybrid,Toyota,5000,Axio,2024,1500,Ref:,Automatic,Car(Hatchback)
Honda N BOX 2023,"Rs: 7,575,000",km Find,"2026-01-26 | Kottawa 6,600",green,Reconditioned,660,Petrol,Honda,6600,N BOX,2023,660,2026,Automatic,Car(Hatchback)
Suzuki Wagon R 2015,"Rs: 5,900,000",km Find,"2026-01-26 | Batticaloa 158,000",red,Used,650,Petrol,Suzuki,158000,Wagon R,2015,650,2015,Automatic,Car(Sedan)
Suzuki Wagon R 2018,"Rs: 6,950,000",km Find,"2026-01-26 | Kalmunai 85,000",white,Used,650,Petrol,Suzuki,85000,Wagon R,2018,650,2018,Automatic,Car(Sedan)
Suzuki Spacia 2018,"Rs: 7,150,000",km Find,"2026-01-26 | Gampaha 75,000",white,Used,660,Petrol,Suzuki,75000,Spacia,2018,660,2018,Automatic,Car()
Toyota Passo 2023,"Rs: 8,350,000",km Find,"2026-01-26 | Kottawa 6,600",silver,Reconditioned,660,Petrol,Toyota,6600,Passo,2023,660,2026,Automatic,Car(Hatchback)
Mercedes Benz C200 2025,"Rs: 50,000,000",,2026-01-26 | Kohuwala Find Out More,black,Brand New,1500,Petrol,Mercedes Benz,0,C200,2025,1500,2025,Automatic,Car(Sedan)
Honda Civic 2018,"Rs: 12,900,000",km Find,"2026-01-26 | Kohuwala 48,000",blue,Used,1500,Petrol,Honda,48000,Civic,2018,1500,2018,Automatic,Car(Sedan)
Perodua Viva 2009,"Rs: 3,850,000",km Find,"2026-01-26 | Delgoda 150,000",black,Used,1000,Petrol,Perodua,150000,Viva,2009,1000,2010,Manual,Car(Hatchback)
Nissan Note 2023,"Rs: 11,000,000",km Find,"2026-01-26 | Horana 2,000",maroon,Brand New,1198,Petrol,Nissan,2000,Note,2023,1198,Ref:,Automatic,Car(Hatchback)
Daihatsu Taft 2023,"Rs: 8,300,000",km Find,"2026-01-26 | Horana 2,000",black,Brand New,658,Petrol,Daihatsu,2000,Taft,2023,658,2023,Automatic,Car(Hatchback)
Daihatsu Taft 2023,"Rs: 8,300,000",,2026-01-26 | Horana Find Out More,blue,Brand New,658,Petrol,Daihatsu,0,Taft,2023,658,Ref:,Automatic,Car(Hatchback)
Suzuki Wagon R 2025,"Rs: 8,300,000",,2026-01-26 | Kottawa Find Out More,blue,Brand New,650,Hybrid,Suzuki,0,Wagon R,2025,650,Ref:,Automatic,Car(Station wagon)
Toyota Vitz 2018,"Rs: 7,700,000",km Find,"2026-01-26 | Gampaha 79,000",white,Used,1496,Hybrid,Toyota,79000,Vitz,2018,1496,2018,Automatic,Car(Hatchback)
Nissan Note 2023,"Rs: 11,000,000",km Find,2026-01-26 | Anuradhapura 500,purple,Brand New,1198,Petrol,Nissan,500,Note,2023,1198,Ref:,Automatic,Car(Hatchback)
Honda Fit 2011,"Rs: 7,000,000",km Find,"2026-01-26 | Moratuwa 110,000",silver,Used,1339,Petrol,Honda,110000,Fit,2011,1339,2011,Automatic,Car(Hatchback)
Suzuki Celerio 2015,"Rs: 5,200,000",km Find,"2026-01-26 | Kalmunai 80,000",white,Used,1000,Petrol,Suzuki,80000,Celerio,2015,1000,2015,Automatic,Car(Hatchback)
Toyota Corolla 2002,"Rs: 5,400,000",km Find,"2026-01-25 | Wattala 175,000",silver,Used,1500,Petrol,Toyota,175000,Corolla,2002,1500,2003,Automatic,Car(Saloon)
Honda Civic 2017,"Rs: 12,500,000",km Find,"2026-02-19 | Telijjawila 82,285",silver,Used,1000,Petrol,Honda,82285,Civic,2017,1000,2018,Automatic,Car()
KIA Sephia 2002,"Rs: 2,600,000",km Find,"2026-02-10 | Mattegoda 162,481",gray,Used,1331,Petrol,KIA,162481,Sephia,2002,1331,2003,Automatic,Car(Sedan)
Toyota Belta 2007,"Rs: 5,500,000",km Find,"2026-02-06 | Homagama 166,600",silver,Used,1000,Petrol,Toyota,166600,Belta,2007,1000,2009,Automatic,Car(Saloon)
KIA Picanto 2016,"Rs: 5,975,000",km Find,"2026-01-25 | Boralesgamuwa 45,000",gray,Used,660,Petrol,KIA,45000,Picanto,2016,660,2015,Manual,Car(Hatchback)
Chery QQ 2010,"Rs: 2,200,000",km Find,"2026-01-25 | Batticaloa 125,000",silver,Used,800,Petrol,Chery,125000,QQ,2010,800,2011,Manual,Car(Sedan)
Suzuki Wagon R 2017,"Rs: 6,750,000",km Find,"2026-01-25 | Marawila 60,000",silver,Used,650,Hybrid,Suzuki,60000,Wagon R,2017,650,2018,Automatic,Car(Hatchback)
Suzuki Celerio 2018,"Rs: 5,725,000",km Find,"2026-01-25 | Kadawatha 64,000",white,Used,1000,Petrol,Suzuki,64000,Celerio,2018,1000,2018,Automatic,Car(Hatchback)
Suzuki Celerio 2016,"Rs: 5,290,000",km Find,"2026-01-25 | Kadawatha 115,000",white,Used,1000,Petrol,Suzuki,115000,Celerio,2016,1000,2017,Automatic,Car(Hatchback)
Perodua Axia 2017,"Rs: 5,790,000",km Find,"2026-01-25 | Kadawatha 119,000",blue,Used,1000,Petrol,Perodua,119000,Axia,2017,1000,2017,Automatic,Car(Hatchback)
Suzuki Wagon R 2014,"Rs: 6,000,000",km Find,"2026-01-25 | Athurugiriya 83,000",white,Used,660,Hybrid,Suzuki,83000,Wagon R,2014,660,2015,Automatic,Car()
Perodua Axia 2017,"Rs: 5,750,000",km Find,"2026-01-25 | Kadawatha 111,000",white,Used,1000,Petrol,Perodua,111000,Axia,2017,1000,2017,Automatic,Car(Hatchback)
Suzuki Celerio 2018,"Rs: 5,390,000",km Find,"2026-01-25 | Kadawatha 64,000",red,Used,1000,Petrol,Suzuki,64000,Celerio,2018,1000,2018,Automatic,Car(Hatchback)
Honda Grace 2017,"Rs: 9,800,000",km Find,"2026-01-25 | Hapugala 88,500",purple,Used,1500,Hybrid,Honda,88500,Grace,2017,1500,2017,Automatic,Car(Saloon)
Suzuki Alto 2014,"Rs: 3,700,000",km Find,"2026-01-25 | Kundasale 200,000",gray,Used,800,Petrol,Suzuki,200000,Alto,2014,800,2015,Manual,Car(Hatchback)
Toyota Aqua 2013,"Rs: 7,025,000",km Find,"2026-01-25 | Nittambuwa 152,600",other,Used,1500,Petrol,Toyota,152600,Aqua,2013,1500,2016,Automatic,Car(Saloon)
Honda Civic 2017,"Rs: 12,500,000",km Find,"2026-02-19 | Telijjawila 82,285",silver,Used,1000,Petrol,Honda,82285,Civic,2017,1000,2018,Automatic,Car()
KIA Sephia 2002,"Rs: 2,600,000",km Find,"2026-02-10 | Mattegoda 162,481",gray,Used,1331,Petrol,KIA,162481,Sephia,2002,1331,2003,Automatic,Car(Sedan)
Toyota Belta 2007,"Rs: 5,500,000",km Find,"2026-02-06 | Homagama 166,600",silver,Used,1000,Petrol,Toyota,166600,Belta,2007,1000,2009,Automatic,Car(Saloon)
Toyota Allion 2005,"Rs: 6,700,000",km Find,"2026-01-25 | Kiribathgoda 210,000",white,Used,1500,Petrol,Toyota,210000,Allion,2005,1500,2008,Automatic,Car(Liftback)
Honda Insight 2009,"Rs: 7,000,000",km Find,"2026-01-25 | Embilipitiya 1,013,000",blue,Reconditioned,1333,Hybrid,Honda,1013000,Insight,2009,1333,2011,Automatic,Car(Saloon)
BMW M Series 2014,"Rs: 22,000,000",km Find,"2026-01-25 | Gampaha 107,000",white,Used,2000,Diesel,BMW,107000,M Series,2014,2000,2015,Automatic,Car(Saloon)
Nissan Bluebird 2004,"Rs: 4,500,000",km Find,"2026-01-25 | Monaragala 190,000",gold,Brand New,1490,Petrol,Nissan,190000,Bluebird,2004,1490,Ref:,Automatic,Car(Sedan)
Hyundai Eon 2017,"Rs: 4,200,000",km Find,"2026-01-25 | Kalmunai 48,000",white,Used,800,Petrol,Hyundai,48000,Eon,2017,800,2017,Automatic,Car(Liftback)
Nissan March 2003,"Rs: 3,450,000",km Find,"2026-01-25 | Dambulla 100,000",green,Used,900,Petrol,Nissan,100000,March,2003,900,2008,Automatic,Car()
Suzuki Wagon R 2018,"Rs: 5,995,000",,2026-01-25 | Panadura Find Out More,orange,Used,650,Petrol,Suzuki,0,Wagon R,2018,650,2018,Automatic,Car(Hatchback)
Micro MX7 2012,"Rs: 3,295,000",,2026-01-25 | Panadura Find Out More,red,Used,1500,Petrol,Micro,0,MX7,2012,1500,2012,Manual,Car(Sedan)
Suzuki Wagon R 2024,"Rs: 7,500,000",km Find,"2026-01-25 | Kurunegala 3,400",gray,Brand New,690,Hybrid,Suzuki,3400,Wagon R,2024,690,Ref:,Automatic,Car(Hatchback)
Daihatsu Mira 2024,"Rs: 6,500,000",km Find,"2026-01-25 | Kurunegala 3,500",red,Brand New,690,Hybrid,Daihatsu,3500,Mira,2024,690,Ref:,Automatic,Car(Hatchback)
Suzuki Spacia 2025,"Rs: 9,500,000",km Find,"2026-01-25 | Kurunegala 3,500",white,Brand New,690,Hybrid,Suzuki,3500,Spacia,2025,690,Ref:,Automatic,Car(Hatchback)
Suzuki Wagon R 2025,"Rs: 7,500,000",km Find,"2026-01-25 | Kurunegala 3,500",white,Brand New,690,Hybrid,Suzuki,3500,Wagon R,2025,690,Ref:,Automatic,Car(Hatchback)
Suzuki Wagon R 2023,"Rs: 7,200,000",km Find,"2026-01-25 | Kurunegala 3,500",white,Brand New,690,Hybrid,Suzuki,3500,Wagon R,2023,690,Ref:,Automatic,Car(Hatchback)
Toyota Yaris 2023,"Rs: 8,500,000",km Find,"2026-01-25 | Kurunegala 3,500",white,Brand New,690,Hybrid,Toyota,3500,Yaris,2023,690,Ref:,Automatic,Car(Hatchback)
Daihatsu Taft 2025,"Rs: 7,850,000",km Find,"2026-01-25 | Kurunegala 3,500",green,Brand New,690,Hybrid,Daihatsu,3500,Taft,2025,690,Ref:,Automatic,Car(Hatchback)
Toyota Corsa 1998,"Rs: 4,400,000",km Find,"2026-01-25 | Kandana 183,000",silver,Used,1500,Petrol,Toyota,183000,Corsa,1998,1500,1998,Automatic,Car(Saloon)
Perodua Elite 2012,"Rs: 4,350,000",km Find,"2026-01-25 | Adampan 103,000",silver,Used,1000,Petrol,Perodua,103000,Elite,2012,1000,2012,Automatic,Car(Hatchback)
Toyota Aqua 2015,"Rs: 7,950,000",km Find,"2026-01-25 | Horana 129,000",black,Used,1500,Hybrid,Toyota,129000,Aqua,2015,1500,2017,Automatic,Car(Hatchback)
Honda Civic 2017,"Rs: 12,500,000",km Find,"2026-02-19 | Telijjawila 82,285",silver,Used,1000,Petrol,Honda,82285,Civic,2017,1000,2018,Automatic,Car()
KIA Sephia 2002,"Rs: 2,600,000",km Find,"2026-02-10 | Mattegoda 162,481",gray,Used,1331,Petrol,KIA,162481,Sephia,2002,1331,2003,Automatic,Car(Sedan)
Toyota Belta 2007,"Rs: 5,500,000",km Find,"2026-02-06 | Homagama 166,600",silver,Used,1000,Petrol,Toyota,166600,Belta,2007,1000,2009,Automatic,Car(Saloon)
Daihatsu Move 2017,"Rs: 6,400,000",km Find,"2026-01-24 | Pallekelle 61,000",gray,Used,658,Petrol,Daihatsu,61000,Move,2017,658,2017,Automatic,Car()
Toyota Premio 2010,"Rs: 8,500,000",km Find,"2026-01-24 | Borella (Colombo 08) 235,000",silver,Used,1790,Petrol,Toyota,235000,Premio,2010,1790,2012,Automatic,Car(Saloon)
Toyota Axio 2015,"Rs: 9,400,000",km Find,"2026-01-24 | Bombuwala 115,000",maroon,Used,1500,Hybrid,Toyota,115000,Axio,2015,1500,2015,Automatic,Car(Saloon)
Mazda Familia 2001,"Rs: 3,870,000",,2026-01-24 | Meegoda Find Out More,blue,Used,1005,Petrol,Mazda,0,Familia,2001,1005,2004,Manual,Car(Saloon)
BMW 3 Series 2011,"Rs: 13,000,000",km Find,"2026-01-24 | Kadawatha 120,000",white,Used,2000,Diesel,BMW,120000,3 Series,2011,2000,2012,Automatic,Car(Hatchback)
Nissan Note 2024,"Rs: 12,890,000",km Find,"2026-01-24 | Kadawatha 8,200",gray,Used,1200,Hybrid,Nissan,8200,Note,2024,1200,2025,Automatic,Car(Hatchback)
Suzuki Spacia 2018,"Rs: 7,450,000",km Find,"2026-01-24 | Pannipitiya 130,000",blue,Used,660,Hybrid,Suzuki,130000,Spacia,2018,660,2018,Automatic,Car(Sedan)
Suzuki Alto 2015,"Rs: 3,700,000",km Find,"2026-01-24 | Colombo Fort (Colombo 01) 128,000",silver,Used,800,Petrol,Suzuki,128000,Alto,2015,800,2015,Manual,Car(Liftback)
Toyota Tercel 1996,"Rs: 2,750,000",,2026-01-24 | Alawwa Find Out More,red,Used,1290,Petrol,Toyota,0,Tercel,1996,1290,1997,Manual,Car(Sedan)
Suzuki A Star 2012,"Rs: 3,850,000",km Find,"2026-01-24 | Katunayake 119,678",brown,Used,1000,Petrol,Suzuki,119678,A Star,2012,1000,2012,Manual,Car(Hatchback)
Daihatsu Taft 2025,"Rs: 8,900,000",,2026-01-24 | Galnewa Find Out More,black,Brand New,650,Petrol,Daihatsu,0,Taft,2025,650,Ref:,Automatic,Car(Liftback)
Mitsubishi Lancer 1990,"Rs: 4,300,000",,2026-01-24 | Anuradhapura Find Out More,white,Used,1300,Petrol,Mitsubishi,0,Lancer,1990,1300,1995,Manual,Car(Liftback)
Toyota Vitz 2010,"Rs: 5,800,000",km Find,"2026-01-24 | Matara 200,000",silver,Used,1300,Petrol,Toyota,200000,Vitz,2010,1300,2011,Automatic,Car()
Suzuki Alto 2015,"Rs: 3,675,000",km Find,"2026-01-24 | Homagama 103,000",black,Used,800,Petrol,Suzuki,103000,Alto,2015,800,2015,Manual,Car(Liftback)
Honda Civic 2017,"Rs: 12,500,000",km Find,"2026-02-19 | Telijjawila 82,285",silver,Used,1000,Petrol,Honda,82285,Civic,2017,1000,2018,Automatic,Car()
KIA Sephia 2002,"Rs: 2,600,000",km Find,"2026-02-10 | Mattegoda 162,481",gray,Used,1331,Petrol,KIA,162481,Sephia,2002,1331,2003,Automatic,Car(Sedan)
Toyota Belta 2007,"Rs: 5,500,000",km Find,"2026-02-06 | Homagama 166,600",silver,Used,1000,Petrol,Toyota,166600,Belta,2007,1000,2009,Automatic,Car(Saloon)
Toyota Starlet 2000,"Rs: 3,625,000",km Find,"2026-01-24 | Katugastota 75,000",black,Used,1000,Petrol,Toyota,75000,Starlet,2000,1000,2001,Manual,Car(Hatchback)
Mitsubishi Lancer 2003,"Rs: 5,600,000",km Find,"2026-01-24 | Mahiyanganaya 100,000",black,Used,1300,Petrol,Mitsubishi,100000,Lancer,2003,1300,2004,Manual,Car(Saloon)
Mitsubishi Lancer 1992,"Rs: 4,600,000",km Find,"2026-01-24 | Polonnaruwa 100,000",blue,Used,1000,Petrol,Mitsubishi,100000,Lancer,1992,1000,1995,Manual,Car(Saloon)
Toyota DX Wagon 1990,"Rs: 1,900,000",km Find,"2026-01-24 | Badulla 100,000",green,Used,1300,Petrol,Toyota,100000,DX Wagon,1990,1300,1994,Manual,Car(Station wagon)
Lexus LX 2014,"Rs: 14,500,000",km Find,"2026-01-24 | Panadura 131,500",white,Used,1500,Petrol,Lexus,131500,LX,2014,1500,2018,Manual,Car(Sedan)
Suzuki Wagon R 2024,"Rs: 7,650,000",km Find,"2026-01-24 | Kandana 4,500",white,Brand New,660,Petrol,Suzuki,4500,Wagon R,2024,660,0,Automatic,Car(Station wagon)
Suzuki Swift 2004,"Rs: 4,150,000",km Find,"2026-01-24 | Katunayake 187,654",white,Used,1300,Petrol,Suzuki,187654,Swift,2004,1300,2004,Automatic,Car(Hatchback)
Ford Laser 1998,"Rs: 2,775,000",km Find,"2026-01-24 | Moratuwa 100,000",white,Used,1600,Petrol,Ford,100000,Laser,1998,1600,1999,Manual,Car(Saloon)
Mitsubishi Lancer 2002,"Rs: 5,475,000",km Find,"2026-01-24 | Gampaha 170,000",white,Used,1500,Petrol,Mitsubishi,170000,Lancer,2002,1500,2002,Manual,Car(Saloon)
Perodua Elite 2011,"Rs: 4,285,000",km Find,"2026-01-24 | Moratuwa 112,000",black,Used,1000,Petrol,Perodua,112000,Elite,2011,1000,2011,Automatic,Car(Hatchback)
Perodua Axia 2016,"Rs: 5,650,000",km Find,"2026-01-24 | Moratuwa 167,236",silver,Used,1000,Petrol,Perodua,167236,Axia,2016,1000,2016,Automatic,Car(Hatchback)
Suzuki Wagon R 2014,"Rs: 5,600,000",km Find,"2026-01-24 | Welimada 63,710",black,Used,660,Petrol,Suzuki,63710,Wagon R,2014,660,2015,Automatic,Car(Station wagon)
Toyota Yaris Ativ 2017,"Rs: 8,975,000",km Find,"2026-01-24 | Kadawatha 85,000",black,Used,1329,Petrol,Toyota,85000,Yaris Ativ,2017,1329,2018,Manual,Car(Saloon)
Mitsubishi Lancer 2002,"Rs: 4,300,000",km Find,"2026-01-24 | Anuradhapura 200,000",white,Used,1300,Petrol,Mitsubishi,200000,Lancer,2002,1300,2002,Manual,Car(Saloon)
Renault KWID 2016,"Rs: 3,785,000",km Find,"2026-01-24 | Moratuwa 120,724",white,Used,800,Petrol,Renault,120724,KWID,2016,800,2016,Manual,Car(Hatchback)
Suzuki Wagon R 2017,"Rs: 6,950,000",km Find,"2026-01-24 | Moratuwa 90,930",maroon,Used,650,Hybrid,Suzuki,90930,Wagon R,2017,650,2017,Automatic,Car(Hatchback)
BMW 5 Series 2003,"Rs: 8,900,000",km Find,"2026-01-24 | Negombo 218,136",silver,Used,2171,Petrol,BMW,218136,5 Series,2003,2171,2003,Automatic,Car(Saloon)
KIA Picanto 2016,"Rs: 5,750,000",km Find,"2026-01-24 | Nugegoda 145,000",white,Used,1000,Petrol,KIA,145000,Picanto,2016,1000,2016,Automatic,Car(Hatchback)
Honda Civic 2017,"Rs: 12,500,000",km Find,"2026-02-19 | Telijjawila 82,285",silver,Used,1000,Petrol,Honda,82285,Civic,2017,1000,2018,Automatic,Car()
KIA Sephia 2002,"Rs: 2,600,000",km Find,"2026-02-10 | Mattegoda 162,481",gray,Used,1331,Petrol,KIA,162481,Sephia,2002,1331,2003,Automatic,Car(Sedan)
Toyota Belta 2007,"Rs: 5,500,000",km Find,"2026-02-06 | Homagama 166,600",silver,Used,1000,Petrol,Toyota,166600,Belta,2007,1000,2009,Automatic,Car(Saloon)
Toyota Vitz 2007,"Rs: 5,400,000",km Find,"2026-01-24 | Akurana 128,000",white,Used,1000,Petrol,Toyota,128000,Vitz,2007,1000,2011,Automatic,Car(Hatchback)
Daihatsu Taft 2023,"Rs: 8,275,000",km Find,"2026-01-24 | Horana 31,000",black,Brand New,660,Petrol,Daihatsu,31000,Taft,2023,660,Ref:,Automatic,Car(Hatchback)
KIA Rio 2002,"Rs: 2,550,000",km Find,"2026-01-24 | Narahenpita (Colombo 05) 150,000",silver,Used,1500,Petrol,KIA,150000,Rio,2002,1500,2004,Automatic,Car(Hatchback)
Suzuki Wagon R 2018,"Rs: 6,550,000",km Find,"2026-01-24 | Anuradhapura 93,000",white,Used,660,Hybrid,Suzuki,93000,Wagon R,2018,660,2018,Automatic,Car(Hatchback)
Nissan Bluebird 2000,"Rs: 4,200,000",km Find,"2026-01-23 | Ukuwela 169,000",maroon,Used,1800,Petrol,Nissan,169000,Bluebird,2000,1800,2004,Automatic,Car(Sedan)
Perodua Bezza 2017,"Rs: 6,120,000",km Find,"2026-01-23 | Talawatugoda 140,000",silver,Used,998,Petrol,Perodua,140000,Bezza,2017,998,2018,Automatic,Car(Saloon)
Suzuki Swift 2004,"Rs: 4,450,000",km Find,"2026-01-23 | Gampaha 119,000",black,Used,1300,Petrol,Suzuki,119000,Swift,2004,1300,2008,Automatic,Car(Hatchback)
Nissan Roox 2024,"Rs: 8,675,000",,2026-01-23 | Bellanwila Find Out More,gray,Brand New,660,Hybrid,Nissan,0,Roox,2024,660,Ref:,Automatic,Car(Station wagon)
Suzuki Alto 2014,"Rs: 3,800,000",km Find,"2026-01-23 | Batticaloa 58,000",gray,Used,650,Petrol,Suzuki,58000,Alto,2014,650,2014,Manual,Car(Hatchback)
Honda Civic 1998,"Rs: 4,900,000",km Find,"2026-01-23 | Kelaniya 191,000",silver,Used,1500,Petrol,Honda,191000,Civic,1998,1500,2000,Manual,Car(Sedan)
KIA Picanto 2016,"Rs: 5,250,000",km Find,"2026-01-23 | Kadawatha 97,000",white,Used,1000,Petrol,KIA,97000,Picanto,2016,1000,2016,Automatic,Car(Hatchback)
Toyota Vitz 2015,"Rs: 6,985,000",km Find,"2026-01-23 | Pannipitiya 92,000",silver,Used,1000,Petrol,Toyota,92000,Vitz,2015,1000,2015,Automatic,Car(Station wagon)
Toyota Vitz 2008,"Rs: 5,350,000",km Find,"2026-01-23 | Waikkal 152,000",white,Used,1000,Petrol,Toyota,152000,Vitz,2008,1000,2010,Automatic,Car(Hatchback)
Toyota Vitz 2007,"Rs: 5,200,000",km Find,"2026-01-23 | Waikkal 149,000",silver,Used,1000,Petrol,Toyota,149000,Vitz,2007,1000,2011,Automatic,Car(Hatchback)
Suzuki Swift 2009,"Rs: 5,350,000",km Find,"2026-01-23 | Waikkal 170,000",black,Used,1300,Petrol,Suzuki,170000,Swift,2009,1300,2012,Automatic,Car(Hatchback)
Hyundai Sonata 2000,"Rs: 2,300,000",km Find,"2026-01-23 | Kalutara 144,000",other,Used,1500,Petrol,Hyundai,144000,Sonata,2000,1500,2000,Automatic,Car(Saloon)
Honda Civic 2017,"Rs: 12,500,000",km Find,"2026-02-19 | Telijjawila 82,285",silver,Used,1000,Petrol,Honda,82285,Civic,2017,1000,2018,Automatic,Car()
KIA Sephia 2002,"Rs: 2,600,000",km Find,"2026-02-10 | Mattegoda 162,481",gray,Used,1331,Petrol,KIA,162481,Sephia,2002,1331,2003,Automatic,Car(Sedan)
Toyota Belta 2007,"Rs: 5,500,000",km Find,"2026-02-06 | Homagama 166,600",silver,Used,1000,Petrol,Toyota,166600,Belta,2007,1000,2009,Automatic,Car(Saloon)
Toyota Corona 1998,"Rs: 4,600,000",km Find,"2026-01-23 | Ragama 180,000",white,Used,1600,Petrol,Toyota,180000,Corona,1998,1600,2002,Automatic,Car(Sedan)
Suzuki Alto 2011,"Rs: 2,950,000",km Find,"2026-01-23 | Gampaha 100,000",black,Used,800,Petrol,Suzuki,100000,Alto,2011,800,2011,Manual,Car(Hatchback)
Toyota Carina 1985,"Rs: 890,000",km Find,"2026-01-23 | Kuliyapitiya 100,000",white,Used,1500,Petrol,Toyota,100000,Carina,1985,1500,1988,Manual,Car(Sedan)
Nissan Sunny 1998,"Rs: 2,150,000",km Find,"2026-01-23 | Yakkala 100,000",white,Used,1300,Petrol,Nissan,100000,Sunny,1998,1300,1998,Manual,Car(Saloon)
Honda Fit 2014,"Rs: 8,100,000",,2026-01-23 | Katugastota Find Out More,black,Used,990,Petrol,Honda,0,Fit,2014,990,2014,Automatic,Car(Hatchback)
Honda S660 2016,"Rs: 6,800,000",km Find,"2026-01-23 | Borella (Colombo 08) 27,000",white,Used,1000,Petrol,Honda,27000,S660,2016,1000,2020,Automatic,Car(Hatchback)
Suzuki Alto 2016,"Rs: 3,700,000",,2026-01-23 | Balangoda Find Out More,white,Used,800,Petrol,Suzuki,0,Alto,2016,800,2016,Manual,Car(Liftback)
Toyota Yaris 2023,"Rs: 9,400,000",km Find,"2026-01-23 | Negombo 27,650",white,Used,1000,Petrol,Toyota,27650,Yaris,2023,1000,2023,Automatic,Car(Hatchback)
Toyota Corolla 1995,"Rs: 2,800,000",km Find,"2026-01-23 | Katugastota 295,000",silver,Used,1500,Petrol,Toyota,295000,Corolla,1995,1500,1998,Manual,Car(Hatchback)
Toyota Aqua 2013,"Rs: 7,500,000",km Find,"2026-01-23 | Raddolugama 104,000",black,Used,1500,Hybrid,Toyota,104000,Aqua,2013,1500,2014,Automatic,Car(Hatchback)
Micro Panda Cross 2013,"Rs: 3,300,000",km Find,"2026-01-23 | Polonnaruwa 86,525",blue,Used,1300,Petrol,Micro,86525,Panda Cross,2013,1300,2013,Manual,Car(Hatchback)
Honda Civic 2004,"Rs: 5,350,000",km Find,"2026-01-23 | Embilipitiya 210,000",blue,Used,1500,Petrol,Honda,210000,Civic,2004,1500,2004,Automatic,Car(Hatchback)
Honda Civic 2017,"Rs: 12,500,000",km Find,"2026-02-19 | Telijjawila 82,285",silver,Used,1000,Petrol,Honda,82285,Civic,2017,1000,2018,Automatic,Car()
KIA Sephia 2002,"Rs: 2,600,000",km Find,"2026-02-10 | Mattegoda 162,481",gray,Used,1331,Petrol,KIA,162481,Sephia,2002,1331,2003,Automatic,Car(Sedan)
Toyota Belta 2007,"Rs: 5,500,000",km Find,"2026-02-06 | Homagama 166,600",silver,Used,1000,Petrol,Toyota,166600,Belta,2007,1000,2009,Automatic,Car(Saloon)
Toyota Aqua 2014,"Rs: 7,350,000",km Find,"2026-01-23 | Kurunegala 106,000",black,Used,1500,Hybrid,Toyota,106000,Aqua,2014,1500,2015,Automatic,Car(Hatchback)
Toyota Belta 2010,"Rs: 6,450,000",km Find,"2026-01-23 | Matale 159,500",white,Used,1300,Petrol,Toyota,159500,Belta,2010,1300,2011,Automatic,Car(Saloon)
Suzuki Alto 2015,"Rs: 3,700,000",km Find,"2026-01-23 | Battaramulla 200,000",black,Used,800,Petrol,Suzuki,200000,Alto,2015,800,2015,Manual,Car(Hatchback)
Toyota Yaris 2023,"Rs: 9,500,000",km Find,"2026-01-23 | Kurunegala 20,000",silver,Brand New,1000,Petrol,Toyota,20000,Yaris,2023,1000,Ref:,Automatic,Car(Hatchback)
Toyota Corolla 1992,"Rs: 1,590,000",km Find,"2026-01-23 | Kiribathgoda 47,000",blue,Used,1331,Petrol,Toyota,47000,Corolla,1992,1331,1998,Manual,Car(Hatchback)
Suzuki Wagon R 2017,"Rs: 6,000,000",km Find,"2026-01-23 | Baduraliya 150,000",black,Used,650,Hybrid,Suzuki,150000,Wagon R,2017,650,2018,Automatic,Car(Hatchback)
Suzuki Wagon R 2014,"Rs: 5,100,000",km Find,"2026-01-23 | Galle 87,000",black,Used,650,Petrol,Suzuki,87000,Wagon R,2014,650,2015,Automatic,Car(Station wagon)
Suzuki Alto 2015,"Rs: 3,700,000",km Find,"2026-01-23 | Ampara 92,000",red,Used,690,Petrol,Suzuki,92000,Alto,2015,690,2015,Manual,Car(Hatchback)
Suzuki Alto 2015,"Rs: 3,800,000",km Find,"2026-01-23 | Baduraliya 116,000",gray,Used,800,Petrol,Suzuki,116000,Alto,2015,800,2015,Manual,Car(Hatchback)
Suzuki Maruti 2011,"Rs: 2,450,000",km Find,"2026-01-23 | Thihagoda 70,000",silver,Used,800,Petrol,Suzuki,70000,Maruti,2011,800,2012,Manual,Car(Hatchback)
Mitsubishi Lancer 1980,"Rs: 1,175,000",,2026-01-23 | Kurunegala Find Out More,gray,Used,1400,Petrol,Mitsubishi,0,Lancer,1980,1400,1980,Manual,Car(Sedan)
Suzuki Alto 2016,"Rs: 5,175,000",km Find,"2026-01-23 | Pallewela 82,000",white,Used,1000,Petrol,Suzuki,82000,Alto,2016,1000,2018,Other,Car(Station wagon)
Nissan Sunny 2001,"Rs: 4,800,000",km Find,"2026-01-23 | Mandawala 75,000",black,Used,1300,Petrol,Nissan,75000,Sunny,2001,1300,2007,Other,Car(Saloon)
Suzuki Celerio 2016,"Rs: 5,150,000",km Find,"2026-01-23 | Trincomalee 78,000",silver,Used,1000,Petrol,Suzuki,78000,Celerio,2016,1000,2016,Automatic,Car(Liftback)
Toyota Vitz 2014,"Rs: 6,250,000",km Find,"2026-01-23 | Veyangoda 139,000",blue,Used,1000,Petrol,Toyota,139000,Vitz,2014,1000,2016,Automatic,Car(Hatchback)
Nissan Dayz 2023,"Rs: 8,500,000",,2026-01-23 | Kurunegala Find Out More,silver,Brand New,650,Petrol,Nissan,0,Dayz,2023,650,2023,Automatic,Car(Hatchback)
Honda Civic 2017,"Rs: 12,500,000",km Find,"2026-02-19 | Telijjawila 82,285",silver,Used,1000,Petrol,Honda,82285,Civic,2017,1000,2018,Automatic,Car()
KIA Sephia 2002,"Rs: 2,600,000",km Find,"2026-02-10 | Mattegoda 162,481",gray,Used,1331,Petrol,KIA,162481,Sephia,2002,1331,2003,Automatic,Car(Sedan)
Toyota Belta 2007,"Rs: 5,500,000",km Find,"2026-02-06 | Homagama 166,600",silver,Used,1000,Petrol,Toyota,166600,Belta,2007,1000,2009,Automatic,Car(Saloon)
Suzuki Swift 2004,"Rs: 4,400,000",km Find,"2026-01-23 | Moratuwa 165,000",silver,Used,1300,Petrol,Suzuki,165000,Swift,2004,1300,2007,Automatic,Car(Hatchback)
Honda N BOX 2023,"Rs: 7,790,000",km Find,"2026-01-23 | Kottawa 13,500",silver,Brand New,660,Petrol,Honda,13500,N BOX,2023,660,Ref:,Automatic,Car(Hatchback)
Hyundai Accent 2002,"Rs: 2,630,000",km Find,"2026-01-23 | Ampara 165,000",white,Used,1500,Petrol,Hyundai,165000,Accent,2002,1500,2002,Manual,Car(Hatchback)
Mercedes Benz A250 2023,"Rs: 28,700,000",km Find,"2026-01-23 | Kohuwala 7,000",black,Brand New,1330,Petrol,Mercedes Benz,7000,A250,2023,1330,Ref:,Automatic,Car(Sedan)
Toyota Corolla 2006,"Rs: 7,150,000",km Find,"2026-01-23 | Anuradhapura 128,000",blue,Used,1600,Petrol,Toyota,128000,Corolla,2006,1600,2008,Automatic,Car(Liftback)
Nissan Dayz 2023,"Rs: 8,200,000",,2026-01-23 | Kohuwala Find Out More,blue,Brand New,650,Petrol,Nissan,0,Dayz,2023,650,Ref:,Automatic,Car(Hatchback)
Toyota Aqua 2012,"Rs: 6,950,000",km Find,"2026-01-23 | Galle 136,000",gray,Used,1500,Hybrid,Toyota,136000,Aqua,2012,1500,2014,Automatic,Car(Hatchback)
Toyota Corolla 2002,"Rs: 2,690,000",km Find,"2026-01-22 | Batawala 280,000",blue,Used,1000,Petrol,Toyota,280000,Corolla,2002,1000,2006,Automatic,Car(Liftback)
Suzuki Spacia 2017,"Rs: 5,890,000",km Find,"2026-01-22 | Ja-Ela 132,000",white,Used,660,Petrol,Suzuki,132000,Spacia,2017,660,2018,Automatic,Car()
Honda Fit 2010,"Rs: 6,750,000",km Find,"2026-01-22 | Wattala 82,000",blue,Used,1000,Petrol,Honda,82000,Fit,2010,1000,2015,Automatic,Car(Liftback)
Honda Civic 2017,"Rs: 12,500,000",km Find,"2026-02-19 | Telijjawila 82,285",silver,Used,1000,Petrol,Honda,82285,Civic,2017,1000,2018,Automatic,Car()
KIA Sephia 2002,"Rs: 2,600,000",km Find,"2026-02-10 | Mattegoda 162,481",gray,Used,1331,Petrol,KIA,162481,Sephia,2002,1331,2003,Automatic,Car(Sedan)
Toyota Belta 2007,"Rs: 5,500,000",km Find,"2026-02-06 | Homagama 166,600",silver,Used,1000,Petrol,Toyota,166600,Belta,2007,1000,2009,Automatic,Car(Saloon)
Suzuki Wagon R 2024,"Rs: 7,720,000",km Find,"2026-01-22 | Ragama 5,000",white,Brand New,660,Hybrid,Suzuki,5000,Wagon R,2024,660,Ref:,Automatic,Car(Hatchback)
Honda Integra 1998,"Rs: 5,500,000",km Find,"2026-01-22 | Rajagiriya 175,000",white,Brand New,2000,Petrol,Honda,175000,Integra,1998,2000,2000,Manual,Car(Sports)
Mitsubishi eK 2023,"Rs: 7,125,000",,2026-01-22 | Kottawa Find Out More,red,Brand New,650,Petrol,Mitsubishi,0,eK,2023,650,Ref:,Automatic,Car(Liftback)
Suzuki XBee 2023,"Rs: 9,350,000",,2026-01-22 | Kottawa Find Out More,green,Brand New,1000,Petrol,Suzuki,0,XBee,2023,1000,Ref:,Automatic,Car(Hatchback)
Toyota Vitz 2016,"Rs: 7,950,000",km Find,"2026-01-22 | Badulla 32,900",silver,Used,1000,Petrol,Toyota,32900,Vitz,2016,1000,2020,Automatic,Car(Hatchback)
Daihatsu Taft 2023,"Rs: 7,600,000",,2026-01-22 | Kottawa Find Out More,blue,Brand New,660,Petrol,Daihatsu,0,Taft,2023,660,Ref:,Automatic,Car(Liftback)
Toyota Passo 2023,"Rs: 8,350,000",,2026-01-22 | Kottawa Find Out More,gray,Brand New,1000,Petrol,Toyota,0,Passo,2023,1000,Ref:,Automatic,Car(Liftback)
Daihatsu Thor 2023,"Rs: 8,575,000",,2026-01-22 | Kottawa Find Out More,gray,Brand New,660,Petrol,Daihatsu,0,Thor,2023,660,2026,Automatic,Car(Liftback)
Toyota Allion 2007,"Rs: 8,200,000",km Find,"2026-01-22 | Moratuwa 180,000",black,Used,1500,Petrol,Toyota,180000,Allion,2007,1500,2011,Automatic,Car(Sedan)
Toyota Corolla 2001,"Rs: 4,875,000",km Find,"2026-01-22 | Ambalantota 280,000",silver,Used,2140,Diesel,Toyota,280000,Corolla,2001,2140,2002,Manual,Car(Hatchback)
Toyota Tercel 1997,"Rs: 2,700,000",km Find,"2026-01-22 | Dompe 100,000",black,Used,1300,Petrol,Toyota,100000,Tercel,1997,1300,1998,Automatic,Car(Saloon)
Mercedes Benz Car 2015,"Rs: 19,700,000",km Find,"2026-01-22 | Kalubowila 50,000",red,Used,2000,Hybrid,Mercedes Benz,50000,Car,2015,2000,2015,Automatic,Car(Saloon)
Suzuki Alto 2015,"Rs: 3,900,000",km Find,"2026-01-22 | Vavuniya 94,000",black,Used,800,Petrol,Suzuki,94000,Alto,2015,800,2015,Manual,Car(Hatchback)
Nissan Dayz 2024,"Rs: 7,150,000",,2026-01-22 | Kottawa Find Out More,black,Brand New,660,Petrol,Nissan,0,Dayz,2024,660,Ref:,Automatic,Car(Liftback)
Daihatsu Taft 2025,"Rs: 7,800,000",,2026-01-22 | Kottawa Find Out More,black,Brand New,990,Petrol,Daihatsu,0,Taft,2025,990,Ref:,Automatic,Car(Liftback)
Nissan Dayz 2024,"Rs: 7,250,000",,2026-01-22 | Kottawa Find Out More,orange,Brand New,660,Petrol,Nissan,0,Dayz,2024,660,Ref:,Automatic,Car(Liftback)
Toyota Prius 2011,"Rs: 7,500,000",km Find,"2026-01-22 | Hokandara 138,000",white,Reconditioned,1800,Hybrid,Toyota,138000,Prius,2011,1800,2013,Automatic,Car(Hatchback)
Suzuki Alto 2012,"Rs: 3,500,000",km Find,"2026-01-22 | Colombo Fort (Colombo 01) 111,000",black,Used,650,Petrol,Suzuki,111000,Alto,2012,650,2013,Manual,Car(Hatchback)
Suzuki Alto 2011,"Rs: 3,500,000",km Find,"2026-01-22 | Horana 75,000",red,Used,800,Petrol,Suzuki,75000,Alto,2011,800,2011,Manual,Car(Hatchback)
Honda Civic 2017,"Rs: 12,500,000",km Find,"2026-02-19 | Telijjawila 82,285",silver,Used,1000,Petrol,Honda,82285,Civic,2017,1000,2018,Automatic,Car()
KIA Sephia 2002,"Rs: 2,600,000",km Find,"2026-02-10 | Mattegoda 162,481",gray,Used,1331,Petrol,KIA,162481,Sephia,2002,1331,2003,Automatic,Car(Sedan)
Toyota Belta 2007,"Rs: 5,500,000",km Find,"2026-02-06 | Homagama 166,600",silver,Used,1000,Petrol,Toyota,166600,Belta,2007,1000,2009,Automatic,Car(Saloon)
Nissan March 2002,"Rs: 3,600,000",km Find,"2026-01-22 | Uragasmanhandiya 193,000",other,Reconditioned,1240,Petrol,Nissan,193000,March,2002,1240,2005,Automatic,Car(Hatchback)
Toyota Allion 2010,"Rs: 9,000,000",km Find,"2026-01-22 | Panadura 230,000",black,Used,1500,Petrol,Toyota,230000,Allion,2010,1500,2012,Automatic,Car(Saloon)
Suzuki Alto 2015,"Rs: 4,350,000",km Find,"2026-01-22 | Kuliyapitiya 84,000",white,Used,1000,Petrol,Suzuki,84000,Alto,2015,1000,2015,Manual,Car(Hatchback)
Toyota Vitz 2018,"Rs: 7,500,000",km Find,"2026-01-22 | Kelaniya 38,000",gray,Used,990,Petrol,Toyota,38000,Vitz,2018,990,2019,Automatic,Car()
Toyota Pixis 2023,"Rs: 6,500,000",km Find,"2026-01-22 | Kelaniya 20,000",white,Brand New,660,Petrol,Toyota,20000,Pixis,2023,660,Ref:,Automatic,Car()
Toyota Yaris Ativ 2019,"Rs: 12,000,000",km Find,"2026-01-22 | Kottawa 103,140",silver,Used,1200,Petrol,Toyota,103140,Yaris Ativ,2019,1200,2020,Automatic,Car(Saloon)
Nissan Dayz 2023,"Rs: 8,700,000",km Find,"2026-01-22 | Kelaniya 8,900",white,Brand New,650,Petrol,Nissan,8900,Dayz,2023,650,Ref:,Automatic,Car()
Toyota Aqua 2014,"Rs: 8,000,000",km Find,"2026-01-22 | Wattala 120,000",green,Used,1500,Petrol,Toyota,120000,Aqua,2014,1500,2015,Automatic,Car(Hatchback)
Suzuki Alto 2015,"Rs: 3,750,000",km Find,"2026-01-22 | Moratuwa 70,000",black,Used,800,Petrol,Suzuki,70000,Alto,2015,800,2015,Manual,Car(Hatchback)
Suzuki Alto 2015,"Rs: 3,800,000",,2026-01-22 | Pannala Find Out More,white,Used,650,Petrol,Suzuki,0,Alto,2015,650,2015,Manual,Car(Hatchback)
Toyota Sprinter 1990,"Rs: 2,275,000",km Find,"2026-01-22 | Minuwangoda 294,000",white,Used,1500,Petrol,Toyota,294000,Sprinter,1990,1500,1993,Manual,Car(Saloon)
Nissan FB 14 1996,"Rs: 2,750,000",km Find,"2026-01-22 | Karativu 350,000",silver,Used,1970,Diesel,Nissan,350000,FB 14,1996,1970,1999,Automatic,Car(Hatchback)
Suzuki Alto 2007,"Rs: 3,200,000",km Find,2026-01-22 | Dodangoda 123,black,Used,800,Petrol,Suzuki,123,Alto,2007,800,2007,Manual,Car(Hatchback)
Daihatsu Mira 2023,"Rs: 6,290,000",km Find,"2026-01-22 | Kesbewa 17,900",red,Used,1200,Petrol,Daihatsu,17900,Mira,2023,1200,2026,Automatic,Car(Hatchback)
Honda Civic 2017,"Rs: 12,500,000",km Find,"2026-02-19 | Telijjawila 82,285",silver,Used,1000,Petrol,Honda,82285,Civic,2017,1000,2018,Automatic,Car()
KIA Sephia 2002,"Rs: 2,600,000",km Find,"2026-02-10 | Mattegoda 162,481",gray,Used,1331,Petrol,KIA,162481,Sephia,2002,1331,2003,Automatic,Car(Sedan)
Toyota Belta 2007,"Rs: 5,500,000",km Find,"2026-02-06 | Homagama 166,600",silver,Used,1000,Petrol,Toyota,166600,Belta,2007,1000,2009,Automatic,Car(Saloon)
Toyota Axio 2014,"Rs: 8,850,000",km Find,"2026-01-22 | Ampara 85,000",white,Used,1200,Petrol,Toyota,85000,Axio,2014,1200,2015,Manual,Car(Hatchback)
Suzuki Wagon R 2025,"Rs: 8,800,000",,2026-01-22 | Wariyapola Find Out More,white,Brand New,660,Petrol,Suzuki,0,Wagon R,2025,660,Ref:,Automatic,Car(Station wagon)
Suzuki Every 2018,"Rs: 6,075,000",km Find,"2026-01-22 | Pallewela 75,000",white,Used,1000,Petrol,Suzuki,75000,Every,2018,1000,2019,Other,Car(Station wagon)
Suzuki Every 2018,"Rs: 5,950,000",km Find,"2026-01-22 | Pallewela 75,000",white,Used,1000,Petrol,Suzuki,75000,Every,2018,1000,2020,Other,Car(Hatchback)
Mitsubishi eK 2023,"Rs: 6,950,000",km Find,"2026-01-22 | Kottawa 6,600",silver,Reconditioned,660,Petrol,Mitsubishi,6600,eK,2023,660,2026,Automatic,Car(Hatchback)
Micro Panda 2014,"Rs: 2,900,000",km Find,"2026-01-22 | Piliyandala 150,000",red,Used,1000,Petrol,Micro,150000,Panda,2014,1000,2014,Manual,Car(Hatchback)
Nissan Dayz 2024,"Rs: 7,300,000",km Find,"2026-01-22 | Kottawa 6,600",other,Reconditioned,660,Petrol,Nissan,6600,Dayz,2024,660,2026,Automatic,Car(Hatchback)
Mazda Familia 2002,"Rs: 3,300,000",km Find,"2026-01-22 | Bibile 160,000",silver,Used,1300,Petrol,Mazda,160000,Familia,2002,1300,2002,Manual,Car(Hatchback)
Daihatsu Mira 2023,"Rs: 6,350,000",km Find,"2026-01-22 | Kottawa 6,600",white,Reconditioned,660,Petrol,Daihatsu,6600,Mira,2023,660,2026,Automatic,Car(Hatchback)
Suzuki Alto 2016,"Rs: 4,000,000",km Find,"2026-01-22 | Trincomalee 83,000",white,Used,800,Petrol,Suzuki,83000,Alto,2016,800,2016,Manual,Car(Hatchback)
Suzuki Spacia 2017,"Rs: 6,650,000",km Find,"2026-01-22 | Dehiwala 124,000",red,Used,660,Hybrid,Suzuki,124000,Spacia,2017,660,2018,Automatic,Car()
Honda N BOX 2023,"Rs: 7,650,000",km Find,"2026-01-22 | Kottawa 6,600",black,Reconditioned,660,Petrol,Honda,6600,N BOX,2023,660,2023,Automatic,Car(Hatchback)
Ford Laser 1993,"Rs: 1,675,000",km Find,"2026-01-22 | Piliyandala 238,000",blue,Used,1300,Petrol,Ford,238000,Laser,1993,1300,1993,Manual,Car(Sedan)
Honda Civic 2017,"Rs: 12,500,000",km Find,"2026-02-19 | Telijjawila 82,285",silver,Used,1000,Petrol,Honda,82285,Civic,2017,1000,2018,Automatic,Car()
KIA Sephia 2002,"Rs: 2,600,000",km Find,"2026-02-10 | Mattegoda 162,481",gray,Used,1331,Petrol,KIA,162481,Sephia,2002,1331,2003,Automatic,Car(Sedan)
Toyota Belta 2007,"Rs: 5,500,000",km Find,"2026-02-06 | Homagama 166,600",silver,Used,1000,Petrol,Toyota,166600,Belta,2007,1000,2009,Automatic,Car(Saloon)
Toyota Carina 1987,"Rs: 1,625,000",km Find,"2026-01-22 | Mawathagama 124,000",white,Used,1500,Petrol,Toyota,124000,Carina,1987,1500,1990,Manual,Car(Station wagon)
Suzuki Alto 2011,"Rs: 3,150,000",km Find,"2026-01-22 | Katugastota 146,000",red,Used,899,Petrol,Suzuki,146000,Alto,2011,899,2012,Manual,Car(Hatchback)
Honda Fit 2011,"Rs: 6,400,000",km Find,"2026-01-21 | Kurunegala 247,000",white,Used,650,Petrol,Honda,247000,Fit,2011,650,2013,Automatic,Car(Hatchback)
Suzuki Wagon R 2015,"Rs: 5,200,000",km Find,"2026-01-21 | Katugastota 75,000",black,Used,650,Petrol,Suzuki,75000,Wagon R,2015,650,2015,Manual,Car(Station wagon)
Nissan Cefiro 2003,"Rs: 3,380,000",km Find,"2026-01-21 | Hingurakgoda 75,000",gray,Used,1300,Petrol,Nissan,75000,Cefiro,2003,1300,2003,Manual,Car(Liftback)
Tata Indica 2006,"Rs: 3,900,000",km Find,"2026-01-21 | Katunayake 100,000",silver,Used,1300,Petrol,Tata,100000,Indica,2006,1300,2006,Manual,Car(Hatchback)
Suzuki Wagon R 2017,"Rs: 6,600,000",km Find,"2026-01-21 | Nugegoda 81,300",brown,Used,650,Petrol,Suzuki,81300,Wagon R,2017,650,2017,Automatic,Car(Hatchback)
Toyota Premio 2007,"Rs: 9,000,000",km Find,"2026-01-21 | Polonnaruwa 100,000",white,Used,1500,Petrol,Toyota,100000,Premio,2007,1500,2011,Automatic,Car(Saloon)
Toyota Vitz 2016,"Rs: 6,900,000",km Find,"2026-01-21 | Ratnapura 135,000",black,Used,1000,Petrol,Toyota,135000,Vitz,2016,1000,2019,Manual,Car(Liftback)
Mitsubishi Lancer 2003,"Rs: 5,500,000",km Find,"2026-01-21 | Kottawa 100,000",blue,Used,1800,Petrol,Mitsubishi,100000,Lancer,2003,1800,2003,Automatic,Car(Saloon)
Honda Grace 2014,"Rs: 8,300,000",km Find,"2026-01-21 | Embilipitiya 193,000",white,Used,1500,Hybrid,Honda,193000,Grace,2014,1500,2015,Automatic,Car(Saloon)
Datsun Redi Go 2016,"Rs: 3,300,000",km Find,"2026-01-21 | Kadawatha 148,000",other,Used,800,Petrol,Datsun,148000,Redi Go,2016,800,2016,Manual,Car(Hatchback)
Toyota Vitz 2016,"Rs: 6,990,000",km Find,"2026-01-21 | Kurunegala 107,000",silver,Used,990,Petrol,Toyota,107000,Vitz,2016,990,2019,Automatic,Car(Hatchback)
Suzuki Swift 2003,"Rs: 3,850,000",km Find,"2026-01-21 | Embilipitiya 100,000",red,Used,1200,Petrol,Suzuki,100000,Swift,2003,1200,2003,Manual,Car(Liftback)
Suzuki Swift 2005,"Rs: 5,350,000",km Find,"2026-01-21 | Batticaloa 153,000",silver,Used,1320,Petrol,Suzuki,153000,Swift,2005,1320,2008,Automatic,Car(Hatchback)
Honda Civic 2017,"Rs: 12,500,000",km Find,"2026-02-19 | Telijjawila 82,285",silver,Used,1000,Petrol,Honda,82285,Civic,2017,1000,2018,Automatic,Car()
KIA Sephia 2002,"Rs: 2,600,000",km Find,"2026-02-10 | Mattegoda 162,481",gray,Used,1331,Petrol,KIA,162481,Sephia,2002,1331,2003,Automatic,Car(Sedan)
Toyota Belta 2007,"Rs: 5,500,000",km Find,"2026-02-06 | Homagama 166,600",silver,Used,1000,Petrol,Toyota,166600,Belta,2007,1000,2009,Automatic,Car(Saloon)
Suzuki Maruti 2006,"Rs: 2,150,000",km Find,"2026-01-21 | Matara 100,000",green,Used,800,Petrol,Suzuki,100000,Maruti,2006,800,2006,Manual,Car(Hatchback)
Nissan FB 15 2000,"Rs: 4,130,000",km Find,"2026-01-21 | Kaduwela 100,000",white,Used,1300,Petrol,Nissan,100000,FB 15,2000,1300,2003,Manual,Car(Hatchback)
Suzuki Swift 2005,"Rs: 5,250,000",km Find,"2026-01-21 | Maradana (Colombo 10) 138,000",blue,Used,1300,Petrol,Suzuki,138000,Swift,2005,1300,2007,Automatic,Car(Convertible)
Toyota Starlet 1999,"Rs: 3,950,000",km Find,"2026-01-21 | Kimbulapitiya 75,000",white,Used,1000,Petrol,Toyota,75000,Starlet,1999,1000,1999,Manual,Car(Hatchback)
Suzuki Wagon R 2023,"Rs: 8,100,000",,2026-01-21 | Kelaniya Find Out More,silver,Brand New,650,Petrol,Suzuki,0,Wagon R,2023,650,2023,Automatic,Car(Station wagon)
Perodua Kelisa 2007,"Rs: 3,450,000",km Find,"2026-01-21 | Peradeniya 75,000",silver,Used,1000,Petrol,Perodua,75000,Kelisa,2007,1000,2007,Automatic,Car(Liftback)
Hyundai Accent 2000,"Rs: 2,395,000",km Find,"2026-01-21 | Godagama 106,000",red,Used,1495,Petrol,Hyundai,106000,Accent,2000,1495,2004,Manual,Car(Sedan)
Hyundai Elantra 2001,"Rs: 2,795,000",km Find,"2026-01-21 | Godagama 95,000",blue,Used,1699,Petrol,Hyundai,95000,Elantra,2001,1699,2004,Automatic,Car(Sedan)
Nissan Sunny 1992,"Rs: 1,495,000",km Find,"2026-01-21 | Katunayake 100,000",white,Used,1000,Petrol,Nissan,100000,Sunny,1992,1000,1995,Manual,Car(Saloon)
Honda Civic 1999,"Rs: 4,100,000",km Find,"2026-01-21 | Malabe 200,000",white,Used,1500,Petrol,Honda,200000,Civic,1999,1500,2003,Automatic,Car(Saloon)
Nissan Wingroad 2001,"Rs: 3,500,000",km Find,"2026-01-21 | Negombo 216,000",silver,Reconditioned,1940,Petrol,Nissan,216000,Wingroad,2001,1940,2001,Manual,Car(Hatchback)
Toyota Prius 2009,"Rs: 7,250,000",km Find,"2026-01-21 | Moratuwa 156,487",black,Used,1500,Petrol,Toyota,156487,Prius,2009,1500,2011,Automatic,Car(Hatchback)
Nissan Sunny 2004,"Rs: 4,450,000",km Find,"2026-01-21 | Anuradhapura 198,000",blue,Used,1600,Petrol,Nissan,198000,Sunny,2004,1600,2004,Manual,Car(Saloon)
Toyota Aqua 2012,"Rs: 6,900,000",km Find,"2026-01-21 | Kesbewa 100,000",black,Used,1500,Petrol,Toyota,100000,Aqua,2012,1500,2013,Other,Car(Hatchback)
Perodua Axia 2016,"Rs: 5,500,000",km Find,"2026-01-21 | Malabe 90,000",black,Used,1000,Petrol,Perodua,90000,Axia,2016,1000,2016,Automatic,Car(Hatchback)
Mazda Familia 2001,"Rs: 3,600,000",km Find,"2026-01-21 | Panadura 210,000",white,Used,1500,Petrol,Mazda,210000,Familia,2001,1500,2004,Automatic,Car(Saloon)
Suzuki Wagon R 2024,"Rs: 7,300,000",km Find,"2026-01-21 | Anuradhapura 12,000",silver,Brand New,650,Petrol,Suzuki,12000,Wagon R,2024,650,Ref:,Automatic,Car(Hatchback)
Honda Civic 2017,"Rs: 12,500,000",km Find,"2026-02-19 | Telijjawila 82,285",silver,Used,1000,Petrol,Honda,82285,Civic,2017,1000,2018,Automatic,Car()
KIA Sephia 2002,"Rs: 2,600,000",km Find,"2026-02-10 | Mattegoda 162,481",gray,Used,1331,Petrol,KIA,162481,Sephia,2002,1331,2003,Automatic,Car(Sedan)
Toyota Belta 2007,"Rs: 5,500,000",km Find,"2026-02-06 | Homagama 166,600",silver,Used,1000,Petrol,Toyota,166600,Belta,2007,1000,2009,Automatic,Car(Saloon)
Nissan B11 1984,"Rs: 1,650,000",km Find,"2026-01-21 | Bandarawela 297,500",silver,Used,1500,Petrol,Nissan,297500,B11,1984,1500,1984,Manual,Car(Sedan)
Suzuki Maruti 2011,"Rs: 2,250,000",,2026-01-21 | Mirigama Find Out More,other,Used,800,Petrol,Suzuki,0,Maruti,2011,800,2011,Manual,Car(Hatchback)
Mitsubishi Lancer 1992,"Rs: 2,600,000",,2026-01-21 | Kesbewa Find Out More,red,Used,1000,Petrol,Mitsubishi,0,Lancer,1992,1000,1995,Manual,Car(Hatchback)
Nissan Sunny 1992,"Rs: 1,495,000",,2026-01-21 | Katunayake Find Out More,other,Used,1000,Petrol,Nissan,0,Sunny,1992,1000,1995,Manual,Car(Saloon)
Mitsubishi Lancer 1982,"Rs: 850,000",km Find,"2026-01-21 | Negombo 200,000",white,Used,1400,Petrol,Mitsubishi,200000,Lancer,1982,1400,1983,Manual,Car(Saloon)
Mitsubishi Lancer 2003,"Rs: 5,790,000",km Find,"2026-01-21 | Dambulla 100,000",silver,Used,1600,Petrol,Mitsubishi,100000,Lancer,2003,1600,2003,Manual,Car(Saloon)
Suzuki Alto 2014,"Rs: 3,650,000",,2026-01-21 | Kesbewa Find Out More,white,Used,800,Petrol,Suzuki,0,Alto,2014,800,2015,Manual,Car(Hatchback)
Toyota Vitz 2017,"Rs: 7,300,000",km Find,"2026-01-21 | Boralesgamuwa 140,000",black,Used,1000,Hybrid,Toyota,140000,Vitz,2017,1000,2017,Automatic,Car(Liftback)
Perodua Kelisa 2006,"Rs: 3,175,000",km Find,"2026-01-21 | Anuradhapura 80,000",gold,Used,989,Petrol,Perodua,80000,Kelisa,2006,989,2006,Automatic,Car()
Toyota DX Wagon 1986,"Rs: 1,175,000",,2026-01-21 | Pelmadulla Find Out More,white,Used,1300,Petrol,Toyota,0,DX Wagon,1986,1300,1986,Manual,Car(Saloon)
Nissan Sunny 1998,"Rs: 3,200,000",km Find,"2026-01-21 | Delgoda 120,000",white,Used,1500,Petrol,Nissan,120000,Sunny,1998,1500,2000,Automatic,Car(Saloon)
MG 6 2014,"Rs: 5,870,000",km Find,"2026-01-21 | Kandy 100,000",silver,Used,1800,Petrol,MG,100000,6,2014,1800,2016,Manual,Car(Saloon)
Honda Grace 2015,"Rs: 9,000,000",km Find,"2026-01-21 | Panadura 155,000",white,Used,1500,Hybrid,Honda,155000,Grace,2015,1500,2015,Automatic,Car(Sedan)
Suzuki Celerio 2017,"Rs: 4,800,000",km Find,"2026-01-21 | Kinniya 41,000",silver,Used,1000,Petrol,Suzuki,41000,Celerio,2017,1000,2017,Automatic,Car(Liftback)
Toyota Premio 2008,"Rs: 8,300,000",km Find,"2026-01-21 | Kurunegala 120,000",gray,Used,690,Petrol,Toyota,120000,Premio,2008,690,2011,Automatic,Car(Hatchback)
Toyota Vitz 2018,"Rs: 8,050,000",,2026-01-21 | Habarakada Find Out More,white,Used,1000,Petrol,Toyota,0,Vitz,2018,1000,2018,Automatic,Car(Hatchback)
Honda Civic 2017,"Rs: 12,500,000",km Find,"2026-02-19 | Telijjawila 82,285",silver,Used,1000,Petrol,Honda,82285,Civic,2017,1000,2018,Automatic,Car()
KIA Sephia 2002,"Rs: 2,600,000",km Find,"2026-02-10 | Mattegoda 162,481",gray,Used,1331,Petrol,KIA,162481,Sephia,2002,1331,2003,Automatic,Car(Sedan)
Toyota Belta 2007,"Rs: 5,500,000",km Find,"2026-02-06 | Homagama 166,600",silver,Used,1000,Petrol,Toyota,166600,Belta,2007,1000,2009,Automatic,Car(Saloon)
Toyota Premio 2018,"Rs: 14,575,000",km Find,"2026-01-21 | Divulapitiya 142,000",white,Used,1500,Petrol,Toyota,142000,Premio,2018,1500,2018,Automatic,Car(Saloon)
Honda Insight 2009,"Rs: 6,675,000",,2026-01-21 | Kuruwita Find Out More,blue,Used,1330,Hybrid,Honda,0,Insight,2009,1330,2012,Automatic,Car(Sedan)
Nissan B310 1983,"Rs: 640,000",,2026-01-21 | Piliyandala Find Out More,red,Used,1200,Petrol,Nissan,0,B310,1983,1200,1979,Manual,Car(Saloon)
Suzuki Maruti 2012,"Rs: 2,575,000",km Find,"2026-01-20 | Gurudeniya 79,288",maroon,Used,800,Petrol,Suzuki,79288,Maruti,2012,800,2013,Manual,Car(Hatchback)
BMW 3 Series 2011,"Rs: 11,460,000",km Find,"2026-01-20 | Ja-Ela 201,500",maroon,Used,2000,Diesel,BMW,201500,3 Series,2011,2000,2011,Tiptronic,Car(Saloon)
Suzuki Wagon R 2018,"Rs: 5,900,000",km Find,"2026-01-20 | Kohuwala 50,000",white,Used,650,Petrol,Suzuki,50000,Wagon R,2018,650,2019,Automatic,Car(Hatchback)
Mercedes Benz CLA 2017,"Rs: 17,900,000",km Find,"2026-01-20 | Kohuwala 58,000",white,Used,1590,Petrol,Mercedes Benz,58000,CLA,2017,1590,2018,Automatic,Car(Sedan)
Honda Civic 1985,"Rs: 1,275,000",km Find,2026-01-20 | Padukka 0,white,Used,1500,Petrol,Honda,00000,Civic,1985,1500,1988,Manual,Car(Saloon)
Honda Civic 2004,"Rs: 5,800,000",km Find,"2026-01-20 | Homagama 181,000",maroon,Used,1500,Petrol,Honda,181000,Civic,2004,1500,2005,Automatic,Car(Saloon)
Toyota Vitz 2015,"Rs: 7,150,000",km Find,"2026-01-20 | Pannipitiya 45,000",black,Used,1000,Petrol,Toyota,45000,Vitz,2015,1000,2018,Automatic,Car(Hatchback)
Suzuki Wagon R 2025,"Rs: 7,900,000",,2026-01-20 | Negombo Find Out More,black,Brand New,650,Petrol,Suzuki,0,Wagon R,2025,650,Ref:,Automatic,Car(Hatchback)
Suzuki Wagon R 2024,"Rs: 7,500,000",,2026-01-20 | Negombo Find Out More,red,Brand New,650,Petrol,Suzuki,0,Wagon R,2024,650,Ref:,Automatic,Car(Hatchback)
Suzuki Wagon R 2023,"Rs: 7,400,000",,2026-01-20 | Negombo Find Out More,blue,Brand New,650,Petrol,Suzuki,0,Wagon R,2023,650,2023,Automatic,Car(Hatchback)
Honda Civic 2008,"Rs: 7,700,000",km Find,"2026-01-20 | Makola 180,000",silver,Used,1339,Hybrid,Honda,180000,Civic,2008,1339,2016,Automatic,Car(Sedan)
Perodua Axia 2017,"Rs: 5,790,000",km Find,"2026-01-20 | Kadawatha 91,000",gray,Used,1000,Petrol,Perodua,91000,Axia,2017,1000,2017,Automatic,Car(Hatchback)
Perodua Elite 2013,"Rs: 4,100,000",km Find,"2026-01-20 | Maharagama 100,000",black,Used,0,Petrol,Perodua,100000,Elite,2013,0,2013,Automatic,Car(Saloon)
Honda Civic 2017,"Rs: 12,500,000",km Find,"2026-02-19 | Telijjawila 82,285",silver,Used,1000,Petrol,Honda,82285,Civic,2017,1000,2018,Automatic,Car()
KIA Sephia 2002,"Rs: 2,600,000",km Find,"2026-02-10 | Mattegoda 162,481",gray,Used,1331,Petrol,KIA,162481,Sephia,2002,1331,2003,Automatic,Car(Sedan)
Toyota Belta 2007,"Rs: 5,500,000",km Find,"2026-02-06 | Homagama 166,600",silver,Used,1000,Petrol,Toyota,166600,Belta,2007,1000,2009,Automatic,Car(Saloon)
Honda Grace 2015,"Rs: 8,990,000",km Find,"2026-01-20 | Battaramulla 118,000",maroon,Used,1500,Hybrid,Honda,118000,Grace,2015,1500,2015,Automatic,Car(Saloon)
Toyota Corolla 2005,"Rs: 5,750,000",km Find,"2026-01-20 | Vavuniya 120,000",blue,Used,1259,Petrol,Toyota,120000,Corolla,2005,1259,2005,Manual,Car(Saloon)
Mazda Familia 1990,"Rs: 1,575,000",km Find,"2026-01-20 | Warakapola 100,000",gray,Used,1300,Petrol,Mazda,100000,Familia,1990,1300,1990,Manual,Car(Saloon)
Suzuki Wagon R 2024,"Rs: 7,095,000",km Find,"2026-01-20 | Panadura 2,500",red,Brand New,660,Petrol,Suzuki,2500,Wagon R,2024,660,Ref:,Automatic,Car(Hatchback)
Suzuki Wagon R 2017,"Rs: 6,650,000",km Find,"2026-01-20 | Pannipitiya 64,000",black,Used,660,Petrol,Suzuki,64000,Wagon R,2017,660,2017,Automatic,Car(Hatchback)
Suzuki Wagon R 2023,"Rs: 7,400,000",km Find,"2026-01-20 | Negombo 22,194",white,Brand New,650,Petrol,Suzuki,22194,Wagon R,2023,650,Ref:,Automatic,Car(Hatchback)
Suzuki Alto 2008,"Rs: 2,000,000",km Find,"2026-01-20 | Kahathuduwa 125,000",white,Used,800,Petrol,Suzuki,125000,Alto,2008,800,2008,Manual,Car(Liftback)
Audi A6 2013,"Rs: 12,900,000",km Find,"2026-01-20 | Nugegoda 120,000",silver,Used,2000,Diesel,Audi,120000,A6,2013,2000,2013,Automatic,Car(Sedan)
Suzuki Wagon R 2024,"Rs: 7,400,000",km Find,"2026-01-20 | Negombo 17,567",white,Brand New,650,Petrol,Suzuki,17567,Wagon R,2024,650,Ref:,Automatic,Car(Hatchback)
Suzuki Wagon R 2024,"Rs: 7,400,000",km Find,"2026-01-20 | Negombo 3,000",purple,Brand New,650,Petrol,Suzuki,3000,Wagon R,2024,650,Ref:,Automatic,Car(Hatchback)
Suzuki Spacia 2023,"Rs: 9,200,000",,2026-01-20 | Negombo Find Out More,white,Brand New,650,Petrol,Suzuki,0,Spacia,2023,650,Ref:,Automatic,Car(Hatchback)
Honda Insight 2012,"Rs: 8,500,000",km Find,"2026-01-20 | Kirindiwela 13,600",silver,Used,1500,Petrol,Honda,13600,Insight,2012,1500,2014,Automatic,Car(Hatchback)
Suzuki Alto 2016,"Rs: 3,900,000",km Find,"2026-01-20 | Anuradhapura 927,000",black,Used,1000,Petrol,Suzuki,927000,Alto,2016,1000,2016,Manual,Car(Liftback)
KIA Picanto 2017,"Rs: 6,000,000",km Find,"2026-01-20 | Wellawatta (Colombo 06) 38,050",red,Used,1000,Petrol,KIA,38050,Picanto,2017,1000,2017,Manual,Car(Hatchback)
Honda Civic 2017,"Rs: 12,500,000",km Find,"2026-02-19 | Telijjawila 82,285",silver,Used,1000,Petrol,Honda,82285,Civic,2017,1000,2018,Automatic,Car()
KIA Sephia 2002,"Rs: 2,600,000",km Find,"2026-02-10 | Mattegoda 162,481",gray,Used,1331,Petrol,KIA,162481,Sephia,2002,1331,2003,Automatic,Car(Sedan)
Toyota Belta 2007,"Rs: 5,500,000",km Find,"2026-02-06 | Homagama 166,600",silver,Used,1000,Petrol,Toyota,166600,Belta,2007,1000,2009,Automatic,Car(Saloon)
Suzuki Wagon R 2018,"Rs: 5,800,000",km Find,"2026-01-20 | Nikaweratiya 90,000",white,Used,650,Petrol,Suzuki,90000,Wagon R,2018,650,2018,Automatic,Car(Hatchback)
Toyota Vitz 2007,"Rs: 5,150,000",km Find,"2026-01-20 | Boralesgamuwa 180,000",silver,Used,1000,Petrol,Toyota,180000,Vitz,2007,1000,2011,Automatic,Car(Hatchback)
Audi A6 2012,"Rs: 16,200,000",km Find,"2026-01-20 | Panadura 142,000",white,Used,1800,Diesel,Audi,142000,A6,2012,1800,2013,Manual,Car(Saloon)
Toyota Aqua 2013,"Rs: 6,750,000",km Find,"2026-01-20 | Baddegama 143,000",black,Used,1496,Petrol,Toyota,143000,Aqua,2013,1496,2014,Automatic,Car(Hatchback)
Suzuki Wagon R 2025,"Rs: 8,535,000",,2026-01-20 | Kadawatha Find Out More,white,Brand New,658,Hybrid,Suzuki,0,Wagon R,2025,658,Ref:,Automatic,Car(Hatchback)
Suzuki Wagon R 2018,"Rs: 6,950,000",km Find,"2026-01-20 | Nikaweratiya 49,968",white,Used,650,Petrol,Suzuki,49968,Wagon R,2018,650,2018,Automatic,Car(Hatchback)
Toyota Yaris 2024,"Rs: 8,980,000",km Find,"2026-01-20 | Bellanwila 45,000",white,Reconditioned,1000,Hybrid,Toyota,45000,Yaris,2024,1000,2024,Automatic,Car(Liftback)
Suzuki Swift 2010,"Rs: 5,850,000",km Find,"2026-01-20 | Vavuniya 156,000",black,Used,1000,Petrol,Suzuki,156000,Swift,2010,1000,2011,Automatic,Car(Hatchback)
Toyota Belta 2007,"Rs: 6,300,000",km Find,"2026-01-19 | Kiribathgoda 183,000",blue,Used,1500,Petrol,Toyota,183000,Belta,2007,1500,2008,Automatic,Car(Sedan)
Daihatsu Hijet 2001,"Rs: 2,750,000",km Find,"2026-01-19 | Ruwanwella 120,000",white,Used,650,Petrol,Daihatsu,120000,Hijet,2001,650,2004,Manual,Car(Convertible)
Mitsubishi Galant 1998,"Rs: 3,750,000",km Find,"2026-01-19 | Gampaha 98,000",silver,Used,1500,Petrol,Mitsubishi,98000,Galant,1998,1500,1998,Manual,Car(Saloon)
Suzuki Alto 2024,"Rs: 7,400,000",,2026-01-19 | Kurunegala Find Out More,white,Brand New,650,Petrol,Suzuki,0,Alto,2024,650,2024,Automatic,Car(Hatchback)
Ford Laser 2000,"Rs: 2,750,000",km Find,"2026-01-19 | Matara 100,000",silver,Used,1600,Petrol,Ford,100000,Laser,2000,1600,2000,Manual,Car(Saloon)
Toyota Soluna 2001,"Rs: 2,500,000",km Find,"2026-01-19 | Delgoda 254,000",green,Used,1500,Petrol,Toyota,254000,Soluna,2001,1500,2003,Automatic,Car(Sedan)
Honda Civic 2017,"Rs: 12,500,000",km Find,"2026-02-19 | Telijjawila 82,285",silver,Used,1000,Petrol,Honda,82285,Civic,2017,1000,2018,Automatic,Car()
KIA Sephia 2002,"Rs: 2,600,000",km Find,"2026-02-10 | Mattegoda 162,481",gray,Used,1331,Petrol,KIA,162481,Sephia,2002,1331,2003,Automatic,Car(Sedan)
Toyota Belta 2007,"Rs: 5,500,000",km Find,"2026-02-06 | Homagama 166,600",silver,Used,1000,Petrol,Toyota,166600,Belta,2007,1000,2009,Automatic,Car(Saloon)
Toyota Passo 2010,"Rs: 5,300,000",km Find,"2026-01-19 | Ragama 87,275",red,Used,1000,Petrol,Toyota,87275,Passo,2010,1000,2012,Automatic,Car(Saloon)
Toyota Axio 2012,"Rs: 7,750,000",km Find,"2026-01-19 | Yakkala 175,000",gold,Reconditioned,1500,Petrol,Toyota,175000,Axio,2012,1500,2012,Automatic,Car(Saloon)
Toyota Vitz 2010,"Rs: 6,600,000",km Find,"2026-01-19 | Agalawatta 137,867",black,Used,990,Petrol,Toyota,137867,Vitz,2010,990,2010,Automatic,Car(Hatchback)
Toyota Corolla 1992,"Rs: 2,200,000",km Find,"2026-01-19 | Maharagama 132,000",white,Used,1450,Petrol,Toyota,132000,Corolla,1992,1450,1995,Manual,Car(Hatchback)
Toyota Corolla 1991,"Rs: 2,550,000",km Find,"2026-01-19 | Maharagama 125,580",gray,Used,1970,Diesel,Toyota,125580,Corolla,1991,1970,1995,Automatic,Car(Saloon)
Toyota Vitz 2017,"Rs: 8,200,000",km Find,"2026-01-19 | Kiribathkumbura 56,000",gray,Used,990,Petrol,Toyota,56000,Vitz,2017,990,2020,Automatic,Car(Hatchback)
Honda Vezel 2017,"Rs: 13,500,000",km Find,"2026-01-19 | Alutgama 203,000",white,Used,1490,Petrol,Honda,203000,Vezel,2017,1490,2017,Automatic,Car(Hatchback)
Toyota Corolla 1979,"Rs: 780,000",,2026-01-19 | Dummalasuriya Find Out More,red,Used,1300,Petrol,Toyota,0,Corolla,1979,1300,1981,Manual,Car(Saloon)
Micro Panda 2015,"Rs: 3,000,000",,2026-01-19 | Ambalangoda Find Out More,blue,Used,1000,Petrol,Micro,0,Panda,2015,1000,2016,Manual,Car(Hatchback)
Renault KWID 2016,"Rs: 4,000,000",km Find,"2026-01-19 | Batticaloa 41,000",black,Used,999,Petrol,Renault,41000,KWID,2016,999,2017,Manual,Car(Hatchback)
Honda Civic 2017,"Rs: 13,250,000",km Find,"2026-01-19 | Kotte 75,000",red,Used,1000,Petrol,Honda,75000,Civic,2017,1000,2018,Automatic,Car(Saloon)
Honda Civic 2017,"Rs: 12,500,000",km Find,"2026-02-19 | Telijjawila 82,285",silver,Used,1000,Petrol,Honda,82285,Civic,2017,1000,2018,Automatic,Car()
KIA Sephia 2002,"Rs: 2,600,000",km Find,"2026-02-10 | Mattegoda 162,481",gray,Used,1331,Petrol,KIA,162481,Sephia,2002,1331,2003,Automatic,Car(Sedan)
Toyota Belta 2007,"Rs: 5,500,000",km Find,"2026-02-06 | Homagama 166,600",silver,Used,1000,Petrol,Toyota,166600,Belta,2007,1000,2009,Automatic,Car(Saloon)
Hyundai Accent 2001,"Rs: 2,800,000",km Find,"2026-01-19 | Kadawatha 158,100",blue,Used,1500,Petrol,Hyundai,158100,Accent,2001,1500,2001,Automatic,Car(Saloon)
Suzuki Alto 2015,"Rs: 3,850,000",km Find,"2026-01-19 | Deiyandara 88,000",black,Used,1200,Petrol,Suzuki,88000,Alto,2015,1200,2016,Manual,Car(Sports)
Honda Civic 2001,"Rs: 1,750,000",km Find,"2026-01-19 | Anuradhapura 180,000",navy,Used,1500,Petrol,Honda,180000,Civic,2001,1500,2001,Automatic,Car(Hatchback)
Suzuki Alto 2017,"Rs: 5,100,000",km Find,"2026-01-19 | Peradeniya 93,000",silver,Reconditioned,650,Hybrid,Suzuki,93000,Alto,2017,650,2018,Automatic,Car(Hatchback)
Suzuki Alto 2016,"Rs: 3,900,000",km Find,"2026-01-19 | Anuradhapura 103,000",red,Used,800,Petrol,Suzuki,103000,Alto,2016,800,2017,Manual,Car(Liftback)
Mitsubishi Lancer 1999,"Rs: 4,250,000",km Find,"2026-01-19 | Narammala 276,545",red,Used,1500,Petrol,Mitsubishi,276545,Lancer,1999,1500,1999,Manual,Car(Sedan)
Toyota Axio 2008,"Rs: 7,100,000",km Find,"2026-01-19 | Kegalle 159,300",silver,Used,1500,Petrol,Toyota,159300,Axio,2008,1500,2011,Automatic,Car(Saloon)
Toyota Premio 2013,"Rs: 12,700,000",km Find,"2026-01-19 | Malabe 41,750",maroon,Used,1400,Petrol,Toyota,41750,Premio,2013,1400,2013,Automatic,Car(Saloon)
Perodua Axia 2019,"Rs: 6,800,000",km Find,"2026-01-19 | Gampaha 740,000",white,Used,998,Petrol,Perodua,740000,Axia,2019,998,2019,Automatic,Car(Hatchback)
Nissan Dayz 2023,"Rs: 7,350,000",km Find,"2026-01-19 | Kottawa 21,000",orange,Brand New,660,Petrol,Nissan,21000,Dayz,2023,660,Ref:,Automatic,Car(Hatchback)
Toyota Aqua 2014,"Rs: 7,600,000",km Find,"2026-01-19 | Kalmunai 141,000",silver,Used,1330,Petrol,Toyota,141000,Aqua,2014,1330,2015,Automatic,Car(Station wagon)
Suzuki Wagon R 2015,"Rs: 5,250,000",,2026-01-19 | Kirulapone Find Out More,white,Used,650,Petrol,Suzuki,0,Wagon R,2015,650,2015,Automatic,Car(Hatchback)
Suzuki Wagon R 2018,"Rs: 5,850,000",km Find,"2026-01-19 | Battaramulla 251,000",white,Used,650,Petrol,Suzuki,251000,Wagon R,2018,650,2018,Automatic,Car()
Honda Civic 2017,"Rs: 12,500,000",km Find,"2026-02-19 | Telijjawila 82,285",silver,Used,1000,Petrol,Honda,82285,Civic,2017,1000,2018,Automatic,Car()
KIA Sephia 2002,"Rs: 2,600,000",km Find,"2026-02-10 | Mattegoda 162,481",gray,Used,1331,Petrol,KIA,162481,Sephia,2002,1331,2003,Automatic,Car(Sedan)
Toyota Belta 2007,"Rs: 5,500,000",km Find,"2026-02-06 | Homagama 166,600",silver,Used,1000,Petrol,Toyota,166600,Belta,2007,1000,2009,Automatic,Car(Saloon)
Toyota Aqua 2012,"Rs: 6,400,000",km Find,"2026-01-19 | Colombo Fort (Colombo 01) 260,000",white,Used,1000,Petrol,Toyota,260000,Aqua,2012,1000,2013,Automatic,Car(Hatchback)
Toyota Vitz 2017,"Rs: 7,000,000",km Find,"2026-01-19 | Kollupitiya (Colombo 03) 114,000",gray,Used,1000,Petrol,Toyota,114000,Vitz,2017,1000,2017,Automatic,Car(Sports)
Toyota Prius 2007,"Rs: 6,495,000",km Find,2026-01-19 | Ampitiya 200,silver,Used,1490,Hybrid,Toyota,200,Prius,2007,1490,2011,Automatic,Car(Convertible)
Nissan Dayz 2015,"Rs: 6,400,000",km Find,"2026-01-19 | Dematagoda (Colombo 09) 91,500",pink,Used,650,Petrol,Nissan,91500,Dayz,2015,650,2018,Automatic,Car(Hatchback)
Suzuki Maruti 2006,"Rs: 1,950,000",,2026-01-19 | Bandarawela Find Out More,black,Used,800,Petrol,Suzuki,0,Maruti,2006,800,2006,Manual,Car(Hatchback)
Suzuki Wagon R 2017,"Rs: 6,400,000",km Find,2026-01-19 | Kandy 140,white,Used,658,Petrol,Suzuki,140,Wagon R,2017,658,2017,Automatic,Car(Hatchback)
Toyota Aqua 2014,"Rs: 7,700,000",km Find,"2026-01-19 | Kandy 130,000",white,Reconditioned,1000,Petrol,Toyota,130000,Aqua,2014,1000,2015,Automatic,Car(Hatchback)
Suzuki Swift 2002,"Rs: 3,450,000",km Find,"2026-01-19 | Kandy 80,000",silver,Reconditioned,800,Petrol,Suzuki,80000,Swift,2002,800,2005,Automatic,Car(Hatchback)
Suzuki Alto 2015,"Rs: 3,950,000",km Find,"2026-01-18 | Ampara 55,000",black,Used,800,Petrol,Suzuki,55000,Alto,2015,800,2015,Manual,Car(Hatchback)
Perodua Kelisa 2007,"Rs: 3,275,000",km Find,"2026-01-18 | Gothatuwa 181,000",gray,Used,1000,Petrol,Perodua,181000,Kelisa,2007,1000,2007,Automatic,Car(Hatchback)
Daihatsu Mira 2024,"Rs: 6,975,000",,2026-01-18 | Kotte Find Out More,blue,Brand New,660,Petrol,Daihatsu,0,Mira,2024,660,Ref:,Automatic,Car(Hatchback)
Nissan N 16 2000,"Rs: 4,000,000",km Find,"2026-01-18 | Nikaweratiya 170,000",silver,Used,1500,Petrol,Nissan,170000,N 16,2000,1500,2000,Automatic,Car(Saloon)
Toyota Soluna 2000,"Rs: 3,300,000",km Find,"2026-01-18 | Colombo Fort (Colombo 01) 101,000",silver,Used,1500,Petrol,Toyota,101000,Soluna,2000,1500,2003,Manual,Car(Saloon)
Suzuki Wagon R 2018,"Rs: 5,900,000",km Find,"2026-01-18 | Colombo Fort (Colombo 01) 115,280",black,Used,650,Petrol,Suzuki,115280,Wagon R,2018,650,2019,Manual,Car(Hatchback)
Suzuki Celerio 2016,"Rs: 5,075,000",km Find,"2026-01-18 | Kadawatha 94,000",red,Used,1000,Petrol,Suzuki,94000,Celerio,2016,1000,2016,Automatic,Car(Hatchback)
Honda Civic 2017,"Rs: 12,500,000",km Find,"2026-02-19 | Telijjawila 82,285",silver,Used,1000,Petrol,Honda,82285,Civic,2017,1000,2018,Automatic,Car()
KIA Sephia 2002,"Rs: 2,600,000",km Find,"2026-02-10 | Mattegoda 162,481",gray,Used,1331,Petrol,KIA,162481,Sephia,2002,1331,2003,Automatic,Car(Sedan)
Toyota Belta 2007,"Rs: 5,500,000",km Find,"2026-02-06 | Homagama 166,600",silver,Used,1000,Petrol,Toyota,166600,Belta,2007,1000,2009,Automatic,Car(Saloon)
Perodua Axia 2017,"Rs: 5,790,000",km Find,"2026-01-18 | Kadawatha 91,000",gray,Used,1000,Petrol,Perodua,91000,Axia,2017,1000,2017,Automatic,Car(Hatchback)
Perodua Bezza 2019,"Rs: 6,450,000",km Find,"2026-01-18 | Kurunegala 128,000",white,Used,1000,Petrol,Perodua,128000,Bezza,2019,1000,2020,Automatic,Car(Saloon)
Toyota Vitz 2008,"Rs: 5,825,000",km Find,"2026-01-18 | Kadawatha 140,000",gray,Used,1000,Petrol,Toyota,140000,Vitz,2008,1000,2013,Automatic,Car(Hatchback)
Mazda 2 2015,"Rs: 8,250,000",km Find,"2026-01-18 | Delgoda 58,000",red,Used,1500,Petrol,Mazda,58000,2,2015,1500,2015,Automatic,Car(Saloon)
Mazda Familia 2002,"Rs: 5,700,000",km Find,"2026-01-18 | Bibile 120,000",silver,Used,1500,Petrol,Mazda,120000,Familia,2002,1500,2005,Automatic,Car(Saloon)
Suzuki Wagon R 2017,"Rs: 6,600,000",km Find,"2026-01-18 | Seeduwa 940,000",blue,Used,666,Petrol,Suzuki,940000,Wagon R,2017,666,2017,Automatic,Car(Hatchback)
Toyota Vitz 2017,"Rs: 7,450,000",km Find,"2026-01-18 | Negombo 143,000",white,Used,1000,Petrol,Toyota,143000,Vitz,2017,1000,2018,Automatic,Car(Hatchback)
Toyota Allion 2020,"Rs: 9,690,000",km Find,"2026-01-18 | Hingurakgoda 75,000",maroon,Used,1300,Petrol,Toyota,75000,Allion,2020,1300,2020,Other,Car(Liftback)
Daewoo Matiz 2000,"Rs: 1,375,000",km Find,"2026-01-18 | Alawwa 75,000",red,Used,1200,Petrol,Daewoo,75000,Matiz,2000,1200,2001,Automatic,Car(Liftback)
Nissan Cefiro 1988,"Rs: 3,380,000",km Find,"2026-01-18 | Hingurakgoda 75,000",silver,Used,1300,Petrol,Nissan,75000,Cefiro,1988,1300,2000,Other,Car(Liftback)
Tata Indica 2005,"Rs: 1,900,000",km Find,"2026-01-18 | Kesbewa 75,000",silver,Used,1300,Petrol,Tata,75000,Indica,2005,1300,2005,Manual,Car(Liftback)
Suzuki Wagon R 2018,"Rs: 6,690,000",km Find,"2026-01-18 | Kekanadurra 109,000",silver,* Used as a family vehicle,658,Petrol,Suzuki,109000,Wagon R,2018,658,2018,Automatic,Car(Hatchback)
Toyota Axio 2007,"Rs: 7,500,000",km Find,"2026-01-18 | Ganemulla 75,000",silver,Used,1300,Petrol,Toyota,75000,Axio,2007,1300,2008,Manual,Car(Liftback)
Honda Civic 2017,"Rs: 12,500,000",km Find,"2026-02-19 | Telijjawila 82,285",silver,Used,1000,Petrol,Honda,82285,Civic,2017,1000,2018,Automatic,Car()
KIA Sephia 2002,"Rs: 2,600,000",km Find,"2026-02-10 | Mattegoda 162,481",gray,Used,1331,Petrol,KIA,162481,Sephia,2002,1331,2003,Automatic,Car(Sedan)
Toyota Belta 2007,"Rs: 5,500,000",km Find,"2026-02-06 | Homagama 166,600",silver,Used,1000,Petrol,Toyota,166600,Belta,2007,1000,2009,Automatic,Car(Saloon)
Toyota Axio 2018,"Rs: 13,000,000",km Find,"2026-01-18 | Galle 125,000",red,Used,1500,Hybrid,Toyota,125000,Axio,2018,1500,2019,Automatic,Car(Saloon)
Suzuki Alto 2015,"Rs: 3,875,000",km Find,"2026-01-18 | Ganemulla 75,000",black,Used,1200,Petrol,Suzuki,75000,Alto,2015,1200,2015,Other,Car(Liftback)
Toyota Prius 2016,"Rs: 13,725,000",km Find,"2026-01-18 | Delgoda 163,000",white,Used,1500,Hybrid,Toyota,163000,Prius,2016,1500,2016,Automatic,Car(Liftback)
Nissan Wingroad 2006,"Rs: 5,450,000",km Find,"2026-01-18 | Pettah (Colombo 11) 203,000",green,Used,1500,Petrol,Nissan,203000,Wingroad,2006,1500,2008,Automatic,Car(Hatchback)
Micro Panda 2016,"Rs: 3,395,000",km Find,"2026-01-18 | Pelmadulla 71,752",black,Used,1000,Petrol,Micro,71752,Panda,2016,1000,2016,Manual,Car(Hatchback)
Toyota Premio 2008,"Rs: 8,300,000",km Find,"2026-01-18 | Kurunegala 160,000",silver,Used,1800,Petrol,Toyota,160000,Premio,2008,1800,2011,Automatic,Car(Liftback)
Toyota Vios 2003,"Rs: 5,200,000",km Find,"2026-01-18 | Matara 143,000",blue,Used,1500,Petrol,Toyota,143000,Vios,2003,1500,2007,Automatic,Car(Sedan)
Suzuki Wagon R 2012,"Rs: 4,900,000",km Find,"2026-01-18 | Karapitiya 136,000",blue,Used,1000,Petrol,Suzuki,136000,Wagon R,2012,1000,2012,Manual,Car(Station wagon)
Toyota Prius 2013,"Rs: 10,500,000",km Find,"2026-01-17 | Maspotha 147,000",silver,Used,1800,Hybrid,Toyota,147000,Prius,2013,1800,2015,Automatic,Car(Hatchback)
Toyota Aqua 2012,"Rs: 7,150,000",km Find,"2026-01-17 | Chilaw 139,000",silver,Used,1500,Hybrid,Toyota,139000,Aqua,2012,1500,2014,Automatic,Car(Liftback)
Toyota Axio 2013,"Rs: 8,490,000",km Find,"2026-01-17 | Matara 218,000",black,Used,1500,Petrol,Toyota,218000,Axio,2013,1500,2013,Automatic,Car(Saloon)
Toyota Corolla 2002,"Rs: 5,690,000",km Find,"2026-01-17 | Valaichenai 280,000",blue,Used,1200,Petrol,Toyota,280000,Corolla,2002,1200,2006,Automatic,Car(Saloon)
Toyota Allion 2016,"Rs: 13,500,000",km Find,"2026-01-17 | Malabe 90,000",white,Used,1500,Petrol,Toyota,90000,Allion,2016,1500,2018,Automatic,Car(Sedan)
Honda Civic 2017,"Rs: 12,500,000",km Find,"2026-02-19 | Telijjawila 82,285",silver,Used,1000,Petrol,Honda,82285,Civic,2017,1000,2018,Automatic,Car()
KIA Sephia 2002,"Rs: 2,600,000",km Find,"2026-02-10 | Mattegoda 162,481",gray,Used,1331,Petrol,KIA,162481,Sephia,2002,1331,2003,Automatic,Car(Sedan)
Toyota Belta 2007,"Rs: 5,500,000",km Find,"2026-02-06 | Homagama 166,600",silver,Used,1000,Petrol,Toyota,166600,Belta,2007,1000,2009,Automatic,Car(Saloon)
Honda Grace 2016,"Rs: 10,700,000",km Find,"2026-01-17 | Kalawila Kiranthidiya 125,000",red,Used,1500,Hybrid,Honda,125000,Grace,2016,1500,2017,Automatic,Car(Sedan)
Micro Panda 2018,"Rs: 3,995,000",km Find,"2026-01-17 | Panadura 91,000",white,Used,1000,Petrol,Micro,91000,Panda,2018,1000,2018,Automatic,Car(Hatchback)
Toyota Vitz 2018,"Rs: 7,800,000",km Find,"2026-01-17 | Kadawatha 63,000",white,Used,1000,Petrol,Toyota,63000,Vitz,2018,1000,2019,Automatic,Car(Hatchback)
Renault KWID 2016,"Rs: 3,750,000",km Find,"2026-01-17 | Athurugiriya 72,000",gray,Used,800,Petrol,Renault,72000,KWID,2016,800,2016,Manual,Car(Hatchback)
Datsun Redi Go 2017,"Rs: 3,525,000",km Find,"2026-01-17 | Athurugiriya 65,000",gray,Used,800,Petrol,Datsun,65000,Redi Go,2017,800,2017,Manual,Car(Hatchback)
Toyota Yaris 2008,"Rs: 6,575,000",km Find,"2026-01-17 | Wattala 140,000",white,Used,1300,Petrol,Toyota,140000,Yaris,2008,1300,2008,Automatic,Car(Saloon)
Toyota Avanza 2013,"Rs: 8,500,000",km Find,"2026-01-17 | Bandarawela 139,000",black,Used,1400,Petrol,Toyota,139000,Avanza,2013,1400,2013,Automatic,Car(Hatchback)
Toyota Corona 1988,"Rs: 1,780,000",,2026-01-17 | Kalagedihena Find Out More,white,Used,1300,Petrol,Toyota,0,Corona,1988,1300,1988,Automatic,Car(Saloon)
Honda Fit 2013,"Rs: 9,300,000",km Find,"2026-01-17 | Ja-Ela 270,000",white,Used,1320,Hybrid,Honda,270000,Fit,2013,1320,2015,Automatic,Car(Station wagon)
Honda Fit 2011,"Rs: 6,450,000",km Find,"2026-01-17 | Negombo 186,100",blue,Used,1330,Hybrid,Honda,186100,Fit,2011,1330,2014,Automatic,Car(Hatchback)
Toyota Axio 2013,"Rs: 8,900,000",km Find,"2026-01-17 | Rajagiriya 115,000",white,Used,1500,Petrol,Toyota,115000,Axio,2013,1500,2013,Automatic,Car(Saloon)
Hyundai Eon 2015,"Rs: 4,200,000",km Find,"2026-01-16 | Galle 33,000",white,Used,800,Petrol,Hyundai,33000,Eon,2015,800,2015,Manual,Car(Hatchback)
Micro Panda 2015,"Rs: 2,950,000",km Find,"2026-01-16 | Minuwangoda 60,500",black,Used,1000,Petrol,Micro,60500,Panda,2015,1000,2015,Manual,Car(Hatchback)
Suzuki Maruti 2010,"Rs: 2,450,000",km Find,"2026-01-16 | Talawatugoda 119,000",other,Used,800,Petrol,Suzuki,119000,Maruti,2010,800,2010,Manual,Car(Hatchback)
Daihatsu Mira 2024,"Rs: 6,400,000",km Find,"2026-01-16 | Ganemulla 7,000",silver,Reconditioned,650,Petrol,Daihatsu,7000,Mira,2024,650,2024,Automatic,Car(Hatchback)
Daihatsu Mira 2025,"Rs: 6,550,000",km Find,"2026-01-16 | Ganemulla 1,000",white,Reconditioned,650,Petrol,Daihatsu,1000,Mira,2025,650,2025,Automatic,Car(Hatchback)
Suzuki Alto 2019,"Rs: 6,000,000",km Find,"2026-01-16 | Ratnapura 67,790",red,Used,660,Petrol,Suzuki,67790,Alto,2019,660,2019,Automatic,Car(Hatchback)
Honda Civic 2017,"Rs: 12,500,000",km Find,"2026-02-19 | Telijjawila 82,285",silver,Used,1000,Petrol,Honda,82285,Civic,2017,1000,2018,Automatic,Car()
KIA Sephia 2002,"Rs: 2,600,000",km Find,"2026-02-10 | Mattegoda 162,481",gray,Used,1331,Petrol,KIA,162481,Sephia,2002,1331,2003,Automatic,Car(Sedan)
Toyota Belta 2007,"Rs: 5,500,000",km Find,"2026-02-06 | Homagama 166,600",silver,Used,1000,Petrol,Toyota,166600,Belta,2007,1000,2009,Automatic,Car(Saloon)
Nissan B13 1990,"Rs: 2,075,000",km Find,"2026-01-16 | Matale 218,000",white,Used,1680,Diesel,Nissan,218000,B13,1990,1680,1993,Manual,Car(Saloon)
Suzuki Wagon R 2016,"Rs: 5,575,000",km Find,"2026-01-16 | Piliyandala 114,000",black,Used,660,Petrol,Suzuki,114000,Wagon R,2016,660,2016,Automatic,Car(Hatchback)
Mitsubishi eK 2023,"Rs: 6,950,000",km Find,"2026-01-16 | Kottawa 6,600",silver,Brand New,660,Petrol,Mitsubishi,6600,eK,2023,660,Ref:,Automatic,Car(Hatchback)
Suzuki Alto 2015,"Rs: 3,850,000",km Find,"2026-01-16 | Homagama 108,000",red,Used,800,Petrol,Suzuki,108000,Alto,2015,800,2015,Manual,Car(Hatchback)
Suzuki Swift 2017,"Rs: 7,900,000",km Find,"2026-01-16 | Matara 117,500",gray,Used,990,Petrol,Suzuki,117500,Swift,2017,990,2017,Automatic,Car(Hatchback)
Toyota Aqua 2015,"Rs: 8,175,000",km Find,2026-01-16 | Hanwella 111,maroon,Used,1500,Hybrid,Toyota,111,Aqua,2015,1500,2015,Automatic,Car(Hatchback)
Suzuki Alto 2004,"Rs: 3,780,000",km Find,"2026-01-16 | Piliyandala 151,900",blue,Used,650,Petrol,Suzuki,151900,Alto,2004,650,2007,Automatic,Car(Hatchback)
Suzuki Celerio 2017,"Rs: 5,700,000",km Find,"2026-01-16 | Athurugiriya 5,500",gray,Used,1000,Petrol,Suzuki,5500,Celerio,2017,1000,2017,Tiptronic,Car(Hatchback)
Toyota Allion 2007,"Rs: 8,200,000",km Find,"2026-01-16 | Gampaha 110,000",black,Used,1800,Petrol,Toyota,110000,Allion,2007,1800,2011,Automatic,Car(Saloon)
Toyota Axio 2018,"Rs: 12,900,000",km Find,"2026-01-16 | Kadawatha 74,000",white,Used,1500,Hybrid,Toyota,74000,Axio,2018,1500,2018,Automatic,Car(Saloon)
Suzuki Alto 2011,"Rs: 3,290,000",,2026-01-16 | Matara Find Out More,white,Used,800,Petrol,Suzuki,0,Alto,2011,800,2011,Manual,Car(Hatchback)
BMW ActiveHybrid 7 2014,"Rs: 43,500,000",km Find,"2026-01-16 | Nittambuwa 40,000",silver,Used,2979,Petrol,BMW,40000,ActiveHybrid 7,2014,2979,2015,Automatic,Car(Saloon)
Toyota Premio 2015,"Rs: 13,100,000",km Find,"2026-01-16 | Kandy 240,000",maroon,Used,1500,Petrol,Toyota,240000,Premio,2015,1500,2015,Automatic,Car(Saloon)
Suzuki Alto 2014,"Rs: 3,550,000",km Find,"2026-01-16 | Kandy 150,000",black,Used,800,Petrol,Suzuki,150000,Alto,2014,800,2014,Manual,Car(Hatchback)
Micro Panda 2010,"Rs: 2,650,000",,2026-01-16 | Anuradhapura Find Out More,white,Used,1000,Petrol,Micro,0,Panda,2010,1000,2010,Manual,Car(Hatchback)
Nissan Sunny 2002,"Rs: 4,750,000",km Find,"2026-01-16 | Kelaniya 91,000",silver,Used,1500,Petrol,Nissan,91000,Sunny,2002,1500,2002,Manual,Car(Saloon)
Toyota Vitz 2017,"Rs: 7,800,000",km Find,"2026-01-16 | Agalawatta 186,000",white,Used,1000,Petrol,Toyota,186000,Vitz,2017,1000,2019,Automatic,Car(Hatchback)
Honda Civic 2017,"Rs: 12,500,000",km Find,"2026-02-19 | Telijjawila 82,285",silver,Used,1000,Petrol,Honda,82285,Civic,2017,1000,2018,Automatic,Car()
KIA Sephia 2002,"Rs: 2,600,000",km Find,"2026-02-10 | Mattegoda 162,481",gray,Used,1331,Petrol,KIA,162481,Sephia,2002,1331,2003,Automatic,Car(Sedan)
Toyota Belta 2007,"Rs: 5,500,000",km Find,"2026-02-06 | Homagama 166,600",silver,Used,1000,Petrol,Toyota,166600,Belta,2007,1000,2009,Automatic,Car(Saloon)
Zotye Z100 2017,"Rs: 3,125,000",km Find,"2026-01-16 | Kotikawatta 87,000",blue,Used,1000,Petrol,Zotye,87000,Z100,2017,1000,2017,Manual,Car(Hatchback)
Daihatsu Tanto 2023,"Rs: 7,300,000",km Find,"2026-01-16 | Makola 12,000",white,Used,660,Petrol,Daihatsu,12000,Tanto,2023,660,2023,Automatic,Car(Hatchback)
Toyota Aqua 2012,"Rs: 6,900,000",km Find,"2026-01-16 | Horana 182,000",blue,Used,1500,Hybrid,Toyota,182000,Aqua,2012,1500,2013,Automatic,Car(Liftback)
Toyota Aqua 2014,"Rs: 8,250,000",km Find,"2026-01-16 | Ampara 195,000",white,Used,1500,Hybrid,Toyota,195000,Aqua,2014,1500,2014,Automatic,Car()
Suzuki Swift 2017,"Rs: 8,257,000",km Find,"2026-01-16 | Nawala 130,000",red,Used,1000,Petrol,Suzuki,130000,Swift,2017,1000,2018,Automatic,Car(Hatchback)
Honda Civic 2018,"Rs: 12,950,000",km Find,"2026-01-16 | Gampaha 66,000",white,Used,998,Petrol,Honda,66000,Civic,2018,998,2020,Automatic,Car(Hatchback)
Mitsubishi eK 2023,"Rs: 8,275,000",km Find,"2026-01-15 | Rajagiriya 14,500",gray,Brand New,660,Petrol,Mitsubishi,14500,eK,2023,660,Ref:,Automatic,Car(Hatchback)
Toyota Axio 2007,"Rs: 7,075,000",km Find,"2026-01-15 | Baddegama 210,000",blue,Used,1500,Petrol,Toyota,210000,Axio,2007,1500,2010,Automatic,Car(Sedan)
Honda Fit 2014,"Rs: 9,600,000",km Find,"2026-01-15 | Nugegoda 80,000",black,Used,1000,Hybrid,Honda,80000,Fit,2014,1000,2015,Automatic,Car(Hatchback)
Suzuki Alto 2016,"Rs: 3,895,000",km Find,"2026-01-15 | Homagama 104,000",black,Used,800,Petrol,Suzuki,104000,Alto,2016,800,2016,Manual,Car(Hatchback)
Suzuki Wagon R 2023,"Rs: 8,375,000",km Find,"2026-01-15 | Rajagiriya 1,000",white,Brand New,660,Hybrid,Suzuki,1000,Wagon R,2023,660,Ref:,Automatic,Car(Hatchback)
Geely Panda 2017,"Rs: 3,250,000",km Find,"2026-01-15 | Beliatta 1,003,000",white,Used,1000,Petrol,Geely,1003000,Panda,2017,1000,2017,Manual,Car(Hatchback)
Honda Civic 2017,"Rs: 12,500,000",km Find,"2026-02-19 | Telijjawila 82,285",silver,Used,1000,Petrol,Honda,82285,Civic,2017,1000,2018,Automatic,Car()
KIA Sephia 2002,"Rs: 2,600,000",km Find,"2026-02-10 | Mattegoda 162,481",gray,Used,1331,Petrol,KIA,162481,Sephia,2002,1331,2003,Automatic,Car(Sedan)
Toyota Belta 2007,"Rs: 5,500,000",km Find,"2026-02-06 | Homagama 166,600",silver,Used,1000,Petrol,Toyota,166600,Belta,2007,1000,2009,Automatic,Car(Saloon)
Toyota Vitz 2017,"Rs: 7,300,000",km Find,"2026-01-15 | Boralesgamuwa 140,000",gray,Used,1000,Petrol,Toyota,140000,Vitz,2017,1000,2017,Automatic,Car(Hatchback)
Toyota Starlet 1988,"Rs: 3,000,000",km Find,"2026-01-15 | Kottawa 154,000",white,Used,1300,Petrol,Toyota,154000,Starlet,1988,1300,1988,Manual,Car(Hatchback)
Tata Nano 2015,"Rs: 2,050,000",km Find,"2026-01-15 | Yakkala 93,000",white,Used,624,Petrol,Tata,93000,Nano,2015,624,2015,Manual,Car(Hatchback)
Honda Fit 2012,"Rs: 7,200,000",km Find,"2026-01-15 | Dehiwala 159,400",yellow,Used,1500,Hybrid,Honda,159400,Fit,2012,1500,2015,Automatic,Car(Station wagon)
Toyota Axio 2013,"Rs: 9,075,000",km Find,"2026-01-14 | Narahenpita (Colombo 05) 103,050",white,Used,1500,Hybrid,Toyota,103050,Axio,2013,1500,2018,Automatic,Car(Saloon)
Toyota Vitz 2013,"Rs: 6,500,000",km Find,"2026-01-14 | Kurunegala 88,000",white,Used,1000,Petrol,Toyota,88000,Vitz,2013,1000,2016,Automatic,Car(Hatchback)
Toyota Premio 2019,"Rs: 16,400,000",km Find,"2026-01-14 | Matara 126,000",white,Used,1500,Petrol,Toyota,126000,Premio,2019,1500,2019,Automatic,Car(Sedan)
Mitsubishi Lancer 2008,"Rs: 7,000,000",,2026-01-14 | Homagama Find Out More,blue,Used,1299,Petrol,Mitsubishi,0,Lancer,2008,1299,2008,Automatic,Car(Sports)
Toyota Vitz 2016,"Rs: 7,425,000",km Find,"2026-01-14 | Kadawatha 118,000",gray,Used,1000,Petrol,Toyota,118000,Vitz,2016,1000,2018,Automatic,Car(Hatchback)
Toyota Allion 2002,"Rs: 6,550,000",km Find,"2026-01-14 | Kegalle 179,000",silver,Used,1490,Petrol,Toyota,179000,Allion,2002,1490,2005,Automatic,Car(Hatchback)
Mazda Flair 2024,"Rs: 7,525,000",km Find,"2026-01-14 | Kotte 9,000",blue,Reconditioned,660,Hybrid,Mazda,9000,Flair,2024,660,2024,Automatic,Car(Hatchback)
Nissan Primera 2002,"Rs: 4,200,000",km Find,"2026-01-14 | Welimada 150,000",black,Used,1800,Petrol,Nissan,150000,Primera,2002,1800,2003,Automatic,Car(Saloon)
Suzuki Celerio 2015,"Rs: 5,150,000",km Find,"2026-01-14 | Piliyandala 66,200",white,Used,1000,Petrol,Suzuki,66200,Celerio,2015,1000,2015,Automatic,Car(Hatchback)
Honda Civic 2017,"Rs: 12,500,000",km Find,"2026-02-19 | Telijjawila 82,285",silver,Used,1000,Petrol,Honda,82285,Civic,2017,1000,2018,Automatic,Car()
KIA Sephia 2002,"Rs: 2,600,000",km Find,"2026-02-10 | Mattegoda 162,481",gray,Used,1331,Petrol,KIA,162481,Sephia,2002,1331,2003,Automatic,Car(Sedan)
Toyota Belta 2007,"Rs: 5,500,000",km Find,"2026-02-06 | Homagama 166,600",silver,Used,1000,Petrol,Toyota,166600,Belta,2007,1000,2009,Automatic,Car(Saloon)
Suzuki Swift 2008,"Rs: 5,550,000",km Find,"2026-01-14 | Malabe 132,000",blue,Used,1300,Petrol,Suzuki,132000,Swift,2008,1300,2008,Automatic,Car(Hatchback)
Mitsubishi Lancer 2006,"Rs: 6,000,000",km Find,"2026-01-14 | Kelaniya 242,884",red,Used,1300,Petrol,Mitsubishi,242884,Lancer,2006,1300,2006,Manual,Car(Saloon)
Suzuki Alto 2003,"Rs: 3,600,000",km Find,"2026-01-14 | Ratnapura 131,000",blue,Used,800,Petrol,Suzuki,131000,Alto,2003,800,2009,Manual,Car(Hatchback)
Toyota Prius 2016,"Rs: 13,725,000",km Find,"2026-01-14 | Delgoda 163,000",white,Used,1500,Hybrid,Toyota,163000,Prius,2016,1500,2016,Automatic,Car()
Toyota Axio 2013,"Rs: 8,490,000",km Find,"2026-01-14 | Matara 218,000",black,Used,1500,Hybrid,Toyota,218000,Axio,2013,1500,2013,Automatic,Car()
Suzuki Hustler 2016,"Rs: 6,100,000",km Find,"2026-01-14 | Kadawatha 106,000",yellow,Used,650,Petrol,Suzuki,106000,Hustler,2016,650,2017,Automatic,Car(Hatchback)
Toyota Axio 2018,"Rs: 13,000,000",km Find,"2026-01-14 | Galle 125,000",red,Used,1500,Hybrid,Toyota,125000,Axio,2018,1500,2019,Automatic,Car()
Suzuki Wagon R 2018,"Rs: 6,450,000",km Find,2026-01-14 | Kandy 0,white,Used,650,Hybrid,Suzuki,000,Wagon R,2018,650,2018,Automatic,Car(Hatchback)
Toyota Aqua 2012,"Rs: 7,150,000",km Find,"2026-01-14 | Chilaw 139,000",white,Used,1500,Hybrid,Toyota,139000,Aqua,2012,1500,2014,Automatic,Car(Liftback)
Daihatsu Mira 2024,"Rs: 6,750,000",,2026-01-14 | Gampaha Find Out More,white,Brand New,650,Petrol,Daihatsu,0,Mira,2024,650,2024,Automatic,Car(Hatchback)
Suzuki Spacia 2023,"Rs: 8,900,000",,2026-01-14 | Gampaha Find Out More,blue,Brand New,660,Petrol,Suzuki,0,Spacia,2023,660,2023,Automatic,Car(Hatchback)
Toyota Yaris 2023,"Rs: 8,850,000",km Find,"2026-01-14 | Kochchikade 40,000",black,Used,1000,Petrol,Toyota,40000,Yaris,2023,1000,2023,Automatic,Car(Hatchback)
Toyota Aqua 2012,"Rs: 7,010,000",km Find,"2026-01-14 | Kurunegala 171,000",white,Used,1500,Hybrid,Toyota,171000,Aqua,2012,1500,2012,Automatic,Car(Hatchback)
Suzuki Baleno 2019,"Rs: 8,300,000",km Find,"2026-01-14 | Kelaniya 50,900",blue,Used,1000,Petrol,Suzuki,50900,Baleno,2019,1000,2019,Tiptronic,Car(Hatchback)
Suzuki Wagon R 2024,"Rs: 7,250,000",,2026-01-14 | Gampaha Find Out More,pink,Brand New,650,Petrol,Suzuki,0,Wagon R,2024,650,Ref:,Automatic,Car(Station wagon)
Honda Civic 2017,"Rs: 12,500,000",km Find,"2026-02-19 | Telijjawila 82,285",silver,Used,1000,Petrol,Honda,82285,Civic,2017,1000,2018,Automatic,Car()
KIA Sephia 2002,"Rs: 2,600,000",km Find,"2026-02-10 | Mattegoda 162,481",gray,Used,1331,Petrol,KIA,162481,Sephia,2002,1331,2003,Automatic,Car(Sedan)
Toyota Belta 2007,"Rs: 5,500,000",km Find,"2026-02-06 | Homagama 166,600",silver,Used,1000,Petrol,Toyota,166600,Belta,2007,1000,2009,Automatic,Car(Saloon)
Honda Fit 2013,"Rs: 9,100,000",km Find,"2026-01-14 | Negombo 132,000",white,Used,1496,Hybrid,Honda,132000,Fit,2013,1496,2015,Automatic,Car(Hatchback)
Toyota Axio 2007,"Rs: 7,600,000",km Find,"2026-01-14 | Sravasthipura 171,136",silver,Used,1500,Petrol,Toyota,171136,Axio,2007,1500,2010,Automatic,Car(Liftback)
Honda Grace 2016,"Rs: 8,800,000",km Find,"2026-01-14 | Adampan 100,000",white,Used,1200,Hybrid,Honda,100000,Grace,2016,1200,2017,Automatic,Car(Saloon)
Suzuki Baleno 2016,"Rs: 7,900,000",km Find,"2026-01-14 | Morontuduwa 131,440",red,Used,1000,Petrol,Suzuki,131440,Baleno,2016,1000,2018,Automatic,Car(Hatchback)
Toyota Passo 2024,"Rs: 9,500,000",km Find,"2026-01-14 | Kelaniya 140,009",pink,Brand New,1000,Petrol,Toyota,140009,Passo,2024,1000,Ref:,Automatic,Car()
Suzuki Wagon R 2023,"Rs: 8,500,000",km Find,"2026-01-14 | Kelaniya 27,000",white,Brand New,660,Petrol,Suzuki,27000,Wagon R,2023,660,Ref:,Automatic,Car()
Honda City 2025,"Rs: 14,900,000",,2026-01-14 | Kelaniya Find Out More,black,Brand New,1000,Petrol,Honda,0,City,2025,1000,Ref:,Automatic,Car()
Nissan March 2007,"Rs: 4,250,000",km Find,"2026-01-14 | Akuregoda 150,000",red,Used,1300,Petrol,Nissan,150000,March,2007,1300,2011,Manual,Car(Saloon)
Honda Grace 2017,"Rs: 9,500,000",km Find,"2026-01-14 | Pannipitiya 277,000",black,Used,1500,Hybrid,Honda,277000,Grace,2017,1500,2018,Automatic,Car(Saloon)
Toyota Marino 1992,"Rs: 3,500,000",km Find,"2026-01-14 | Kadawatha 187,000",blue,Used,1500,Petrol,Toyota,187000,Marino,1992,1500,2000,Manual,Car(Saloon)
Toyota Allion 2008,"Rs: 9,100,000",km Find,"2026-01-14 | Kesbewa 169,000",black,Used,1500,Petrol,Toyota,169000,Allion,2008,1500,2011,Automatic,Car(Sedan)
Suzuki Wagon R 2017,"Rs: 5,500,000",,2026-01-14 | Kandy Find Out More,black,Used,650,Hybrid,Suzuki,0,Wagon R,2017,650,2018,Automatic,Car(Hatchback)
Toyota Corolla 2001,"Rs: 5,350,000",km Find,"2026-01-14 | Anuradhapura 115,000",silver,Used,1500,Petrol,Toyota,115000,Corolla,2001,1500,2004,Automatic,Car(Saloon)
Suzuki Wagon R 2024,"Rs: 7,300,000",km Find,"2026-01-14 | Anuradhapura 12,000",silver,Brand New,660,Petrol,Suzuki,12000,Wagon R,2024,660,Ref:,Automatic,Car(Hatchback)
Toyota Vitz 2018,"Rs: 8,000,000",km Find,2026-01-14 | Kandy 0,white,Used,00,Petrol,Toyota,00,Vitz,2018,00,2019,Automatic,Car(Liftback)
Suzuki Wagon R 2014,"Rs: 5,500,000",km Find,2026-01-14 | Kandy 0,white,Used,650,Hybrid,Suzuki,00,Wagon R,2014,650,2015,Automatic,Car(Hatchback)
Honda Civic 2017,"Rs: 12,500,000",km Find,"2026-02-19 | Telijjawila 82,285",silver,Used,1000,Petrol,Honda,82285,Civic,2017,1000,2018,Automatic,Car()
KIA Sephia 2002,"Rs: 2,600,000",km Find,"2026-02-10 | Mattegoda 162,481",gray,Used,1331,Petrol,KIA,162481,Sephia,2002,1331,2003,Automatic,Car(Sedan)
Toyota Belta 2007,"Rs: 5,500,000",km Find,"2026-02-06 | Homagama 166,600",silver,Used,1000,Petrol,Toyota,166600,Belta,2007,1000,2009,Automatic,Car(Saloon)
Honda Fit 2013,"Rs: 7,275,000",km Find,"2026-01-14 | Matara 160,000",white,Used,1500,Hybrid,Honda,160000,Fit,2013,1500,2014,Automatic,Car(Station wagon)
Toyota Axio 2015,"Rs: 10,700,000",km Find,"2026-01-14 | Nikaweratiya 1,370,000",white,Used,1500,Petrol,Toyota,1370000,Axio,2015,1500,2016,Automatic,Car(Saloon)
Suzuki Wagon R 2025,"Rs: 8,390,000",km Find,"2026-01-14 | Matara 19,000",white,Used,660,Petrol,Suzuki,19000,Wagon R,2025,660,2025,Automatic,Car(Station wagon)
Toyota Vitz 2018,"Rs: 7,900,000",km Find,"2026-01-14 | Adampan 56,000",silver,Used,1000,Petrol,Toyota,56000,Vitz,2018,1000,2019,Automatic,Car(Hatchback)
Suzuki Wagon R 2023,"Rs: 7,600,000",km Find,"2026-01-14 | Polonnaruwa 18,000",black,Used,658,Petrol,Suzuki,18000,Wagon R,2023,658,2025,Automatic,Car(Hatchback)
Suzuki Wagon R 2018,"Rs: 6,500,000",km Find,"2026-01-14 | Nikaweratiya 144,000",white,Used,650,Petrol,Suzuki,144000,Wagon R,2018,650,2018,Automatic,Car(Hatchback)
Toyota Aqua 2013,"Rs: 6,600,000",km Find,"2026-01-14 | Maharagama 18,000",blue,Used,1497,Hybrid,Toyota,18000,Aqua,2013,1497,2014,Manual,Car(Hatchback)
Suzuki Spacia 2025,"Rs: 9,900,000",km Find,2026-01-14 | Kandy 288,white,Brand New,650,Petrol,Suzuki,288,Spacia,2025,650,Ref:,Automatic,Car()
Daihatsu Boon 2017,"Rs: 6,980,000",km Find,"2026-01-14 | Marawila 83,000",blue,Used,1000,Petrol,Daihatsu,83000,Boon,2017,1000,2020,Automatic,Car(Hatchback)
Toyota Axio 2025,"Rs: 14,750,000",,2026-01-14 | Nugegoda Find Out More,silver,Brand New,1500,Hybrid,Toyota,0,Axio,2025,1500,Ref:,Automatic,Car(Saloon)
Toyota Vitz 2018,"Rs: 7,350,000",km Find,"2026-01-14 | Boralesgamuwa 76,000",black,Used,1000,Petrol,Toyota,76000,Vitz,2018,1000,2020,Automatic,Car(Sports)
Toyota Axio 2017,"Rs: 11,400,000",km Find,"2026-01-14 | Minuwangoda 130,000",white,Used,1400,Petrol,Toyota,130000,Axio,2017,1400,2017,Automatic,Car(Saloon)
Toyota Premio 2016,"Rs: 12,000,000",km Find,"2026-01-14 | Nikaweratiya 170,000",white,Used,1500,Petrol,Toyota,170000,Premio,2016,1500,2016,Automatic,Car(Hatchback)
Toyota Yaris 2025,"Rs: 10,600,000",,2026-01-14 | Kohuwala Find Out More,white,Brand New,1000,Petrol,Toyota,0,Yaris,2025,1000,Ref:,Automatic,Car(Hatchback)
Toyota Axio 2015,"Rs: 8,500,000",km Find,"2026-01-14 | Kohuwala 111,000",blue,Used,1500,Petrol,Toyota,111000,Axio,2015,1500,2017,Automatic,Car(Sedan)
Daihatsu Taft 2024,"Rs: 8,500,000",,2026-01-14 | Gampaha Find Out More,black,Brand New,890,Petrol,Daihatsu,0,Taft,2024,890,2024,Automatic,Car(Station wagon)
Honda Civic 2017,"Rs: 12,500,000",km Find,"2026-02-19 | Telijjawila 82,285",silver,Used,1000,Petrol,Honda,82285,Civic,2017,1000,2018,Automatic,Car()
KIA Sephia 2002,"Rs: 2,600,000",km Find,"2026-02-10 | Mattegoda 162,481",gray,Used,1331,Petrol,KIA,162481,Sephia,2002,1331,2003,Automatic,Car(Sedan)
Toyota Belta 2007,"Rs: 5,500,000",km Find,"2026-02-06 | Homagama 166,600",silver,Used,1000,Petrol,Toyota,166600,Belta,2007,1000,2009,Automatic,Car(Saloon)
Toyota Axio 2018,"Rs: 12,500,000",km Find,"2026-01-14 | Tangalla 145,000",white,Used,1500,Hybrid,Toyota,145000,Axio,2018,1500,2019,Automatic,Car(Liftback)
Suzuki Wagon R 2014,"Rs: 5,890,000",km Find,"2026-01-14 | Kaduwela 35,000",white,Used,660,Hybrid,Suzuki,35000,Wagon R,2014,660,2015,Automatic,Car()
Toyota Prius 2014,"Rs: 10,500,000",km Find,"2026-01-14 | Dehiwala 93,000",black,Used,1500,Hybrid,Toyota,93000,Prius,2014,1500,2014,Automatic,Car(Liftback)
Toyota Aqua 2012,"Rs: 6,300,000",km Find,"2026-01-14 | Wellawatta (Colombo 06) 98,000",blue,Used,001,Petrol,Toyota,98000,Aqua,2012,001,2014,Automatic,Car(Sports)
Suzuki Wagon R 2018,"Rs: 6,500,000",km Find,"2026-01-13 | Nittambuwa 91,000",black,Used,660,Hybrid,Suzuki,91000,Wagon R,2018,660,2018,Automatic,Car(Saloon)
Honda Civic 2002,"Rs: 5,600,000",km Find,"2026-01-13 | Kottawa 200,000",red,Used,1500,Petrol,Honda,200000,Civic,2002,1500,2006,Automatic,Car(Saloon)
Suzuki Alto 2015,"Rs: 3,500,000",km Find,"2026-01-13 | Dompe 150,000",white,Used,800,Petrol,Suzuki,150000,Alto,2015,800,2015,Manual,Car(Hatchback)
Toyota Allion 2003,"Rs: 7,300,000",km Find,"2026-01-13 | Anuradhapura 150,000",silver,Used,1500,Petrol,Toyota,150000,Allion,2003,1500,2007,Automatic,Car(Hatchback)
Toyota Corolla 2005,"Rs: 7,000,000",km Find,"2026-01-13 | Anuradhapura 140,000",blue,Used,1500,Petrol,Toyota,140000,Corolla,2005,1500,2005,Automatic,Car(Hatchback)
Suzuki Maruti 2005,"Rs: 1,750,000",km Find,"2026-01-13 | Puttalam 18,000",red,Used,800,Petrol,Suzuki,18000,Maruti,2005,800,2005,Manual,Car(Hatchback)
Toyota Premio 2013,"Rs: 10,890,000",km Find,"2026-01-13 | Kalutara 139,000",white,Used,1500,Petrol,Toyota,139000,Premio,2013,1500,2013,Automatic,Car(Hatchback)
Honda Airwave 2008,"Rs: 5,800,000",km Find,"2026-01-13 | Ja-Ela 227,700",silver,Used,1500,Petrol,Honda,227700,Airwave,2008,1500,2011,Other,Car(Hatchback)
Toyota Vitz 2015,"Rs: 6,800,000",km Find,"2026-01-13 | Dematagoda (Colombo 09) 123,000",silver,Used,1000,Petrol,Toyota,123000,Vitz,2015,1000,2015,Automatic,Car(Hatchback)
Honda Civic 2017,"Rs: 12,500,000",km Find,"2026-02-19 | Telijjawila 82,285",silver,Used,1000,Petrol,Honda,82285,Civic,2017,1000,2018,Automatic,Car()
KIA Sephia 2002,"Rs: 2,600,000",km Find,"2026-02-10 | Mattegoda 162,481",gray,Used,1331,Petrol,KIA,162481,Sephia,2002,1331,2003,Automatic,Car(Sedan)
Toyota Belta 2007,"Rs: 5,500,000",km Find,"2026-02-06 | Homagama 166,600",silver,Used,1000,Petrol,Toyota,166600,Belta,2007,1000,2009,Automatic,Car(Saloon)
Geely Panda 2015,"Rs: 3,200,000",,2026-01-13 | Polonnaruwa Find Out More,silver,Reconditioned,650,Petrol,Geely,0,Panda,2015,650,2015,Manual,Car(Hatchback)
Suzuki Hustler 2015,"Rs: 5,925,000",km Find,"2026-01-13 | Horana 85,000",maroon,Used,660,Hybrid,Suzuki,85000,Hustler,2015,660,2015,Automatic,Car(Hatchback)
Mercedes Benz CLA 2025,"Rs: 44,000,000",,2026-01-13 | Wellawatta (Colombo 06) Find Out More,white,Brand New,1332,Petrol,Mercedes Benz,0,CLA,2025,1332,Ref:,Automatic,Car(Sedan)
Suzuki Wagon R 2017,"Rs: 7,000,000",km Find,"2026-01-13 | Ja-Ela 48,000",maroon,Used,660,Hybrid,Suzuki,48000,Wagon R,2017,660,2018,Automatic,Car(Hatchback)
Suzuki Hustler 2016,"Rs: 5,750,000",km Find,"2026-01-13 | Ethul Kotte 154,000",white,Used,660,Hybrid,Suzuki,154000,Hustler,2016,660,2018,Automatic,Car(Hatchback)
Suzuki Alto 2015,"Rs: 3,650,000",km Find,"2026-01-13 | Mihintale 125,000",red,Used,800,Petrol,Suzuki,125000,Alto,2015,800,2015,Manual,Car(Liftback)
Toyota Vitz 2018,"Rs: 8,350,000",km Find,"2026-01-13 | Wennappuwa 69,100",white,Used,1000,Petrol,Toyota,69100,Vitz,2018,1000,2018,Automatic,Car(Hatchback)
Toyota Vitz 2017,"Rs: 7,650,000",km Find,"2026-01-13 | Hokandara 80,000",silver,Used,1000,Petrol,Toyota,80000,Vitz,2017,1000,2018,Automatic,Car(Hatchback)
Mercedes Benz C Class 2013,"Rs: 13,500,000",km Find,"2026-01-13 | Kandy 116,000",white,Used,2200,Diesel,Mercedes Benz,116000,C Class,2013,2200,2013,Automatic,Car(Saloon)
Honda Civic 2017,"Rs: 12,500,000",km Find,"2026-02-19 | Telijjawila 82,285",silver,Used,1000,Petrol,Honda,82285,Civic,2017,1000,2018,Automatic,Car()
KIA Sephia 2002,"Rs: 2,600,000",km Find,"2026-02-10 | Mattegoda 162,481",gray,Used,1331,Petrol,KIA,162481,Sephia,2002,1331,2003,Automatic,Car(Sedan)
Toyota Belta 2007,"Rs: 5,500,000",km Find,"2026-02-06 | Homagama 166,600",silver,Used,1000,Petrol,Toyota,166600,Belta,2007,1000,2009,Automatic,Car(Saloon)
Suzuki Maruti 2004,"Rs: 1,585,000",,2026-01-13 | Hanwella Find Out More,maroon,Used,800,Petrol,Suzuki,0,Maruti,2004,800,2004,Manual,Car(Saloon)
Toyota Axio 2014,"Rs: 9,500,000",km Find,"2026-01-13 | Mirigama 126,000",white,Used,1499,Hybrid,Toyota,126000,Axio,2014,1499,2014,Automatic,Car(Sedan)
Daihatsu Mira 2024,"Rs: 6,250,000",km Find,"2026-01-13 | Athurugiriya 12,000",white,Brand New,650,Petrol,Daihatsu,12000,Mira,2024,650,Ref:,Automatic,Car(Saloon)
Toyota Passo 2023,"Rs: 8,375,000",km Find,"2026-01-13 | Kottawa 6,000",green,Brand New,1000,Petrol,Toyota,6000,Passo,2023,1000,Ref:,Automatic,Car()
Toyota Vitz 2018,"Rs: 7,600,000",,2026-01-13 | Kollupitiya (Colombo 03) Find Out More,white,Used,1200,Petrol,Toyota,0,Vitz,2018,1200,2019,Automatic,Car(Sports)
Toyota Prius 2015,"Rs: 11,500,000",km Find,"2026-01-13 | Kandy 17,600,000",silver,Used,1200,Petrol,Toyota,17600000,Prius,2015,1200,2017,Automatic,Car(Sports)
Daihatsu Taft 2023,"Rs: 7,890,000",km Find,"2026-01-13 | Kottawa 15,100",blue,Brand New,660,Petrol,Daihatsu,15100,Taft,2023,660,Ref:,Automatic,Car()
Renault KWID 2017,"Rs: 4,100,000",km Find,"2026-01-13 | Mount Lavinia 34,070",red,Used,1000,Petrol,Renault,34070,KWID,2017,1000,2019,Automatic,Car(Hatchback)
Toyota Vitz 2016,"Rs: 6,750,000",km Find,"2026-01-13 | Kegalle 90,000",blue,Used,1000,Petrol,Toyota,90000,Vitz,2016,1000,2018,Automatic,Car(Hatchback)
Toyota Vitz 2018,"Rs: 7,900,000",km Find,"2026-01-13 | Maharagama 112,000",gray,Used,00,Petrol,Toyota,112000,Vitz,2018,00,2019,Automatic,Car(Saloon)
Mercedes Benz C200 2023,"Rs: 41,000,000",km Find,"2026-01-13 | Kohuwala 10,000",white,Reconditioned,1500,Petrol,Mercedes Benz,10000,C200,2023,1500,2023,Automatic,Car(Sedan)
Honda Civic 2017,"Rs: 12,500,000",km Find,"2026-02-19 | Telijjawila 82,285",silver,Used,1000,Petrol,Honda,82285,Civic,2017,1000,2018,Automatic,Car()
KIA Sephia 2002,"Rs: 2,600,000",km Find,"2026-02-10 | Mattegoda 162,481",gray,Used,1331,Petrol,KIA,162481,Sephia,2002,1331,2003,Automatic,Car(Sedan)
Toyota Belta 2007,"Rs: 5,500,000",km Find,"2026-02-06 | Homagama 166,600",silver,Used,1000,Petrol,Toyota,166600,Belta,2007,1000,2009,Automatic,Car(Saloon)
Toyota Prius 2013,"Rs: 6,900,000",km Find,"2026-01-13 | Badulla 85,000",white,Used,690,Diesel,Toyota,85000,Prius,2013,690,2013,Automatic,Car(Hatchback)
Toyota Vitz 2017,"Rs: 7,250,000",km Find,"2026-01-13 | Boralesgamuwa 100,000",white,Used,1000,Petrol,Toyota,100000,Vitz,2017,1000,2017,Automatic,Car(Hatchback)
Nissan Leaf 2014,"Rs: 6,500,000",km Find,"2026-01-12 | Dehiwala 230,000",red,Used,70,Electric,Nissan,230000,Leaf,2014,70,2014,Automatic,Car(Hatchback)
Suzuki Wagon R 2018,"Rs: 6,950,000",km Find,"2026-01-12 | Chilaw 70,000",gray,Reconditioned,650,Petrol,Suzuki,70000,Wagon R,2018,650,2018,Automatic,Car(Hatchback)
Toyota Axio 2014,"Rs: 9,800,000",km Find,"2026-01-12 | Mirigama 126,000",white,Reconditioned,1500,Petrol,Toyota,126000,Axio,2014,1500,2014,Automatic,Car(Liftback)
Mitsubishi Galant 1989,"Rs: 2,150,000",km Find,"2026-01-12 | Weligama 277,269",white,Used,2300,Diesel,Mitsubishi,277269,Galant,1989,2300,1989,Manual,Car(Saloon)
Toyota Vitz 2007,"Rs: 5,500,000",km Find,"2026-01-12 | Gonapola Junction 153,000",silver,Used,1300,Petrol,Toyota,153000,Vitz,2007,1300,2013,Automatic,Car(Hatchback)
Suzuki Wagon R 2018,"Rs: 5,800,000",km Find,"2026-01-12 | Kiribathgoda 90,000",white,Used,658,Petrol,Suzuki,90000,Wagon R,2018,658,2018,Automatic,Car(Hatchback)
Daihatsu Mira 2024,"Rs: 6,625,000",,2026-01-12 | Nikaweratiya Find Out More,white,Used,650,Petrol,Daihatsu,0,Mira,2024,650,2024,Automatic,Car(Liftback)
Suzuki Alto 2017,"Rs: 4,050,000",km Find,"2026-01-12 | Kadawatha 75,000",white,Used,800,Petrol,Suzuki,75000,Alto,2017,800,2017,Automatic,Car(Liftback)
Suzuki Alto 2011,"Rs: 3,500,000",km Find,"2026-01-12 | Kotahena (Colombo 13) 155,000",red,Used,1000,Petrol,Suzuki,155000,Alto,2011,1000,2012,Manual,Car(Hatchback)
Toyota Aqua 2014,"Rs: 7,300,000",km Find,"2026-01-12 | Nikaweratiya 130,000",white,Used,1500,Petrol,Toyota,130000,Aqua,2014,1500,2015,Automatic,Car(Hatchback)
Toyota Premio 2016,"Rs: 12,000,000",km Find,"2026-01-12 | Nikaweratiya 170,000",white,Used,1500,Petrol,Toyota,170000,Premio,2016,1500,2016,Automatic,Car(Hatchback)
Toyota Premio 2010,"Rs: 9,700,000",,2026-01-12 | Polonnaruwa Find Out More,red,Reconditioned,1500,Petrol,Toyota,0,Premio,2010,1500,2010,Automatic,Car(Saloon)
Toyota Axio 2014,"Rs: 9,150,000",km Find,"2026-01-12 | Colombo Fort (Colombo 01) 184,000",white,Used,1500,Hybrid,Toyota,184000,Axio,2014,1500,2014,Automatic,Car(Hatchback)
Tata Nano 2011,"Rs: 1,450,000",km Find,"2026-01-12 | Pannipitiya 75,000",white,Used,1300,Petrol,Tata,75000,Nano,2011,1300,2011,Other,Car(Hatchback)
Honda Civic 2017,"Rs: 12,500,000",km Find,"2026-02-19 | Telijjawila 82,285",silver,Used,1000,Petrol,Honda,82285,Civic,2017,1000,2018,Automatic,Car()
KIA Sephia 2002,"Rs: 2,600,000",km Find,"2026-02-10 | Mattegoda 162,481",gray,Used,1331,Petrol,KIA,162481,Sephia,2002,1331,2003,Automatic,Car(Sedan)
Toyota Belta 2007,"Rs: 5,500,000",km Find,"2026-02-06 | Homagama 166,600",silver,Used,1000,Petrol,Toyota,166600,Belta,2007,1000,2009,Automatic,Car(Saloon)
Perodua Elite 2011,"Rs: 4,300,000",,2026-01-12 | Nikaweratiya Find Out More,black,Used,650,Petrol,Perodua,0,Elite,2011,650,2014,Automatic,Car(Hatchback)
KIA Picanto 2016,"Rs: 4,650,000",km Find,"2026-01-12 | Nikaweratiya 180,000",white,Used,1000,Petrol,KIA,180000,Picanto,2016,1000,2016,Automatic,Car(Hatchback)
Suzuki Maruti 2005,"Rs: 2,030,000",,2026-01-12 | Kiribathgoda Find Out More,gray,Used,800,Petrol,Suzuki,0,Maruti,2005,800,2005,Manual,Car(Hatchback)
Toyota Corolla 2001,"Rs: 5,375,000",,2026-01-12 | Matale Find Out More,black,Used,1500,Petrol,Toyota,0,Corolla,2001,1500,2003,Automatic,Car(Saloon)
Suzuki Alto 2017,"Rs: 5,125,000",km Find,"2026-01-12 | Piliyandala 100,000",white,Used,660,Petrol,Suzuki,100000,Alto,2017,660,2018,Automatic,Car(Hatchback)
Toyota Aqua 2014,"Rs: 8,250,000",km Find,"2026-01-12 | Ampara 195,000",white,Used,1500,Hybrid,Toyota,195000,Aqua,2014,1500,2014,Automatic,Car(Liftback)
Honda Fit 2014,"Rs: 7,850,000",km Find,"2026-01-12 | Wellawa 109,000",white,Used,1500,Petrol,Honda,109000,Fit,2014,1500,2015,Automatic,Car(Liftback)
Suzuki Wagon R 2023,"Rs: 7,800,000",km Find,"2026-01-12 | Galle 10,000",silver,Used,998,Petrol,Suzuki,10000,Wagon R,2023,998,2025,Automatic,Car(Station wagon)
Toyota Aqua 2012,"Rs: 6,900,000",km Find,"2026-01-12 | Horana 182,000",blue,Used,1500,Hybrid,Toyota,182000,Aqua,2012,1500,2013,Automatic,Car(Liftback)
Toyota Aqua 2012,"Rs: 7,990,000",km Find,"2026-01-12 | Colombo Fort (Colombo 01) 120,000",blue,Used,1500,Hybrid,Toyota,120000,Aqua,2012,1500,2012,Automatic,Car(Liftback)
Toyota Axio 2014,"Rs: 8,250,000",km Find,"2026-01-12 | Dambulla 218,000",white,Used,1500,Petrol,Toyota,218000,Axio,2014,1500,2014,Automatic,Car(Saloon)
Suzuki Hustler 2016,"Rs: 6,100,000",km Find,"2026-01-12 | Kadawatha 106,000",yellow,Used,650,Petrol,Suzuki,106000,Hustler,2016,650,2017,Automatic,Car(Station wagon)
Honda City 2000,"Rs: 3,550,000",km Find,"2026-01-12 | Monaragala 189,000",black,Used,1493,Petrol,Honda,189000,City,2000,1493,2000,Manual,Car(Hatchback)
Daihatsu Mira 2018,"Rs: 5,450,000",km Find,2026-01-12 | Kotahena (Colombo 13) 0,gray,Used,000,Petrol,Daihatsu,000,Mira,2018,000,2018,Automatic,Car(Hatchback)
Suzuki Wagon R 2014,"Rs: 5,400,000",km Find,"2026-01-12 | Ambalangoda 140,000",red,Used,650,Petrol,Suzuki,140000,Wagon R,2014,650,2015,Automatic,Car(Station wagon)
Suzuki Wagon R 2025,"Rs: 8,800,000",,2026-01-12 | Kandy Find Out More,white,Brand New,650,Hybrid,Suzuki,0,Wagon R,2025,650,Ref:,Automatic,Car(Hatchback)
Suzuki Baleno 2019,"Rs: 7,950,000",km Find,"2026-01-12 | Borella (Colombo 08) 51,492",gray,Used,1000,Petrol,Suzuki,51492,Baleno,2019,1000,2019,Automatic,Car(Hatchback)
Honda Civic 2017,"Rs: 12,500,000",km Find,"2026-02-19 | Telijjawila 82,285",silver,Used,1000,Petrol,Honda,82285,Civic,2017,1000,2018,Automatic,Car()
KIA Sephia 2002,"Rs: 2,600,000",km Find,"2026-02-10 | Mattegoda 162,481",gray,Used,1331,Petrol,KIA,162481,Sephia,2002,1331,2003,Automatic,Car(Sedan)
Toyota Belta 2007,"Rs: 5,500,000",km Find,"2026-02-06 | Homagama 166,600",silver,Used,1000,Petrol,Toyota,166600,Belta,2007,1000,2009,Automatic,Car(Saloon)
Suzuki Wagon R 2018,"Rs: 6,790,000",km Find,"2026-01-12 | Anuradhapura 78,500",blue,Reconditioned,650,Hybrid,Suzuki,78500,Wagon R,2018,650,2018,Automatic,Car(Hatchback)
Honda CRX 1991,"Rs: 3,600,000",km Find,"2026-01-12 | Ja-Ela 140,000",white,Used,1500,Petrol,Honda,140000,CRX,1991,1500,1991,Manual,Car(Liftback)
Suzuki Spacia 2017,"Rs: 5,890,000",km Find,"2026-01-12 | Ja-Ela 132,000",white,Used,650,Petrol,Suzuki,132000,Spacia,2017,650,2018,Automatic,Car(Station wagon)
Toyota Mark II 2003,"Rs: 4,200,000",km Find,"2026-01-12 | Kaduwela 185,000",white,Used,2000,Petrol,Toyota,185000,Mark II,2003,2000,2003,Automatic,Car(Saloon)
Suzuki Wagon R 2014,"Rs: 5,000,000",km Find,"2026-01-12 | Embilipitiya 83,000",navy,Used,660,Petrol,Suzuki,83000,Wagon R,2014,660,2015,Automatic,Car(Hatchback)
Toyota Axio 2015,"Rs: 8,575,000",km Find,"2026-01-12 | Katunayake 25,000",white,Used,1496,Petrol,Toyota,25000,Axio,2015,1496,2015,Automatic,Car(Hatchback)
Suzuki Maruti 2006,"Rs: 2,050,000",km Find,"2026-01-12 | Borella (Colombo 08) 85,000",silver,Used,800,Petrol,Suzuki,85000,Maruti,2006,800,2006,Manual,Car(Liftback)
Mahindra KUV 2021,"Rs: 5,700,000",km Find,"2026-01-12 | Baddegama 59,000",white,Used,1200,Petrol,Mahindra,59000,KUV,2021,1200,2021,Manual,Car(Hatchback)
Perodua Axia 2017,"Rs: 5,790,000",km Find,"2026-01-12 | Kadawatha 91,000",gray,Used,1000,Petrol,Perodua,91000,Axia,2017,1000,2017,Automatic,Car(Hatchback)
Suzuki Wagon R 2014,"Rs: 5,690,000",km Find,"2026-01-12 | Ja-Ela 75,000",white,Used,658,Petrol,Suzuki,75000,Wagon R,2014,658,2015,Other,Car(Station wagon)
Suzuki Alto 2010,"Rs: 3,050,000",km Find,"2026-01-12 | Minuwangoda 32,000",blue,Used,996,Petrol,Suzuki,32000,Alto,2010,996,2010,Manual,Car(Hatchback)
Suzuki Wagon R 2018,"Rs: 6,150,000",km Find,"2026-01-12 | Ahungalla 81,000",silver,Used,650,Hybrid,Suzuki,81000,Wagon R,2018,650,2018,Automatic,Car(Hatchback)
Toyota Marino 1992,"Rs: 3,500,000",km Find,"2026-01-12 | Kadawatha 180,000",blue,Used,1500,Petrol,Toyota,180000,Marino,1992,1500,2000,Manual,Car(Saloon)
Toyota Premio 2010,"Rs: 8,500,000",,2026-01-12 | Kirulapone Find Out More,blue,Used,1800,Petrol,Toyota,0,Premio,2010,1800,2011,Automatic,Car(Saloon)
Toyota Starlet 1997,"Rs: 4,400,000",km Find,"2026-01-12 | Minuwangoda 213,000",blue,Reconditioned,1330,Petrol,Toyota,213000,Starlet,1997,1330,2000,Automatic,Car(Hatchback)
Suzuki Wagon R 2018,"Rs: 6,900,000",km Find,"2026-01-12 | Pelawatta 100,000",black,Used,650,Petrol,Suzuki,100000,Wagon R,2018,650,2018,Automatic,Car(Hatchback)
Suzuki Alto 2015,"Rs: 3,800,000",km Find,"2026-01-12 | Ja-Ela 152,000",white,Used,800,Petrol,Suzuki,152000,Alto,2015,800,2015,Manual,Car(Hatchback)
Nissan Roox 2025,"Rs: 9,250,000",,2026-01-12 | Gampaha Find Out More,brown,Brand New,650,Petrol,Nissan,0,Roox,2025,650,Ref:,Automatic,Car(Hatchback)
Honda Civic 2017,"Rs: 12,500,000",km Find,"2026-02-19 | Telijjawila 82,285",silver,Used,1000,Petrol,Honda,82285,Civic,2017,1000,2018,Automatic,Car()
KIA Sephia 2002,"Rs: 2,600,000",km Find,"2026-02-10 | Mattegoda 162,481",gray,Used,1331,Petrol,KIA,162481,Sephia,2002,1331,2003,Automatic,Car(Sedan)
Toyota Belta 2007,"Rs: 5,500,000",km Find,"2026-02-06 | Homagama 166,600",silver,Used,1000,Petrol,Toyota,166600,Belta,2007,1000,2009,Automatic,Car(Saloon)
Daihatsu Mira 2025,"Rs: 6,850,000",,2026-01-12 | Gampaha Find Out More,red,Brand New,650,Petrol,Daihatsu,0,Mira,2025,650,Ref:,Automatic,Car(Hatchback)
Suzuki Wagon R 2025,"Rs: 8,800,000",,2026-01-12 | Gampaha Find Out More,white,Brand New,650,Hybrid,Suzuki,0,Wagon R,2025,650,Ref:,Automatic,Car(Hatchback)
Toyota Axio 2015,"Rs: 9,500,000",km Find,"2026-01-12 | Marawila 145,000",white,Used,1496,Petrol,Toyota,145000,Axio,2015,1496,2016,Automatic,Car(Sedan)
Suzuki Alto 2016,"Rs: 3,800,000",km Find,"2026-01-12 | Katugastota 63,000",red,Used,658,Petrol,Suzuki,63000,Alto,2016,658,2017,Manual,Car(Hatchback)
Suzuki Swift 2004,"Rs: 3,600,000",km Find,"2026-01-12 | Haputale 200,000",blue,Used,1300,Petrol,Suzuki,200000,Swift,2004,1300,2006,Manual,Car(Hatchback)
Suzuki Alto 2005,"Rs: 3,550,000",,2026-01-12 | Kirulapone Find Out More,white,Used,1400,Petrol,Suzuki,0,Alto,2005,1400,2005,Manual,Car(Hatchback)
Suzuki Wagon R 2014,"Rs: 5,125,000",km Find,"2026-01-12 | Kandy 133,000",black,Used,658,Petrol,Suzuki,133000,Wagon R,2014,658,2016,Automatic,Car(Hatchback)
Suzuki Wagon R 2025,"Rs: 8,600,000",,2026-01-12 | Kohuwala Find Out More,white,Brand New,650,Petrol,Suzuki,0,Wagon R,2025,650,Ref:,Automatic,Car(Hatchback)
Suzuki Wagon R 2018,"Rs: 6,925,000",km Find,"2026-01-12 | Kalmunai 62,600",white,Used,650,Hybrid,Suzuki,62600,Wagon R,2018,650,2018,Automatic,Car(Sedan)
Suzuki Wagon R 2023,"Rs: 9,500,000",km Find,"2026-01-12 | Kurunegala 2,300",silver,Brand New,690,Hybrid,Suzuki,2300,Wagon R,2023,690,Ref:,Automatic,Car(Hatchback)
Toyota Axio 2007,"Rs: 8,875,000",km Find,"2026-01-12 | Alawwa 128,000",gray,Used,1500,Petrol,Toyota,128000,Axio,2007,1500,2013,Automatic,Car(Sedan)
Suzuki Alto 2016,"Rs: 3,850,000",km Find,"2026-01-12 | Kandana 116,000",white,Used,800,Petrol,Suzuki,116000,Alto,2016,800,2016,Manual,Car(Hatchback)
Daihatsu Mira 2025,"Rs: 6,950,000",km Find,"2026-01-12 | Balapitiya 5,000",white,Brand New,660,Petrol,Daihatsu,5000,Mira,2025,660,Ref:,Automatic,Car(Hatchback)
Toyota Axio 2015,"Rs: 9,200,000",km Find,"2026-01-12 | Akarawita 150,000",white,Used,00,Petrol,Toyota,150000,Axio,2015,00,2015,Automatic,Car(Sports)
Nissan Sunny 1995,"Rs: 3,850,000",,2026-01-12 | Kirulapone Find Out More,maroon,Used,1500,Petrol,Nissan,0,Sunny,1995,1500,1996,Manual,Car(Saloon)
Toyota Aqua 2013,"Rs: 6,450,000",km Find,"2026-01-12 | Kandy 35,000",blue,Used,1496,Petrol,Toyota,35000,Aqua,2013,1496,2015,Automatic,Car(Hatchback)
Nissan Sylphy 2001,"Rs: 4,500,000",,2026-01-12 | Gampaha Find Out More,other,Used,1000,Petrol,Nissan,0,Sylphy,2001,1000,2004,Automatic,Car(Saloon)
Honda Civic 2017,"Rs: 12,500,000",km Find,"2026-02-19 | Telijjawila 82,285",silver,Used,1000,Petrol,Honda,82285,Civic,2017,1000,2018,Automatic,Car()
KIA Sephia 2002,"Rs: 2,600,000",km Find,"2026-02-10 | Mattegoda 162,481",gray,Used,1331,Petrol,KIA,162481,Sephia,2002,1331,2003,Automatic,Car(Sedan)
Toyota Belta 2007,"Rs: 5,500,000",km Find,"2026-02-06 | Homagama 166,600",silver,Used,1000,Petrol,Toyota,166600,Belta,2007,1000,2009,Automatic,Car(Saloon)
Suzuki Alto 2015,"Rs: 3,850,000",km Find,"2026-01-11 | Kalmunai 105,000",white,Used,800,Petrol,Suzuki,105000,Alto,2015,800,2015,Manual,Car(Hatchback)
Tata Indigo 2015,"Rs: 3,190,000",km Find,"2026-01-11 | Rikillagaskada 47,353",white,Used,1200,Petrol,Tata,47353,Indigo,2015,1200,2015,Manual,Car()
Perodua Viva 2009,"Rs: 3,850,000",km Find,"2026-01-11 | Delgoda 150,000",black,Used,1000,Petrol,Perodua,150000,Viva,2009,1000,2009,Manual,Car(Hatchback)
Toyota Prius 2011,"Rs: 8,975,000",km Find,"2026-01-11 | Bandaragama 171,000",white,Used,1800,Hybrid,Toyota,171000,Prius,2011,1800,2012,Automatic,Car(Hatchback)
Daihatsu Mira 2016,"Rs: 5,450,000",km Find,"2026-01-11 | Horana 150,000",pink,Used,660,Petrol,Daihatsu,150000,Mira,2016,660,2017,Automatic,Car(Hatchback)
Suzuki Celerio 2016,"Rs: 5,175,000",km Find,"2026-01-11 | Kadawatha 96,000",white,Used,1000,Petrol,Suzuki,96000,Celerio,2016,1000,2016,Automatic,Car(Hatchback)
Suzuki Celerio 2016,"Rs: 5,175,000",km Find,"2026-01-11 | Kadawatha 102,000",white,Used,1000,Petrol,Suzuki,102000,Celerio,2016,1000,2016,Automatic,Car(Hatchback)
Suzuki Alto 2012,"Rs: 3,275,000",km Find,"2026-01-11 | Piliyandala 119,000",black,Used,800,Petrol,Suzuki,119000,Alto,2012,800,2012,Manual,Car(Hatchback)
Nissan FB 15 2000,"Rs: 4,350,000",km Find,"2026-01-11 | Adampan 107,000",white,Used,1500,Petrol,Nissan,107000,FB 15,2000,1500,2004,Automatic,Car(Saloon)
Honda N WGN 2016,"Rs: 6,250,000",km Find,"2026-01-11 | Matale 90,000",purple,Used,660,Petrol,Honda,90000,N WGN,2016,660,2016,Automatic,Car(Hatchback)
Toyota Prius 2011,"Rs: 9,275,000",km Find,"2026-01-11 | Ambalangoda 166,350",white,Used,1800,Hybrid,Toyota,166350,Prius,2011,1800,2013,Automatic,Car()
Nissan Wingroad 2001,"Rs: 1,895,000",km Find,"2026-01-11 | Seeduwa 226,000",white,Used,1490,Petrol,Nissan,226000,Wingroad,2001,1490,2004,Automatic,Car(Hatchback)
Honda Civic 2017,"Rs: 12,500,000",km Find,"2026-02-19 | Telijjawila 82,285",silver,Used,1000,Petrol,Honda,82285,Civic,2017,1000,2018,Automatic,Car()
KIA Sephia 2002,"Rs: 2,600,000",km Find,"2026-02-10 | Mattegoda 162,481",gray,Used,1331,Petrol,KIA,162481,Sephia,2002,1331,2003,Automatic,Car(Sedan)
Toyota Belta 2007,"Rs: 5,500,000",km Find,"2026-02-06 | Homagama 166,600",silver,Used,1000,Petrol,Toyota,166600,Belta,2007,1000,2009,Automatic,Car(Saloon)
Toyota Premio 2016,"Rs: 15,000,000",km Find,"2026-01-11 | Medawachchiya 53,507",white,Used,1500,Petrol,Toyota,53507,Premio,2016,1500,2016,Automatic,Car(Sedan)
Nissan Leaf 2013,"Rs: 4,900,000",km Find,"2026-01-11 | Matale 50,600",gray,Used,70,Electric,Nissan,50600,Leaf,2013,70,2015,Automatic,Car(Hatchback)
Toyota Vitz 2008,"Rs: 5,200,000",km Find,"2026-01-11 | Boralesgamuwa 215,000",silver,Used,990,Petrol,Toyota,215000,Vitz,2008,990,2011,Automatic,Car(Hatchback)
Suzuki Wagon R 2015,"Rs: 5,850,000",km Find,"2026-01-11 | Boralesgamuwa 138,500",red,Used,650,Petrol,Suzuki,138500,Wagon R,2015,650,2016,Automatic,Car(Hatchback)
Suzuki Swift 2003,"Rs: 4,300,000",km Find,"2026-01-10 | Pilimatalawa 140,000",black,Used,1300,Petrol,Suzuki,140000,Swift,2003,1300,2005,Automatic,Car(Hatchback)
Toyota Yaris 2017,"Rs: 9,600,000",km Find,"2026-01-10 | Homagama 170,000",red,Reconditioned,1329,Petrol,Toyota,170000,Yaris,2017,1329,2018,Automatic,Car(Sedan)
Toyota Prius 2013,"Rs: 9,450,000",km Find,"2026-01-10 | Pasyala 168,000",white,Used,1500,Petrol,Toyota,168000,Prius,2013,1500,2015,Automatic,Car(Hatchback)
Toyota Passo 2023,"Rs: 8,200,000",km Find,"2026-01-10 | Mount Lavinia 8,400",blue,Reconditioned,1000,Petrol,Toyota,8400,Passo,2023,1000,2025,Automatic,Car(Hatchback)
Mercedes Benz E Class 2019,"Rs: 35,000,000",km Find,"2026-01-10 | Rajagiriya 53,000",white,Used,1497,Petrol,Mercedes Benz,53000,E Class,2019,1497,2020,Automatic,Car(Saloon)
Nissan Sunny 1993,"Rs: 2,400,000",km Find,"2026-01-10 | Pannipitiya 134,000",maroon,Used,1300,Petrol,Nissan,134000,Sunny,1993,1300,1993,Manual,Car(Saloon)
Honda Fit 2013,"Rs: 7,500,000",,2026-01-10 | Gampaha Find Out More,white,Used,1317,Petrol,Honda,0,Fit,2013,1317,2014,Automatic,Car(Hatchback)
Suzuki Hustler 2024,"Rs: 7,600,000",km Find,"2026-01-10 | Rajagiriya 1,580",black,Brand New,660,Hybrid,Suzuki,1580,Hustler,2024,660,Ref:,Automatic,Car(Hatchback)
Tata Tiago 2023,"Rs: 7,900,000",km Find,"2026-01-10 | Maharagama 35,000",white,Used,49,Electric,Tata,35000,Tiago,2023,49,2023,Automatic,Car(Liftback)
Toyota Passo 2023,"Rs: 8,375,000",km Find,"2026-01-10 | Kottawa 18,100",beige,Brand New,1000,Petrol,Toyota,18100,Passo,2023,1000,Ref:,Automatic,Car(Hatchback)
Mitsubishi eK 2023,"Rs: 7,790,000",km Find,"2026-01-10 | Kottawa 3,400",blue,Brand New,660,Hybrid,Mitsubishi,3400,eK,2023,660,Ref:,Automatic,Car(Station wagon)
Micro Panda 2018,"Rs: 4,000,000",km Find,"2026-01-10 | Panadura 91,000",white,Used,1000,Petrol,Micro,91000,Panda,2018,1000,2018,Automatic,Car(Hatchback)
Nissan FB 14 1996,"Rs: 3,000,000",km Find,"2026-01-10 | Galagedara 196,000",white,Used,1300,Petrol,Nissan,196000,FB 14,1996,1300,1998,Automatic,Car(Saloon)
Honda Civic 2017,"Rs: 12,500,000",km Find,"2026-02-19 | Telijjawila 82,285",silver,Used,1000,Petrol,Honda,82285,Civic,2017,1000,2018,Automatic,Car()
KIA Sephia 2002,"Rs: 2,600,000",km Find,"2026-02-10 | Mattegoda 162,481",gray,Used,1331,Petrol,KIA,162481,Sephia,2002,1331,2003,Automatic,Car(Sedan)
Toyota Belta 2007,"Rs: 5,500,000",km Find,"2026-02-06 | Homagama 166,600",silver,Used,1000,Petrol,Toyota,166600,Belta,2007,1000,2009,Automatic,Car(Saloon)
Toyota Vitz 2017,"Rs: 7,950,000",km Find,"2026-01-10 | Kottawa 44,000",silver,Used,1000,Petrol,Toyota,44000,Vitz,2017,1000,2020,Automatic,Car(Saloon)
Mitsubishi Lancer 2007,"Rs: 6,550,000",km Find,"2026-01-10 | Homagama 214,000",blue,Reconditioned,1300,Petrol,Mitsubishi,214000,Lancer,2007,1300,2008,Automatic,Car(Sedan)
Toyota Corolla 2007,"Rs: 6,450,000",km Find,"2026-01-10 | Homagama 116,300",silver,Used,1600,Petrol,Toyota,116300,Corolla,2007,1600,2007,Automatic,Car(Sedan)
Toyota Axio 2012,"Rs: 8,800,000",km Find,"2026-01-10 | Gampaha 160,000",silver,Used,1500,Petrol,Toyota,160000,Axio,2012,1500,2013,Automatic,Car(Saloon)
Suzuki Alto 2024,"Rs: 6,550,000",km Find,"2026-01-10 | Gampaha 8,000",silver,Reconditioned,650,Petrol,Suzuki,8000,Alto,2024,650,2025,Automatic,Car(Hatchback)
Toyota Carina 1985,"Rs: 1,140,000",,2026-01-10 | Kotiyakumbura Find Out More,gold,Used,1450,Petrol,Toyota,0,Carina,1985,1450,1988,Manual,Car(Saloon)
Honda Grace 2015,"Rs: 8,900,000",km Find,"2026-01-10 | Dehiwala 146,000",white,Used,1490,Hybrid,Honda,146000,Grace,2015,1490,2016,Tiptronic,Car(Sedan)
Nissan Aura 2023,"Rs: 12,990,000",km Find,"2026-01-10 | Nugegoda 25,000",white,Brand New,1200,Hybrid,Nissan,25000,Aura,2023,1200,Ref:,Automatic,Car(Hatchback)
Suzuki Wagon R 2017,"Rs: 5,700,000",km Find,"2026-01-10 | Padukka 123,300",blue,Used,660,Hybrid,Suzuki,123300,Wagon R,2017,660,2018,Automatic,Car(Hatchback)
Toyota Vitz 2007,"Rs: 6,050,000",km Find,"2026-01-09 | Walasmulla 85,000",white,Used,990,Petrol,Toyota,85000,Vitz,2007,990,2011,Automatic,Car(Hatchback)
Micro Panda 2015,"Rs: 2,850,000",,2026-01-09 | Piliyandala Find Out More,yellow,Used,1000,Petrol,Micro,0,Panda,2015,1000,2015,Manual,Car(Hatchback)
Nissan FB 14 1996,"Rs: 2,890,000",km Find,"2026-01-09 | Kottawa 100,000",red,Used,1500,Petrol,Nissan,100000,FB 14,1996,1500,1996,Manual,Car(Sports)
Suzuki Alto 2015,"Rs: 3,750,000",km Find,"2026-01-09 | Sri Jayawardenepura Kotte 78,000",white,Used,1000,Petrol,Suzuki,78000,Alto,2015,1000,2015,Automatic,Car(Hatchback)
Suzuki Wagon R 2016,"Rs: 5,600,000",km Find,"2026-01-09 | Panadura 95,000",black,Used,660,Petrol,Suzuki,95000,Wagon R,2016,660,2017,Automatic,Car(Hatchback)
Tata Nano 2017,"Rs: 2,500,000",km Find,"2026-01-09 | Adampan 134,500",silver,Used,624,Petrol,Tata,134500,Nano,2017,624,2017,Automatic,Car(Hatchback)
Toyota Corolla 2002,"Rs: 5,675,000",km Find,"2026-01-09 | Akuressa 83,300",black,Used,1790,Petrol,Toyota,83300,Corolla,2002,1790,Ref:,Automatic,Car(Saloon)
Suzuki Celerio 2015,"Rs: 4,880,000",km Find,"2026-01-09 | Homagama 100,500",white,Used,1000,Petrol,Suzuki,100500,Celerio,2015,1000,2015,Tiptronic,Car(Hatchback)
Honda Civic 2017,"Rs: 12,500,000",km Find,"2026-02-19 | Telijjawila 82,285",silver,Used,1000,Petrol,Honda,82285,Civic,2017,1000,2018,Automatic,Car()
KIA Sephia 2002,"Rs: 2,600,000",km Find,"2026-02-10 | Mattegoda 162,481",gray,Used,1331,Petrol,KIA,162481,Sephia,2002,1331,2003,Automatic,Car(Sedan)
Toyota Belta 2007,"Rs: 5,500,000",km Find,"2026-02-06 | Homagama 166,600",silver,Used,1000,Petrol,Toyota,166600,Belta,2007,1000,2009,Automatic,Car(Saloon)
Suzuki Swift 2014,"Rs: 5,000,000",km Find,"2026-01-09 | Muddaragama 64,000",white,Used,1300,Petrol,Suzuki,64000,Swift,2014,1300,2014,Other,Car(Liftback)
Toyota Yaris 2022,"Rs: 11,990,000",,2026-01-09 | Maharagama Find Out More,white,Brand New,1500,Hybrid,Toyota,0,Yaris,2022,1500,Ref:,Automatic,Car(Hatchback)
Nissan Pulsar 1997,"Rs: 2,700,000",,2026-01-09 | Aralaganwila Find Out More,white,Used,1490,Petrol,Nissan,0,Pulsar,1997,1490,2000,Manual,Car(Liftback)
Honda Insight 2009,"Rs: 7,200,000",km Find,"2026-01-09 | Pussellawa 216,000",blue,Used,1200,Petrol,Honda,216000,Insight,2009,1200,2012,Automatic,Car(Hatchback)
Suzuki Swift 2005,"Rs: 4,300,000",km Find,"2026-01-09 | Kegalle 155,000",black,Used,1300,Petrol,Suzuki,155000,Swift,2005,1300,2006,Automatic,Car(Hatchback)
Suzuki Wagon R 2018,"Rs: 7,200,000",km Find,"2026-01-09 | Pussellawa 54,000",black,Used,650,Petrol,Suzuki,54000,Wagon R,2018,650,2018,Automatic,Car(Hatchback)
Suzuki Wagon R 2017,"Rs: 6,800,000",km Find,"2026-01-09 | Pussellawa 140,000",white,Used,650,Petrol,Suzuki,140000,Wagon R,2017,650,2017,Automatic,Car(Hatchback)
Daihatsu Cast 2017,"Rs: 6,300,000",km Find,"2026-01-09 | Dehiwala 76,000",black,Used,650,Petrol,Daihatsu,76000,Cast,2017,650,2019,Automatic,Car(Hatchback)
Toyota Vitz 2016,"Rs: 6,800,000",km Find,"2026-01-09 | Chilaw 80,000",silver,Used,1000,Petrol,Toyota,80000,Vitz,2016,1000,2016,Automatic,Car(Liftback)
Suzuki Alto 2011,"Rs: 2,975,000",km Find,"2026-01-09 | Neboda 193,000",white,Used,800,Petrol,Suzuki,193000,Alto,2011,800,2011,Manual,Car(Hatchback)
Daihatsu Charade 1985,"Rs: 900,000",km Find,"2026-01-09 | Marawila 85,000",red,Used,990,Petrol,Daihatsu,85000,Charade,1985,990,1988,Manual,Car(Hatchback)
Micro MX7 2011,"Rs: 3,295,000",km Find,"2026-01-09 | Bandaragama 92,000",black,Used,1500,Petrol,Micro,92000,MX7,2011,1500,2011,Manual,Car(Sedan)
Suzuki Wagon R 2018,"Rs: 6,295,000",,2026-01-09 | Panadura Find Out More,orange,Used,650,Petrol,Suzuki,0,Wagon R,2018,650,2018,Automatic,Car(Hatchback)
Suzuki Spacia 2016,"Rs: 5,985,000",,2026-01-09 | Panadura Find Out More,silver,Used,670,Petrol,Suzuki,0,Spacia,2016,670,2018,Automatic,Car(Station wagon)
Honda Civic 2017,"Rs: 12,500,000",km Find,"2026-02-19 | Telijjawila 82,285",silver,Used,1000,Petrol,Honda,82285,Civic,2017,1000,2018,Automatic,Car()
KIA Sephia 2002,"Rs: 2,600,000",km Find,"2026-02-10 | Mattegoda 162,481",gray,Used,1331,Petrol,KIA,162481,Sephia,2002,1331,2003,Automatic,Car(Sedan)
Toyota Belta 2007,"Rs: 5,500,000",km Find,"2026-02-06 | Homagama 166,600",silver,Used,1000,Petrol,Toyota,166600,Belta,2007,1000,2009,Automatic,Car(Saloon)
Mitsubishi Lancer 1980,"Rs: 1,280,000",km Find,"2026-01-09 | Gampaha 60,000",green,Used,1400,Petrol,Mitsubishi,60000,Lancer,1980,1400,1980,Manual,Car()
Micro Panda 2018,"Rs: 3,875,000",km Find,"2026-01-09 | Mulleriyawa New Town 55,600",white,Used,1000,Petrol,Micro,55600,Panda,2018,1000,2018,Automatic,Car(Hatchback)
Toyota Premio 2014,"Rs: 13,200,000",km Find,"2026-01-09 | Dankotuwa 130,000",white,Used,1500,Petrol,Toyota,130000,Premio,2014,1500,2015,Automatic,Car(Liftback)
Honda Grace 2014,"Rs: 9,200,000",km Find,"2026-01-09 | Kadawatha 145,000",white,Used,1500,Hybrid,Honda,145000,Grace,2014,1500,2015,Automatic,Car(Saloon)
Toyota Axio 2018,"Rs: 12,800,000",km Find,"2026-01-09 | Anuradhapura 122,000",white,Used,1500,Hybrid,Toyota,122000,Axio,2018,1500,2019,Automatic,Car(Liftback)
Toyota Starlet 1996,"Rs: 3,675,000",km Find,"2026-01-09 | Dematagoda (Colombo 09) 280,000",white,Used,1490,Diesel,Toyota,280000,Starlet,1996,1490,1999,Automatic,Car(Hatchback)
Suzuki A Star 2011,"Rs: 4,090,000",km Find,"2026-01-09 | Gampaha 95,000",pink,Used,1000,Petrol,Suzuki,95000,A Star,2011,1000,2011,Automatic,Car(Hatchback)
Mazda Familia 1999,"Rs: 3,600,000",km Find,"2026-01-09 | Battaramulla 140,000",silver,Used,1499,Petrol,Mazda,140000,Familia,1999,1499,2002,Automatic,Car(Saloon)
Hyundai Sonata 2000,"Rs: 3,200,000",km Find,"2026-01-08 | Galewela 89,999",white,Used,2000,Petrol,Hyundai,89999,Sonata,2000,2000,2004,Automatic,Car(Saloon)
Toyota Starlet 1995,"Rs: 2,790,000",km Find,"2026-01-08 | Hambantota 23,425",black,Used,1500,Diesel,Toyota,23425,Starlet,1995,1500,1995,Manual,Car(Hatchback)
Suzuki Wagon R 2024,"Rs: 7,200,000",km Find,2026-01-08 | Kotte 600,blue,Reconditioned,660,Petrol,Suzuki,600,Wagon R,2024,660,2024,Automatic,Car(Hatchback)
Micro Panda Cross 2017,"Rs: 3,950,000",km Find,"2026-01-08 | Homagama 69,110",white,Used,1300,Petrol,Micro,69110,Panda Cross,2017,1300,2017,Manual,Car(Hatchback)
Honda Shuttle 2012,"Rs: 6,500,000",km Find,"2026-01-08 | Wennappuwa 120,000",white,Used,1300,Petrol,Honda,120000,Shuttle,2012,1300,2012,Automatic,Car(Hatchback)
Nissan N 16 1996,"Rs: 3,000,000",km Find,"2026-01-08 | Boralesgamuwa 212,000",white,Used,1500,Petrol,Nissan,212000,N 16,1996,1500,2001,Manual,Car(Saloon)
Honda Fit 2011,"Rs: 6,200,000",km Find,"2026-01-08 | Rajagiriya 198,000",white,Used,1300,Hybrid,Honda,198000,Fit,2011,1300,2013,Automatic,Car(Hatchback)
Honda Civic 2017,"Rs: 12,500,000",km Find,"2026-02-19 | Telijjawila 82,285",silver,Used,1000,Petrol,Honda,82285,Civic,2017,1000,2018,Automatic,Car()
KIA Sephia 2002,"Rs: 2,600,000",km Find,"2026-02-10 | Mattegoda 162,481",gray,Used,1331,Petrol,KIA,162481,Sephia,2002,1331,2003,Automatic,Car(Sedan)
Toyota Belta 2007,"Rs: 5,500,000",km Find,"2026-02-06 | Homagama 166,600",silver,Used,1000,Petrol,Toyota,166600,Belta,2007,1000,2009,Automatic,Car(Saloon)
Honda Aria 2004,"Rs: 4,750,000",km Find,"2026-01-08 | Beruwala 190,000",silver,Used,1500,Petrol,Honda,190000,Aria,2004,1500,2007,Tiptronic,Car(Sedan)
Toyota Corolla 1997,"Rs: 3,800,000",km Find,"2026-01-08 | Pilimatalawa 270,000",silver,Used,2000,Petrol,Toyota,270000,Corolla,1997,2000,2000,Manual,Car(Saloon)
Suzuki Wagon R 2000,"Rs: 5,200,000",km Find,"2026-01-08 | Katugastota 75,000",black,Used,1500,Petrol,Suzuki,75000,Wagon R,2000,1500,2003,Other,Car(Hatchback)
BMW 740Le 2017,"Rs: 49,500,000",km Find,"2026-01-08 | Borella (Colombo 08) 67,000",white,Used,2000,Hybrid,BMW,67000,740Le,2017,2000,2017,Automatic,Car(Saloon)
Toyota Premio 2013,"Rs: 11,200,000",km Find,"2026-01-08 | Homagama 145,000",maroon,Used,1500,Petrol,Toyota,145000,Premio,2013,1500,2013,Automatic,Car(Saloon)
Mitsubishi Lancer 1980,"Rs: 750,000",km Find,"2026-01-08 | Katuneriya 150,000",blue,Used,1000,Petrol,Mitsubishi,150000,Lancer,1980,1000,1980,Manual,Car(Sedan)
Toyota Corolla 1984,"Rs: 1,350,000",km Find,"2026-01-08 | Katuneriya 160,000",white,Used,800,Petrol,Toyota,160000,Corolla,1984,800,1984,Manual,Car(Sedan)
Suzuki Alto 2002,"Rs: 2,590,000",,2026-01-08 | Katugastota Find Out More,blue,Used,1000,Petrol,Suzuki,0,Alto,2002,1000,2006,Manual,Car(Hatchback)
Toyota Vitz 2002,"Rs: 4,275,000",,2026-01-08 | Katugastota Find Out More,blue,Used,1500,Petrol,Toyota,0,Vitz,2002,1500,2006,Automatic,Car(Hatchback)
Alfa Romeo Car 1995,"Rs: 2,250,000",km Find,"2026-01-08 | Katuneriya 56,000",red,Used,800,Petrol,Alfa Romeo,56000,Car,1995,800,1995,Manual,Car(Sedan)
Toyota Starlet 1984,"Rs: 650,000",km Find,"2026-01-08 | Katuneriya 150,000",brown,Used,800,Petrol,Toyota,150000,Starlet,1984,800,1984,Manual,Car(Station wagon)
Toyota Corolla 1984,"Rs: 1,350,000",km Find,"2026-01-08 | Katuneriya 150,000",white,Used,8000,Petrol,Toyota,150000,Corolla,1984,8000,1984,Manual,Car(Sedan)
Toyota Corolla 2001,"Rs: 5,375,000",km Find,"2026-01-08 | Veyangoda 100,000",white,Used,1500,Petrol,Toyota,100000,Corolla,2001,1500,2004,Other,Car(Liftback)
Nissan Primera 2002,"Rs: 2,695,000",km Find,"2026-01-08 | Pasyala 1,000,000",black,Used,1300,Petrol,Nissan,1000000,Primera,2002,1300,2002,Other,Car(Liftback)
Hyundai Eon 2016,"Rs: 4,300,000",km Find,"2026-01-08 | Batticaloa 51,000",white,Used,649,Petrol,Hyundai,51000,Eon,2016,649,2016,Manual,Car(Hatchback)
Nissan Tiida 2004,"Rs: 5,275,000",km Find,"2026-01-08 | Malabe 159,000",silver,Used,1500,Petrol,Nissan,159000,Tiida,2004,1500,2007,Automatic,Car(Hatchback)
Suzuki MR wagon 2016,"Rs: 5,500,000",km Find,"2026-01-08 | Puttalam 127,000",brown,Used,650,Hybrid,Suzuki,127000,MR wagon,2016,650,2016,Automatic,Car(Station wagon)
Honda Civic 2017,"Rs: 12,500,000",km Find,"2026-02-19 | Telijjawila 82,285",silver,Used,1000,Petrol,Honda,82285,Civic,2017,1000,2018,Automatic,Car()
KIA Sephia 2002,"Rs: 2,600,000",km Find,"2026-02-10 | Mattegoda 162,481",gray,Used,1331,Petrol,KIA,162481,Sephia,2002,1331,2003,Automatic,Car(Sedan)
Toyota Belta 2007,"Rs: 5,500,000",km Find,"2026-02-06 | Homagama 166,600",silver,Used,1000,Petrol,Toyota,166600,Belta,2007,1000,2009,Automatic,Car(Saloon)
Toyota Vios 2004,"Rs: 5,275,000",km Find,"2026-01-08 | Malabe 240,000",silver,Used,1500,Petrol,Toyota,240000,Vios,2004,1500,2007,Automatic,Car(Hatchback)
Suzuki Alto 2015,"Rs: 3,600,000",,2026-01-08 | Gampaha Find Out More,white,Used,800,Petrol,Suzuki,0,Alto,2015,800,2015,Manual,Car(Hatchback)
Suzuki Wagon R 2014,"Rs: 5,675,000",km Find,"2026-01-08 | Malabe 118,000",white,Used,650,Petrol,Suzuki,118000,Wagon R,2014,650,2016,Automatic,Car(Hatchback)
Suzuki Wagon R 2018,"Rs: 6,575,000",km Find,"2026-01-08 | Malabe 80,000",red,Used,650,Petrol,Suzuki,80000,Wagon R,2018,650,2018,Automatic,Car(Hatchback)
Toyota Yaris 2024,"Rs: 9,750,000",km Find,"2026-01-08 | Gampaha 11,500",black,Reconditioned,990,Petrol,Toyota,11500,Yaris,2024,990,2025,Automatic,Car(Hatchback)
Toyota Yaris 2024,"Rs: 9,850,000",km Find,"2026-01-08 | Gampaha 2,700",gray,Reconditioned,990,Petrol,Toyota,2700,Yaris,2024,990,2024,Automatic,Car(Hatchback)
Toyota Vitz 2018,"Rs: 8,800,000",km Find,"2026-01-08 | Wattala 45,500",purple,Used,990,Petrol,Toyota,45500,Vitz,2018,990,2019,Automatic,Car(Hatchback)
BMW 5 Series 2012,"Rs: 21,000,000",km Find,"2026-01-08 | Mount Lavinia 75,000",beige,Used,2000,Diesel,BMW,75000,5 Series,2012,2000,2012,Automatic,Car(Saloon)
Suzuki Wagon R 2023,"Rs: 7,150,000",km Find,"2026-01-08 | Gampaha 12,500",gray,Brand New,660,Petrol,Suzuki,12500,Wagon R,2023,660,Ref:,Automatic,Car(Hatchback)
Nissan B13 1991,"Rs: 2,475,000",km Find,"2026-01-08 | Horana 145,000",white,Used,1400,Petrol,Nissan,145000,B13,1991,1400,1991,Manual,Car(Saloon)
Nissan March 2003,"Rs: 3,840,000",km Find,"2026-02-22 | Piliyandala 201,000",blue,Used,1300,Petrol,Nissan,201000,March,2003,1300,2003,Automatic,Car(Hatchback)
Mitsubishi Space Wagon 2023,"Rs: 7,350,000",km Find,"2026-01-08 | Kohuwala 7,000",silver,Brand New,650,Petrol,Mitsubishi,7000,Space Wagon,2023,650,Ref:,Automatic,Car(Hatchback)
Honda Grace 2017,"Rs: 10,550,000",km Find,"2026-01-08 | Kohuwala 120,000",black,Used,1500,Petrol,Honda,120000,Grace,2017,1500,2019,Automatic,Car(Sedan)
Toyota Aqua 2016,"Rs: 7,700,000",km Find,"2026-01-08 | Colombo Fort (Colombo 01) 136,000",blue,Used,1500,Hybrid,Toyota,136000,Aqua,2016,1500,2017,Automatic,Car(Hatchback)
Suzuki Wagon R 2025,"Rs: 8,750,000",,2026-01-08 | Kurunegala Find Out More,red,Brand New,658,Hybrid,Suzuki,0,Wagon R,2025,658,Ref:,Automatic,Car(Hatchback)
Honda Civic 2017,"Rs: 12,500,000",km Find,"2026-02-19 | Telijjawila 82,285",silver,Used,1000,Petrol,Honda,82285,Civic,2017,1000,2018,Automatic,Car()
KIA Sephia 2002,"Rs: 2,600,000",km Find,"2026-02-10 | Mattegoda 162,481",gray,Used,1331,Petrol,KIA,162481,Sephia,2002,1331,2003,Automatic,Car(Sedan)
Toyota Belta 2007,"Rs: 5,500,000",km Find,"2026-02-06 | Homagama 166,600",silver,Used,1000,Petrol,Toyota,166600,Belta,2007,1000,2009,Automatic,Car(Saloon)
Suzuki Wagon R 2025,"Rs: 7,250,000",,2026-01-08 | Kurunegala Find Out More,blue,Brand New,658,Petrol,Suzuki,0,Wagon R,2025,658,Ref:,Automatic,Car(Hatchback)
Toyota Vitz 2007,"Rs: 5,100,000",km Find,"2026-01-08 | Gampaha 195,000",blue,Used,1000,Petrol,Toyota,195000,Vitz,2007,1000,2011,Automatic,Car(Hatchback)
Suzuki Wagon R 2025,"Rs: 8,950,000",,2026-01-08 | Waskaduwa Find Out More,white,Brand New,650,Hybrid,Suzuki,0,Wagon R,2025,650,Ref:,Automatic,Car(Hatchback)
BMW 740Le 2017,"Rs: 48,700,000",km Find,"2026-01-08 | Cinnamon Garden (Colombo 07) 67,000",white,Used,2000,Hybrid,BMW,67000,740Le,2017,2000,2018,Automatic,Car(Sedan)
Toyota Axio 2016,"Rs: 9,475,000",km Find,"2026-01-08 | Panadura 87,000",white,Used,1500,Petrol,Toyota,87000,Axio,2016,1500,2017,Automatic,Car(Saloon)
Suzuki Celerio 2015,"Rs: 4,925,000",km Find,"2026-01-07 | Kadawatha 93,000",white,Used,1000,Petrol,Suzuki,93000,Celerio,2015,1000,2015,Automatic,Car(Hatchback)
Suzuki Maruti 2007,"Rs: 2,250,000",km Find,"2026-01-07 | Meegoda 110,000",red,Used,800,Petrol,Suzuki,110000,Maruti,2007,800,2007,Manual,Car(Hatchback)
Suzuki Swift 2004,"Rs: 4,775,000",km Find,2026-01-07 | Homagama 0,red,Used,1300,Petrol,Suzuki,0000,Swift,2004,1300,2006,Manual,Car(Saloon)
Toyota Aqua 2013,"Rs: 7,200,000",km Find,"2026-01-07 | Ingiriya 129,100",black,Used,1490,Petrol,Toyota,129100,Aqua,2013,1490,2013,Automatic,Car(Hatchback)
Toyota Corolla 2007,"Rs: 6,900,000",km Find,"2026-01-07 | Kadawatha 125,000",white,Used,1600,Petrol,Toyota,125000,Corolla,2007,1600,2008,Automatic,Car(Sedan)
Renault KWID 2016,"Rs: 3,800,000",km Find,2026-01-07 | Hasalaka 0,other,Used,800,Petrol,Renault,000,KWID,2016,800,2017,Manual,Car(Liftback)
Toyota Vitz 2007,"Rs: 5,590,000",km Find,"2026-01-07 | Kaduwela 138,000",silver,Used,1000,Petrol,Toyota,138000,Vitz,2007,1000,2007,Automatic,Car(Hatchback)
Honda Civic 2017,"Rs: 12,500,000",km Find,"2026-02-19 | Telijjawila 82,285",silver,Used,1000,Petrol,Honda,82285,Civic,2017,1000,2018,Automatic,Car()
KIA Sephia 2002,"Rs: 2,600,000",km Find,"2026-02-10 | Mattegoda 162,481",gray,Used,1331,Petrol,KIA,162481,Sephia,2002,1331,2003,Automatic,Car(Sedan)
Toyota Belta 2007,"Rs: 5,500,000",km Find,"2026-02-06 | Homagama 166,600",silver,Used,1000,Petrol,Toyota,166600,Belta,2007,1000,2009,Automatic,Car(Saloon)
Honda N BOX 2023,"Rs: 9,000,000",,2026-01-07 | Colombo Fort (Colombo 01) Find Out More,white,Brand New,650,Petrol,Honda,0,N BOX,2023,650,Ref:,Automatic,Car(Hatchback)
Suzuki Wagon R 2018,"Rs: 6,400,000",km Find,"2026-01-07 | Kirulapone 107,000",red,Used,650,Petrol,Suzuki,107000,Wagon R,2018,650,2018,Automatic,Car(Hatchback)
Suzuki Hustler 2024,"Rs: 8,900,000",km Find,2026-01-07 | Mawathagama 0,white,Brand New,650,Petrol,Suzuki,00,Hustler,2024,650,2026,Automatic,Car(Station wagon)
Suzuki Hustler 2024,"Rs: 7,200,000",km Find,2026-01-07 | Mawathagama 0,blue,Brand New,650,Petrol,Suzuki,00,Hustler,2024,650,Ref:,Automatic,Car(Station wagon)
Toyota AE100 1992,"Rs: 3,500,000",km Find,"2026-01-07 | Kadawatha 180,000",blue,Used,1500,Petrol,Toyota,180000,AE100,1992,1500,2000,Manual,Car(Saloon)
Micro Panda 2017,"Rs: 3,150,000",km Find,"2026-01-07 | Minuwangete 68,000",white,Reconditioned,630,Petrol,Micro,68000,Panda,2017,630,2017,Automatic,Car(Hatchback)
Honda Fit 2011,"Rs: 8,000,000",km Find,"2026-01-07 | Ragama 210,000",white,Used,1300,Petrol,Honda,210000,Fit,2011,1300,2013,Automatic,Car(Station wagon)
Toyota Prius 2010,"Rs: 8,350,000",km Find,"2026-01-07 | Nugegoda 210,000",black,Used,1500,Hybrid,Toyota,210000,Prius,2010,1500,2013,Manual,Car(Saloon)
Toyota Aqua 2012,"Rs: 7,200,000",km Find,"2026-01-07 | Matara 140,000",black,Used,1500,Hybrid,Toyota,140000,Aqua,2012,1500,2013,Automatic,Car(Hatchback)
Suzuki Alto 2016,"Rs: 4,650,000",km Find,"2026-01-07 | Negombo 83,600",red,Used,1000,Petrol,Suzuki,83600,Alto,2016,1000,2016,Other,Car(Saloon)
Suzuki Wagon R 2017,"Rs: 5,900,000",km Find,"2026-01-07 | Battaramulla 130,000",white,Used,650,Hybrid,Suzuki,130000,Wagon R,2017,650,2017,Automatic,Car()
Suzuki Wagon R 2023,"Rs: 6,800,000",km Find,2026-01-07 | Mawathagama 0,blue,Brand New,650,Petrol,Suzuki,00,Wagon R,2023,650,Ref:,Automatic,Car(Station wagon)
Daihatsu Taft 2024,"Rs: 7,990,000",km Find,"2026-01-07 | Kadawatha 3,500",green,Brand New,0,Petrol,Daihatsu,3500,Taft,2024,0,Ref:,Automatic,Car(Hatchback)
Nissan FB 15 2003,"Rs: 4,600,000",km Find,"2026-01-07 | Pannala 130,828",white,Used,1490,Petrol,Nissan,130828,FB 15,2003,1490,2003,Automatic,Car(Sedan)
Perodua Kelisa 2007,"Rs: 3,600,000",km Find,"2026-01-07 | Nugegoda 127,600",gold,Used,1000,Petrol,Perodua,127600,Kelisa,2007,1000,2009,Automatic,Car(Hatchback)
Honda Civic 2017,"Rs: 12,500,000",km Find,"2026-02-19 | Telijjawila 82,285",silver,Used,1000,Petrol,Honda,82285,Civic,2017,1000,2018,Automatic,Car()
KIA Sephia 2002,"Rs: 2,600,000",km Find,"2026-02-10 | Mattegoda 162,481",gray,Used,1331,Petrol,KIA,162481,Sephia,2002,1331,2003,Automatic,Car(Sedan)
Toyota Belta 2007,"Rs: 5,500,000",km Find,"2026-02-06 | Homagama 166,600",silver,Used,1000,Petrol,Toyota,166600,Belta,2007,1000,2009,Automatic,Car(Saloon)
Suzuki Wagon R 2010,"Rs: 5,550,000",,2026-01-07 | Kirulapone Find Out More,white,Used,650,Petrol,Suzuki,0,Wagon R,2010,650,2011,Manual,Car(Hatchback)
Daihatsu Mira 2023,"Rs: 6,500,000",km Find,2026-01-07 | Mawathagama 0,red,Brand New,650,Petrol,Daihatsu,00,Mira,2023,650,Ref:,Automatic,Car(Station wagon)
Suzuki Wagon R 2024,"Rs: 7,200,000",km Find,2026-01-07 | Mawathagama 0,white,Brand New,650,Petrol,Suzuki,00,Wagon R,2024,650,2025,Automatic,Car(Station wagon)
Toyota Corona 1988,"Rs: 1,675,000",,2026-01-07 | Ja-Ela Find Out More,gray,Used,1500,Petrol,Toyota,0,Corona,1988,1500,1991,Manual,Car(Saloon)
Honda Civic 2012,"Rs: 6,700,000",,2026-01-07 | Kirulapone Find Out More,gray,Used,1800,Petrol,Honda,0,Civic,2012,1800,2012,Manual,Car(Saloon)
Suzuki Alto 2017,"Rs: 4,900,000",km Find,"2026-01-07 | Kaduwela 75,000",blue,Used,1300,Petrol,Suzuki,75000,Alto,2017,1300,2017,Manual,Car(Liftback)
Toyota Aqua 2013,"Rs: 7,000,000",km Find,"2026-01-07 | Malabe 158,000",orange,Used,1500,Hybrid,Toyota,158000,Aqua,2013,1500,2015,Automatic,Car(Hatchback)
Suzuki Alto 2024,"Rs: 7,200,000",km Find,"2026-01-07 | Nittambuwa 11,300",blue,Reconditioned,650,Hybrid,Suzuki,11300,Alto,2024,650,2024,Automatic,Car(Hatchback)
Honda Fit 2013,"Rs: 8,700,000",km Find,"2026-01-07 | Seeduwa 134,000",black,Used,1300,Hybrid,Honda,134000,Fit,2013,1300,2016,Automatic,Car(Station wagon)
Toyota Axio 2010,"Rs: 8,150,000",,2026-01-07 | Gampaha Find Out More,white,Used,1500,Petrol,Toyota,0,Axio,2010,1500,2011,Automatic,Car(Sedan)
Toyota Aqua 2013,"Rs: 7,200,000",km Find,"2026-01-07 | Pussellawa 230,000",black,Used,1200,Petrol,Toyota,230000,Aqua,2013,1200,2015,Automatic,Car(Hatchback)
Toyota Carina 2001,"Rs: 2,100,000",km Find,"2026-01-07 | Katuneriya 150,000",white,Used,1490,Petrol,Toyota,150000,Carina,2001,1490,2001,Automatic,Car(Sedan)
Honda Civic 2017,"Rs: 12,500,000",km Find,"2026-02-19 | Telijjawila 82,285",silver,Used,1000,Petrol,Honda,82285,Civic,2017,1000,2018,Automatic,Car()
KIA Sephia 2002,"Rs: 2,600,000",km Find,"2026-02-10 | Mattegoda 162,481",gray,Used,1331,Petrol,KIA,162481,Sephia,2002,1331,2003,Automatic,Car(Sedan)
Toyota Belta 2007,"Rs: 5,500,000",km Find,"2026-02-06 | Homagama 166,600",silver,Used,1000,Petrol,Toyota,166600,Belta,2007,1000,2009,Automatic,Car(Saloon)
Toyota Yaris 2023,"Rs: 9,800,000",km Find,"2026-01-07 | Nittambuwa 4,300",red,Reconditioned,1000,Hybrid,Toyota,4300,Yaris,2023,1000,2023,Automatic,Car(Hatchback)
Toyota Vitz 2016,"Rs: 7,800,000",km Find,"2026-01-07 | Pussellawa 90,000",blue,Used,1200,Petrol,Toyota,90000,Vitz,2016,1200,2018,Automatic,Car(Hatchback)
Suzuki Wagon R 2018,"Rs: 7,200,000",km Find,"2026-01-07 | Pussellawa 107,000",red,Used,650,Petrol,Suzuki,107000,Wagon R,2018,650,2018,Automatic,Car(Hatchback)
Toyota Prius 2008,"Rs: 6,600,000",km Find,"2026-01-07 | Kadawatha 180,000",white,Used,1500,Hybrid,Toyota,180000,Prius,2008,1500,2011,Automatic,Car(Saloon)
Toyota Vios 2003,"Rs: 5,300,000",km Find,"2026-01-07 | Nittambuwa 190,000",black,Used,1900,Petrol,Toyota,190000,Vios,2003,1900,2006,Automatic,Car(Saloon)
Suzuki Wagon R 2015,"Rs: 5,250,000",km Find,"2026-01-07 | Veyangoda 179,000",white,Used,650,Petrol,Suzuki,179000,Wagon R,2015,650,2016,Automatic,Car(Hatchback)
Suzuki Wagon R 2025,"Rs: 9,250,000",,2026-01-07 | Kurunegala Find Out More,red,Brand New,650,Petrol,Suzuki,0,Wagon R,2025,650,Ref:,Automatic,Car(Hatchback)
Suzuki Wagon R 2017,"Rs: 6,450,000",km Find,"2026-01-07 | Gampaha 120,000",white,Used,650,Petrol,Suzuki,120000,Wagon R,2017,650,2018,Automatic,Car(Hatchback)
Toyota Belta 2008,"Rs: 7,500,000",km Find,"2026-01-07 | Kelaniya 106,000",silver,Used,1300,Petrol,Toyota,106000,Belta,2008,1300,2011,Automatic,Car(Saloon)
Daihatsu Move 2023,"Rs: 8,650,000",km Find,"2026-01-07 | Embilipitiya 15,000",white,Reconditioned,660,Petrol,Daihatsu,15000,Move,2023,660,2023,Automatic,Car(Hatchback)
Nissan Aura 2024,"Rs: 13,850,000",km Find,2026-01-07 | Embilipitiya 0,black,Reconditioned,1000,Petrol,Nissan,00,Aura,2024,1000,2025,Automatic,Car(Hatchback)
Suzuki Celerio 2015,"Rs: 4,975,000",km Find,"2026-01-07 | Kadawatha 98,000",white,Used,1000,Petrol,Suzuki,98000,Celerio,2015,1000,2015,Automatic,Car(Hatchback)
Suzuki Wagon R 2014,"Rs: 5,400,000",km Find,"2026-01-07 | Kelaniya 254,249",black,Used,800,Petrol,Suzuki,254249,Wagon R,2014,800,2016,Automatic,Car(Hatchback)
Micro Panda 2011,"Rs: 2,575,000",km Find,"2026-01-07 | Badulla 77,100",silver,Used,1300,Petrol,Micro,77100,Panda,2011,1300,2011,Manual,Car(Hatchback)
Nissan Roox 2023,"Rs: 8,600,000",km Find,"2026-01-07 | Embilipitiya 2,000",blue,Reconditioned,660,Petrol,Nissan,2000,Roox,2023,660,2023,Automatic,Car(Hatchback)
Nissan Aura 2024,"Rs: 13,750,000",km Find,"2026-01-07 | Embilipitiya 3,500",gray,Reconditioned,1200,Petrol,Nissan,3500,Aura,2024,1200,2024,Automatic,Car(Hatchback)
Nissan Aura 2023,"Rs: 13,350,000",km Find,2026-01-07 | Embilipitiya 0,white,Reconditioned,1200,Petrol,Nissan,00,Aura,2023,1200,2023,Automatic,Car(Hatchback)
Daihatsu Mira 2024,"Rs: 6,990,000",km Find,2026-01-07 | Embilipitiya 0,silver,Reconditioned,660,Petrol,Daihatsu,00,Mira,2024,660,2024,Automatic,Car(Hatchback)
Honda Civic 2017,"Rs: 12,500,000",km Find,"2026-02-19 | Telijjawila 82,285",silver,Used,1000,Petrol,Honda,82285,Civic,2017,1000,2018,Automatic,Car()
KIA Sephia 2002,"Rs: 2,600,000",km Find,"2026-02-10 | Mattegoda 162,481",gray,Used,1331,Petrol,KIA,162481,Sephia,2002,1331,2003,Automatic,Car(Sedan)
Toyota Belta 2007,"Rs: 5,500,000",km Find,"2026-02-06 | Homagama 166,600",silver,Used,1000,Petrol,Toyota,166600,Belta,2007,1000,2009,Automatic,Car(Saloon)
Perodua Axia 2017,"Rs: 5,750,000",km Find,"2026-01-07 | Kadawatha 115,000",silver,Used,1000,Petrol,Perodua,115000,Axia,2017,1000,2017,Automatic,Car(Hatchback)
Suzuki Wagon R 2023,"Rs: 8,190,000",km Find,"2026-01-07 | Embilipitiya 16,000",blue,Reconditioned,660,Petrol,Suzuki,16000,Wagon R,2023,660,2023,Automatic,Car(Hatchback)
Nissan Dayz 2023,"Rs: 8,450,000",km Find,2026-01-07 | Embilipitiya 0,blue,Reconditioned,660,Hybrid,Nissan,00,Dayz,2023,660,2023,Automatic,Car(Hatchback)
Suzuki Celerio 2016,"Rs: 5,375,000",km Find,"2026-01-07 | Kadawatha 129,000",gray,Used,1000,Petrol,Suzuki,129000,Celerio,2016,1000,2017,Automatic,Car(Hatchback)
Suzuki Wagon R 2024,"Rs: 8,950,000",,2026-01-07 | Embilipitiya Find Out More,blue,Reconditioned,660,Petrol,Suzuki,0,Wagon R,2024,660,2024,Automatic,Car(Hatchback)
Suzuki Celerio 2016,"Rs: 5,175,000",km Find,"2026-01-07 | Kadawatha 71,000",blue,Used,1000,Petrol,Suzuki,71000,Celerio,2016,1000,2016,Automatic,Car(Hatchback)
Daihatsu Move 2023,"Rs: 8,150,000",,2026-01-07 | Embilipitiya Find Out More,white,Reconditioned,660,Petrol,Daihatsu,0,Move,2023,660,2023,Automatic,Car(Hatchback)
Nissan FB 15 2001,"Rs: 4,250,000",,2026-01-07 | Kurunegala Find Out More,gray,Used,1500,Petrol,Nissan,0,FB 15,2001,1500,2004,Manual,Car(Saloon)
Suzuki Wagon R 2018,"Rs: 7,500,000",km Find,"2026-01-07 | Pussellawa 105,000",white,Used,650,Petrol,Suzuki,105000,Wagon R,2018,650,2018,Automatic,Car(Hatchback)
Mercedes Benz CLA 2016,"Rs: 20,500,000",km Find,"2026-01-07 | Anuradhapura 65,500",white,Used,1490,Petrol,Mercedes Benz,65500,CLA,2016,1490,2016,Automatic,Car(Liftback)
Toyota Vitz 2015,"Rs: 7,000,000",km Find,"2026-01-07 | Angoda 78,000",beige,Used,1000,Petrol,Toyota,78000,Vitz,2015,1000,2018,Automatic,Car(Hatchback)
Mercedes Benz C200 2014,"Rs: 21,750,000",km Find,"2026-01-07 | Kiribathgoda 82,000",gray,Used,2000,Petrol,Mercedes Benz,82000,C200,2014,2000,2014,Tiptronic,Car(Sedan)
Suzuki Wagon R 2017,"Rs: 5,950,000",km Find,"2026-01-07 | Kurunegala 85,000",brown,Used,658,Hybrid,Suzuki,85000,Wagon R,2017,658,2017,Automatic,Car(Hatchback)
Suzuki Alto 2006,"Rs: 2,850,000",km Find,"2026-01-06 | Diyabeduma 139,000",red,Used,800,Petrol,Suzuki,139000,Alto,2006,800,2006,Manual,Car(Hatchback)
Toyota Premio 2018,"Rs: 15,400,000",km Find,"2026-01-06 | Kandy 70,000",white,Used,1500,Petrol,Toyota,70000,Premio,2018,1500,2019,Automatic,Car(Sedan)
KIA Sephia 2002,"Rs: 2,600,000",km Find,"2026-02-10 | Mattegoda 162,481",gray,Used,1331,Petrol,KIA,162481,Sephia,2002,1331,2003,Automatic,Car(Sedan)
Suzuki Alto 2006,"Rs: 2,850,000",km Find,"2026-01-06 | Diyabeduma 139,000",red,Used,800,Petrol,Suzuki,139000,Alto,2006,800,2006,Manual,Car(Hatchback)
Toyota Premio 2018,"Rs: 15,400,000",km Find,"2026-01-06 | Kandy 70,000",white,Used,1500,Petrol,Toyota,70000,Premio,2018,1500,2019,Automatic,Car(Sedan)
Nissan Pulsar 1996,"Rs: 2,875,000",km Find,"2026-01-06 | Minuwangoda 244,449",silver,Reconditioned,1490,Petrol,Nissan,244449,Pulsar,1996,1490,1998,Manual,Car(Saloon)
Toyota Prius 2013,"Rs: 10,700,000",km Find,"2026-01-06 | Kalutara 135,000",white,Used,1790,Petrol,Toyota,135000,Prius,2013,1790,2014,Automatic,Car(Hatchback)
Suzuki Wagon R 2025,"Rs: 8,750,000",,2026-01-06 | Kohuwala Find Out More,white,Brand New,650,Petrol,Suzuki,0,Wagon R,2025,650,2025,Automatic,Car(Hatchback)
Toyota Prius 2012,"Rs: 9,700,000",km Find,"2026-01-06 | Horana 145,000",white,Used,1790,Petrol,Toyota,145000,Prius,2012,1790,2014,Automatic,Car(Hatchback)
Honda Grace 2017,"Rs: 9,200,000",km Find,"2026-01-06 | Kotikawatta 240,000",red,Used,1500,Hybrid,Honda,240000,Grace,2017,1500,2018,Automatic,Car(Sedan)
Suzuki A Star 2011,"Rs: 3,500,000",km Find,"2026-01-06 | Boralesgamuwa 109,000",white,Used,800,Petrol,Suzuki,109000,A Star,2011,800,2011,Manual,Car(Hatchback)
Micro Panda 2013,"Rs: 2,590,000",,2026-01-06 | Horana Find Out More,black,Used,1000,Petrol,Micro,0,Panda,2013,1000,2013,Manual,Car(Liftback)
Suzuki Wagon R 2025,"Rs: 8,500,000",,2026-01-06 | Nikaweratiya Find Out More,white,Brand New,650,Petrol,Suzuki,0,Wagon R,2025,650,Ref:,Automatic,Car(Hatchback)
Suzuki Swift 2002,"Rs: 3,950,000",km Find,"2026-01-06 | Mattakkuliya (Colombo 15) 176,000",black,Used,1300,Petrol,Suzuki,176000,Swift,2002,1300,2003,Automatic,Car(Hatchback)
Audi A4 2019,"Rs: 18,000,000",km Find,"2026-01-06 | Boralesgamuwa 60,000",white,Used,1400,Petrol,Audi,60000,A4,2019,1400,2019,Automatic,Car(Saloon)
Suzuki Alto 2015,"Rs: 3,600,000",km Find,"2026-01-06 | Boralesgamuwa 79,000",red,Used,800,Petrol,Suzuki,79000,Alto,2015,800,2015,Manual,Car(Hatchback)
Renault KWID 2016,"Rs: 3,400,000",km Find,"2026-01-06 | Boralesgamuwa 98,000",white,Used,800,Petrol,Renault,98000,KWID,2016,800,2016,Manual,Car(Hatchback)
Renault KWID 2016,"Rs: 3,650,000",km Find,"2026-01-06 | Boralesgamuwa 102,000",red,Used,800,Petrol,Renault,102000,KWID,2016,800,2016,Manual,Car(Hatchback)
Suzuki A Star 2011,"Rs: 3,650,000",km Find,"2026-01-06 | Boralesgamuwa 119,000",white,Used,1000,Petrol,Suzuki,119000,A Star,2011,1000,2011,Manual,Car(Hatchback)
Suzuki Alto 2024,"Rs: 6,500,000",km Find,"2026-01-06 | Nugegoda 2,200",silver,Brand New,660,Petrol,Suzuki,2200,Alto,2024,660,Ref:,Automatic,Car(Hatchback)
Toyota Prius 2012,"Rs: 12,000,000",km Find,"2026-01-06 | Ragama 78,000",white,Used,1800,Hybrid,Toyota,78000,Prius,2012,1800,2014,Automatic,Car(Hatchback)
KIA Sephia 2002,"Rs: 2,600,000",km Find,"2026-02-10 | Mattegoda 162,481",gray,Used,1331,Petrol,KIA,162481,Sephia,2002,1331,2003,Automatic,Car(Sedan)
Suzuki Alto 2024,"Rs: 6,400,000",km Find,"2026-01-06 | Nugegoda 18,300",white,Brand New,658,Petrol,Suzuki,18300,Alto,2024,658,Ref:,Automatic,Car(Hatchback)
Perodua Axia 2015,"Rs: 5,700,000",km Find,"2026-01-06 | Pannala 113,512",white,Used,998,Petrol,Perodua,113512,Axia,2015,998,2016,Automatic,Car(Hatchback)
Toyota Aqua 2014,"Rs: 7,800,000",km Find,"2026-01-06 | Pussellawa 140,000",white,Used,1200,Petrol,Toyota,140000,Aqua,2014,1200,2015,Automatic,Car(Hatchback)
Suzuki Alto 2015,"Rs: 4,275,000",km Find,"2026-01-06 | Kiribathgoda 165,000",maroon,Used,1000,Petrol,Suzuki,165000,Alto,2015,1000,2015,Manual,Car(Hatchback)
Honda Fit 2013,"Rs: 8,975,000",km Find,"2026-01-06 | Minuwangoda 161,000",black,Used,1330,Petrol,Honda,161000,Fit,2013,1330,2015,Automatic,Car(Station wagon)
Chery QQ 2006,"Rs: 1,750,000",km Find,"2026-01-06 | Katunayake 82,000",black,Used,803,Petrol,Chery,82000,QQ,2006,803,2006,Manual,Car(Hatchback)
Suzuki Swift 2004,"Rs: 4,250,000",km Find,"2026-01-06 | Malabe 157,600",gold,Reconditioned,1300,Petrol,Suzuki,157600,Swift,2004,1300,2006,Automatic,Car(Hatchback)
Suzuki Alto 2015,"Rs: 3,850,000",km Find,"2026-01-06 | Kalmunai 105,000",gray,Used,800,Petrol,Suzuki,105000,Alto,2015,800,2015,Manual,Car(Hatchback)
Toyota Vitz 2017,"Rs: 8,200,000",km Find,"2026-01-06 | Gampaha 84,000",silver,Used,1000,Petrol,Toyota,84000,Vitz,2017,1000,2019,Automatic,Car(Sedan)
Suzuki Celerio 2016,"Rs: 5,050,000",km Find,"2026-01-06 | Avissawella 67,000",silver,Used,1000,Petrol,Suzuki,67000,Celerio,2016,1000,2016,Automatic,Car(Hatchback)
Suzuki Alto 2015,"Rs: 3,850,000",km Find,"2026-01-06 | Kurunegala 86,000",black,Used,650,Petrol,Suzuki,86000,Alto,2015,650,2015,Manual,Car(Hatchback)
Micro Panda 2015,"Rs: 3,195,000",km Find,"2026-01-06 | Bandaragama 57,000",black,Used,1000,Petrol,Micro,57000,Panda,2015,1000,2015,Manual,Car(Hatchback)
Suzuki Alto 2015,"Rs: 3,790,000",km Find,"2026-01-06 | Bandarawela 140,000",white,Used,790,Petrol,Suzuki,140000,Alto,2015,790,2015,Manual,Car(Hatchback)
Suzuki Wagon R 2018,"Rs: 6,500,000",km Find,2026-01-06 | Ampitiya 0,maroon,Used,658,Hybrid,Suzuki,000,Wagon R,2018,658,2018,Automatic,Car()
Toyota Wigo 2018,"Rs: 7,200,000",km Find,"2026-01-06 | Pussellawa 60,000",white,Used,1200,Petrol,Toyota,60000,Wigo,2018,1200,2019,Automatic,Car(Hatchback)
Mazda Familia 1995,"Rs: 2,230,000",km Find,"2026-01-06 | Horana 1,000,000",black,Used,1498,Petrol,Mazda,1000000,Familia,1995,1498,1995,Other,Car(Saloon)
KIA Sephia 2002,"Rs: 2,600,000",km Find,"2026-02-10 | Mattegoda 162,481",gray,Used,1331,Petrol,KIA,162481,Sephia,2002,1331,2003,Automatic,Car(Sedan)
Mercedes Benz C200 2004,"Rs: 6,350,000",,2026-01-06 | Alutnuwara Find Out More,black,Used,1500,Petrol,Mercedes Benz,0,C200,2004,1500,2007,Automatic,Car(Saloon)
Toyota Starlet 1987,"Rs: 2,000,000",km Find,"2026-01-06 | Matale 180,000",white,Used,1300,Petrol,Toyota,180000,Starlet,1987,1300,1987,Manual,Car(Hatchback)
Suzuki Wagon R 2025,"Rs: 7,000,000",km Find,"2026-01-06 | Hettipola 8,000",gray,Brand New,650,Petrol,Suzuki,8000,Wagon R,2025,650,Ref:,Automatic,Car(Hatchback)
Suzuki Swift 2007,"Rs: 3,950,000",km Find,"2026-01-06 | Kirillawala 153,000",gray,Used,1300,Petrol,Suzuki,153000,Swift,2007,1300,2007,Manual,Car(Hatchback)
Suzuki Spacia 2024,"Rs: 9,900,000",km Find,"2026-01-06 | Kandy 4,000",silver,Brand New,650,Hybrid,Suzuki,4000,Spacia,2024,650,Ref:,Automatic,Car(Hatchback)
Suzuki Spacia 2024,"Rs: 9,950,000",km Find,"2026-01-06 | Kandy 4,000",silver,Reconditioned,650,Hybrid,Suzuki,4000,Spacia,2024,650,2024,Automatic,Car(Hatchback)
Suzuki Wagon R 2017,"Rs: 6,575,000",km Find,"2026-01-06 | Murutalawa 1,170,000",silver,Used,658,Petrol,Suzuki,1170000,Wagon R,2017,658,2018,Automatic,Car(Hatchback)
Toyota Aqua 2013,"Rs: 6,800,000",km Find,"2026-01-06 | Pannala 251,780",blue,Used,1000,Petrol,Toyota,251780,Aqua,2013,1000,2014,Automatic,Car(Convertible)
Nissan FB 15 2000,"Rs: 4,000,000",km Find,"2026-01-06 | Batticaloa 180,000",gray,Used,1490,Petrol,Nissan,180000,FB 15,2000,1490,2003,Automatic,Car(Saloon)
Honda Fit 2014,"Rs: 7,700,000",km Find,"2026-01-06 | Kurunegala 140,000",white,Used,1490,Petrol,Honda,140000,Fit,2014,1490,2015,Automatic,Car(Liftback)
Micro Panda 2012,"Rs: 2,500,000",km Find,"2026-01-06 | Wennappuwa 88,345",white,Used,1300,Petrol,Micro,88345,Panda,2012,1300,2012,Other,Car(Hatchback)
Toyota Prius 2012,"Rs: 12,450,000",km Find,"2026-01-06 | Ragama 78,000",white,Used,1800,Hybrid,Toyota,78000,Prius,2012,1800,2014,Automatic,Car(Sports)
Toyota Axio 2018,"Rs: 11,800,000",km Find,"2026-01-06 | Gampaha 50,000",brown,Used,1500,Hybrid,Toyota,50000,Axio,2018,1500,2018,Automatic,Car(Saloon)
Honda Fit 2014,"Rs: 7,290,000",km Find,"2026-01-06 | Gampaha 80,000",silver,Used,1500,Petrol,Honda,80000,Fit,2014,1500,2015,Automatic,Car(Hatchback)
KIA Sephia 2002,"Rs: 2,600,000",km Find,"2026-02-10 | Mattegoda 162,481",gray,Used,1331,Petrol,KIA,162481,Sephia,2002,1331,2003,Automatic,Car(Sedan)
Daihatsu Mira 2025,"Rs: 6,850,000",,2026-01-06 | Balapitiya Find Out More,white,Reconditioned,660,Petrol,Daihatsu,0,Mira,2025,660,2025,Automatic,Car(Hatchback)
Nissan B310 1978,"Rs: 550,000",,2026-01-06 | Adampan Find Out More,brown,Used,1400,Petrol,Nissan,0,B310,1978,1400,1980,Manual,Car(Sedan)
Toyota Allion 2013,"Rs: 10,790,000",km Find,"2026-01-06 | Horana 156,000",white,Used,1500,Petrol,Toyota,156000,Allion,2013,1500,2014,Automatic,Car(Sedan)
Toyota Corolla 2003,"Rs: 6,150,000",km Find,"2026-01-06 | Ampara 150,000",beige,Used,1490,Petrol,Toyota,150000,Corolla,2003,1490,2007,Manual,Car(Hatchback)
Suzuki Swift 2002,"Rs: 3,450,000",km Find,"2026-01-06 | Agaliya 150,000",silver,Used,690,Petrol,Suzuki,150000,Swift,2002,690,2005,Manual,Car(Hatchback)
Toyota Corolla 2008,"Rs: 6,700,000",km Find,"2026-01-05 | Ambalangoda 182,300",white,Used,1600,Petrol,Toyota,182300,Corolla,2008,1600,2008,Automatic,Car(Saloon)
Nissan Note X 2010,"Rs: 5,100,000",km Find,"2026-01-05 | Ambalangoda 150,000",silver,Used,1300,Petrol,Nissan,150000,Note X,2010,1300,2012,Automatic,Car(Hatchback)
Suzuki Celerio 2015,"Rs: 5,000,000",km Find,"2026-01-05 | Nugegoda 82,000",yellow,Used,1000,Petrol,Suzuki,82000,Celerio,2015,1000,2015,Tiptronic,Car(Hatchback)
Honda Fit 2011,"Rs: 6,300,000",km Find,"2026-01-05 | Ambalangoda 183,000",white,Used,1300,Hybrid,Honda,183000,Fit,2011,1300,2013,Automatic,Car(Hatchback)
Suzuki Wagon R 2014,"Rs: 5,650,000",km Find,"2026-01-05 | Ambalangoda 118,000",black,Used,650,Hybrid,Suzuki,118000,Wagon R,2014,650,2016,Automatic,Car(Hatchback)
Toyota Axio Fielder 2017,"Rs: 9,700,000",km Find,2026-01-05 | Ambalangoda 0,black,Used,1500,Hybrid,Toyota,0000,Axio Fielder,2017,1500,2017,Automatic,Car(Liftback)
Honda Grace 2014,"Rs: 8,600,000",km Find,"2026-01-05 | Ambalangoda 140,000",white,Used,1500,Hybrid,Honda,140000,Grace,2014,1500,2016,Automatic,Car(Sedan)
Daihatsu Mira 2023,"Rs: 6,600,000",km Find,"2026-01-05 | Divulapitiya 3,900",white,Brand New,660,Petrol,Daihatsu,3900,Mira,2023,660,Ref:,Automatic,Car(Hatchback)
Suzuki Wagon R 2016,"Rs: 5,750,000",km Find,"2026-01-05 | Wadduwa 139,000",silver,Used,660,Petrol,Suzuki,139000,Wagon R,2016,660,2017,Automatic,Car(Hatchback)
Suzuki Spacia 2017,"Rs: 6,850,000",km Find,"2026-01-05 | Adampan 102,000",purple,Used,800,Hybrid,Suzuki,102000,Spacia,2017,800,2020,Automatic,Car(Sedan)
Toyota Prius 2008,"Rs: 7,200,000",km Find,2026-01-05 | Embilipitiya 0,silver,Used,1490,Petrol,Toyota,00000,Prius,2008,1490,2011,Automatic,Car(Convertible)
Toyota Vios 2003,"Rs: 5,250,000",km Find,"2026-01-05 | Kaduwela 190,000",black,Used,1500,Petrol,Toyota,190000,Vios,2003,1500,2006,Other,Car(Saloon)
KIA Sephia 2002,"Rs: 2,600,000",km Find,"2026-02-10 | Mattegoda 162,481",gray,Used,1331,Petrol,KIA,162481,Sephia,2002,1331,2003,Automatic,Car(Sedan)
Zotye Z100 2020,"Rs: 3,250,000",km Find,"2026-01-05 | Kaduwela 56,000",white,Used,1000,Petrol,Zotye,56000,Z100,2020,1000,2020,Other,Car(Liftback)
Suzuki Wagon R 2025,"Rs: 8,600,000",,2026-01-05 | Kurunegala Find Out More,white,Brand New,660,Hybrid,Suzuki,0,Wagon R,2025,660,Ref:,Automatic,Car(Sedan)
Toyota Axio 2007,"Rs: 6,900,000",,2026-01-05 | Mahiyanganaya Find Out More,silver,Used,1500,Petrol,Toyota,0,Axio,2007,1500,2004,Automatic,Car(Saloon)
Toyota Vitz 2017,"Rs: 8,200,000",km Find,"2026-01-05 | Adampan 52,000",white,Used,990,Petrol,Toyota,52000,Vitz,2017,990,2018,Automatic,Car(Hatchback)
Suzuki Wagon R 2025,"Rs: 8,800,000",,2026-01-05 | Kurunegala Find Out More,red,Brand New,650,Petrol,Suzuki,0,Wagon R,2025,650,Ref:,Automatic,Car(Hatchback)
Chery QQ 2006,"Rs: 1,600,000",km Find,"2026-01-05 | Kelaniya 129,000",orange,Used,800,Petrol,Chery,129000,QQ,2006,800,2007,Automatic,Car(Hatchback)
Suzuki Wagon R 2024,"Rs: 7,350,000",km Find,"2026-01-05 | Anuradhapura 6,369",beige,Brand New,660,Hybrid,Suzuki,6369,Wagon R,2024,660,Ref:,Automatic,Car(Hatchback)
Toyota Aqua 2015,"Rs: 8,500,000",km Find,"2026-01-05 | Pussellawa 143,000",maroon,Used,1500,Petrol,Toyota,143000,Aqua,2015,1500,2019,Automatic,Car(Hatchback)
Suzuki Alto 2016,"Rs: 5,050,000",km Find,"2026-01-05 | Athurugiriya 110,000",black,Used,650,Hybrid,Suzuki,110000,Alto,2016,650,2016,Automatic,Car(Hatchback)
Suzuki Wagon R 2024,"Rs: 7,500,000",km Find,"2026-01-05 | Kurunegala 10,900",blue,Brand New,660,Petrol,Suzuki,10900,Wagon R,2024,660,Ref:,Automatic,Car(Sedan)
Toyota Passo 2005,"Rs: 4,200,000",km Find,"2026-01-05 | Gampaha 121,000",green,Used,1000,Petrol,Toyota,121000,Passo,2005,1000,2007,Automatic,Car(Saloon)
Toyota Passo 2008,"Rs: 5,250,000",km Find,"2026-01-05 | Delgoda 154,000",white,Used,990,Petrol,Toyota,154000,Passo,2008,990,2011,Automatic,Car(Hatchback)
Toyota Vios 2004,"Rs: 5,300,000",km Find,"2026-01-05 | Homagama 250,000",black,Used,1000,Petrol,Toyota,250000,Vios,2004,1000,2006,Automatic,Car(Hatchback)
Suzuki Spacia 2024,"Rs: 8,700,000",km Find,"2026-01-05 | Kurunegala 14,500",blue,Brand New,660,Hybrid,Suzuki,14500,Spacia,2024,660,Ref:,Automatic,Car(Sedan)
Honda Fit 2014,"Rs: 8,200,000",km Find,"2026-01-05 | Pussellawa 140,000",white,Used,1330,Petrol,Honda,140000,Fit,2014,1330,2015,Automatic,Car(Hatchback)
Suzuki Wagon R 2015,"Rs: 5,690,000",km Find,"2026-01-05 | Walasmulla 130,000",white,Used,658,Petrol,Suzuki,130000,Wagon R,2015,658,2015,Automatic,Car(Station wagon)
Chery QQ 2007,"Rs: 2,390,000",km Find,"2026-01-05 | Delgoda 117,116",silver,Used,812,Petrol,Chery,117116,QQ,2007,812,2008,Automatic,Car(Hatchback)
KIA Sephia 2002,"Rs: 2,600,000",km Find,"2026-02-10 | Mattegoda 162,481",gray,Used,1331,Petrol,KIA,162481,Sephia,2002,1331,2003,Automatic,Car(Sedan)
Toyota Aqua 2015,"Rs: 8,500,000",km Find,"2026-01-05 | Pussellawa 143,000",maroon,Used,1500,Petrol,Toyota,143000,Aqua,2015,1500,2019,Automatic,Car(Hatchback)
Suzuki Wagon R 2023,"Rs: 8,000,000",km Find,"2026-01-05 | Kurunegala 5,000",beige,Brand New,660,Hybrid,Suzuki,5000,Wagon R,2023,660,Ref:,Automatic,Car(Sedan)
Hyundai Santro 2002,"Rs: 2,390,000",km Find,"2026-01-05 | Delgoda 170,406",gold,Used,1100,Petrol,Hyundai,170406,Santro,2002,1100,2002,Manual,Car(Hatchback)
Suzuki Wagon R 2018,"Rs: 6,850,000",km Find,"2026-01-05 | Ampara 100,000",white,Used,650,Hybrid,Suzuki,100000,Wagon R,2018,650,2018,Automatic,Car(Sedan)
Mitsubishi Space Wagon 2024,"Rs: 7,350,000",,2026-01-05 | Polonnaruwa Find Out More,black,Brand New,660,Petrol,Mitsubishi,0,Space Wagon,2024,660,Ref:,Manual,Car(Hatchback)
Suzuki Wagon R 2018,"Rs: 7,200,000",km Find,"2026-01-05 | Pussellawa 110,000",white,Used,650,Petrol,Suzuki,110000,Wagon R,2018,650,2018,Automatic,Car(Hatchback)
Toyota Passo 2023,"Rs: 8,250,000",km Find,"2026-01-05 | Kottawa 6,600",beige,Brand New,660,Petrol,Toyota,6600,Passo,2023,660,Ref:,Automatic,Car(Hatchback)
Honda Fit 2014,"Rs: 7,925,000",km Find,"2026-01-05 | Matale 99,000",white,Used,1500,Petrol,Honda,99000,Fit,2014,1500,2015,Automatic,Car(Station wagon)
Honda Grace 2016,"Rs: 9,250,000",km Find,"2026-01-05 | Anuradhapura 164,000",black,Used,1500,Hybrid,Honda,164000,Grace,2016,1500,2017,Automatic,Car(Sedan)
Toyota Corolla 1991,"Rs: 1,750,000",km Find,"2026-01-05 | Kiribathgoda 438,547",white,Used,1300,Diesel,Toyota,438547,Corolla,1991,1300,1994,Manual,Car(Hatchback)
Nissan Dayz 2024,"Rs: 7,400,000",km Find,"2026-01-05 | Kottawa 6,600",black,Brand New,660,Petrol,Nissan,6600,Dayz,2024,660,Ref:,Automatic,Car(Hatchback)
Daihatsu Thor 2023,"Rs: 8,800,000",km Find,"2026-01-05 | Kottawa 6,600",gray,Brand New,660,Petrol,Daihatsu,6600,Thor,2023,660,Ref:,Automatic,Car(Hatchback)
Suzuki Wagon R 2025,"Rs: 8,050,000",,2026-01-05 | Matara Find Out More,white,Brand New,660,Hybrid,Suzuki,0,Wagon R,2025,660,Ref:,Automatic,Car(Hatchback)
KIA Sephia 2002,"Rs: 2,600,000",km Find,"2026-02-10 | Mattegoda 162,481",gray,Used,1331,Petrol,KIA,162481,Sephia,2002,1331,2003,Automatic,Car(Sedan)
Suzuki Wagon R 2024,"Rs: 7,500,000",km Find,"2026-01-05 | Kegalle 4,054",blue,Brand New,660,Petrol,Suzuki,4054,Wagon R,2024,660,Ref:,Automatic,Car(Hatchback)
Daihatsu Tanto 2024,"Rs: 8,700,000",km Find,2026-01-05 | Kalutara 500,white,Reconditioned,658,Petrol,Daihatsu,500,Tanto,2024,658,2024,Automatic,Car(Hatchback)
Toyota Axio 2016,"Rs: 8,900,000",km Find,"2026-01-05 | Colombo Fort (Colombo 01) 180,000",black,Used,1500,Petrol,Toyota,180000,Axio,2016,1500,2016,Automatic,Car(Hatchback)
Suzuki Wagon R 2015,"Rs: 5,850,000",km Find,"2026-01-05 | Kalmunai 83,000",black,Used,650,Petrol,Suzuki,83000,Wagon R,2015,650,2016,Automatic,Car(Sedan)
Toyota Vitz 2018,"Rs: 8,400,000",km Find,"2026-01-05 | Kalmunai 94,000",white,Used,1000,Petrol,Toyota,94000,Vitz,2018,1000,2018,Automatic,Car(Sedan)
Honda Fit 2014,"Rs: 8,150,000",km Find,"2026-01-05 | Badulla 130,000",white,Used,1500,Petrol,Honda,130000,Fit,2014,1500,2015,Automatic,Car(Station wagon)
Suzuki Spacia 2024,"Rs: 9,750,000",km Find,"2026-01-05 | Kohuwala 7,000",silver,Brand New,650,Petrol,Suzuki,7000,Spacia,2024,650,Ref:,Automatic,Car(Hatchback)
KIA Cerato 2011,"Rs: 6,400,000",km Find,"2026-01-05 | Kohuwala 68,000",blue,Used,1600,Petrol,KIA,68000,Cerato,2011,1600,2011,Automatic,Car(Sedan)
Nissan Almera 2025,"Rs: 13,500,000",,2026-01-05 | Kohuwala Find Out More,red,Brand New,1000,Petrol,Nissan,0,Almera,2025,1000,Ref:,Automatic,Car(Sedan)
Chevrolet Aveo 2008,"Rs: 2,850,000",km Find,"2026-01-05 | Kotahena (Colombo 13) 140,000",green,Used,000,Petrol,Chevrolet,140000,Aveo,2008,000,2008,Manual,Car(Hatchback)
Toyota Axio 2007,"Rs: 7,200,000",km Find,"2026-01-05 | Pussellawa 155,000",blue,Used,1500,Petrol,Toyota,155000,Axio,2007,1500,2007,Automatic,Car(Hatchback)
Suzuki Wagon R 2025,"Rs: 8,780,000",,2026-01-05 | Kurunegala Find Out More,white,Brand New,650,Petrol,Suzuki,0,Wagon R,2025,650,Ref:,Automatic,Car(Hatchback)
Suzuki Wagon R 2017,"Rs: 6,490,000",km Find,"2026-01-05 | Anamaduwa 74,000",white,Used,650,Petrol,Suzuki,74000,Wagon R,2017,650,2017,Automatic,Car(Hatchback)
Honda Grace 2015,"Rs: 7,200,000",km Find,"2026-01-05 | Pussellawa 114,000",black,Used,1200,Petrol,Honda,114000,Grace,2015,1200,2015,Automatic,Car(Hatchback)
Suzuki Alto 2003,"Rs: 2,375,000",km Find,"2026-01-05 | Warakapola 350,000",black,Used,1000,Petrol,Suzuki,350000,Alto,2003,1000,2004,Other,Car(Liftback)
Suzuki Spacia 2025,"Rs: 9,800,000",,2026-01-05 | Ambalangoda Find Out More,white,Reconditioned,658,Petrol,Suzuki,0,Spacia,2025,658,2025,Automatic,Car(Hatchback)
KIA Sephia 2002,"Rs: 2,600,000",km Find,"2026-02-10 | Mattegoda 162,481",gray,Used,1331,Petrol,KIA,162481,Sephia,2002,1331,2003,Automatic,Car(Sedan)
Nissan Dayz 2023,"Rs: 7,200,000",km Find,"2026-01-05 | Ambalangoda 30,000",white,Used,658,Petrol,Nissan,30000,Dayz,2023,658,2025,Automatic,Car(Hatchback)
Toyota Corolla 2001,"Rs: 5,250,000",km Find,"2026-01-05 | Ambalangoda 306,000",white,Used,1500,Petrol,Toyota,306000,Corolla,2001,1500,2005,Automatic,Car(Saloon)
Suzuki Estilo 2010,"Rs: 3,500,000",km Find,"2026-01-05 | Kalmunai 98,500",brown,Used,1000,Petrol,Suzuki,98500,Estilo,2010,1000,2010,Manual,Car(Hatchback)
Suzuki Wagon R 2017,"Rs: 6,850,000",km Find,"2026-01-05 | Battuluoya 83,000",white,Used,660,Hybrid,Suzuki,83000,Wagon R,2017,660,2017,Automatic,Car(Hatchback)
Toyota Premio 2017,"Rs: 14,400,000",km Find,"2026-01-05 | Kurunegala 86,000",white,Used,1500,Petrol,Toyota,86000,Premio,2017,1500,2017,Automatic,Car(Saloon)
Daihatsu Taft 2023,"Rs: 7,775,000",km Find,"2026-01-05 | Kottawa 6,600",green,Brand New,660,Petrol,Daihatsu,6600,Taft,2023,660,Ref:,Automatic,Car(Hatchback)
Toyota Vitz 2018,"Rs: 7,925,000",km Find,"2026-01-05 | Kalmunai 82,500",white,Used,1000,Petrol,Toyota,82500,Vitz,2018,1000,2018,Automatic,Car(Hatchback)
Toyota Vitz 2016,"Rs: 7,200,000",km Find,"2026-01-05 | Adampan 58,000",silver,Used,1000,Petrol,Toyota,58000,Vitz,2016,1000,2019,Automatic,Car(Hatchback)
Alfa Romeo 156 2001,"Rs: 4,100,000",km Find,"2026-01-05 | Wattala 170,000",black,Used,2000,Petrol,Alfa Romeo,170000,156,2001,2000,2001,Manual,Car(Saloon)
Suzuki Wagon R 2017,"Rs: 5,500,000",km Find,"2026-01-05 | Sooriyawewa Town 90,000",purple,Used,660,Petrol,Suzuki,90000,Wagon R,2017,660,2016,Automatic,Car(Hatchback)
Toyota Vitz 2019,"Rs: 8,650,000",km Find,"2026-01-04 | Akkaraipattu 76,000",white,Used,1000,Petrol,Toyota,76000,Vitz,2019,1000,2020,Automatic,Car(Sedan)
Suzuki Spacia 2023,"Rs: 7,275,000",km Find,"2026-01-04 | Kottawa 6,600",white,Brand New,660,Petrol,Suzuki,6600,Spacia,2023,660,Ref:,Automatic,Car(Hatchback)
Suzuki Wagon R 2024,"Rs: 7,290,000",km Find,"2026-01-04 | Matara 4,900",blue,Brand New,660,Petrol,Suzuki,4900,Wagon R,2024,660,Ref:,Automatic,Car(Hatchback)
Mitsubishi eK 2023,"Rs: 7,250,000",km Find,"2026-01-04 | Kottawa 6,600",red,Brand New,660,Petrol,Mitsubishi,6600,eK,2023,660,Ref:,Automatic,Car(Hatchback)
Daihatsu Mira 2024,"Rs: 6,450,000",km Find,"2026-01-04 | Kottawa 2,808",blue,Brand New,660,Petrol,Daihatsu,2808,Mira,2024,660,Ref:,Automatic,Car(Hatchback)
KIA Sephia 2002,"Rs: 2,600,000",km Find,"2026-02-10 | Mattegoda 162,481",gray,Used,1331,Petrol,KIA,162481,Sephia,2002,1331,2003,Automatic,Car(Sedan)
Toyota Soluna 2001,"Rs: 2,500,000",km Find,"2026-01-04 | Delgoda 240,420",green,Used,1500,Petrol,Toyota,240420,Soluna,2001,1500,2003,Automatic,Car(Saloon)
Toyota Vitz 2016,"Rs: 7,250,000",,2026-01-04 | Kandy Find Out More,white,Used,1000,Petrol,Toyota,0,Vitz,2016,1000,2018,Automatic,Car(Sedan)
Daihatsu Mira 2023,"Rs: 6,500,000",km Find,"2026-01-04 | Kurunegala 3,000",blue,Brand New,650,Petrol,Daihatsu,3000,Mira,2023,650,Ref:,Automatic,Car(Hatchback)
Nissan FB 15 2003,"Rs: 5,175,000",km Find,"2026-01-04 | Kurunegala 175,000",silver,Used,1200,Petrol,Nissan,175000,FB 15,2003,1200,2007,Automatic,Car(Saloon)
Suzuki Swift 2009,"Rs: 5,800,000",km Find,"2026-01-04 | Battaramulla 120,000",silver,Used,1300,Petrol,Suzuki,120000,Swift,2009,1300,2010,Automatic,Car(Hatchback)
Suzuki Alto 2016,"Rs: 5,475,000",km Find,"2026-01-04 | Nugegoda 70,000",white,Used,650,Petrol,Suzuki,70000,Alto,2016,650,2018,Automatic,Car(Hatchback)
Honda Insight 2011,"Rs: 2,550,000",km Find,"2026-01-04 | Kurunegala 168,000",black,Used,1200,Hybrid,Honda,168000,Insight,2011,1200,2013,Automatic,Car(Hatchback)
Honda City 2025,"Rs: 16,800,000",,2026-01-04 | Kurunegala Find Out More,white,Brand New,1200,Petrol,Honda,0,City,2025,1200,Ref:,Automatic,Car(Sedan)
Suzuki Alto 2015,"Rs: 3,500,000",km Find,"2026-01-04 | Ambalangoda 90,000",orange,Used,795,Petrol,Suzuki,90000,Alto,2015,795,2015,Manual,Car(Hatchback)
Honda Civic 2011,"Rs: 6,950,000",km Find,"2026-01-04 | Ambalangoda 235,000",gray,Used,1799,Petrol,Honda,235000,Civic,2011,1799,2011,Automatic,Car(Sedan)
Suzuki Alto 2017,"Rs: 5,100,000",km Find,"2026-01-04 | Rambukkana 108,021",black,Used,650,Petrol,Suzuki,108021,Alto,2017,650,2018,Automatic,Car(Liftback)
Nissan March 2003,"Rs: 3,300,000",km Find,2026-01-04 | Avissawella 2,silver,Used,1300,Petrol,Nissan,2,March,2003,1300,2004,Manual,Car(Liftback)
Nissan Sunny 2000,"Rs: 3,100,000",km Find,"2026-01-04 | Kaduwela 260,000",silver,Used,1800,Petrol,Nissan,260000,Sunny,2000,1800,2003,Manual,Car(Saloon)
Nissan Leaf 2014,"Rs: 5,300,000",km Find,"2026-01-04 | Kurunegala 72,000",gray,Used,80,Electric,Nissan,72000,Leaf,2014,80,2017,Automatic,Car(Liftback)
Honda N WGN 2017,"Rs: 6,800,000",km Find,"2026-01-04 | Gunnepana 81,500",blue,Used,660,Petrol,Honda,81500,N WGN,2017,660,2018,Automatic,Car(Station wagon)
Micro Panda Cross 2014,"Rs: 3,470,000",km Find,"2026-01-04 | Kaduwela 71,300",orange,Used,1300,Petrol,Micro,71300,Panda Cross,2014,1300,2014,Manual,Car(Hatchback)
Toyota Vitz 2018,"Rs: 9,000,000",km Find,"2026-01-04 | Polonnaruwa 10,098",white,Used,990,Petrol,Toyota,10098,Vitz,2018,990,2018,Automatic,Car(Hatchback)
KIA Sephia 2002,"Rs: 2,600,000",km Find,"2026-02-10 | Mattegoda 162,481",gray,Used,1331,Petrol,KIA,162481,Sephia,2002,1331,2003,Automatic,Car(Sedan)
Suzuki Swift 2010,"Rs: 4,900,000",km Find,"2026-01-04 | Batticaloa 140,000",silver,Used,1200,Petrol,Suzuki,140000,Swift,2010,1200,2010,Manual,Car(Hatchback)
Perodua Elite 2011,"Rs: 3,890,000",km Find,"2026-01-03 | Athurugiriya 210,000",other,Used,1000,Petrol,Perodua,210000,Elite,2011,1000,2012,Manual,Car(Hatchback)
Perodua Viva 2010,"Rs: 4,375,000",km Find,"2026-01-03 | Horana 120,000",blue,Used,1000,Petrol,Perodua,120000,Viva,2010,1000,2010,Automatic,Car(Hatchback)
Toyota Allion 2009,"Rs: 8,500,000",km Find,"2026-01-03 | Ambalangoda 238,000",black,Used,1500,Petrol,Toyota,238000,Allion,2009,1500,2011,Automatic,Car(Sedan)
Honda Fit 2010,"Rs: 5,800,000",km Find,"2026-01-03 | Ambalangoda 38,000",silver,Used,1330,Hybrid,Honda,38000,Fit,2010,1330,2013,Automatic,Car(Hatchback)
Suzuki Wagon R 2014,"Rs: 5,675,000",km Find,"2026-01-03 | Ambalangoda 90,000",black,Used,650,Hybrid,Suzuki,90000,Wagon R,2014,650,2016,Automatic,Car(Hatchback)
Suzuki Wagon R 2015,"Rs: 4,900,000",km Find,2026-01-03 | Ambalangoda 0,blue,Used,650,Hybrid,Suzuki,0000,Wagon R,2015,650,2015,Automatic,Car(Hatchback)
Perodua Bezza 2019,"Rs: 6,750,000",km Find,"2026-01-03 | Ambalangoda 72,000",blue,Used,1000,Petrol,Perodua,72000,Bezza,2019,1000,2020,Automatic,Car(Liftback)
Hyundai XG 30 1999,"Rs: 3,500,000",km Find,"2026-01-03 | Nugegoda 100,000",gold,Used,2000,Petrol,Hyundai,100000,XG 30,1999,2000,2003,Automatic,Car(Sedan)
Daihatsu Mira 2015,"Rs: 5,450,000",km Find,"2026-01-03 | Wattala 110,813",silver,Used,650,Petrol,Daihatsu,110813,Mira,2015,650,2018,Automatic,Car(Hatchback)
Toyota Vitz 2010,"Rs: 5,900,000",km Find,"2026-01-03 | Kuliyapitiya 129,500",maroon,Used,1300,Petrol,Toyota,129500,Vitz,2010,1300,2011,Automatic,Car(Hatchback)
Toyota Allion 2017,"Rs: 13,150,000",km Find,"2026-01-03 | Aniwatta 114,000",other,Used,1500,Petrol,Toyota,114000,Allion,2017,1500,2018,Automatic,Car(Sedan)
Chery QQ 2007,"Rs: 1,680,000",km Find,"2026-01-03 | Badulla 77,000",yellow,Used,800,Petrol,Chery,77000,QQ,2007,800,2008,Manual,Car(Hatchback)
Suzuki Wagon R 2014,"Rs: 5,800,000",km Find,"2026-01-03 | Matara 84,000",black,Used,650,Petrol,Suzuki,84000,Wagon R,2014,650,2014,Automatic,Car(Station wagon)
KIA Sephia 2002,"Rs: 2,600,000",km Find,"2026-02-10 | Mattegoda 162,481",gray,Used,1331,Petrol,KIA,162481,Sephia,2002,1331,2003,Automatic,Car(Sedan)
Toyota Aqua 2017,"Rs: 9,200,000",km Find,"2026-01-03 | Malabe 127,000",white,Used,1500,Hybrid,Toyota,127000,Aqua,2017,1500,2018,Automatic,Car(Hatchback)
Suzuki Wagon R 2017,"Rs: 6,500,000",km Find,"2026-01-03 | Galle 80,000",white,Used,650,Petrol,Suzuki,80000,Wagon R,2017,650,2018,Automatic,Car(Station wagon)
Suzuki Alto 2023,"Rs: 7,250,000",km Find,"2026-01-03 | Divulapitiya 4,210",silver,Brand New,660,Hybrid,Suzuki,4210,Alto,2023,660,Ref:,Automatic,Car(Hatchback)
Toyota Aqua 2013,"Rs: 7,890,000",km Find,"2026-01-03 | Trincomalee 175,000",blue,Used,1500,Petrol,Toyota,175000,Aqua,2013,1500,2015,Automatic,Car(Hatchback)
Suzuki Wagon R 2016,"Rs: 5,890,000",km Find,"2026-01-03 | Homagama 183,000",silver,Used,650,Petrol,Suzuki,183000,Wagon R,2016,650,2017,Automatic,Car()
Honda City 2025,"Rs: 12,600,000",,2026-01-03 | Mount Lavinia Find Out More,white,Brand New,1000,Petrol,Honda,0,City,2025,1000,Ref:,Automatic,Car(Sedan)
Suzuki Wagon R 2024,"Rs: 7,265,000",km Find,"2026-01-03 | Gampaha 9,800",brown,Brand New,650,Petrol,Suzuki,9800,Wagon R,2024,650,Ref:,Automatic,Car(Hatchback)
Suzuki Wagon R 2025,"Rs: 8,950,000",,2026-01-03 | Kalutara Find Out More,white,Brand New,660,Hybrid,Suzuki,0,Wagon R,2025,660,Ref:,Automatic,Car(Hatchback)
Toyota Sprinter 1986,"Rs: 1,325,000",km Find,"2026-01-03 | Narammala 150,000",white,Used,1350,Petrol,Toyota,150000,Sprinter,1986,1350,1989,Manual,Car(Saloon)
Nissan Sunny 1987,"Rs: 1,690,000",km Find,"2026-01-03 | Kohuwala 152,520",white,Used,1500,Petrol,Nissan,152520,Sunny,1987,1500,1990,Manual,Car(Saloon)
Daihatsu Taft 2025,"Rs: 8,650,000",,2026-01-03 | Athurugiriya Find Out More,white,Brand New,650,Petrol,Daihatsu,0,Taft,2025,650,Ref:,Automatic,Car(Hatchback)
Suzuki Alto 2012,"Rs: 3,500,000",km Find,"2026-01-02 | Tawalama 170,000",white,Brand New,990,Petrol,Suzuki,170000,Alto,2012,990,Ref:,Manual,Car(Hatchback)
Nissan FB 14 1998,"Rs: 2,690,000",km Find,"2026-01-02 | Dambulla 200,000",white,Used,1500,Petrol,Nissan,200000,FB 14,1998,1500,1999,Manual,Car(Saloon)
Toyota Allion 2010,"Rs: 8,850,000",km Find,"2026-01-02 | Athurugiriya 212,000",beige,Brand New,1500,Petrol,Toyota,212000,Allion,2010,1500,Ref:,Automatic,Car(Saloon)
KIA Sephia 2002,"Rs: 2,600,000",km Find,"2026-02-10 | Mattegoda 162,481",gray,Used,1331,Petrol,KIA,162481,Sephia,2002,1331,2003,Automatic,Car(Sedan)
Suzuki Wagon R 2024,"Rs: 7,250,000",km Find,"2026-01-02 | Kottawa 17,000",black,Brand New,650,Petrol,Suzuki,17000,Wagon R,2024,650,Ref:,Automatic,Car(Station wagon)
Suzuki Wagon R 2017,"Rs: 5,700,000",km Find,"2026-01-02 | Medirigiriya 55,000",white,Used,650,Petrol,Suzuki,55000,Wagon R,2017,650,2017,Automatic,Car(Station wagon)
Suzuki Swift 2003,"Rs: 5,000,000",km Find,"2026-01-02 | Badulla 190,000",white,Used,1320,Petrol,Suzuki,190000,Swift,2003,1320,2006,Manual,Car(Hatchback)
Honda Grace 2015,"Rs: 9,200,000",km Find,"2026-01-02 | Dehiwala 120,000",silver,Used,1500,Hybrid,Honda,120000,Grace,2015,1500,2017,Automatic,Car(Saloon)
Mazda Familia 1990,"Rs: 1,975,000",km Find,"2026-01-02 | Kaduruwela 180,000",white,Used,1500,Petrol,Mazda,180000,Familia,1990,1500,1992,Manual,Car(Hatchback)
Suzuki Alto 2015,"Rs: 3,695,000",km Find,"2026-01-02 | Kuliyapitiya 105,000",silver,Used,800,Petrol,Suzuki,105000,Alto,2015,800,2015,Manual,Car(Hatchback)
Perodua Elite 2011,"Rs: 4,450,000",km Find,"2026-01-02 | Ambalangoda 130,000",black,Used,990,Petrol,Perodua,130000,Elite,2011,990,2011,Automatic,Car(Hatchback)
Toyota Corolla 2006,"Rs: 6,000,000",km Find,"2026-01-02 | Ambalangoda 160,000",white,Used,1500,Petrol,Toyota,160000,Corolla,2006,1500,2006,Automatic,Car(Saloon)
Perodua Elite 2011,"Rs: 3,600,000",km Find,2026-01-02 | Ambalangoda 0,silver,Used,990,Petrol,Perodua,0000,Elite,2011,990,2011,Manual,Car(Hatchback)
Honda Civic 2019,"Rs: 12,000,000",km Find,"2026-01-02 | Ambalangoda 85,000",gray,Used,1000,Petrol,Honda,85000,Civic,2019,1000,2019,Automatic,Car(Sedan)
Audi A1 2017,"Rs: 8,200,000",km Find,"2026-01-02 | Ambalangoda 69,297",red,Used,990,Petrol,Audi,69297,A1,2017,990,2017,Automatic,Car(Hatchback)
Audi A3 2018,"Rs: 15,000,000",km Find,"2026-01-02 | Ambalangoda 115,000",red,Used,990,Petrol,Audi,115000,A3,2018,990,2018,Automatic,Car(Saloon)
Toyota Vitz 1999,"Rs: 4,195,000",,2026-01-02 | Panadura Find Out More,white,Used,990,Petrol,Toyota,0,Vitz,1999,990,2004,Automatic,Car(Hatchback)
KIA Sephia 2002,"Rs: 2,600,000",km Find,"2026-02-10 | Mattegoda 162,481",gray,Used,1331,Petrol,KIA,162481,Sephia,2002,1331,2003,Automatic,Car(Sedan)
Toyota Vitz 2008,"Rs: 5,350,000",km Find,"2026-01-02 | Aniwatta 130,000",gray,Used,1000,Petrol,Toyota,130000,Vitz,2008,1000,2011,Automatic,Car(Hatchback)
Suzuki Swift 2009,"Rs: 5,490,000",km Find,"2026-01-02 | Bandaragama 112,000",white,Used,1500,Petrol,Suzuki,112000,Swift,2009,1500,2009,Automatic,Car(Liftback)
Toyota Soluna 2000,"Rs: 3,400,000",km Find,"2026-01-02 | Batticaloa 96,000",navy,Used,1498,Petrol,Toyota,96000,Soluna,2000,1498,2001,Manual,Car(Hatchback)
Suzuki Estilo 2011,"Rs: 3,500,000",km Find,"2026-01-02 | Batticaloa 65,000",white,Used,650,Petrol,Suzuki,65000,Estilo,2011,650,2012,Manual,Car(Hatchback)
Toyota Prius 2009,"Rs: 8,100,000",km Find,"2026-01-01 | Ahangama 150,000",silver,Used,1497,Petrol,Toyota,150000,Prius,2009,1497,2011,Automatic,Car(Hatchback)
Toyota Allion 2004,"Rs: 6,100,000",km Find,"2026-01-01 | Gampaha 160,000",red,Used,1490,Petrol,Toyota,160000,Allion,2004,1490,2007,Automatic,Car(Liftback)
Suzuki Spacia 2018,"Rs: 7,450,000",km Find,"2026-01-01 | Pannipitiya 129,600",blue,Used,660,Hybrid,Suzuki,129600,Spacia,2018,660,2018,Automatic,Car(Sedan)
Toyota Prius 2010,"Rs: 9,600,000",km Find,"2026-01-01 | Adampan 164,000",black,Used,1800,Hybrid,Toyota,164000,Prius,2010,1800,2013,Automatic,Car(Sedan)
Toyota Aqua 2015,"Rs: 8,450,000",km Find,"2026-01-01 | Walasmulla 126,000",purple,Used,1500,Hybrid,Toyota,126000,Aqua,2015,1500,2016,Automatic,Car(Hatchback)
Suzuki Wagon R 2025,"Rs: 8,700,000",,2026-01-01 | Nugegoda Find Out More,white,Brand New,650,Petrol,Suzuki,0,Wagon R,2025,650,Ref:,Automatic,Car(Hatchback)
Toyota Yaris 2022,"Rs: 8,900,000",km Find,"2026-01-01 | Nugegoda 56,000",white,Brand New,1000,Petrol,Toyota,56000,Yaris,2022,1000,Ref:,Automatic,Car(Hatchback)
Toyota Vitz 2018,"Rs: 7,600,000",km Find,"2026-01-01 | Batticaloa 145,000",white,Used,1000,Petrol,Toyota,145000,Vitz,2018,1000,2018,Automatic,Car(Sedan)
BYD ATTO1 2025,"Rs: 9,210,000",,2026-01-01 | Cinnamon Garden (Colombo 07) Find Out More,white,Brand New,30,Electric,BYD,0,ATTO1,2025,30,Ref:,Automatic,Car(Hatchback)
Toyota Axio 2018,"Rs: 13,250,000",km Find,"2026-01-01 | Battaramulla 132,000",brown,Used,1500,Hybrid,Toyota,132000,Axio,2018,1500,2019,Automatic,Car(Sedan)
Nissan Sunny 1996,"Rs: 3,000,000",,2026-01-01 | Malabe Find Out More,blue,Used,1290,Petrol,Nissan,0,Sunny,1996,1290,1999,Automatic,Car(Saloon)
Toyota Prius 2011,"Rs: 8,800,000",km Find,"2026-01-01 | Puttalam 120,000",black,Used,1790,Petrol,Toyota,120000,Prius,2011,1790,2013,Automatic,Car(Liftback)
Suzuki Wagon R 2018,"Rs: 6,800,000",km Find,"2026-01-01 | Boralesgamuwa 90,000",green,Used,660,Hybrid,Suzuki,90000,Wagon R,2018,660,2018,Automatic,Car(Hatchback)
Toyota Vitz 2018,"Rs: 7,500,000",km Find,"2026-01-01 | Ambalangoda 159,000",white,Used,990,Petrol,Toyota,159000,Vitz,2018,990,2018,Automatic,Car(Hatchback)
KIA Sephia 2002,"Rs: 2,600,000",km Find,"2026-02-10 | Mattegoda 162,481",gray,Used,1331,Petrol,KIA,162481,Sephia,2002,1331,2003,Automatic,Car(Sedan)
Honda N WGN 2017,"Rs: 6,600,000",km Find,"2026-01-01 | Ambalangoda 125,450",silver,Used,650,Petrol,Honda,125450,N WGN,2017,650,2019,Automatic,Car(Hatchback)
Daihatsu Boon 2017,"Rs: 6,500,000",km Find,"2026-01-01 | Ambalangoda 81,000",blue,Used,996,Petrol,Daihatsu,81000,Boon,2017,996,2020,Automatic,Car(Hatchback)
Suzuki Swift 2004,"Rs: 4,750,000",,2026-01-01 | Ambalangoda Find Out More,black,Used,1300,Petrol,Suzuki,0,Swift,2004,1300,2006,Automatic,Car(Hatchback)
Suzuki Spacia 2017,"Rs: 5,875,000",km Find,"2026-01-01 | Ambalangoda 125,000",white,Used,658,Petrol,Suzuki,125000,Spacia,2017,658,2017,Automatic,Car(Hatchback)
Toyota Vitz 2019,"Rs: 8,650,000",,2026-01-01 | Ambalangoda Find Out More,white,Used,990,Petrol,Toyota,0,Vitz,2019,990,2021,Automatic,Car(Hatchback)
Honda Fit 2014,"Rs: 7,700,000",km Find,"2026-01-01 | Ambalangoda 164,547",white,Used,1300,Petrol,Honda,164547,Fit,2014,1300,2015,Automatic,Car(Hatchback)
Suzuki Swift 2017,"Rs: 7,850,000",km Find,"2026-01-01 | Ambalangoda 130,000",red,Used,1000,Petrol,Suzuki,130000,Swift,2017,1000,2018,Automatic,Car(Hatchback)
Suzuki Wagon R 2024,"Rs: 7,500,000",km Find,"2026-01-01 | Katugastota 2,800",silver,Brand New,660,Hybrid,Suzuki,2800,Wagon R,2024,660,Ref:,Automatic,Car(Station wagon)
Perodua Viva 2011,"Rs: 4,050,000",km Find,"2026-01-01 | Ambalangoda 154,328",silver,Used,1000,Petrol,Perodua,154328,Viva,2011,1000,2011,Automatic,Car(Hatchback)
KIA Sephia 2002,"Rs: 2,600,000",km Find,"2026-02-10 | Mattegoda 162,481",gray,Used,1331,Petrol,KIA,162481,Sephia,2002,1331,2003,Automatic,Car(Sedan)
Toyota Vios 2004,"Rs: 4,600,000",km Find,"2026-01-01 | Ambalangoda 134,000",blue,Used,1497,Petrol,Toyota,134000,Vios,2004,1497,2008,Automatic,Car(Sedan)
Honda Grace 2016,"Rs: 10,500,000",km Find,"2025-12-31 | Cinnamon Garden (Colombo 07) 105,000",white,Used,1500,Hybrid,Honda,105000,Grace,2016,1500,2017,Automatic,Car(Sedan)
Toyota Axio 2016,"Rs: 10,400,000",km Find,"2025-12-31 | Ambalangoda 140,000",white,Used,1500,Hybrid,Toyota,140000,Axio,2016,1500,2016,Automatic,Car(Sedan)
Toyota Vitz 2019,"Rs: 8,300,000",km Find,"2025-12-31 | Ambalangoda 37,500",red,Used,990,Petrol,Toyota,37500,Vitz,2019,990,2020,Automatic,Car(Hatchback)
Toyota Vitz 2007,"Rs: 5,200,000",km Find,"2025-12-31 | Ambalangoda 120,000",red,Used,990,Petrol,Toyota,120000,Vitz,2007,990,2010,Automatic,Car(Hatchback)
Toyota Premio 2020,"Rs: 16,500,000",km Find,"2025-12-31 | Baddegama 48,000",maroon,Used,1496,Petrol,Toyota,48000,Premio,2020,1496,2020,Automatic,Car(Hatchback)
Honda Fit 2013,"Rs: 8,900,000",km Find,"2025-12-31 | Ambalangoda 68,700",blue,Used,1339,Hybrid,Honda,68700,Fit,2013,1339,2014,Automatic,Car(Liftback)
Toyota Roomy 2024,"Rs: 8,200,000",,2025-12-31 | Polonnaruwa Find Out More,silver,Brand New,1000,Petrol,Toyota,0,Roomy,2024,1000,Ref:,Automatic,Car(Hatchback)
Toyota Axio 2019,"Rs: 12,000,000",km Find,"2025-12-31 | Ambalangoda 92,766",red,Used,1500,Hybrid,Toyota,92766,Axio,2019,1500,2019,Automatic,Car(Sedan)
Suzuki Wagon R 2024,"Rs: 7,350,000",km Find,2025-12-31 | Kurunegala 230,silver,Brand New,660,Petrol,Suzuki,230,Wagon R,2024,660,Ref:,Automatic,Car(Hatchback)
Suzuki Swift 2010,"Rs: 5,400,000",km Find,2025-12-31 | Ambalangoda 0,black,Used,1300,Petrol,Suzuki,0000,Swift,2010,1300,2012,Automatic,Car(Hatchback)
BMW M Series 2012,"Rs: 19,500,000",km Find,"2025-12-31 | Ambalangoda 160,000",black,Used,2000,Diesel,BMW,160000,M Series,2012,2000,2013,Automatic,Car(Sedan)
KIA Sephia 2002,"Rs: 2,600,000",km Find,"2026-02-10 | Mattegoda 162,481",gray,Used,1331,Petrol,KIA,162481,Sephia,2002,1331,2003,Automatic,Car(Sedan)
Toyota Prius 2011,"Rs: 8,250,000",km Find,"2025-12-31 | Ambalangoda 165,000",black,Used,1600,Hybrid,Toyota,165000,Prius,2011,1600,2013,Automatic,Car(Liftback)
Toyota Allion 2011,"Rs: 9,650,000",km Find,"2025-12-31 | Ambalangoda 232,000",maroon,Used,1500,Petrol,Toyota,232000,Allion,2011,1500,2011,Automatic,Car(Sedan)
Suzuki Spacia 2015,"Rs: 5,300,000",km Find,"2025-12-31 | Ambalangoda 150,000",blue,Used,658,Petrol,Suzuki,150000,Spacia,2015,658,2017,Automatic,Car(Hatchback)
Mercedes Benz CLA 2019,"Rs: 25,000,000",,2025-12-31 | Ambalangoda Find Out More,gray,Used,2000,Petrol,Mercedes Benz,0,CLA,2019,2000,2019,Automatic,Car(Liftback)
Toyota Prius 2015,"Rs: 11,100,000",km Find,"2025-12-31 | Ambalangoda 141,000",white,Used,1800,Hybrid,Toyota,141000,Prius,2015,1800,2015,Automatic,Car(Liftback)
Nissan Tiida 2008,"Rs: 5,300,000",km Find,"2025-12-31 | Dematagoda (Colombo 09) 93,500",black,Used,1500,Petrol,Nissan,93500,Tiida,2008,1500,2008,Automatic,Car(Sedan)
Suzuki Alto 2006,"Rs: 2,900,000",km Find,"2025-12-31 | Horana 127,000",blue,Used,800,Petrol,Suzuki,127000,Alto,2006,800,2006,Manual,Car(Hatchback)
Perodua Viva 2011,"Rs: 4,250,000",km Find,"2025-12-31 | Beruwala 150,000",silver,Used,1000,Petrol,Perodua,150000,Viva,2011,1000,2011,Automatic,Car(Hatchback)
Suzuki Maruti 2006,"Rs: 1,975,000",km Find,"2025-12-31 | Galgamuwa 90,000",blue,Used,800,Petrol,Suzuki,90000,Maruti,2006,800,2006,Manual,Car(Hatchback)
KIA Sephia 2002,"Rs: 2,600,000",km Find,"2026-02-10 | Mattegoda 162,481",gray,Used,1331,Petrol,KIA,162481,Sephia,2002,1331,2003,Automatic,Car(Sedan)
Suzuki Wagon R 2024,"Rs: 7,390,000",km Find,"2025-12-31 | Rajagiriya 1,000",other,Brand New,1000,Petrol,Suzuki,1000,Wagon R,2024,1000,0000,Automatic,Car(Station wagon)
Suzuki Alto 2003,"Rs: 4,200,000",km Find,"2025-12-31 | Pussellawa 200,117",silver,Used,650,Petrol,Suzuki,200117,Alto,2003,650,2007,Automatic,Car(Hatchback)
Toyota Aqua 2014,"Rs: 8,200,000",km Find,"2025-12-31 | Pussellawa 168,000",blue,Used,1200,Hybrid,Toyota,168000,Aqua,2014,1200,2015,Automatic,Car(Hatchback)
Toyota Axio 2007,"Rs: 6,900,000",km Find,"2025-12-31 | Mahiyanganaya 123,456",silver,Used,123456,Petrol,Toyota,123456,Axio,2007,123456,2011,Automatic,Car(Saloon)
Nissan March 1997,"Rs: 2,285,000",km Find,"2025-12-31 | Mount Lavinia 135,000",white,Used,1000,Petrol,Nissan,135000,March,1997,1000,1997,Automatic,Car(Hatchback)
Toyota Axio 2015,"Rs: 10,000,000",km Find,"2025-12-31 | Deniyaya 89,000",white,Reconditioned,1500,Petrol,Toyota,89000,Axio,2015,1500,2017,Automatic,Car(Liftback)
Toyota Passo 2023,"Rs: 8,100,000",km Find,"2025-12-31 | Rajagiriya 10,000",green,Used,1000,Petrol,Toyota,10000,Passo,2023,1000,0000,Automatic,Car(Station wagon)
Toyota Allion 2012,"Rs: 10,200,000",km Find,"2025-12-31 | Matara 134,000",white,Used,1500,Petrol,Toyota,134000,Allion,2012,1500,2014,Automatic,Car(Saloon)
Toyota Premio 2017,"Rs: 14,800,000",km Find,"2025-12-31 | Galle 95,000",white,Used,1500,Petrol,Toyota,95000,Premio,2017,1500,2017,Automatic,Car(Saloon)
Toyota Allion 2019,"Rs: 16,900,000",km Find,"2025-12-31 | Negombo 58,000",white,Used,1500,Petrol,Toyota,58000,Allion,2019,1500,2019,Automatic,Car(Liftback)
Audi A3 2023,"Rs: 19,500,000",km Find,"2025-12-31 | Kelaniya 11,500",white,Reconditioned,1000,Petrol,Audi,11500,A3,2023,1000,2023,Automatic,Car(Convertible)
KIA Sephia 2002,"Rs: 2,600,000",km Find,"2026-02-10 | Mattegoda 162,481",gray,Used,1331,Petrol,KIA,162481,Sephia,2002,1331,2003,Automatic,Car(Sedan)
Toyota Carina 1996,"Rs: 3,550,000",,2025-12-31 | Middeniya Find Out More,white,Used,1600,Petrol,Toyota,0,Carina,1996,1600,1996,Manual,Car(Saloon)
Toyota Allion 2016,"Rs: 13,500,000",km Find,"2025-12-31 | Negombo 116,000",white,Used,1500,Petrol,Toyota,116000,Allion,2016,1500,2017,Automatic,Car(Saloon)
Toyota Vitz 2010,"Rs: 5,800,000",km Find,"2025-12-31 | Embilipitiya 147,000",white,Used,1300,Petrol,Toyota,147000,Vitz,2010,1300,2013,Automatic,Car(Hatchback)
Suzuki Swift 2017,"Rs: 8,200,000",km Find,"2025-12-31 | Kadawatha 64,000",red,Used,1000,Petrol,Suzuki,64000,Swift,2017,1000,2018,Automatic,Car(Saloon)
Toyota Prius 2011,"Rs: 9,400,000",km Find,"2025-12-31 | Kolonnawa 180,000",silver,Reconditioned,1800,Petrol,Toyota,180000,Prius,2011,1800,2012,Automatic,Car(Sedan)
Toyota Prius 2016,"Rs: 13,175,000",km Find,"2025-12-31 | Kiribathgoda 198,000",silver,Used,1790,Hybrid,Toyota,198000,Prius,2016,1790,2016,Automatic,Car(Saloon)
Toyota Pixis 2023,"Rs: 6,450,000",,2025-12-31 | Rajagiriya Find Out More,blue,Brand New,660,Petrol,Toyota,0,Pixis,2023,660,Ref:,Automatic,Car(Station wagon)
Suzuki Wagon R 2024,"Rs: 7,400,000",km Find,"2025-12-31 | Kurunegala 4,900",red,Reconditioned,650,Petrol,Suzuki,4900,Wagon R,2024,650,2025,Automatic,Car(Hatchback)
Suzuki Wagon R 2024,"Rs: 7,200,000",,2025-12-31 | Rajagiriya Find Out More,other,Brand New,660,Petrol,Suzuki,0,Wagon R,2024,660,-0.002,Automatic,Car(Station wagon)
Nissan Atlas 2023,"Rs: 8,500,000",,2025-12-31 | Rajagiriya Find Out More,purple,Brand New,1000,Electric,Nissan,0,Atlas,2023,1000,0000,Automatic,Car(Station wagon)
Toyota Pixis 2023,"Rs: 6,950,000",,2025-12-31 | Rajagiriya Find Out More,red,Brand New,660,Petrol,Toyota,0,Pixis,2023,660,0000,Automatic,Car(Station wagon)
Daihatsu Taft 2023,"Rs: 8,300,000",,2025-12-31 | Rajagiriya Find Out More,other,Brand New,660,Petrol,Daihatsu,0,Taft,2023,660,0000,Automatic,Car(Convertible)
Suzuki Alto 2024,"Rs: 6,390,000",,2025-12-31 | Rajagiriya Find Out More,silver,Brand New,1500,Petrol,Suzuki,0,Alto,2024,1500,0000,Automatic,Car(Station wagon)
Toyota Premio 2007,"Rs: 9,500,000",km Find,"2025-12-31 | Pussellawa 180,000",white,Used,1500,Petrol,Toyota,180000,Premio,2007,1500,2010,Automatic,Car(Hatchback)
Suzuki Hustler 2015,"Rs: 6,500,000",km Find,"2025-12-31 | Pussellawa 950,000",red,Used,650,Petrol,Suzuki,950000,Hustler,2015,650,2016,Automatic,Car(Hatchback)
Honda Fit 2014,"Rs: 8,200,000",km Find,"2025-12-31 | Anuradhapura 32,000",white,Used,1300,Hybrid,Honda,32000,Fit,2014,1300,2014,Automatic,Car(Hatchback)
Honda Fit 2014,"Rs: 8,200,000",km Find,"2025-12-31 | Anuradhapura 32,000",white,Used,1500,Petrol,Honda,32000,Fit,2014,1500,2015,Automatic,Car(Saloon)
Suzuki Swift 2008,"Rs: 5,775,000",km Find,"2025-12-31 | Kalutara 119,220",red,Used,1300,Petrol,Suzuki,119220,Swift,2008,1300,2011,Automatic,Car(Hatchback)
Toyota Aqua 2013,"Rs: 7,500,000",km Find,"2025-12-31 | Monaragala 109,000",white,Used,1500,Petrol,Toyota,109000,Aqua,2013,1500,2014,Automatic,Car(Hatchback)
KIA Sephia 2002,"Rs: 2,600,000",km Find,"2026-02-10 | Mattegoda 162,481",gray,Used,1331,Petrol,KIA,162481,Sephia,2002,1331,2003,Automatic,Car(Sedan)
Suzuki Wagon R 2015,"Rs: 6,800,000",km Find,"2025-12-31 | Pussellawa 138,000",white,Used,650,Petrol,Suzuki,138000,Wagon R,2015,650,2016,Automatic,Car(Hatchback)
Suzuki Swift 2017,"Rs: 8,600,000",km Find,"2025-12-31 | Pussellawa 81,000",white,Used,1000,Petrol,Suzuki,81000,Swift,2017,1000,2018,Automatic,Car(Hatchback)
Suzuki Wagon R 2025,"Rs: 8,650,000",,2025-12-31 | Kandy Find Out More,white,Brand New,658,Hybrid,Suzuki,0,Wagon R,2025,658,Ref:,Automatic,Car(Hatchback)
Suzuki Wagon R 2017,"Rs: 7,200,000",km Find,"2025-12-31 | Pussellawa 94,000",black,Used,650,Petrol,Suzuki,94000,Wagon R,2017,650,2017,Automatic,Car(Hatchback)
Suzuki Spacia 2024,"Rs: 9,100,000",km Find,"2025-12-31 | Kurunegala 2,000",white,Reconditioned,660,Petrol,Suzuki,2000,Spacia,2024,660,0000,Automatic,Car(Hatchback)
Suzuki Swift 2017,"Rs: 8,500,000",km Find,"2025-12-31 | Pussellawa 130,000",red,Used,650,Petrol,Suzuki,130000,Swift,2017,650,2018,Automatic,Car(Hatchback)
Toyota Vitz 2017,"Rs: 8,200,000",km Find,"2025-12-31 | Alutgama 55,000",white,Used,1000,Petrol,Toyota,55000,Vitz,2017,1000,2021,Automatic,Car(Hatchback)
Suzuki Hustler 2016,"Rs: 6,800,000",km Find,"2025-12-31 | Pussellawa 85,000",yellow,Used,650,Petrol,Suzuki,85000,Hustler,2016,650,2018,Automatic,Car(Hatchback)
Suzuki Spacia 2017,"Rs: 6,800,000",km Find,"2025-12-31 | Pussellawa 120,000",white,Used,650,Petrol,Suzuki,120000,Spacia,2017,650,2017,Automatic,Car(Hatchback)
Suzuki Wagon R 2018,"Rs: 7,800,000",km Find,"2025-12-31 | Pussellawa 68,000",white,Used,650,Petrol,Suzuki,68000,Wagon R,2018,650,2018,Automatic,Car(Hatchback)
Toyota Vitz 1999,"Rs: 3,890,000",km Find,"2025-12-31 | Welimada 130,000",silver,Reconditioned,1000,Petrol,Toyota,130000,Vitz,1999,1000,2002,Automatic,Car(Hatchback)
Suzuki Alto 2023,"Rs: 6,250,000",,2025-12-31 | Rajagiriya Find Out More,blue,Brand New,660,Petrol,Suzuki,0,Alto,2023,660,0000,Automatic,Car(Station wagon)
KIA Sephia 2002,"Rs: 2,600,000",km Find,"2026-02-10 | Mattegoda 162,481",gray,Used,1331,Petrol,KIA,162481,Sephia,2002,1331,2003,Automatic,Car(Sedan)
Suzuki Spacia 2016,"Rs: 6,750,000",km Find,"2025-12-31 | Beruwala 125,000",gray,Used,650,Petrol,Suzuki,125000,Spacia,2016,650,2017,Automatic,Car(Station wagon)
Toyota Premio 2017,"Rs: 15,800,000",km Find,"2025-12-31 | Ambalangoda 67,000",brown,Used,1500,Petrol,Toyota,67000,Premio,2017,1500,2017,Automatic,Car(Sedan)
BMW 5 Series 2013,"Rs: 21,000,000",km Find,"2025-12-31 | Ambalangoda 147,000",black,Used,2000,Diesel,BMW,147000,5 Series,2013,2000,2013,Automatic,Car(Sedan)
Toyota Corolla 1999,"Rs: 4,300,000",km Find,"2025-12-31 | Kurunegala 268,000",blue,Used,1580,Petrol,Toyota,268000,Corolla,1999,1580,1999,Automatic,Car(Saloon)
Nissan Dayz 2023,"Rs: 7,990,000",,2025-12-31 | Ja-Ela Find Out More,white,Brand New,660,Petrol,Nissan,0,Dayz,2023,660,Ref:,Automatic,Car(Liftback)
Suzuki Wagon R 2025,"Rs: 9,400,000",,2025-12-31 | Akkaraipattu Find Out More,white,Brand New,650,Hybrid,Suzuki,0,Wagon R,2025,650,Ref:,Automatic,Car(Sedan)
Toyota Premio 2013,"Rs: 10,500,000",km Find,"2025-12-31 | Ambalangoda 148,000",maroon,Used,1500,Petrol,Toyota,148000,Premio,2013,1500,2013,Automatic,Car(Sedan)
Suzuki Wagon R 2014,"Rs: 5,250,000",km Find,"2025-12-31 | Ragama 200,000",black,Reconditioned,660,Petrol,Suzuki,200000,Wagon R,2014,660,2015,Automatic,Car(Station wagon)
Suzuki Spacia 2023,"Rs: 8,450,000",,2025-12-30 | Rajagiriya Find Out More,white,Brand New,660,Petrol,Suzuki,0,Spacia,2023,660,Ref:,Automatic,Car(Hatchback)
Daihatsu Copen 2016,"Rs: 6,500,000",km Find,"2025-12-30 | Ambalangoda 65,000",silver,Used,650,Petrol,Daihatsu,65000,Copen,2016,650,2019,Automatic,Car(Convertible)
Nissan Dayz 2016,"Rs: 5,500,000",,2025-12-30 | Ambalangoda Find Out More,white,Used,660,Petrol,Nissan,0,Dayz,2016,660,2018,Automatic,Car(Hatchback)
Toyota Prius 2025,"Rs: 30,500,000",,2025-12-30 | Battaramulla Find Out More,white,Brand New,1490,Hybrid,Toyota,0,Prius,2025,1490,2025,Automatic,Car(Hatchback)
Toyota Yaris 2023,"Rs: 8,950,000",,2025-12-30 | Angoda Find Out More,white,Brand New,1000,Petrol,Toyota,0,Yaris,2023,1000,0000,Automatic,Car(Saloon)
KIA Sephia 2002,"Rs: 2,600,000",km Find,"2026-02-10 | Mattegoda 162,481",gray,Used,1331,Petrol,KIA,162481,Sephia,2002,1331,2003,Automatic,Car(Sedan)
Suzuki Wagon R 2024,"Rs: 7,500,000",km Find,"2025-12-30 | Angoda 5,000",other,Used,660,Hybrid,Suzuki,5000,Wagon R,2024,660,2024,Automatic,Car(Station wagon)
Daihatsu Taft 2023,"Rs: 7,900,000",,2025-12-30 | Angoda Find Out More,white,Brand New,660,Petrol,Daihatsu,0,Taft,2023,660,Ref:,Automatic,Car(Station wagon)
Mitsubishi eK 2024,"Rs: 8,800,000",,2025-12-30 | Angoda Find Out More,gold,Brand New,0000,Electric,Mitsubishi,0,eK,2024,0000,Ref:,Automatic,Car(Hatchback)
Toyota Axio 2011,"Rs: 7,750,000",km Find,"2025-12-30 | Ja-Ela 172,000",black,Used,1496,Petrol,Toyota,172000,Axio,2011,1496,2012,Automatic,Car(Saloon)
Tata Indica 2006,"Rs: 2,800,000",km Find,"2025-12-30 | Kurunegala 125,000",red,Used,1000,Petrol,Tata,125000,Indica,2006,1000,2008,Manual,Car(Hatchback)
Suzuki Alto 2011,"Rs: 3,200,000",km Find,"2025-12-30 | Kurunegala 80,000",gray,Used,800,Petrol,Suzuki,80000,Alto,2011,800,2011,Manual,Car(Hatchback)
Toyota Sprinter 1999,"Rs: 4,000,000",km Find,"2025-12-30 | Kurunegala 148,000",silver,Used,1300,Petrol,Toyota,148000,Sprinter,1999,1300,2002,Automatic,Car(Saloon)
Honda Fit 2015,"Rs: 7,990,000",km Find,"2025-12-30 | Battaramulla 100,000",red,Used,1490,Petrol,Honda,100000,Fit,2015,1490,2015,Automatic,Car(Hatchback)
Suzuki Alto 2013,"Rs: 3,395,000",km Find,"2025-12-30 | Uswetakeiyawa 148,500",black,Used,658,Petrol,Suzuki,148500,Alto,2013,658,2015,Automatic,Car(Hatchback)
Suzuki Celerio 2019,"Rs: 5,530,000",km Find,"2025-12-30 | Kalmunai 120,000",brown,Used,998,Petrol,Suzuki,120000,Celerio,2019,998,2019,Automatic,Car(Liftback)
Suzuki Swift 2007,"Rs: 4,800,000",km Find,"2025-12-30 | Ambalangoda 170,000",blue,Used,1300,Petrol,Suzuki,170000,Swift,2007,1300,2014,Automatic,Car(Hatchback)
Honda Civic 2017,"Rs: 11,000,000",km Find,"2025-12-30 | Ambalangoda 77,000",red,Used,988,Hybrid,Honda,77000,Civic,2017,988,2018,Automatic,Car(Hatchback)
Suzuki A Star 2011,"Rs: 4,100,000",km Find,"2025-12-30 | Panadura 140,000",black,Used,1000,Petrol,Suzuki,140000,A Star,2011,1000,2012,Manual,Car(Hatchback)
Suzuki Swift 2008,"Rs: 5,700,000",km Find,"2025-12-30 | Wattala 76,500",blue,Used,1240,Petrol,Suzuki,76500,Swift,2008,1240,2010,Automatic,Car(Hatchback)
Suzuki Wagon R 2024,"Rs: 7,590,000",,2025-12-30 | Battaramulla Find Out More,white,Brand New,650,Petrol,Suzuki,0,Wagon R,2024,650,2024,Automatic,Car(Hatchback)
Toyota Aqua 2013,"Rs: 6,700,000",km Find,"2025-12-30 | Ambalangoda 163,000",silver,Used,1500,Hybrid,Toyota,163000,Aqua,2013,1500,2015,Automatic,Car(Liftback)
KIA Sephia 2002,"Rs: 2,600,000",km Find,"2026-02-10 | Mattegoda 162,481",gray,Used,1331,Petrol,KIA,162481,Sephia,2002,1331,2003,Automatic,Car(Sedan)
Toyota Vitz 2018,"Rs: 7,700,000",km Find,"2025-12-30 | Ambalangoda 159,000",white,Used,1000,Petrol,Toyota,159000,Vitz,2018,1000,2018,Automatic,Car(Hatchback)
Micro Panda 2018,"Rs: 3,800,000",km Find,2025-12-30 | Ambalangoda 0,white,Used,1000,Petrol,Micro,0000,Panda,2018,1000,2018,Manual,Car(Hatchback)
Suzuki Wagon R 2018,"Rs: 7,200,000",km Find,"2025-12-30 | Valaichenai 50,000",white,Used,650,Petrol,Suzuki,50000,Wagon R,2018,650,2019,Automatic,Car(Station wagon)
Suzuki Wagon R 2018,"Rs: 7,200,000",km Find,"2025-12-30 | Batticaloa 61,000",white,Used,650,Hybrid,Suzuki,61000,Wagon R,2018,650,2018,Automatic,Car(Station wagon)
Suzuki Estilo 2012,"Rs: 3,800,000",km Find,"2025-12-30 | Batticaloa 73,267",white,Used,650,Petrol,Suzuki,73267,Estilo,2012,650,2012,Manual,Car(Hatchback)
Suzuki Maruti 2009,"Rs: 2,100,000",km Find,2025-12-30 | Ambalangoda 0,red,Used,796,Petrol,Suzuki,0000,Maruti,2009,796,2009,Manual,Car(Hatchback)
Suzuki Wagon R 2017,"Rs: 7,000,000",km Find,"2025-12-30 | Ambalangoda 94,000",black,Used,650,Petrol,Suzuki,94000,Wagon R,2017,650,2017,Automatic,Car(Hatchback)
Suzuki Hustler 2016,"Rs: 6,000,000",km Find,"2025-12-30 | Ambalangoda 85,000",yellow,Used,1000,Petrol,Suzuki,85000,Hustler,2016,1000,2018,Automatic,Car(Hatchback)
Toyota Axio 2018,"Rs: 12,000,000",km Find,"2025-12-30 | Ambalangoda 69,000",blue,Used,1500,Petrol,Toyota,69000,Axio,2018,1500,2019,Automatic,Car(Saloon)
Toyota Aqua 2012,"Rs: 7,150,000",km Find,2025-12-30 | Beliatta 0,white,Used,1500,Hybrid,Toyota,00,Aqua,2012,1500,2014,Automatic,Car(Hatchback)
Suzuki Alto 2015,"Rs: 4,100,000",km Find,"2025-12-30 | Kuliyapitiya 144,000",red,Used,800,Petrol,Suzuki,144000,Alto,2015,800,2015,Manual,Car(Hatchback)
Suzuki Alto 2015,"Rs: 4,550,000",km Find,"2025-12-30 | Battaramulla 50,400",white,Used,1000,Petrol,Suzuki,50400,Alto,2015,1000,2016,Manual,Car(Convertible)
Toyota Premio 2014,"Rs: 13,200,000",km Find,"2025-12-30 | Dankotuwa 130,000",white,Used,1500,Petrol,Toyota,130000,Premio,2014,1500,2015,Automatic,Car(Saloon)
Toyota Aqua 2013,"Rs: 7,800,000",km Find,"2025-12-30 | Pussellawa 251,780",blue,Used,1200,Petrol,Toyota,251780,Aqua,2013,1200,2014,Automatic,Car(Hatchback)
Toyota Allion 2004,"Rs: 7,000,000",km Find,"2025-12-30 | Anuradhapura 260,000",silver,Used,1500,Petrol,Toyota,260000,Allion,2004,1500,2007,Automatic,Car(Sedan)
KIA Sephia 2002,"Rs: 2,600,000",km Find,"2026-02-10 | Mattegoda 162,481",gray,Used,1331,Petrol,KIA,162481,Sephia,2002,1331,2003,Automatic,Car(Sedan)
Toyota Premio 2013,"Rs: 15,000,000",km Find,"2025-12-30 | Pussellawa 750,000",white,Used,1200,Petrol,Toyota,750000,Premio,2013,1200,2013,Automatic,Car(Hatchback)
Toyota Passo 2023,"Rs: 8,350,000",km Find,"2025-12-30 | Kottawa 6,600",green,Brand New,660,Petrol,Toyota,6600,Passo,2023,660,2023,Automatic,Car(Hatchback)
Mitsubishi eK 2023,"Rs: 7,700,000",km Find,"2025-12-30 | Kottawa 3,400",other,Brand New,660,Petrol,Mitsubishi,3400,eK,2023,660,Ref:,Automatic,Car(Hatchback)
Suzuki Alto 2024,"Rs: 6,350,000",km Find,"2025-12-30 | Kottawa 6,600",black,Brand New,660,Petrol,Suzuki,6600,Alto,2024,660,Ref:,Automatic,Car(Hatchback)
Toyota IST 2003,"Rs: 6,200,000",km Find,"2025-12-30 | Pussellawa 2,900,000",other,Used,650,Petrol,Toyota,2900000,IST,2003,650,2007,Automatic,Car(Hatchback)
Mazda Familia 1997,"Rs: 1,800,000",km Find,2025-12-30 | Ambalangoda 0,white,Used,1200,Petrol,Mazda,0000,Familia,1997,1200,1999,Manual,Car(Saloon)
Audi A4 2011,"Rs: 10,600,000",km Find,"2025-12-30 | Ambalangoda 140,000",purple,Used,1984,Petrol,Audi,140000,A4,2011,1984,2011,Automatic,Car(Sedan)
Toyota Axio 2014,"Rs: 9,200,000",km Find,"2025-12-30 | Negombo 117,000",white,Used,1500,Hybrid,Toyota,117000,Axio,2014,1500,2014,Automatic,Car(Saloon)
Suzuki Wagon R 2025,"Rs: 8,850,000",,2025-12-30 | Kurunegala Find Out More,white,Brand New,660,Hybrid,Suzuki,0,Wagon R,2025,660,Ref:,Automatic,Car(Station wagon)
Perodua Axia 2016,"Rs: 5,700,000",km Find,"2025-12-30 | Ambalangoda 88,500",gray,Used,998,Petrol,Perodua,88500,Axia,2016,998,2016,Automatic,Car(Hatchback)
Daihatsu Taft 2023,"Rs: 7,800,000",km Find,"2025-12-30 | Kottawa 6,600",other,Brand New,660,Hybrid,Daihatsu,6600,Taft,2023,660,Ref:,Automatic,Car(Convertible)
Toyota Vitz 2015,"Rs: 6,800,000",km Find,"2025-12-30 | Ambalangoda 147,000",black,Used,1000,Petrol,Toyota,147000,Vitz,2015,1000,2016,Automatic,Car(Hatchback)
Mazda Familia 1994,"Rs: 2,750,000",km Find,2025-12-30 | Ambalangoda 0,white,Used,1200,Petrol,Mazda,0000,Familia,1994,1200,1998,Manual,Car(Saloon)
Toyota Corolla 2018,"Rs: 13,000,000",km Find,"2025-12-30 | Negombo 103,000",white,Used,1500,Petrol,Toyota,103000,Corolla,2018,1500,2018,Automatic,Car(Sedan)
KIA Sephia 2002,"Rs: 2,600,000",km Find,"2026-02-10 | Mattegoda 162,481",gray,Used,1331,Petrol,KIA,162481,Sephia,2002,1331,2003,Automatic,Car(Sedan)
Honda Insight 2012,"Rs: 8,600,000",km Find,"2025-12-30 | Pussellawa 128,000",silver,Used,1200,Petrol,Honda,128000,Insight,2012,1200,2015,Automatic,Car(Hatchback)
Toyota Prius 2012,"Rs: 12,150,000",km Find,"2025-12-30 | Naula 66,000",silver,Used,1796,Hybrid,Toyota,66000,Prius,2012,1796,2014,Automatic,Car(Saloon)
Mitsubishi eK 2023,"Rs: 6,975,000",km Find,"2025-12-30 | Kottawa 3,400",white,Brand New,660,Petrol,Mitsubishi,3400,eK,2023,660,Ref:,Automatic,Car(Hatchback)
Toyota Passo 2023,"Rs: 7,950,000",km Find,"2025-12-30 | Kottawa 6,600",black,Brand New,660,Petrol,Toyota,6600,Passo,2023,660,Ref:,Automatic,Car(Hatchback)
Toyota Allion 2010,"Rs: 8,700,000",km Find,2025-12-30 | Ambalangoda 0,black,Used,1500,Petrol,Toyota,0000,Allion,2010,1500,2011,Automatic,Car(Sedan)
Mercedes Benz C Class 2017,"Rs: 24,000,000",km Find,"2025-12-30 | Ambalangoda 43,000",black,Used,2000,Hybrid,Mercedes Benz,43000,C Class,2017,2000,2017,Automatic,Car(Sedan)
Suzuki Wagon R 2024,"Rs: 6,950,000",km Find,"2025-12-30 | Anuradhapura 8,003",beige,Reconditioned,660,Petrol,Suzuki,8003,Wagon R,2024,660,0000,Automatic,Car(Liftback)
Suzuki Spacia 2025,"Rs: 9,500,000",,2025-12-30 | Ja-Ela Find Out More,blue,Brand New,660,Hybrid,Suzuki,0,Spacia,2025,660,Ref:,Automatic,Car(Liftback)
Toyota Corolla 1974,"Rs: 850,000",,2025-12-30 | Kandy Find Out More,white,Used,1400,Petrol,Toyota,0,Corolla,1974,1400,1974,Manual,Car(Sedan)
Audi A1 2017,"Rs: 9,300,000",km Find,"2025-12-30 | Galle 82,000",red,Used,1000,Petrol,Audi,82000,A1,2017,1000,2018,Automatic,Car(Liftback)
Toyota Premio 2008,"Rs: 9,300,000",km Find,"2025-12-30 | Homagama 178,000",maroon,Used,1000,Petrol,Toyota,178000,Premio,2008,1000,2010,Automatic,Car(Hatchback)
KIA Sephia 2002,"Rs: 2,600,000",km Find,"2026-02-10 | Mattegoda 162,481",gray,Used,1331,Petrol,KIA,162481,Sephia,2002,1331,2003,Automatic,Car(Sedan)
Mitsubishi Lancer 1985,"Rs: 760,000",km Find,2025-12-30 | Gampaha 0,white,Used,1500,Petrol,Mitsubishi,00,Lancer,1985,1500,1985,Manual,Car(Sedan)
Toyota Vitz 2017,"Rs: 7,300,000",km Find,"2025-12-30 | Ambalangoda 97,000",purple,Used,990,Petrol,Toyota,97000,Vitz,2017,990,2018,Automatic,Car(Hatchback)
Toyota Axio 2015,"Rs: 8,900,000",km Find,2025-12-30 | Ambalangoda 0,white,Used,1500,Petrol,Toyota,0000,Axio,2015,1500,2017,Automatic,Car(Sedan)
Suzuki Hustler 2023,"Rs: 8,200,000",,2025-12-30 | Galle Find Out More,other,Brand New,660,Petrol,Suzuki,0,Hustler,2023,660,Ref:,Automatic,Car(Hatchback)
Micro Panda 2012,"Rs: 2,400,000",km Find,"2025-12-30 | Ambalangoda 80,000",red,Used,1342,Petrol,Micro,80000,Panda,2012,1342,2012,Manual,Car(Hatchback)
Suzuki Wagon R 2018,"Rs: 7,300,000",km Find,"2025-12-30 | Pussellawa 123,000",black,Used,650,Petrol,Suzuki,123000,Wagon R,2018,650,2018,Automatic,Car(Hatchback)
Honda City 2025,"Rs: 13,700,000",,2025-12-30 | Kurunegala Find Out More,white,Brand New,1000,Petrol,Honda,0,City,2025,1000,Ref:,Automatic,Car(Hatchback)
Toyota Vitz 2015,"Rs: 7,780,000",km Find,"2025-12-30 | Bambalapitiya (Colombo 04) 76,400",silver,Used,1000,Petrol,Toyota,76400,Vitz,2015,1000,2019,Automatic,Car(Hatchback)
Suzuki Alto 2015,"Rs: 3,750,000",km Find,"2025-12-30 | Buttala 59,000",white,Used,800,Petrol,Suzuki,59000,Alto,2015,800,2015,Manual,Car(Hatchback)
Toyota Corolla 2007,"Rs: 7,000,000",km Find,"2025-12-30 | Padukka 160,000",white,Used,1500,Petrol,Toyota,160000,Corolla,2007,1500,2011,Automatic,Car(Sedan)
KIA Sephia 2002,"Rs: 2,600,000",km Find,"2026-02-10 | Mattegoda 162,481",gray,Used,1331,Petrol,KIA,162481,Sephia,2002,1331,2003,Automatic,Car(Sedan)
Toyota Aqua 2014,"Rs: 7,200,000",,2025-12-30 | Ambalangoda Find Out More,white,Used,1500,Hybrid,Toyota,0,Aqua,2014,1500,2017,Automatic,Car(Liftback)
Chery QQ 2015,"Rs: 2,550,000",km Find,"2025-12-30 | Matugama 63,500",blue,Used,812,Petrol,Chery,63500,QQ,2015,812,2015,Manual,Car(Hatchback)
Suzuki Wagon R 2014,"Rs: 5,450,000",km Find,"2025-12-30 | Wattala 99,400",silver,Used,650,Hybrid,Suzuki,99400,Wagon R,2014,650,2015,Automatic,Car(Hatchback)
Perodua Elite 2011,"Rs: 4,280,000",km Find,"2025-12-30 | Ambalangoda 146,000",white,Used,1197,Petrol,Perodua,146000,Elite,2011,1197,2011,Automatic,Car(Hatchback)
Toyota Premio 2017,"Rs: 14,000,000",km Find,"2025-12-30 | Ambalangoda 114,000",maroon,Used,1500,Petrol,Toyota,114000,Premio,2017,1500,2017,Automatic,Car(Saloon)
Suzuki Wagon R 2024,"Rs: 7,500,000",,2025-12-30 | Agaliya Find Out More,white,Brand New,690,Hybrid,Suzuki,0,Wagon R,2024,690,Ref:,Automatic,Car(Hatchback)
Suzuki Wagon R 2014,"Rs: 5,790,000",km Find,"2025-12-30 | Malabe 101,000",gray,Used,650,Hybrid,Suzuki,101000,Wagon R,2014,650,2015,Automatic,Car(Hatchback)
Suzuki Wagon R 2014,"Rs: 5,500,000",km Find,"2025-12-30 | Matara 90,000",gray,Reconditioned,650,Petrol,Suzuki,90000,Wagon R,2014,650,2016,Automatic,Car(Hatchback)
KIA Sephia 2002,"Rs: 2,600,000",km Find,"2026-02-10 | Mattegoda 162,481",gray,Used,1331,Petrol,KIA,162481,Sephia,2002,1331,2003,Automatic,Car(Sedan)
Suzuki Wagon R 2018,"Rs: 7,500,000",km Find,"2025-12-30 | Pussellawa 85,000",white,Used,650,Petrol,Suzuki,85000,Wagon R,2018,650,2018,Automatic,Car(Hatchback)
Toyota Prius 2011,"Rs: 10,200,000",km Find,"2025-12-30 | Galle 180,000",black,"✨ Spotless exterior – no dents, scratches or stains",1800,Hybrid,Toyota,180000,Prius,2011,1800,2013,Automatic,Car(Hatchback)
Toyota Corolla 2000,"Rs: 3,450,000",km Find,"2025-12-30 | Rikillagaskada 97,500",white,Reconditioned,1500,Petrol,Toyota,97500,Corolla,2000,1500,2002,Automatic,Car(Saloon)
Toyota Crown 2024,"Rs: 58,500,000",km Find,"2025-12-29 | Kohuwala 20,000",white,Brand New,2500,Petrol,Toyota,20000,Crown,2024,2500,Ref:,Automatic,Car(Sedan)
Toyota Allion 2004,"Rs: 6,450,000",km Find,2025-12-29 | Ambalangoda 0,red,Used,1500,Petrol,Toyota,0000,Allion,2004,1500,2007,Automatic,Car(Sedan)
Suzuki Swift 2019,"Rs: 8,900,000",km Find,"2025-12-29 | Ambalangoda 55,000",white,Used,1300,Petrol,Suzuki,55000,Swift,2019,1300,2019,Automatic,Car(Hatchback)
Suzuki Wagon R 2018,"Rs: 6,700,000",km Find,"2025-12-29 | Ambalangoda 81,000",white,Used,650,Hybrid,Suzuki,81000,Wagon R,2018,650,2018,Automatic,Car(Hatchback)
Toyota Axio 2017,"Rs: 13,500,000",km Find,"2025-12-29 | Malabe 90,000",white,Used,1500,Hybrid,Toyota,90000,Axio,2017,1500,2018,Automatic,Car(Saloon)
Suzuki Wagon R 2016,"Rs: 5,050,000",km Find,"2025-12-29 | Kurunegala 76,000",white,Used,650,Petrol,Suzuki,76000,Wagon R,2016,650,2017,Manual,Car(Station wagon)
Honda Grace 2014,"Rs: 8,300,000",km Find,"2025-12-29 | Kandy 146,000",black,Used,1500,Hybrid,Honda,146000,Grace,2014,1500,2015,Automatic,Car(Sedan)
Suzuki Wagon R 2018,"Rs: 6,550,000",km Find,"2025-12-29 | Ambalangoda 123,000",black,Used,650,Hybrid,Suzuki,123000,Wagon R,2018,650,2018,Automatic,Car(Hatchback)
Toyota Vitz 2017,"Rs: 7,300,000",km Find,"2025-12-29 | Ambalangoda 113,000",black,Used,1000,Petrol,Toyota,113000,Vitz,2017,1000,2020,Automatic,Car(Hatchback)
KIA Sephia 2002,"Rs: 2,600,000",km Find,"2026-02-10 | Mattegoda 162,481",gray,Used,1331,Petrol,KIA,162481,Sephia,2002,1331,2003,Automatic,Car(Sedan)
Toyota Prius 2009,"Rs: 8,350,000",km Find,"2025-12-29 | Ambalangoda 125,000",black,Used,1600,Hybrid,Toyota,125000,Prius,2009,1600,2012,Automatic,Car(Liftback)
Toyota Prius 2013,"Rs: 9,850,000",km Find,"2025-12-29 | Panadura 142,000",silver,Used,1600,Hybrid,Toyota,142000,Prius,2013,1600,2016,Automatic,Car(Liftback)
Toyota Prius 2007,"Rs: 6,200,000",km Find,"2025-12-29 | Kandana 177,000",white,Used,1600,Hybrid,Toyota,177000,Prius,2007,1600,2011,Automatic,Car(Liftback)
Suzuki Wagon R 2018,"Rs: 6,375,000",km Find,"2025-12-29 | Ambalangoda 110,000",white,Used,650,Hybrid,Suzuki,110000,Wagon R,2018,650,2018,Automatic,Car(Hatchback)
Mazda Flair 2016,"Rs: 5,600,000",km Find,"2025-12-29 | Ambalangoda 62,000",white,Used,658,Petrol,Mazda,62000,Flair,2016,658,2016,Automatic,Car(Hatchback)
Nissan Sunny 2002,"Rs: 4,450,000",km Find,2025-12-29 | Ambalangoda 0,white,Used,1497,Petrol,Nissan,0000,Sunny,2002,1497,2006,Automatic,Car(Saloon)
Suzuki Wagon R 2025,"Rs: 8,950,000",,2025-12-29 | Wellawatta (Colombo 06) Find Out More,white,Brand New,1000,Petrol,Suzuki,0,Wagon R,2025,1000,Ref:,Automatic,Car(Station wagon)
Suzuki Wagon R 2014,"Rs: 5,550,000",km Find,"2025-12-29 | Panadura 130,000",silver,Used,650,Hybrid,Suzuki,130000,Wagon R,2014,650,2015,Automatic,Car(Hatchback)
Daihatsu Mira 2017,"Rs: 5,755,000",km Find,"2025-12-29 | Alawwa 80,000",red,Used,660,Petrol,Daihatsu,80000,Mira,2017,660,2018,Automatic,Car(Hatchback)
Toyota Aqua 2012,"Rs: 6,500,000",km Find,2025-12-29 | Ambalangoda 0,blue,Used,1500,Hybrid,Toyota,0000,Aqua,2012,1500,2013,Automatic,Car(Liftback)
Honda Fit 2012,"Rs: 6,200,000",km Find,"2025-12-29 | Ambalangoda 160,000",blue,Used,1500,Hybrid,Honda,160000,Fit,2012,1500,2013,Automatic,Car(Hatchback)
Honda Odyssey 2000,"Rs: 3,575,000",km Find,"2025-12-29 | Borella (Colombo 08) 200,000",gold,Used,2000,Petrol,Honda,200000,Odyssey,2000,2000,2003,Automatic,Car(Station wagon)
Suzuki Swift 2017,"Rs: 8,150,000",km Find,"2025-12-29 | Kegalle 129,000",red,Used,1000,Hybrid,Suzuki,129000,Swift,2017,1000,2019,Automatic,Car(Hatchback)
Mitsubishi Lancer 2002,"Rs: 5,100,000",,2025-12-29 | Yakkala Find Out More,red,Used,1500,Petrol,Mitsubishi,0,Lancer,2002,1500,2002,Manual,Car(Liftback)
Suzuki Celerio 2015,"Rs: 3,700,000",km Find,"2025-12-29 | Kalmunai 96,000",white,Used,796,Petrol,Suzuki,96000,Celerio,2015,796,2015,Manual,Car(Hatchback)
KIA Sephia 2002,"Rs: 2,600,000",km Find,"2026-02-10 | Mattegoda 162,481",gray,Used,1331,Petrol,KIA,162481,Sephia,2002,1331,2003,Automatic,Car(Sedan)
Suzuki Alto 2005,"Rs: 1,975,000",km Find,"2025-12-29 | Kegalle 136,000",blue,Used,800,Petrol,Suzuki,136000,Alto,2005,800,2005,Manual,Car(Liftback)
Suzuki Estilo 2010,"Rs: 3,670,000",km Find,"2025-12-29 | Kahawatta 165,000",red,Used,990,Petrol,Suzuki,165000,Estilo,2010,990,2011,Manual,Car(Hatchback)
Toyota Vitz 2015,"Rs: 7,000,000",km Find,"2025-12-29 | Elpitiya 150,000",black,Used,1000,Petrol,Toyota,150000,Vitz,2015,1000,2018,Automatic,Car(Hatchback)
Toyota Corolla 2002,"Rs: 7,500,000",km Find,"2025-12-29 | Pussellawa 650,000",white,Used,1200,Petrol,Toyota,650000,Corolla,2002,1200,2002,Automatic,Car(Hatchback)
Toyota Corolla 2005,"Rs: 5,500,000",km Find,"2025-12-29 | Bandarawela 103,000",silver,Used,1299,Diesel,Toyota,103000,Corolla,2005,1299,2006,Automatic,Car(Hatchback)
Toyota Vios 2004,"Rs: 5,350,000",,2025-12-29 | Anuradhapura Find Out More,gold,Used,1500,Petrol,Toyota,0,Vios,2004,1500,2007,Automatic,Car(Saloon)
Hyundai Eon 2016,"Rs: 4,100,000",km Find,"2025-12-29 | Batticaloa 86,000",white,Used,814,Petrol,Hyundai,86000,Eon,2016,814,2016,Manual,Car(Hatchback)
Daihatsu Taft 2025,"Rs: 8,725,000",,2025-12-29 | Divulapitiya Find Out More,beige,Brand New,660,Petrol,Daihatsu,0,Taft,2025,660,Ref:,Automatic,Car(Hatchback)
Mazda Flair 1985,"Rs: 375,000",,2025-12-29 | Kataragama Find Out More,blue,Used,1300,Petrol,Mazda,0,Flair,1985,1300,1988,Manual,Car(Hatchback)
Daihatsu Taft 2023,"Rs: 7,850,000",km Find,"2025-12-29 | Kurunegala 1,000",green,Brand New,660,Petrol,Daihatsu,1000,Taft,2023,660,Ref:,Automatic,Car(Hatchback)
Micro Panda 2014,"Rs: 3,400,000",,2025-12-29 | Kurunegala Find Out More,other,Used,800,Petrol,Micro,0,Panda,2014,800,2014,Manual,Car(Liftback)
Toyota Aqua 2012,"Rs: 7,200,000",km Find,"2025-12-29 | Anuradhapura 119,000",white,Used,1500,Hybrid,Toyota,119000,Aqua,2012,1500,2016,Automatic,Car(Hatchback)
Toyota Premio 2011,"Rs: 9,800,000",km Find,"2025-12-29 | Kirillawala 283,000",maroon,Used,1500,Petrol,Toyota,283000,Premio,2011,1500,2012,Automatic,Car(Saloon)
KIA Sephia 2002,"Rs: 2,600,000",km Find,"2026-02-10 | Mattegoda 162,481",gray,Used,1331,Petrol,KIA,162481,Sephia,2002,1331,2003,Automatic,Car(Sedan)
Toyota Tercel 1997,"Rs: 2,900,000",km Find,"2025-12-29 | Kurunegala 148,000",white,Used,1300,Petrol,Toyota,148000,Tercel,1997,1300,1998,Automatic,Car(Saloon)
Daihatsu Taft 2023,"Rs: 7,850,000",km Find,"2025-12-29 | Kurunegala 6,500",green,Used,660,Petrol,Daihatsu,6500,Taft,2023,660,2023,Automatic,Car(Hatchback)
Suzuki Alto 2015,"Rs: 5,700,000",km Find,"2025-12-29 | Kurunegala 66,000",red,Used,660,Hybrid,Suzuki,66000,Alto,2015,660,2018,Automatic,Car(Hatchback)
Mitsubishi Lancer 2004,"Rs: 5,650,000",km Find,"2025-12-29 | Anuradhapura 203,485",red,Used,1300,Petrol,Mitsubishi,203485,Lancer,2004,1300,2004,Automatic,Car(Sports)
Suzuki Alto 2015,"Rs: 4,875,000",km Find,"2025-12-29 | Kurunegala 65,000",red,Used,660,Petrol,Suzuki,65000,Alto,2015,660,2018,Automatic,Car(Hatchback)
Toyota Yaris 2022,"Rs: 9,400,000",,2025-12-29 | Polonnaruwa Find Out More,white,Brand New,1000,Petrol,Toyota,0,Yaris,2022,1000,Ref:,Automatic,Car(Hatchback)
Suzuki Wagon R 2017,"Rs: 6,500,000",km Find,"2025-12-29 | Ja-Ela 70,000",brown,Used,660,Hybrid,Suzuki,70000,Wagon R,2017,660,2017,Automatic,Car(Hatchback)
Suzuki Swift 2011,"Rs: 5,850,000",km Find,"2025-12-29 | Maharagama 105,455",red,Used,1400,Petrol,Suzuki,105455,Swift,2011,1400,2011,Automatic,Car(Liftback)
Daihatsu Mira 2024,"Rs: 7,400,000",,2025-12-29 | Polonnaruwa Find Out More,white,Brand New,650,Petrol,Daihatsu,0,Mira,2024,650,Ref:,Automatic,Car(Hatchback)
Toyota Mark II 2001,"Rs: 6,300,000",km Find,"2025-12-29 | Kurunegala 148,000",black,Used,1400,Petrol,Toyota,148000,Mark II,2001,1400,2006,Automatic,Car(Saloon)
Suzuki Alto 2012,"Rs: 3,300,000",km Find,"2025-12-29 | Adampan 147,000",maroon,Used,800,Petrol,Suzuki,147000,Alto,2012,800,2012,Manual,Car(Hatchback)
KIA Sephia 2002,"Rs: 2,600,000",km Find,"2026-02-10 | Mattegoda 162,481",gray,Used,1331,Petrol,KIA,162481,Sephia,2002,1331,2003,Automatic,Car(Sedan)
Nissan ExSunny 2012,"Rs: 5,600,000",km Find,"2025-12-29 | Kurunegala 66,000",blue,Used,1400,Petrol,Nissan,66000,ExSunny,2012,1400,2012,Automatic,Car(Saloon)
Daihatsu Mira 2024,"Rs: 6,350,000",,2025-12-29 | Panadura Find Out More,black,Brand New,660,Petrol,Daihatsu,0,Mira,2024,660,Ref:,Automatic,Car(Hatchback)
Toyota Allion 2008,"Rs: 8,350,000",km Find,"2025-12-29 | Homagama 94,500",silver,Used,1490,Petrol,Toyota,94500,Allion,2008,1490,2010,Automatic,Car(Hatchback)
Toyota Axio 2015,"Rs: 10,100,000",km Find,"2025-12-29 | Eravur 141,000",brown,Used,1500,Hybrid,Toyota,141000,Axio,2015,1500,2015,Automatic,Car(Sedan)
Toyota Prius 2016,"Rs: 13,500,000",km Find,"2025-12-29 | Batticaloa 96,000",white,Used,1500,Hybrid,Toyota,96000,Prius,2016,1500,2016,Automatic,Car(Sedan)
Hyundai Eon 2016,"Rs: 4,325,000",km Find,"2025-12-29 | Kalmunai 100,000",white,Used,850,Petrol,Hyundai,100000,Eon,2016,850,2016,Manual,Car(Hatchback)
Renault KWID 2018,"Rs: 4,000,000",km Find,"2025-12-29 | Trincomalee 68,500",silver,Used,800,Petrol,Renault,68500,KWID,2018,800,2019,Manual,Car(Hatchback)
Nissan Sunny 2000,"Rs: 4,250,000",km Find,"2025-12-29 | Horana 130,000",silver,Used,1600,Petrol,Nissan,130000,Sunny,2000,1600,2003,Automatic,Car(Sedan)
Suzuki Wagon R 2015,"Rs: 5,575,000",km Find,"2025-12-29 | Gampaha 92,000",black,Used,800,Petrol,Suzuki,92000,Wagon R,2015,800,2016,Automatic,Car(Liftback)
Honda Fit 2013,"Rs: 9,000,000",km Find,"2025-12-29 | Panadura 73,000",gray,Used,1300,Petrol,Honda,73000,Fit,2013,1300,2013,Automatic,Car(Hatchback)
Mazda Familia 2002,"Rs: 3,000,000",km Find,2025-12-29 | Ambalangoda 202,green,Used,1323,Petrol,Mazda,202,Familia,2002,1323,2005,Manual,Car(Saloon)
Mitsubishi Lancer 2014,"Rs: 11,200,000",,2025-12-29 | Kadawatha Find Out More,black,Used,1600,Petrol,Mitsubishi,0,Lancer,2014,1600,2014,Automatic,Car(Convertible)
KIA Sephia 2002,"Rs: 2,600,000",km Find,"2026-02-10 | Mattegoda 162,481",gray,Used,1331,Petrol,KIA,162481,Sephia,2002,1331,2003,Automatic,Car(Sedan)
Toyota Allion 2007,"Rs: 8,000,000",,2025-12-29 | Divulapitiya Find Out More,red,Used,1500,Petrol,Toyota,0,Allion,2007,1500,2011,Automatic,Car(Liftback)
Suzuki Wagon R 2024,"Rs: 7,390,000",km Find,"2025-12-29 | Yakkala 4,000",silver,Reconditioned,650,Petrol,Suzuki,4000,Wagon R,2024,650,2025,Automatic,Car(Hatchback)
Suzuki Alto 2006,"Rs: 2,675,000",km Find,"2025-12-29 | Kandy 165,000",red,Used,800,Petrol,Suzuki,165000,Alto,2006,800,2007,Manual,Car(Sedan)
Suzuki Celerio 2015,"Rs: 5,350,000",km Find,"2025-12-29 | Kalmunai 90,000",white,Used,1000,Petrol,Suzuki,90000,Celerio,2015,1000,2015,Automatic,Car(Hatchback)
Renault KWID 2016,"Rs: 3,525,000",km Find,"2025-12-29 | Kalmunai 160,000",brown,Used,800,Petrol,Renault,160000,KWID,2016,800,2016,Manual,Car(Hatchback)
Toyota Wigo 2017,"Rs: 5,800,000",km Find,"2025-12-28 | Ambatenna 143,000",white,Used,1000,Petrol,Toyota,143000,Wigo,2017,1000,2017,Automatic,Car(Hatchback)
Toyota Prius 2010,"Rs: 8,800,000",km Find,"2025-12-28 | Wattala 146,700",silver,Used,1800,Hybrid,Toyota,146700,Prius,2010,1800,2011,Automatic,Car(Hatchback)
Toyota Corolla 1997,"Rs: 3,750,000",,2025-12-28 | Gampaha Find Out More,black,Used,1500,Petrol,Toyota,0,Corolla,1997,1500,2000,Automatic,Car(Liftback)
Toyota Vitz 2019,"Rs: 8,700,000",km Find,"2025-12-28 | Welimada 37,000",red,Used,690,Hybrid,Toyota,37000,Vitz,2019,690,2020,Automatic,Car(Hatchback)
Toyota Passo 2018,"Rs: 6,450,000",km Find,"2025-12-28 | Maharagama 65,000",white,Used,1000,Petrol,Toyota,65000,Passo,2018,1000,2018,Automatic,Car(Liftback)
KIA Sephia 2002,"Rs: 2,600,000",km Find,"2026-02-10 | Mattegoda 162,481",gray,Used,1331,Petrol,KIA,162481,Sephia,2002,1331,2003,Automatic,Car(Sedan)
Toyota Vitz 2018,"Rs: 7,950,000",km Find,"2025-12-28 | Negombo 68,000",black,Used,990,Petrol,Toyota,68000,Vitz,2018,990,2018,Automatic,Car(Hatchback)
Suzuki Alto 2015,"Rs: 3,550,000",,2025-12-28 | Battaramulla Find Out More,black,Used,800,Petrol,Suzuki,0,Alto,2015,800,2015,Manual,Car(Liftback)
Suzuki Alto 2024,"Rs: 6,175,000",km Find,2025-12-28 | Piliyandala 900,white,Brand New,650,Petrol,Suzuki,900,Alto,2024,650,Ref:,Automatic,Car(Hatchback)
Toyota Vitz 2015,"Rs: 7,300,000",km Find,"2025-12-28 | Moratuwa 91,634",white,Used,1000,Petrol,Toyota,91634,Vitz,2015,1000,2017,Automatic,Car(Hatchback)
Nissan Sunny 2000,"Rs: 4,350,000",km Find,"2025-12-28 | Dambulla 180,000",silver,Used,1600,Petrol,Nissan,180000,Sunny,2000,1600,2003,Automatic,Car(Saloon)
Suzuki Wagon R 2018,"Rs: 6,850,000",km Find,"2025-12-28 | Angoda 90,000",silver,Used,650,Petrol,Suzuki,90000,Wagon R,2018,650,2018,Automatic,Car(Hatchback)
Toyota Premio 2008,"Rs: 8,850,000",km Find,"2025-12-28 | Veyangoda 120,000",silver,Used,1500,Petrol,Toyota,120000,Premio,2008,1500,2011,Automatic,Car(Liftback)
Mitsubishi Lancer 1997,"Rs: 3,600,000",km Find,"2025-12-28 | Pannipitiya 398,000",red,Used,1990,Diesel,Mitsubishi,398000,Lancer,1997,1990,1999,Automatic,Car(Sports)
Suzuki Wagon R 2018,"Rs: 5,900,000",km Find,"2025-12-28 | Gampaha 96,000",brown,Used,650,Petrol,Suzuki,96000,Wagon R,2018,650,2018,Automatic,Car(Station wagon)
Ford Laser 1984,"Rs: 650,000",,2025-12-28 | Kottawa Find Out More,blue,Used,1500,Petrol,Ford,0,Laser,1984,1500,1984,Manual,Car(Sedan)
Suzuki Alto 2011,"Rs: 3,000,000",km Find,"2025-12-28 | Malabe 120,000",red,Used,800,Petrol,Suzuki,120000,Alto,2011,800,2011,Manual,Car(Hatchback)
Toyota Vitz 2017,"Rs: 7,500,000",km Find,"2025-12-28 | Boralesgamuwa 1,000",silver,Used,1000,Petrol,Toyota,1000,Vitz,2017,1000,2017,Automatic,Car(Hatchback)
Nissan Tiida 2005,"Rs: 5,700,000",km Find,"2025-12-27 | Matara 129,000",beige,Used,1500,Petrol,Nissan,129000,Tiida,2005,1500,2007,Automatic,Car(Saloon)
Toyota Prius 2012,"Rs: 9,750,000",km Find,"2025-12-27 | Boralesgamuwa 147,571",black,Used,1450,Hybrid,Toyota,147571,Prius,2012,1450,2012,Automatic,Car(Saloon)
Daihatsu Mira 2024,"Rs: 7,290,000",,2025-12-27 | Boralesgamuwa Find Out More,gray,Brand New,650,Petrol,Daihatsu,0,Mira,2024,650,Ref:,Automatic,Car(Hatchback)
KIA Sephia 2002,"Rs: 2,600,000",km Find,"2026-02-10 | Mattegoda 162,481",gray,Used,1331,Petrol,KIA,162481,Sephia,2002,1331,2003,Automatic,Car(Sedan)
Toyota Axio 2016,"Rs: 10,850,000",km Find,2025-12-27 | Boralesgamuwa 0,brown,Used,1490,Hybrid,Toyota,0000,Axio,2016,1490,2016,Automatic,Car(Hatchback)
Honda Fit 2013,"Rs: 6,975,000",km Find,2025-12-27 | Boralesgamuwa 0,silver,Used,1390,Hybrid,Honda,0000,Fit,2013,1390,2013,Automatic,Car(Hatchback)
Honda Civic 2002,"Rs: 5,650,000",km Find,"2025-12-27 | Piliyandala 155,000",blue,Used,1700,Petrol,Honda,155000,Civic,2002,1700,2005,Automatic,Car(Sedan)
Nissan FB 15 1999,"Rs: 4,100,000",km Find,"2025-12-27 | Ambalangoda 100,000",blue,Used,1500,Petrol,Nissan,100000,FB 15,1999,1500,2002,Automatic,Car(Saloon)
Toyota Allion 2011,"Rs: 9,000,000",km Find,"2025-12-27 | Ambalangoda 205,000",black,Used,1500,Petrol,Toyota,205000,Allion,2011,1500,2013,Automatic,Car(Saloon)
Toyota Corolla 2000,"Rs: 5,575,000",km Find,2025-12-27 | Ambalangoda 0,white,Used,1500,Petrol,Toyota,0000,Corolla,2000,1500,2004,Automatic,Car(Saloon)
Toyota Axio 2016,"Rs: 9,800,000",km Find,"2025-12-27 | Borella (Colombo 08) 109,000",brown,Used,1500,Petrol,Toyota,109000,Axio,2016,1500,2017,Automatic,Car(Saloon)
Nissan March 2002,"Rs: 3,650,000",,2025-12-27 | Kandy Find Out More,blue,Used,1300,Petrol,Nissan,0,March,2002,1300,2005,Automatic,Car(Hatchback)
Toyota Premio 2016,"Rs: 10,350,000",,2025-12-27 | Padukka Find Out More,red,Used,1000,Diesel,Toyota,0,Premio,2016,1000,2016,Automatic,Car(Hatchback)
Nissan Sunny 1997,"Rs: 2,800,000",,2025-12-27 | Padukka Find Out More,silver,Reconditioned,1000,Diesel,Nissan,0,Sunny,1997,1000,2000,Automatic,Car(Hatchback)
Toyota Axio 2014,"Rs: 8,950,000",,2025-12-27 | Borella (Colombo 08) Find Out More,red,Used,1000,Hybrid,Toyota,0,Axio,2014,1000,2015,Automatic,Car(Hatchback)
KIA Sephia 2002,"Rs: 2,600,000",km Find,"2026-02-10 | Mattegoda 162,481",gray,Used,1331,Petrol,KIA,162481,Sephia,2002,1331,2003,Automatic,Car(Sedan)
Micro Panda 2015,"Rs: 3,100,000",,2025-12-27 | Anuradhapura Find Out More,gray,Used,1000,Petrol,Micro,0,Panda,2015,1000,2015,Manual,Car(Hatchback)
Honda Fit 2011,"Rs: 6,000,000",,2025-12-27 | Ambalangoda Find Out More,white,Used,1300,Petrol,Honda,0,Fit,2011,1300,2013,Automatic,Car(Hatchback)
Suzuki Wagon R 2018,"Rs: 6,800,000",km Find,"2025-12-27 | Ambalangoda 123,000",black,Used,650,Petrol,Suzuki,123000,Wagon R,2018,650,2018,Automatic,Car(Hatchback)
Toyota Aqua 2014,"Rs: 7,800,000",,2025-12-27 | Ambalangoda Find Out More,white,Used,1500,Petrol,Toyota,0,Aqua,2014,1500,2015,Automatic,Car(Hatchback)
Suzuki Celerio 2015,"Rs: 5,000,000",km Find,"2025-12-27 | Ambalangoda 136,000",gold,Used,1000,Petrol,Suzuki,136000,Celerio,2015,1000,2016,Automatic,Car(Hatchback)
Mazda Flair 2016,"Rs: 6,000,000",,2025-12-27 | Ambalangoda Find Out More,white,Used,700,Petrol,Mazda,0,Flair,2016,700,2016,Automatic,Car()
Suzuki Swift 2003,"Rs: 4,200,000",,2025-12-27 | Ambalangoda Find Out More,silver,Used,1300,Petrol,Suzuki,0,Swift,2003,1300,2006,Automatic,Car(Hatchback)
Honda Insight 2013,"Rs: 7,500,000",km Find,2025-12-27 | Ambalangoda 0,white,Used,1500,Petrol,Honda,0000,Insight,2013,1500,2014,Automatic,Car(Liftback)
Suzuki Wagon R 2014,"Rs: 5,600,000",km Find,"2025-12-27 | Ambalangoda 120,000",white,Used,650,Petrol,Suzuki,120000,Wagon R,2014,650,2017,Automatic,Car(Hatchback)
Toyota Axio 2015,"Rs: 9,600,000",km Find,"2025-12-26 | Slave Island (Colombo 02) 197,984",brown,Reconditioned,1490,Hybrid,Toyota,197984,Axio,2015,1490,2016,Automatic,Car(Saloon)
KIA Rio 2002,"Rs: 680,000",km Find,"2025-12-26 | Kolonnawa 149,000",blue,Reconditioned,1300,Petrol,KIA,149000,Rio,2002,1300,2005,Manual,Car(Saloon)
Toyota Premio 2017,"Rs: 15,000,000",km Find,"2025-12-26 | Matara 126,000",white,Used,1500,Petrol,Toyota,126000,Premio,2017,1500,2017,Automatic,Car(Sedan)
Honda Insight 2009,"Rs: 6,600,000",km Find,"2025-12-26 | Galle 170,000",blue,Reconditioned,1499,Petrol,Honda,170000,Insight,2009,1499,2011,Automatic,Car(Liftback)
Suzuki Wagon R 2016,"Rs: 5,350,000",km Find,"2025-12-26 | Colombo Fort (Colombo 01) 80,000",blue,Reconditioned,650,Petrol,Suzuki,80000,Wagon R,2016,650,2017,Automatic,Car(Hatchback)
Toyota Yaris 2022,"Rs: 8,950,000",,2025-12-26 | Kurunegala Find Out More,silver,Brand New,1000,Petrol,Toyota,0,Yaris,2022,1000,Ref:,Automatic,Car(Hatchback)
KIA Sephia 2002,"Rs: 2,600,000",km Find,"2026-02-10 | Mattegoda 162,481",gray,Used,1331,Petrol,KIA,162481,Sephia,2002,1331,2003,Automatic,Car(Sedan)
Suzuki Alto 2013,"Rs: 3,600,000",km Find,"2025-12-26 | Agaliya 130,000",white,Used,690,Petrol,Suzuki,130000,Alto,2013,690,2014,Manual,Car(Hatchback)
Suzuki Alto 2023,"Rs: 6,500,000",km Find,"2025-12-26 | Divulapitiya 4,210",silver,Brand New,660,Petrol,Suzuki,4210,Alto,2023,660,Ref:,Automatic,Car(Hatchback)
Suzuki Wagon R 2024,"Rs: 8,600,000",,2025-12-26 | Kurunegala Find Out More,white,Brand New,650,Hybrid,Suzuki,0,Wagon R,2024,650,Ref:,Automatic,Car(Hatchback)
Toyota Aqua 2014,"Rs: 7,950,000",km Find,"2025-12-26 | Panadura 79,500",black,Used,1500,Hybrid,Toyota,79500,Aqua,2014,1500,2016,Automatic,Car(Hatchback)
Suzuki Wagon R 2018,"Rs: 6,700,000",km Find,"2025-12-26 | Borella (Colombo 08) 93,000",purple,Used,660,Hybrid,Suzuki,93000,Wagon R,2018,660,2018,Automatic,Car(Hatchback)
Toyota Aqua 2014,"Rs: 7,800,000",km Find,"2025-12-26 | Pussellawa 140,000",red,Used,1200,Petrol,Toyota,140000,Aqua,2014,1200,2017,Automatic,Car(Hatchback)
Daihatsu Mira 2023,"Rs: 6,375,000",km Find,"2025-12-26 | Divulapitiya 4,200",black,Brand New,660,Petrol,Daihatsu,4200,Mira,2023,660,Ref:,Automatic,Car(Hatchback)
Suzuki Alto 2015,"Rs: 3,500,000",km Find,"2025-12-26 | Hambantota 172,000",white,Used,650,Petrol,Suzuki,172000,Alto,2015,650,2015,Automatic,Car(Hatchback)
Suzuki Wagon R 2024,"Rs: 7,975,000",,2025-12-26 | Kurunegala Find Out More,white,Brand New,660,Hybrid,Suzuki,0,Wagon R,2024,660,Ref:,Automatic,Car(Station wagon)
Perodua Elite 2011,"Rs: 4,450,000",km Find,"2025-12-26 | Hakmana 130,000",white,Used,1000,Petrol,Perodua,130000,Elite,2011,1000,2012,Automatic,Car(Hatchback)
Suzuki Wagon R 2017,"Rs: 6,600,000",km Find,"2025-12-26 | Kadawatha 95,000",black,Used,800,Petrol,Suzuki,95000,Wagon R,2017,800,2017,Automatic,Car(Hatchback)
Toyota Vitz 2008,"Rs: 6,000,000",km Find,"2025-12-26 | Homagama 180,000",orange,Used,1300,Petrol,Toyota,180000,Vitz,2008,1300,2011,Automatic,Car(Hatchback)
Toyota Aqua 2012,"Rs: 7,050,000",km Find,"2025-12-26 | Piliyandala 244,000",black,Used,1500,Hybrid,Toyota,244000,Aqua,2012,1500,2014,Automatic,Car(Hatchback)
KIA Sephia 2002,"Rs: 2,600,000",km Find,"2026-02-10 | Mattegoda 162,481",gray,Used,1331,Petrol,KIA,162481,Sephia,2002,1331,2003,Automatic,Car(Sedan)
Suzuki Wagon R 2023,"Rs: 8,400,000",,2025-12-26 | Kotte Find Out More,white,Brand New,1500,Petrol,Suzuki,0,Wagon R,2023,1500,Ref:,Automatic,Car(Hatchback)
Toyota Starlet 1997,"Rs: 4,200,000",km Find,"2025-12-26 | Kuliyapitiya 80,000",white,Used,1500,Diesel,Toyota,80000,Starlet,1997,1500,2001,Automatic,Car(Hatchback)
Toyota DX Wagon 2001,"Rs: 3,650,000",km Find,"2025-12-26 | Kuliyapitiya 75,000",white,Used,1500,Petrol,Toyota,75000,DX Wagon,2001,1500,2004,Automatic,Car(Liftback)
Suzuki Alto 2015,"Rs: 5,300,000",km Find,"2025-12-26 | Rajagiriya 120,000",blue,Used,660,Petrol,Suzuki,120000,Alto,2015,660,2018,Tiptronic,Car(Hatchback)
Suzuki Wagon R 2024,"Rs: 8,000,000",km Find,2025-12-26 | Batuwatta 304,white,Reconditioned,660,Hybrid,Suzuki,304,Wagon R,2024,660,2024,Automatic,Car(Hatchback)
Toyota Axio 2014,"Rs: 8,800,000",km Find,"2025-12-26 | Bandarawela 145,500",maroon,Used,1500,Hybrid,Toyota,145500,Axio,2014,1500,2014,Automatic,Car(Saloon)
Toyota Vitz 2016,"Rs: 6,850,000",km Find,"2025-12-26 | Galle 170,000",gray,Used,990,Petrol,Toyota,170000,Vitz,2016,990,2019,Automatic,Car(Liftback)
Toyota Aqua 2012,"Rs: 6,500,000",km Find,"2025-12-26 | Ambalangoda 165,000",orange,Used,1490,Hybrid,Toyota,165000,Aqua,2012,1490,2014,Automatic,Car(Liftback)
Suzuki Wagon R 2018,"Rs: 5,900,000",km Find,"2025-12-26 | Ambalangoda 96,000",black,Used,650,Hybrid,Suzuki,96000,Wagon R,2018,650,2018,Automatic,Car(Hatchback)
Suzuki Wagon R 2014,"Rs: 5,475,000",km Find,"2025-12-26 | Ambalangoda 124,654",white,Used,650,Hybrid,Suzuki,124654,Wagon R,2014,650,2017,Automatic,Car(Hatchback)
KIA Sephia 2002,"Rs: 2,600,000",km Find,"2026-02-10 | Mattegoda 162,481",gray,Used,1331,Petrol,KIA,162481,Sephia,2002,1331,2003,Automatic,Car(Sedan)
BMW 5 Series 2015,"Rs: 22,500,000",km Find,"2025-12-26 | Ambalangoda 96,000",white,Used,1995,Diesel,BMW,96000,5 Series,2015,1995,2015,Automatic,Car(Sedan)
Nissan Sunny 1987,"Rs: 1,360,000",km Find,"2025-12-26 | Ginigathhena 150,000",white,Used,1500,Petrol,Nissan,150000,Sunny,1987,1500,1988,Manual,Car(Saloon)
Toyota Corsa 1993,"Rs: 2,495,000",km Find,"2025-12-25 | Badulla 200,800",black,Reconditioned,1300,Petrol,Toyota,200800,Corsa,1993,1300,1996,Manual,Car(Saloon)
Mazda 3 2023,"Rs: 16,900,000",km Find,"2025-12-25 | Kohuwala 18,000",white,Brand New,1500,Petrol,Mazda,18000,3,2023,1500,Ref:,Automatic,Car(Sedan)
Hyundai Getz 2003,"Rs: 2,800,000",km Find,"2025-12-25 | Batticaloa 190,000",maroon,Used,1400,Petrol,Hyundai,190000,Getz,2003,1400,2008,Automatic,Car(Hatchback)
Toyota Allion 2013,"Rs: 12,500,000",km Find,"2025-12-25 | Kalutara 136,500",white,Used,1490,Petrol,Toyota,136500,Allion,2013,1490,2013,Automatic,Car(Sedan)
Honda City 2025,"Rs: 14,350,000",,2025-12-25 | Kohuwala Find Out More,white,Brand New,1490,Petrol,Honda,0,City,2025,1490,Ref:,Automatic,Car(Sedan)
BMW 740Le 2018,"Rs: 33,500,000",,2025-12-25 | Kohuwala Find Out More,black,Used,2000,Petrol,BMW,0,740Le,2018,2000,2018,Automatic,Car(Sedan)
Suzuki Baleno 2017,"Rs: 7,850,000",km Find,"2025-12-25 | Kohuwala 128,000",white,Used,1000,Petrol,Suzuki,128000,Baleno,2017,1000,2018,Automatic,Car(Sedan)
Nissan Note 2024,"Rs: 14,700,000",,2025-12-25 | Ragama Find Out More,red,Brand New,1499,Petrol,Nissan,0,Note,2024,1499,Ref:,Automatic,Car(Hatchback)
Honda Fit 2013,"Rs: 7,800,000",km Find,"2025-12-25 | Dehiwala 102,000",blue,Used,1490,Hybrid,Honda,102000,Fit,2013,1490,2015,Automatic,Car(Hatchback)
Toyota Aqua 2012,"Rs: 6,875,000",km Find,"2025-12-25 | Matara 165,000",blue,Reconditioned,1500,Hybrid,Toyota,165000,Aqua,2012,1500,2013,Automatic,Car(Hatchback)
Nissan March 1997,"Rs: 2,950,000",km Find,"2025-12-25 | Kelaniya 181,000",blue,Used,990,Petrol,Nissan,181000,March,1997,990,2000,Automatic,Car(Hatchback)
Suzuki Maruti 2004,"Rs: 1,840,000",km Find,"2025-12-25 | Kelaniya 175,000",silver,Used,800,Petrol,Suzuki,175000,Maruti,2004,800,2004,Manual,Car(Hatchback)
Suzuki Celerio 2015,"Rs: 5,275,000",km Find,"2025-12-25 | Pallekelle 129,000",black,Reconditioned,1000,Petrol,Suzuki,129000,Celerio,2015,1000,2015,Automatic,Car(Hatchback)
Renault KWID 2018,"Rs: 3,800,000",km Find,"2025-12-25 | Panadura 87,000",white,Used,800,Petrol,Renault,87000,KWID,2018,800,2019,Manual,Car(Hatchback)
KIA Sephia 2002,"Rs: 2,600,000",km Find,"2026-02-10 | Mattegoda 162,481",gray,Used,1331,Petrol,KIA,162481,Sephia,2002,1331,2003,Automatic,Car(Sedan)
Toyota Vitz 2016,"Rs: 7,250,000",km Find,"2025-12-24 | Wadduwa 125,000",black,Used,990,Petrol,Toyota,125000,Vitz,2016,990,2019,Automatic,Car(Hatchback)
Honda Fit 2011,"Rs: 5,800,000",km Find,"2025-12-24 | Ambalangoda 140,000",white,Used,1330,Hybrid,Honda,140000,Fit,2011,1330,2012,Automatic,Car(Hatchback)
Suzuki Wagon R 2014,"Rs: 5,475,000",km Find,"2025-12-24 | Poddala 124,654",white,Reconditioned,650,Petrol,Suzuki,124654,Wagon R,2014,650,2017,Automatic,Car(Hatchback)
Toyota Axio 2007,"Rs: 6,400,000",km Find,2025-12-24 | Ambalangoda 0,silver,Used,1500,Petrol,Toyota,0000,Axio,2007,1500,2012,Automatic,Car(Sedan)
Tesla Model 3 2025,"Rs: 35,000,000",,2025-12-24 | Nugegoda Find Out More,white,Brand New,208,Electric,Tesla,0,Model 3,2025,208,Ref:,Automatic,Car(Saloon)
Suzuki Alto 2011,"Rs: 3,000,000",km Find,"2025-12-24 | Bandarawela 1,412,000",silver,Used,800,Petrol,Suzuki,1412000,Alto,2011,800,2011,Manual,Car(Hatchback)
Daihatsu Mira 2025,"Rs: 6,490,000",km Find,"2025-12-24 | Nittambuwa 2,000",white,Reconditioned,660,Petrol,Daihatsu,2000,Mira,2025,660,2025,Automatic,Car(Hatchback)
Toyota Allion 2010,"Rs: 9,700,000",km Find,"2025-12-24 | Panadura 170,000",maroon,Used,1500,Petrol,Toyota,170000,Allion,2010,1500,2010,Automatic,Car(Sedan)
Nissan Presea 1997,"Rs: 2,975,000",km Find,"2025-12-24 | Hanwella 132,500",black,Used,1500,Petrol,Nissan,132500,Presea,1997,1500,2001,Automatic,Car(Sports)
Suzuki Wagon R 2017,"Rs: 6,000,000",km Find,"2025-12-24 | Ambalangoda 119,587",white,Used,650,Hybrid,Suzuki,119587,Wagon R,2017,650,2018,Automatic,Car(Hatchback)
Toyota Prius 2016,"Rs: 12,700,000",km Find,"2025-12-24 | Katunayake 100,000",white,Reconditioned,1790,Petrol,Toyota,100000,Prius,2016,1790,2016,Automatic,Car(Liftback)
Mitsubishi Lancer 1994,"Rs: 2,800,000",km Find,2025-12-24 | Ambalangoda 0,white,Used,1300,Petrol,Mitsubishi,0000,Lancer,1994,1300,1997,Manual,Car(Sedan)
Audi RS3 2010,"Rs: 11,000,000",km Find,2025-12-24 | Ambalangoda 0,gray,Used,2480,Petrol,Audi,0000,RS3,2010,2480,2011,Automatic,Car(Sedan)
KIA Sephia 2002,"Rs: 2,600,000",km Find,"2026-02-10 | Mattegoda 162,481",gray,Used,1331,Petrol,KIA,162481,Sephia,2002,1331,2003,Automatic,Car(Sedan)
Toyota Aqua 2013,"Rs: 7,000,000",km Find,"2025-12-24 | Narammala 140,000",black,Reconditioned,1499,Petrol,Toyota,140000,Aqua,2013,1499,2013,Automatic,Car(Hatchback)
Toyota Corolla 1984,"Rs: 1,200,000",km Find,"2025-12-24 | Kegalle 300,000",red,Used,1500,Petrol,Toyota,300000,Corolla,1984,1500,1987,Manual,Car(Hatchback)
Toyota Allion 2011,"Rs: 9,000,000",km Find,"2025-12-24 | Alutgama 205,000",black,Reconditioned,1500,Petrol,Toyota,205000,Allion,2011,1500,2013,Automatic,Car(Liftback)
Toyota Aqua 2014,"Rs: 7,300,000",km Find,"2025-12-24 | Colombo Fort (Colombo 01) 200,000",silver,Reconditioned,1490,Petrol,Toyota,200000,Aqua,2014,1490,2014,Automatic,Car(Hatchback)
Mazda Demio 2009,"Rs: 4,800,000",km Find,2025-12-24 | Ambalangoda 0,gray,Used,1298,Petrol,Mazda,0000,Demio,2009,1298,2012,Automatic,Car(Hatchback)
Toyota Axio 2015,"Rs: 11,000,000",km Find,"2025-12-24 | Kandana 50,500",brown,Used,1500,Petrol,Toyota,50500,Axio,2015,1500,2015,Automatic,Car(Saloon)
Toyota Allion 2004,"Rs: 7,550,000",,2025-12-24 | Ja-Ela Find Out More,red,Used,1500,Petrol,Toyota,0,Allion,2004,1500,2008,Automatic,Car(Saloon)
Toyota Allion 2017,"Rs: 13,500,000",km Find,"2025-12-24 | Ambalangoda 97,000",green,Used,1500,Petrol,Toyota,97000,Allion,2017,1500,2018,Automatic,Car(Sedan)
Suzuki Swift 2017,"Rs: 8,500,000",km Find,"2025-12-24 | Kuruwita 150,000",gray,Used,990,Petrol,Suzuki,150000,Swift,2017,990,2017,Automatic,Car(Hatchback)
Tata Nano 2015,"Rs: 2,000,000",km Find,"2025-12-24 | Moratuwa 175,000",white,Used,650,Petrol,Tata,175000,Nano,2015,650,2015,Manual,Car(Hatchback)
Honda Grace 2016,"Rs: 8,750,000",km Find,"2025-12-24 | Ambalangoda 156,000",red,Used,1500,Hybrid,Honda,156000,Grace,2016,1500,2017,Automatic,Car(Sedan)
Suzuki Celerio 2018,"Rs: 5,600,000",km Find,"2025-12-24 | Ambalangoda 40,000",orange,Used,1000,Petrol,Suzuki,40000,Celerio,2018,1000,2018,Manual,Car(Hatchback)
Toyota Premio 2008,"Rs: 8,900,000",km Find,"2025-12-24 | Ambalangoda 270,000",maroon,Used,1500,Petrol,Toyota,270000,Premio,2008,1500,2008,Automatic,Car(Saloon)
Toyota Belta 2007,"Rs: 5,800,000",km Find,"2025-12-24 | Ambalangoda 140,000",white,Used,1000,Petrol,Toyota,140000,Belta,2007,1000,2010,Automatic,Car(Saloon)
Daihatsu Taft 2023,"Rs: 7,900,000",km Find,"2025-12-24 | Ambalangoda 11,000",white,Reconditioned,658,Petrol,Daihatsu,11000,Taft,2023,658,2023,Automatic,Car(Hatchback)
KIA Sephia 2002,"Rs: 2,600,000",km Find,"2026-02-10 | Mattegoda 162,481",gray,Used,1331,Petrol,KIA,162481,Sephia,2002,1331,2003,Automatic,Car(Sedan)
Honda Fit 2013,"Rs: 7,400,000",km Find,2025-12-24 | Ambalangoda 0,blue,Used,1500,Hybrid,Honda,0000,Fit,2013,1500,2015,Automatic,Car(Hatchback)
Honda Fit 2014,"Rs: 7,600,000",km Find,"2025-12-24 | Ambalangoda 150,000",white,Used,1330,Hybrid,Honda,150000,Fit,2014,1330,2014,Automatic,Car(Hatchback)
Daihatsu Tanto 2023,"Rs: 8,650,000",km Find,"2025-12-24 | Kurunegala 10,800",blue,Reconditioned,650,Petrol,Daihatsu,10800,Tanto,2023,650,2025,Automatic,Car(Liftback)
Toyota Allion 2015,"Rs: 11,100,000",km Find,"2025-12-24 | Ambalangoda 160,000",silver,Used,1600,Petrol,Toyota,160000,Allion,2015,1600,2016,Automatic,Car(Sedan)
Mazda Axela 2004,"Rs: 5,300,000",km Find,"2025-12-24 | Ambalangoda 186,000",silver,Used,1490,Petrol,Mazda,186000,Axela,2004,1490,2008,Automatic,Car(Saloon)
Perodua Elite 2011,"Rs: 4,490,000",km Find,"2025-12-24 | Kandy 225,000",black,Used,1000,Petrol,Perodua,225000,Elite,2011,1000,2011,Automatic,Car(Liftback)
Toyota Aqua 2012,"Rs: 7,350,000",km Find,"2025-12-24 | Anuradhapura 122,387",black,Used,1490,Hybrid,Toyota,122387,Aqua,2012,1490,2015,Automatic,Car(Liftback)
Honda Civic 2003,"Rs: 5,800,000",,2025-12-24 | Ambalangoda Find Out More,blue,Used,1700,Petrol,Honda,0,Civic,2003,1700,2007,Automatic,Car(Saloon)
Mercedes Benz CLA 2019,"Rs: 22,950,000",km Find,"2025-12-24 | Ambalangoda 61,000",white,Used,2000,Petrol,Mercedes Benz,61000,CLA,2019,2000,2019,Automatic,Car(Sedan)
Toyota Premio 2017,"Rs: 15,600,000",km Find,"2025-12-24 | Ratnapura 97,000",white,Used,1500,Petrol,Toyota,97000,Premio,2017,1500,2017,Automatic,Car(Liftback)
Audi A3 2023,"Rs: 15,800,000",km Find,"2025-12-24 | Colombo Fort (Colombo 01) 24,000",white,Brand New,1000,Petrol,Audi,24000,A3,2023,1000,Ref:,Automatic,Car()
Toyota Yaris 2025,"Rs: 9,400,000",km Find,"2025-12-24 | Kotte 1,500",white,Brand New,1000,Hybrid,Toyota,1500,Yaris,2025,1000,Ref:,Automatic,Car()
Toyota Aqua 2012,"Rs: 6,600,000",km Find,"2025-12-24 | Ambalangoda 166,000",silver,Used,1500,Hybrid,Toyota,166000,Aqua,2012,1500,2014,Automatic,Car(Hatchback)
Toyota Vitz 2017,"Rs: 7,550,000",km Find,"2025-12-24 | Homagama 85,000",white,Used,1000,Petrol,Toyota,85000,Vitz,2017,1000,2018,Automatic,Car(Hatchback)
KIA Sephia 2002,"Rs: 2,600,000",km Find,"2026-02-10 | Mattegoda 162,481",gray,Used,1331,Petrol,KIA,162481,Sephia,2002,1331,2003,Automatic,Car(Sedan)
Mitsubishi Lancer 2002,"Rs: 10,500,000",km Find,"2025-12-24 | Kurunegala 100,000",blue,Reconditioned,3000,Petrol,Mitsubishi,100000,Lancer,2002,3000,2002,Manual,Car(Sedan)
Daihatsu Esse 2024,"Rs: 7,200,000",,2025-12-24 | Polonnaruwa Find Out More,red,Brand New,650,Petrol,Daihatsu,0,Esse,2024,650,Ref:,Automatic,Car(Hatchback)
Suzuki Wagon R 2023,"Rs: 7,500,000",km Find,"2025-12-24 | Kurunegala 3,500",blue,Brand New,690,Hybrid,Suzuki,3500,Wagon R,2023,690,Ref:,Automatic,Car(Hatchback)
Renault KWID 2016,"Rs: 3,700,000",km Find,"2025-12-24 | Colombo Fort (Colombo 01) 51,900",red,Used,690,Petrol,Renault,51900,KWID,2016,690,2016,Automatic,Car(Hatchback)
Suzuki Wagon R 2018,"Rs: 6,650,000",km Find,"2025-12-24 | Colombo Fort (Colombo 01) 75,000",white,Used,690,Hybrid,Suzuki,75000,Wagon R,2018,690,2018,Automatic,Car(Hatchback)
Suzuki Wagon R 2015,"Rs: 5,700,000",km Find,"2025-12-24 | Colombo Fort (Colombo 01) 137,000",white,Used,690,Petrol,Suzuki,137000,Wagon R,2015,690,2015,Manual,Car(Hatchback)
Suzuki Wagon R 2017,"Rs: 5,800,000",km Find,"2025-12-24 | Wennappuwa 150,000",white,Used,690,Hybrid,Suzuki,150000,Wagon R,2017,690,2017,Automatic,Car(Hatchback)
Toyota Belta 2007,"Rs: 5,800,000",km Find,"2025-12-24 | Dehiwala 14,000",white,Used,1000,Petrol,Toyota,14000,Belta,2007,1000,2010,Manual,Car(Hatchback)
BMW i8 2014,"Rs: 27,500,000",km Find,"2025-12-24 | Maradana (Colombo 10) 35,000",black,Used,690,Hybrid,BMW,35000,i8,2014,690,2016,Automatic,Car(Hatchback)
Suzuki Wagon R 2024,"Rs: 7,200,000",,2025-12-24 | Gampaha Find Out More,blue,Brand New,650,Petrol,Suzuki,0,Wagon R,2024,650,Ref:,Automatic,Car(Station wagon)
Suzuki Wagon R 2025,"Rs: 8,900,000",,2025-12-24 | Gampaha Find Out More,white,Brand New,650,Petrol,Suzuki,0,Wagon R,2025,650,Ref:,Automatic,Car(Station wagon)
Toyota Yaris 2024,"Rs: 9,700,000",,2025-12-24 | Polonnaruwa Find Out More,white,Brand New,950,Petrol,Toyota,0,Yaris,2024,950,Ref:,Automatic,Car(Hatchback)
Mitsubishi Space Wagon 2023,"Rs: 7,200,000",,2025-12-24 | Polonnaruwa Find Out More,white,Brand New,660,Petrol,Mitsubishi,0,Space Wagon,2023,660,Ref:,Automatic,Car(Hatchback)
Daihatsu Esse 2024,"Rs: 7,000,000",,2025-12-24 | Polonnaruwa Find Out More,white,Brand New,650,Petrol,Daihatsu,0,Esse,2024,650,Ref:,Automatic,Car(Hatchback)
Suzuki Celerio 2015,"Rs: 4,400,000",km Find,2025-12-24 | Ambalangoda 0,white,Used,1000,Petrol,Suzuki,0000,Celerio,2015,1000,2015,Manual,Car(Hatchback)
Toyota Vitz 2016,"Rs: 7,290,000",km Find,"2025-12-24 | Kundasale 53,000",black,Reconditioned,1000,Petrol,Toyota,53000,Vitz,2016,1000,2019,Automatic,Car(Hatchback)
Micro Trend 2012,"Rs: 1,795,000",km Find,"2025-12-24 | Kaduwela 88,000",white,Used,1075,Petrol,Micro,88000,Trend,2012,1075,2012,Manual,Car(Hatchback)
Toyota Aqua 2013,"Rs: 7,350,000",km Find,"2025-12-24 | Kaduwela 178,000",black,Used,1500,Hybrid,Toyota,178000,Aqua,2013,1500,2014,Automatic,Car(Hatchback)
KIA Sephia 2002,"Rs: 2,600,000",km Find,"2026-02-10 | Mattegoda 162,481",gray,Used,1331,Petrol,KIA,162481,Sephia,2002,1331,2003,Automatic,Car(Sedan)
Toyota Yaris 2025,"Rs: 10,800,000",,2025-12-24 | Kurunegala Find Out More,white,Reconditioned,1000,Petrol,Toyota,0,Yaris,2025,1000,2025,Automatic,Car(Hatchback)
Suzuki Alto 2017,"Rs: 5,650,000",km Find,"2025-12-24 | Kurunegala 86,000",silver,Used,650,Hybrid,Suzuki,86000,Alto,2017,650,2019,Automatic,Car(Hatchback)
Suzuki Spacia 2025,"Rs: 9,450,000",km Find,"2025-12-24 | Kurunegala 1,000",gray,Reconditioned,660,Hybrid,Suzuki,1000,Spacia,2025,660,2025,Automatic,Car(Hatchback)
Toyota Axio 2008,"Rs: 7,850,000",km Find,"2025-12-24 | Kegalle 120,000",white,Used,1500,Petrol,Toyota,120000,Axio,2008,1500,2011,Automatic,Car(Liftback)
Honda Fit 2013,"Rs: 7,850,000",km Find,"2025-12-24 | Kegalle 129,000",black,Used,1500,Hybrid,Honda,129000,Fit,2013,1500,2014,Automatic,Car(Hatchback)
Toyota Corolla 1986,"Rs: 1,600,000",km Find,"2025-12-24 | Matale 190,000",white,Used,1300,Petrol,Toyota,190000,Corolla,1986,1300,1986,Manual,Car(Liftback)
Toyota Aqua 2014,"Rs: 7,300,000",km Find,2025-12-24 | Ambalangoda 0,blue,Used,1500,Hybrid,Toyota,0000,Aqua,2014,1500,2014,Automatic,Car(Liftback)
Suzuki Wagon R 2025,"Rs: 9,000,000",,2025-12-24 | Kurunegala Find Out More,white,Reconditioned,650,Hybrid,Suzuki,0,Wagon R,2025,650,2025,Automatic,Car(Hatchback)
Suzuki Swift 2003,"Rs: 4,250,000",km Find,"2025-12-24 | Ja-Ela 178,000",silver,Used,1330,Petrol,Suzuki,178000,Swift,2003,1330,2006,Automatic,Car(Liftback)
Toyota Premio 2017,"Rs: 14,500,000",km Find,"2025-12-24 | Ampara 107,000",white,Used,690,Petrol,Toyota,107000,Premio,2017,690,2017,Automatic,Car(Hatchback)
Toyota Premio 2018,"Rs: 15,500,000",km Find,"2025-12-24 | Kalutara 81,000",white,Used,1500,Petrol,Toyota,81000,Premio,2018,1500,2018,Automatic,Car(Liftback)
Toyota Axio 2014,"Rs: 9,500,000",km Find,"2025-12-24 | Gampaha 160,000",maroon,Used,1500,Hybrid,Toyota,160000,Axio,2014,1500,2014,Automatic,Car(Sedan)
Suzuki Celerio 2015,"Rs: 5,450,000",km Find,"2025-12-24 | Akkarayankulam 86,000",white,Used,1000,Petrol,Suzuki,86000,Celerio,2015,1000,2015,Automatic,Car(Hatchback)
Toyota Vitz 2007,"Rs: 5,800,000",km Find,"2025-12-24 | Cheddikulam 150,000",silver,Used,1330,Petrol,Toyota,150000,Vitz,2007,1330,2010,Automatic,Car(Sedan)
Toyota Starlet 1987,"Rs: 1,860,000",km Find,"2025-12-23 | Seeduwa 200,000",white,Used,1300,Petrol,Toyota,200000,Starlet,1987,1300,1990,Manual,Car(Hatchback)
Suzuki Wagon R 2014,"Rs: 4,900,000",km Find,"2025-12-23 | Ampara 176,000",white,Used,690,Petrol,Suzuki,176000,Wagon R,2014,690,2015,Manual,Car(Hatchback)
Toyota Premio 2013,"Rs: 11,600,000",km Find,"2025-12-23 | Ampara 120,000",white,Used,690,Petrol,Toyota,120000,Premio,2013,690,2013,Manual,Car(Hatchback)
Toyota Prius 2011,"Rs: 8,000,000",km Find,"2025-12-23 | Ambalangoda 153,000",blue,Used,1600,Hybrid,Toyota,153000,Prius,2011,1600,2013,Automatic,Car(Liftback)
Toyota Belta 2008,"Rs: 6,000,000",km Find,"2025-12-23 | Ambalangoda 167,000",blue,Used,1300,Petrol,Toyota,167000,Belta,2008,1300,2011,Automatic,Car(Saloon)
KIA Sephia 2002,"Rs: 2,600,000",km Find,"2026-02-10 | Mattegoda 162,481",gray,Used,1331,Petrol,KIA,162481,Sephia,2002,1331,2003,Automatic,Car(Sedan)
Suzuki Wagon R 2017,"Rs: 6,100,000",km Find,"2025-12-23 | Ambalangoda 164,000",blue,Used,650,Hybrid,Suzuki,164000,Wagon R,2017,650,2018,Automatic,Car(Hatchback)
Toyota Corolla 2006,"Rs: 5,900,000",km Find,"2025-12-23 | Ambalangoda 250,000",blue,Used,1500,Petrol,Toyota,250000,Corolla,2006,1500,2006,Automatic,Car(Saloon)
Toyota Vitz 2005,"Rs: 4,750,000",km Find,"2025-12-23 | Ambalangoda 99,312",black,Used,990,Petrol,Toyota,99312,Vitz,2005,990,2007,Automatic,Car(Hatchback)
Toyota Aqua 2012,"Rs: 6,300,000",km Find,"2025-12-23 | Ambalangoda 279,000",red,Used,1500,Hybrid,Toyota,279000,Aqua,2012,1500,2015,Automatic,Car(Liftback)
Toyota Aqua 2016,"Rs: 7,800,000",km Find,"2025-12-23 | Ambalangoda 136,000",blue,Used,1500,Hybrid,Toyota,136000,Aqua,2016,1500,2017,Automatic,Car(Liftback)
Suzuki Swift 2017,"Rs: 7,800,000",km Find,"2025-12-23 | Ambalangoda 97,000",gray,Used,1300,Petrol,Suzuki,97000,Swift,2017,1300,2018,Automatic,Car(Hatchback)
Renault KWID 2016,"Rs: 3,550,000",km Find,"2025-12-23 | Moratuwa 200,000",white,Used,800,Petrol,Renault,200000,KWID,2016,800,2016,Manual,Car(Hatchback)
Toyota Allion 2004,"Rs: 6,800,000",km Find,2025-12-23 | Ambalangoda 0,black,Used,1500,Petrol,Toyota,0000,Allion,2004,1500,2005,Automatic,Car(Saloon)
Toyota Prius 2010,"Rs: 6,650,000",km Find,"2025-12-23 | Ambalangoda 187,000",silver,Used,1600,Hybrid,Toyota,187000,Prius,2010,1600,2010,Automatic,Car(Liftback)
Renault KWID 2017,"Rs: 3,700,000",km Find,2025-12-23 | Ambalangoda 0,red,Used,999,Petrol,Renault,0000,KWID,2017,999,2018,Manual,Car()
KIA Sephia 2002,"Rs: 2,600,000",km Find,"2026-02-10 | Mattegoda 162,481",gray,Used,1331,Petrol,KIA,162481,Sephia,2002,1331,2003,Automatic,Car(Sedan)
Honda Grace 2016,"Rs: 8,500,000",km Find,"2025-12-23 | Ambalangoda 158,000",red,Used,1500,Hybrid,Honda,158000,Grace,2016,1500,2016,Automatic,Car(Sedan)
Suzuki Wagon R 2016,"Rs: 5,600,000",,2025-12-23 | Ambalangoda Find Out More,white,Used,650,Petrol,Suzuki,0,Wagon R,2016,650,2018,Automatic,Car(Hatchback)
Toyota Axio 2015,"Rs: 8,100,000",,2025-12-23 | Ambalangoda Find Out More,maroon,Used,1500,Petrol,Toyota,0,Axio,2015,1500,2015,Automatic,Car(Saloon)
Toyota Aqua 2013,"Rs: 7,000,000",km Find,"2025-12-23 | Ambalangoda 200,000",white,Used,1300,Petrol,Toyota,200000,Aqua,2013,1300,2015,Automatic,Car(Hatchback)
Nissan March 2000,"Rs: 3,200,000",km Find,"2025-12-23 | Gampaha 179,000",gray,Used,990,Petrol,Nissan,179000,March,2000,990,2003,Automatic,Car(Hatchback)
Toyota Premio 2011,"Rs: 9,250,000",,2025-12-23 | Kurunegala Find Out More,maroon,Used,1500,Petrol,Toyota,0,Premio,2011,1500,2012,Automatic,Car(Liftback)
Toyota Aqua 2014,"Rs: 7,000,000",km Find,"2025-12-23 | Ambalangoda 90,905",blue,Used,1500,Hybrid,Toyota,90905,Aqua,2014,1500,2017,Automatic,Car(Liftback)
Toyota Premio 2008,"Rs: 7,800,000",km Find,2025-12-23 | Ambalangoda 0,maroon,Used,1600,Petrol,Toyota,0000,Premio,2008,1600,2008,Automatic,Car(Sedan)
Toyota Prius 2014,"Rs: 10,200,000",km Find,"2025-12-23 | Ambalangoda 142,400",black,Used,1600,Hybrid,Toyota,142400,Prius,2014,1600,2015,Automatic,Car(Liftback)
Mazda Familia 1997,"Rs: 2,400,000",km Find,2025-12-23 | Ambalangoda 0,white,Used,1700,Diesel,Mazda,0000,Familia,1997,1700,2000,Automatic,Car(Saloon)
Honda Grace 2015,"Rs: 8,950,000",km Find,"2025-12-23 | Anuradhapura 120,000",white,Used,1500,Hybrid,Honda,120000,Grace,2015,1500,2015,Automatic,Car(Liftback)
Suzuki Swift 2008,"Rs: 5,650,000",km Find,"2025-12-23 | Kollupitiya (Colombo 03) 165,000",white,Used,1330,Petrol,Suzuki,165000,Swift,2008,1330,2010,Automatic,Car(Hatchback)
Suzuki Wagon R 2024,"Rs: 7,000,000",km Find,"2025-12-23 | Alawwa 5,562",white,Reconditioned,660,Hybrid,Suzuki,5562,Wagon R,2024,660,2024,Automatic,Car(Hatchback)
Daihatsu Mira 2024,"Rs: 6,890,000",km Find,"2025-12-23 | Moratuwa 3,000",blue,Brand New,650,Petrol,Daihatsu,3000,Mira,2024,650,Ref:,Automatic,Car(Hatchback)
Suzuki Wagon R 2023,"Rs: 8,500,000",km Find,"2025-12-23 | Kurunegala 6,500",white,Used,650,Petrol,Suzuki,6500,Wagon R,2023,650,2025,Automatic,Car(Hatchback)
Honda Civic 2012,"Rs: 7,200,000",km Find,2025-12-23 | Ambalangoda 0,brown,Used,1800,Petrol,Honda,0000,Civic,2012,1800,2012,Automatic,Car(Sedan)
KIA Sephia 2002,"Rs: 2,600,000",km Find,"2026-02-10 | Mattegoda 162,481",gray,Used,1331,Petrol,KIA,162481,Sephia,2002,1331,2003,Automatic,Car(Sedan)
Suzuki Wagon R 2023,"Rs: 8,700,000",km Find,"2025-12-23 | Gampaha 2,500",white,Reconditioned,650,Petrol,Suzuki,2500,Wagon R,2023,650,2024,Automatic,Car(Station wagon)
Suzuki Alto 2015,"Rs: 3,475,000",km Find,"2025-12-23 | Ambalangoda 135,000",red,Used,800,Petrol,Suzuki,135000,Alto,2015,800,2015,Manual,Car(Hatchback)
Toyota Mark II 2001,"Rs: 6,000,000",km Find,"2025-12-23 | Ambalangoda 88,750",silver,Used,2000,Petrol,Toyota,88750,Mark II,2001,2000,2003,Automatic,Car(Saloon)
Honda Grace 2016,"Rs: 9,000,000",km Find,"2025-12-23 | Ambalangoda 155,000",silver,Used,1500,Hybrid,Honda,155000,Grace,2016,1500,2018,Automatic,Car(Sedan)
Toyota Premio 2017,"Rs: 14,500,000",km Find,"2025-12-23 | Ambalangoda 150,000",white,Used,1500,Petrol,Toyota,150000,Premio,2017,1500,2017,Automatic,Car(Sedan)
Toyota Axio 2015,"Rs: 8,000,000",,2025-12-23 | Ambalangoda Find Out More,white,Used,1500,Hybrid,Toyota,0,Axio,2015,1500,2016,Automatic,Car(Saloon)
Nissan ExSunny 2001,"Rs: 3,340,000",km Find,2025-12-23 | Ambalangoda 0,red,Used,1295,Petrol,Nissan,0000,ExSunny,2001,1295,2002,Manual,Car(Saloon)
Toyota Vitz 2016,"Rs: 7,750,000",km Find,"2025-12-23 | Bandaragama 161,000",silver,Used,990,Petrol,Toyota,161000,Vitz,2016,990,2019,Automatic,Car(Hatchback)
Toyota Aqua 2013,"Rs: 7,275,000",km Find,"2025-12-23 | Ambalangoda 108,000",silver,Used,1500,Hybrid,Toyota,108000,Aqua,2013,1500,2015,Automatic,Car(Liftback)
Suzuki Alto 2011,"Rs: 2,975,000",km Find,"2025-12-23 | Ambalangoda 9,800,000",white,Used,800,Petrol,Suzuki,9800000,Alto,2011,800,2011,Manual,Car(Hatchback)
Zotye Z100 2017,"Rs: 3,295,000",km Find,"2025-12-23 | Bandaragama 65,000",white,Used,800,Petrol,Zotye,65000,Z100,2017,800,2017,Manual,Car(Hatchback)
Toyota Premio 2013,"Rs: 12,000,000",km Find,"2025-12-23 | Ambalangoda 120,000",white,Used,1500,Petrol,Toyota,120000,Premio,2013,1500,2013,Automatic,Car(Saloon)
Hyundai Eon 2016,"Rs: 3,850,000",km Find,"2025-12-23 | Hikkaduwa 160,000",white,Used,880,Petrol,Hyundai,160000,Eon,2016,880,2017,Manual,Car(Hatchback)
Honda City 2025,"Rs: 14,350,000",,2025-12-23 | Kottawa Find Out More,white,Brand New,1000,Petrol,Honda,0,City,2025,1000,Ref:,Automatic,Car(Station wagon)
Honda Fit 2014,"Rs: 8,050,000",km Find,"2025-12-23 | Kegalle 120,000",blue,Used,1500,Hybrid,Honda,120000,Fit,2014,1500,2015,Automatic,Car(Hatchback)
KIA Sephia 2002,"Rs: 2,600,000",km Find,"2026-02-10 | Mattegoda 162,481",gray,Used,1331,Petrol,KIA,162481,Sephia,2002,1331,2003,Automatic,Car(Sedan)
Suzuki Wagon R 2014,"Rs: 5,850,000",km Find,"2025-12-23 | Kegalle 92,000",white,Reconditioned,650,Petrol,Suzuki,92000,Wagon R,2014,650,2017,Automatic,Car(Hatchback)
Toyota Aqua 2014,"Rs: 7,350,000",km Find,"2025-12-23 | Ambalangoda 140,000",white,Used,1500,Hybrid,Toyota,140000,Aqua,2014,1500,2014,Automatic,Car(Liftback)
Mitsubishi Lancer 1991,"Rs: 1,600,000",km Find,"2025-12-23 | Maharagama 126,000",silver,Used,1500,Petrol,Mitsubishi,126000,Lancer,1991,1500,1992,Manual,Car(Saloon)
Toyota Axio 2016,"Rs: 10,500,000",km Find,"2025-12-23 | Ambalangoda 120,000",white,Used,1500,Petrol,Toyota,120000,Axio,2016,1500,2018,Automatic,Car(Saloon)
Toyota Axio 2017,"Rs: 11,200,000",km Find,"2025-12-23 | Ambalangoda 150,000",white,Used,1500,Hybrid,Toyota,150000,Axio,2017,1500,2017,Automatic,Car(Sedan)
Suzuki Wagon R 2015,"Rs: 5,300,000",km Find,"2025-12-23 | Ambalangoda 137,000",white,Used,650,Hybrid,Suzuki,137000,Wagon R,2015,650,2015,Automatic,Car(Hatchback)
Toyota Prius 2013,"Rs: 10,500,000",km Find,"2025-12-23 | Ambalangoda 143,000",silver,Used,1600,Hybrid,Toyota,143000,Prius,2013,1600,2015,Automatic,Car(Liftback)
Suzuki Wagon R 2016,"Rs: 5,900,000",km Find,"2025-12-23 | Ambalangoda 100,000",white,Used,650,Petrol,Suzuki,100000,Wagon R,2016,650,2018,Automatic,Car(Hatchback)
Audi A4 2011,"Rs: 10,500,000",km Find,"2025-12-23 | Katupota 75,000",purple,Used,1500,Petrol,Audi,75000,A4,2011,1500,2011,Automatic,Car(Saloon)
Toyota Axio 2015,"Rs: 9,400,000",km Find,"2025-12-23 | Piliyandala 113,000",silver,Reconditioned,1490,Petrol,Toyota,113000,Axio,2015,1490,2018,Automatic,Car(Sedan)
Honda Grace 2015,"Rs: 9,000,000",km Find,"2025-12-23 | Ambalangoda 140,000",gray,Used,1500,Petrol,Honda,140000,Grace,2015,1500,2017,Automatic,Car(Liftback)
Toyota Aqua 2013,"Rs: 7,000,000",km Find,2025-12-23 | Gampaha 0,white,Used,1500,Hybrid,Toyota,0000,Aqua,2013,1500,2015,Automatic,Car(Liftback)
Suzuki Alto 2015,"Rs: 5,050,000",km Find,"2025-12-23 | Ambalangoda 117,000",black,Used,658,Petrol,Suzuki,117000,Alto,2015,658,2018,Automatic,Car(Hatchback)
Suzuki Wagon R 2018,"Rs: 6,300,000",km Find,"2025-12-23 | Ambalangoda 96,000",black,Used,650,Petrol,Suzuki,96000,Wagon R,2018,650,2018,Automatic,Car(Hatchback)
Toyota Prius 2013,"Rs: 10,500,000",km Find,"2025-12-23 | Ambalangoda 143,000",white,Used,1500,Petrol,Toyota,143000,Prius,2013,1500,2015,Automatic,Car(Liftback)
KIA Sephia 2002,"Rs: 2,600,000",km Find,"2026-02-10 | Mattegoda 162,481",gray,Used,1331,Petrol,KIA,162481,Sephia,2002,1331,2003,Automatic,Car(Sedan)
Toyota Prius 2011,"Rs: 8,900,000",km Find,"2025-12-23 | Malabe 1,050,000",white,Used,1800,Hybrid,Toyota,1050000,Prius,2011,1800,2011,Automatic,Car(Hatchback)
Suzuki Swift 2017,"Rs: 8,425,000",km Find,"2025-12-23 | Kadawatha 64,000",red,Used,1000,Petrol,Suzuki,64000,Swift,2017,1000,2018,Automatic,Car(Liftback)
Suzuki Alto 2015,"Rs: 3,580,000",km Find,"2025-12-23 | Galle 92,800",red,Used,800,Petrol,Suzuki,92800,Alto,2015,800,2015,Manual,Car(Hatchback)
Suzuki Celerio 2016,"Rs: 5,100,000",km Find,"2025-12-22 | Matara 124,000",white,Used,1000,Petrol,Suzuki,124000,Celerio,2016,1000,2016,Automatic,Car(Hatchback)
Honda ARIA 2013,"Rs: 5,300,000",km Find,2025-12-22 | Kuliyapitiya 123,silver,Used,123,Petrol,Honda,123,ARIA,2013,123,2013,Automatic,Car(Saloon)
Toyota Prius 2013,"Rs: 10,200,000",km Find,"2025-12-22 | Kuliyapitiya 81,000",black,Used,690,Hybrid,Toyota,81000,Prius,2013,690,2015,Automatic,Car(Hatchback)
Mitsubishi Lancer 1984,"Rs: 2,500,000",,2025-12-22 | Malabe Find Out More,red,Used,1300,Diesel,Mitsubishi,0,Lancer,1984,1300,1984,Manual,Car(Saloon)
Toyota Prius 2014,"Rs: 11,700,000",km Find,"2025-12-22 | Piliyandala 129,251",black,Used,1800,Hybrid,Toyota,129251,Prius,2014,1800,2014,Automatic,Car(Hatchback)
Toyota Corolla 2019,"Rs: 13,800,000",km Find,"2025-12-22 | Mirigama 66,800",black,Used,1200,Petrol,Toyota,66800,Corolla,2019,1200,2019,Automatic,Car(Hatchback)
Toyota Allion 2003,"Rs: 6,900,000",km Find,"2025-12-22 | Athurugiriya 180,000",black,Used,1796,Petrol,Toyota,180000,Allion,2003,1796,2008,Automatic,Car(Sedan)
Mazda Demio 1999,"Rs: 4,500,000",km Find,"2025-12-22 | Mawathagama 99,000",silver,Used,1320,Petrol,Mazda,99000,Demio,1999,1320,2004,Automatic,Car(Hatchback)
Suzuki Maruti 2006,"Rs: 1,880,000",km Find,"2025-12-22 | Warakapola 220,000",gray,Used,800,Petrol,Suzuki,220000,Maruti,2006,800,2006,Manual,Car(Hatchback)
Toyota Vitz 2018,"Rs: 8,200,000",km Find,"2025-12-22 | Ratnapura 63,000",white,Used,1000,Petrol,Toyota,63000,Vitz,2018,1000,2019,Automatic,Car()
Nissan Sunny 1990,"Rs: 1,375,000",km Find,"2025-12-22 | Kirillawala 400,000",white,Used,1500,Petrol,Nissan,400000,Sunny,1990,1500,1990,Manual,Car(Hatchback)
Zotye Z100 2020,"Rs: 3,725,000",km Find,"2025-12-22 | Elpitiya 28,500",white,Used,1000,Petrol,Zotye,28500,Z100,2020,1000,2020,Manual,Car(Hatchback)
KIA Sephia 2002,"Rs: 2,600,000",km Find,"2026-02-10 | Mattegoda 162,481",gray,Used,1331,Petrol,KIA,162481,Sephia,2002,1331,2003,Automatic,Car(Sedan)
Zotye Z100 2020,"Rs: 3,725,000",km Find,"2025-12-22 | Elpitiya 28,500",white,Used,1000,Petrol,Zotye,28500,Z100,2020,1000,2020,Manual,Car(Hatchback)
Toyota Aqua 2013,"Rs: 7,450,000",km Find,"2025-12-22 | Kuliyapitiya 148,000",black,Used,1500,Petrol,Toyota,148000,Aqua,2013,1500,2014,Automatic,Car(Hatchback)
Perodua Viva 2011,"Rs: 4,525,000",km Find,"2025-12-22 | Kottawa 151,000",orange,Used,1000,Petrol,Perodua,151000,Viva,2011,1000,2011,Automatic,Car(Liftback)
Suzuki Wagon R 2024,"Rs: 7,900,000",km Find,2025-12-22 | Akkaraipattu 650,white,Brand New,650,Petrol,Suzuki,650,Wagon R,2024,650,Ref:,Automatic,Car(Sedan)
Suzuki Wagon R 2023,"Rs: 7,350,000",km Find,2025-12-22 | Akkaraipattu 600,white,Brand New,650,Petrol,Suzuki,600,Wagon R,2023,650,Ref:,Automatic,Car(Sedan)
Honda City 2025,"Rs: 13,700,000",km Find,2025-12-22 | Athurugiriya 135,white,Brand New,1000,Petrol,Honda,135,City,2025,1000,Ref:,Automatic,Car(Saloon)
Suzuki Maruti 2011,"Rs: 3,700,000",km Find,"2025-12-22 | Kegalle 120,000",orange,Used,800,Petrol,Suzuki,120000,Maruti,2011,800,2012,Manual,Car(Hatchback)
Suzuki Maruti 2012,"Rs: 2,700,000",km Find,"2025-12-22 | Kegalle 120,000",red,Used,800,Petrol,Suzuki,120000,Maruti,2012,800,2012,Manual,Car(Hatchback)
Toyota Axio 2015,"Rs: 8,400,000",,2025-12-22 | Ja-Ela Find Out More,black,Used,1500,Petrol,Toyota,0,Axio,2015,1500,2015,Manual,Car(Convertible)
Toyota Prius 2011,"Rs: 9,900,000",km Find,"2025-12-22 | Rajagiriya 191,500",white,Used,1500,Petrol,Toyota,191500,Prius,2011,1500,2013,Automatic,Car(Saloon)
Honda Grace 2016,"Rs: 9,450,000",km Find,"2025-12-22 | Nittambuwa 155,000",gray,Used,1496,Petrol,Honda,155000,Grace,2016,1496,2018,Automatic,Car(Liftback)
Suzuki Wagon R 2024,"Rs: 7,750,000",km Find,"2025-12-22 | Kegalle 5,000",white,Brand New,660,Petrol,Suzuki,5000,Wagon R,2024,660,Ref:,Automatic,Car(Hatchback)
Micro Panda Cross 2017,"Rs: 4,395,000",,2025-12-22 | Panadura Find Out More,white,Used,1000,Petrol,Micro,0,Panda Cross,2017,1000,2017,Automatic,Car(Hatchback)
Suzuki Alto 2003,"Rs: 3,700,000",km Find,"2025-12-22 | Kegalle 160,000",white,Used,660,Petrol,Suzuki,160000,Alto,2003,660,2006,Automatic,Car(Hatchback)
KIA Sephia 2002,"Rs: 2,600,000",km Find,"2026-02-10 | Mattegoda 162,481",gray,Used,1331,Petrol,KIA,162481,Sephia,2002,1331,2003,Automatic,Car(Sedan)
Nissan B11 1983,"Rs: 835,000",km Find,"2025-12-22 | Pitipana Homagama 1,000,000",silver,Used,1300,Petrol,Nissan,1000000,B11,1983,1300,1983,Manual,Car(Saloon)
Datsun Redi Go 2016,"Rs: 3,265,000",,2025-12-22 | Panadura Find Out More,green,Used,800,Petrol,Datsun,0,Redi Go,2016,800,2017,Manual,Car(Liftback)
Micro MX7 2013,"Rs: 3,095,000",,2025-12-22 | Panadura Find Out More,silver,Used,1500,Petrol,Micro,0,MX7,2013,1500,2013,Manual,Car(Sedan)
Daihatsu Taft 2025,"Rs: 9,300,000",,2025-12-22 | Pilimatalawa Find Out More,white,Brand New,1000,Petrol,Daihatsu,0,Taft,2025,1000,Ref:,Automatic,Car(Hatchback)
Suzuki Alto 2000,"Rs: 3,195,000",,2025-12-22 | Panadura Find Out More,white,Used,650,Petrol,Suzuki,0,Alto,2000,650,2003,Automatic,Car(Liftback)
Suzuki Wagon R 2008,"Rs: 3,900,000",km Find,"2025-12-22 | Homagama 75,800",red,Used,1000,Petrol,Suzuki,75800,Wagon R,2008,1000,2008,Manual,Car(Hatchback)
Toyota Belta 2007,"Rs: 6,450,000",km Find,"2025-12-22 | Oluvil 150,000",silver,Used,1500,Petrol,Toyota,150000,Belta,2007,1500,2010,Automatic,Car(Sedan)
KIA Sephia 2002,"Rs: 2,600,000",km Find,"2026-02-10 | Mattegoda 162,481",gray,Used,1331,Petrol,KIA,162481,Sephia,2002,1331,2003,Automatic,Car(Sedan)
Honda Insight 2011,"Rs: 7,350,000",km Find,"2025-12-22 | Beliatta 167,000",black,Used,1200,Petrol,Honda,167000,Insight,2011,1200,2013,Automatic,Car(Saloon)
Suzuki Maruti 2012,"Rs: 1,890,000",km Find,"2025-12-22 | Batapola 95,780",silver,Used,800,Petrol,Suzuki,95780,Maruti,2012,800,2012,Automatic,Car(Hatchback)
Toyota Aqua 2016,"Rs: 7,950,000",km Find,"2025-12-22 | Pussellawa 200,000",white,Used,1500,Petrol,Toyota,200000,Aqua,2016,1500,2016,Automatic,Car(Hatchback)
Suzuki Swift 2017,"Rs: 8,375,000",km Find,"2025-12-22 | Welimada 63,000",blue,Used,1000,Petrol,Suzuki,63000,Swift,2017,1000,2019,Automatic,Car(Liftback)
Toyota Aqua 2013,"Rs: 8,000,000",km Find,"2025-12-22 | Badalgama 50,000",black,Used,1500,Hybrid,Toyota,50000,Aqua,2013,1500,2015,Automatic,Car(Hatchback)
Suzuki Alto 2015,"Rs: 3,925,000",km Find,"2025-12-22 | Kalmunai 103,000",gray,Used,800,Petrol,Suzuki,103000,Alto,2015,800,2015,Manual,Car(Hatchback)
Suzuki Maruti 2005,"Rs: 2,050,000",km Find,"2025-12-21 | Godakawela 120,000",red,Used,800,Petrol,Suzuki,120000,Maruti,2005,800,2005,Manual,Car(Hatchback)
Suzuki Wagon R 2018,"Rs: 7,400,000",km Find,"2025-12-21 | Kamburupitiya 23,350",white,Used,660,Hybrid,Suzuki,23350,Wagon R,2018,660,2018,Automatic,Car(Hatchback)
Toyota Vitz 2017,"Rs: 7,925,000",km Find,"2025-12-21 | Kalmunai 105,000",white,Used,1490,Petrol,Toyota,105000,Vitz,2017,1490,2019,Automatic,Car(Sedan)
KIA Sephia 2002,"Rs: 2,600,000",km Find,"2026-02-10 | Mattegoda 162,481",gray,Used,1331,Petrol,KIA,162481,Sephia,2002,1331,2003,Automatic,Car(Sedan)
Suzuki Swift 2017,"Rs: 8,450,000",km Find,"2025-12-21 | Batticaloa 102,000",white,Used,1000,Petrol,Suzuki,102000,Swift,2017,1000,2018,Automatic,Car(Sedan)
Suzuki Maruti 2003,"Rs: 1,875,000",,2025-12-21 | Kaduwela Find Out More,silver,Used,800,Petrol,Suzuki,0,Maruti,2003,800,2003,Manual,Car(Hatchback)
Suzuki Maruti 2004,"Rs: 1,980,000",km Find,"2025-12-21 | Horana 126,000",gray,Used,800,Petrol,Suzuki,126000,Maruti,2004,800,2004,Manual,Car(Hatchback)
Suzuki Wagon R 2018,"Rs: 6,900,000",km Find,"2025-12-21 | Ampara 150,000",white,Used,690,Hybrid,Suzuki,150000,Wagon R,2018,690,2018,Automatic,Car(Hatchback)
Suzuki Alto 2015,"Rs: 3,000,000",km Find,"2025-12-21 | Hambantota 172,000",white,Used,800,Petrol,Suzuki,172000,Alto,2015,800,2015,Manual,Car(Sedan)
Toyota Prius 2016,"Rs: 13,475,000",km Find,"2025-12-21 | Kiribathgoda 196,500",beige,Used,1790,Hybrid,Toyota,196500,Prius,2016,1790,2016,Automatic,Car(Saloon)
Nissan Sunny 2002,"Rs: 4,750,000",km Find,"2025-12-21 | Peradeniya 158,600",silver,Used,1500,Petrol,Nissan,158600,Sunny,2002,1500,2005,Automatic,Car(Saloon)
Nissan FB 14 1996,"Rs: 3,390,000",km Find,"2025-12-21 | Ibbagamuwa 210,000",gray,Used,1500,Petrol,Nissan,210000,FB 14,1996,1500,2000,Automatic,Car(Saloon)
Standard Vanguard 2020,"Rs: 4,000,000",km Find,"2025-12-21 | Mirigama 15,000",white,Used,1000,Petrol,Standard,15000,Vanguard,2020,1000,2020,Manual,Car(Hatchback)
Toyota Aqua 2014,"Rs: 7,300,000",km Find,"2025-12-21 | Kundasale 107,000",black,Used,1500,Hybrid,Toyota,107000,Aqua,2014,1500,2014,Automatic,Car(Hatchback)
Tata Indigo 2006,"Rs: 2,100,000",km Find,"2025-12-20 | Pitipana Homagama 168,000",black,Used,1600,Petrol,Tata,168000,Indigo,2006,1600,2006,Manual,Car(Hatchback)
Audi A8 2013,"Rs: 27,500,000",km Find,"2025-12-20 | Colombo Fort (Colombo 01) 110,000",white,Used,2995,Petrol,Audi,110000,A8,2013,2995,2014,Automatic,Car(Sedan)
Suzuki Wagon R 2023,"Rs: 7,150,000",km Find,"2025-12-20 | Gampaha 12,500",gray,Reconditioned,660,Petrol,Suzuki,12500,Wagon R,2023,660,2025,Automatic,Car(Hatchback)
Toyota Prius 2012,"Rs: 4,900,000",,2025-12-20 | Kataragama Find Out More,white,Used,1200,Hybrid,Toyota,0,Prius,2012,1200,2012,Automatic,Car(Liftback)
Toyota Premio 2014,"Rs: 10,800,000",km Find,"2025-12-20 | Wariyapola 102,172",white,Used,1500,Petrol,Toyota,102172,Premio,2014,1500,2014,Automatic,Car(Sedan)
Toyota Yaris 2023,"Rs: 12,700,000",km Find,"2025-12-20 | Wattala 22,068",white,Brand New,1500,Petrol,Toyota,22068,Yaris,2023,1500,Ref:,Automatic,Car(Hatchback)
KIA Sephia 2002,"Rs: 2,600,000",km Find,"2026-02-10 | Mattegoda 162,481",gray,Used,1331,Petrol,KIA,162481,Sephia,2002,1331,2003,Automatic,Car(Sedan)
Toyota Aqua 2013,"Rs: 7,250,000",km Find,"2025-12-20 | Maharagama 92,000",white,Used,1500,Hybrid,Toyota,92000,Aqua,2013,1500,2016,Automatic,Car(Hatchback)
Micro Panda 2014,"Rs: 2,650,000",,2025-12-20 | Homagama Find Out More,red,Used,800,Petrol,Micro,0,Panda,2014,800,2014,Manual,Car(Hatchback)
Toyota Premio 2017,"Rs: 14,700,000",km Find,"2025-12-20 | Kurunegala 152,000",white,Used,1496,Petrol,Toyota,152000,Premio,2017,1496,2018,Automatic,Car(Sedan)
Toyota Aqua 2014,"Rs: 7,775,000",km Find,"2025-12-20 | Athurugiriya 180,000",black,Used,1500,Petrol,Toyota,180000,Aqua,2014,1500,2015,Automatic,Car(Hatchback)
Nissan Dayz 2023,"Rs: 6,650,000",km Find,"2025-12-20 | Gampaha 25,000",red,Brand New,600,Petrol,Nissan,25000,Dayz,2023,600,Ref:,Automatic,Car(Hatchback)
Toyota Sprinter 1996,"Rs: 3,540,000",km Find,"2025-12-20 | Matale 203,000",white,Used,1970,Diesel,Toyota,203000,Sprinter,1996,1970,1999,Manual,Car(Sedan)
Audi A1 2017,"Rs: 8,500,000",km Find,"2025-12-20 | Kotahena (Colombo 13) 89,000",red,Used,990,Petrol,Audi,89000,A1,2017,990,2019,Manual,Car(Hatchback)
Toyota Aqua 2013,"Rs: 7,600,000",km Find,"2025-12-20 | Matara 161,000",gray,Used,1500,Hybrid,Toyota,161000,Aqua,2013,1500,2015,Automatic,Car(Hatchback)
Toyota Aqua 2014,"Rs: 7,900,000",km Find,"2025-12-20 | Matara 159,000",red,Reconditioned,1500,Hybrid,Toyota,159000,Aqua,2014,1500,2015,Automatic,Car(Hatchback)
Toyota Aqua 2014,"Rs: 7,500,000",km Find,"2025-12-20 | Pepiliyana 116,000",white,Used,1490,Hybrid,Toyota,116000,Aqua,2014,1490,2015,Automatic,Car(Hatchback)
Honda Fit 2012,"Rs: 6,150,000",km Find,"2025-12-20 | Siyambalape 164,000",blue,Reconditioned,1330,Petrol,Honda,164000,Fit,2012,1330,2014,Automatic,Car(Hatchback)
Mazda Flair 2015,"Rs: 6,175,000",km Find,"2025-12-20 | Ja-Ela 179,000",beige,Used,660,Hybrid,Mazda,179000,Flair,2015,660,2018,Automatic,Car(Station wagon)
Daihatsu Mira 2002,"Rs: 3,490,000",km Find,"2025-12-20 | Kalutara 98,000",white,Reconditioned,650,Petrol,Daihatsu,98000,Mira,2002,650,2006,Automatic,Car(Hatchback)
Mitsubishi Lancer 1992,"Rs: 3,380,000",km Find,"2025-12-20 | Battaramulla 250,000",blue,Used,1500,Petrol,Mitsubishi,250000,Lancer,1992,1500,1992,Manual,Car(Sedan)
BMW 3 Series 2016,"Rs: 20,500,000",km Find,"2025-12-20 | Piliyandala 71,000",white,Used,2000,Petrol,BMW,71000,3 Series,2016,2000,2017,Automatic,Car(Saloon)
Toyota Aqua 2013,"Rs: 7,290,000",km Find,"2025-12-20 | Sooriyawewa Town 108,000",silver,Used,1490,Hybrid,Toyota,108000,Aqua,2013,1490,2015,Automatic,Car(Hatchback)
Toyota Vios 2004,"Rs: 4,775,000",km Find,"2025-12-20 | Athurugiriya 180,000",white,Used,1500,Petrol,Toyota,180000,Vios,2004,1500,2008,Manual,Car(Saloon)
KIA Sephia 2002,"Rs: 2,600,000",km Find,"2026-02-10 | Mattegoda 162,481",gray,Used,1331,Petrol,KIA,162481,Sephia,2002,1331,2003,Automatic,Car(Sedan)
Suzuki Alto 2017,"Rs: 3,975,000",km Find,"2025-12-19 | Imbulgoda 50,000",green,Used,800,Petrol,Suzuki,50000,Alto,2017,800,2017,Manual,Car(Hatchback)
Mercedes Benz C180 2018,"Rs: 18,000,000",km Find,"2025-12-19 | Imbulgoda 20,000",silver,Used,1500,Petrol,Mercedes Benz,20000,C180,2018,1500,2018,Automatic,Car(Saloon)
Suzuki Wagon R 2015,"Rs: 5,750,000",km Find,"2025-12-19 | Imbulgoda 50,000",white,Used,650,Hybrid,Suzuki,50000,Wagon R,2015,650,2015,Automatic,Car(Hatchback)
Suzuki Wagon R 2018,"Rs: 6,800,000",km Find,"2025-12-19 | Kottawa 89,000",white,Used,660,Hybrid,Suzuki,89000,Wagon R,2018,660,2018,Automatic,Car(Hatchback)
Suzuki Alto 2011,"Rs: 3,425,000",km Find,"2025-12-19 | Homagama 164,000",other,Used,1000,Petrol,Suzuki,164000,Alto,2011,1000,2011,Manual,Car(Hatchback)
BYD Dolphin 2025,"Rs: 11,650,000",km Find,"2025-12-19 | Kesbewa 16,000",gray,Used,70,Petrol,BYD,16000,Dolphin,2025,70,2025,Automatic,Car(Hatchback)
Suzuki Wagon R 2017,"Rs: 7,200,000",km Find,"2025-12-19 | Minuwangoda 110,700",white,Used,660,Petrol,Suzuki,110700,Wagon R,2017,660,2018,Automatic,Car(Hatchback)
Toyota Aqua 2014,"Rs: 6,800,000",km Find,"2025-12-19 | Nikaweratiya 130,000",black,Used,1500,Petrol,Toyota,130000,Aqua,2014,1500,2014,Automatic,Car(Hatchback)
Honda Fit 2010,"Rs: 6,250,000",km Find,"2025-12-19 | Maharagama 184,000",green,Used,1330,Petrol,Honda,184000,Fit,2010,1330,2012,Automatic,Car(Hatchback)
KIA Sephia 2002,"Rs: 2,600,000",km Find,"2026-02-10 | Mattegoda 162,481",gray,Used,1331,Petrol,KIA,162481,Sephia,2002,1331,2003,Automatic,Car(Sedan)
Suzuki Alto 2015,"Rs: 3,650,000",km Find,"2025-12-19 | Ampara 123,456",red,Used,800,Petrol,Suzuki,123456,Alto,2015,800,2015,Manual,Car(Hatchback)
Mazda Familia 1984,"Rs: 850,000",,2025-12-19 | Kottawa Find Out More,blue,Used,1200,Diesel,Mazda,0,Familia,1984,1200,1984,Manual,Car(Saloon)
Nissan Sunny 2003,"Rs: 4,190,000",km Find,"2025-12-19 | Katugastota 210,000",gray,Used,1600,Petrol,Nissan,210000,Sunny,2003,1600,2003,Automatic,Car(Hatchback)
Suzuki Wagon R 2015,"Rs: 5,650,000",km Find,"2025-12-19 | Narammala 150,000",white,Used,650,Hybrid,Suzuki,150000,Wagon R,2015,650,2015,Automatic,Car(Station wagon)
Nissan Sunny 2003,"Rs: 4,100,000",km Find,"2025-12-19 | Wennappuwa 180,000",silver,Used,1490,Petrol,Nissan,180000,Sunny,2003,1490,2006,Automatic,Car(Saloon)
Toyota Aqua 2013,"Rs: 7,125,000",km Find,"2025-12-19 | Siyambalape 249,143",blue,Reconditioned,1490,Petrol,Toyota,249143,Aqua,2013,1490,2015,Automatic,Car(Sedan)
Honda Fit 2012,"Rs: 6,700,000",km Find,"2025-12-19 | Siyambalape 153,115",other,Reconditioned,1330,Petrol,Honda,153115,Fit,2012,1330,2015,Automatic,Car(Station wagon)
Suzuki Wagon R 2025,"Rs: 7,850,000",km Find,"2025-12-19 | Peradeniya 4,300",silver,Brand New,650,Hybrid,Suzuki,4300,Wagon R,2025,650,2025,Automatic,Car(Hatchback)
Nissan AD Wagon 2012,"Rs: 7,500,000",km Find,"2025-12-19 | Ragama 182,012",white,Used,1498,Petrol,Nissan,182012,AD Wagon,2012,1498,2013,Automatic,Car(Station wagon)
KIA Sephia 2002,"Rs: 2,600,000",km Find,"2026-02-10 | Mattegoda 162,481",gray,Used,1331,Petrol,KIA,162481,Sephia,2002,1331,2003,Automatic,Car(Sedan)
Suzuki Alto 2023,"Rs: 6,350,000",,2025-12-19 | Kurunegala Find Out More,silver,Brand New,660,Petrol,Suzuki,0,Alto,2023,660,Ref:,Manual,Car(Station wagon)
Suzuki Alto 2023,"Rs: 6,950,000",,2025-12-19 | Kurunegala Find Out More,silver,Brand New,660,Hybrid,Suzuki,0,Alto,2023,660,Ref:,Manual,Car(Station wagon)
Daihatsu Taft 2023,"Rs: 8,200,000",,2025-12-19 | Kurunegala Find Out More,blue,Brand New,660,Hybrid,Daihatsu,0,Taft,2023,660,Ref:,Manual,Car(Station wagon)
Daihatsu Taft 2023,"Rs: 8,200,000",,2025-12-19 | Kurunegala Find Out More,beige,Brand New,660,Hybrid,Daihatsu,0,Taft,2023,660,Ref:,Manual,Car(Station wagon)
Daihatsu Taft 2023,"Rs: 8,200,000",,2025-12-19 | Kurunegala Find Out More,white,Brand New,660,Hybrid,Daihatsu,0,Taft,2023,660,Ref:,Manual,Car(Station wagon)
Micro D20 2017,"Rs: 5,500,000",km Find,"2025-12-19 | Kadawatha 48,000",blue,Used,1500,Petrol,Micro,48000,D20,2017,1500,2017,Automatic,Car(Hatchback)
Toyota Allion 2017,"Rs: 12,500,000",km Find,"2025-12-19 | Negombo 178,000",white,Used,1200,Petrol,Toyota,178000,Allion,2017,1200,2017,Automatic,Car(Hatchback)
Toyota Yaris 2025,"Rs: 12,700,000",,2025-12-19 | Kegalle Find Out More,gray,Brand New,1000,Petrol,Toyota,0,Yaris,2025,1000,Ref:,Automatic,Car(Hatchback)
Suzuki Wagon R 2017,"Rs: 6,750,000",km Find,"2025-12-19 | Mahakumbukkadawala 83,000",white,Used,660,Petrol,Suzuki,83000,Wagon R,2017,660,2017,Automatic,Car(Hatchback)
Suzuki Alto 2024,"Rs: 6,550,000",,2025-12-19 | Kurunegala Find Out More,silver,Brand New,660,Petrol,Suzuki,0,Alto,2024,660,Ref:,Manual,Car(Station wagon)
Toyota Carina 1999,"Rs: 5,150,000",km Find,"2025-12-19 | Gampaha 200,000",white,Used,1500,Petrol,Toyota,200000,Carina,1999,1500,2002,Automatic,Car(Saloon)
Suzuki Wagon R 2023,"Rs: 8,000,000",km Find,2025-12-19 | Dunagaha 123,white,Brand New,660,Hybrid,Suzuki,123,Wagon R,2023,660,2025,Automatic,Car(Sedan)
Nissan AD Wagon 2012,"Rs: 7,500,000",km Find,"2025-12-19 | Ragama 171,909",white,Used,1490,Petrol,Nissan,171909,AD Wagon,2012,1490,2013,Automatic,Car(Station wagon)
Micro Panda 2011,"Rs: 2,850,000",km Find,"2025-12-19 | Tangalla 105,605",yellow,Used,1300,Petrol,Micro,105605,Panda,2011,1300,2012,Manual,Car(Hatchback)
Honda Civic 2004,"Rs: 5,675,000",km Find,"2025-12-19 | Horana 215,000",green,Used,1500,Petrol,Honda,215000,Civic,2004,1500,2004,Automatic,Car(Saloon)
Toyota Allion 2004,"Rs: 6,300,000",km Find,"2025-12-19 | Benthara 168,000",red,Used,1500,Petrol,Toyota,168000,Allion,2004,1500,2007,Automatic,Car(Saloon)
BMW 5 Series 2012,"Rs: 20,800,000",km Find,"2025-12-19 | Galle 110,000",brown,Used,2000,Diesel,BMW,110000,5 Series,2012,2000,2012,Automatic,Car(Saloon)
KIA Sephia 2002,"Rs: 2,600,000",km Find,"2026-02-10 | Mattegoda 162,481",gray,Used,1331,Petrol,KIA,162481,Sephia,2002,1331,2003,Automatic,Car(Sedan)
Toyota Axio 2014,"Rs: 8,975,000",km Find,"2025-12-19 | Narahenpita (Colombo 05) 125,000",blue,Used,1500,Hybrid,Toyota,125000,Axio,2014,1500,2017,Automatic,Car(Saloon)
Nissan Sunny 2001,"Rs: 4,450,000",,2025-12-19 | Ambalangoda Find Out More,white,Used,1600,Petrol,Nissan,0,Sunny,2001,1600,2003,Automatic,Car(Saloon)
Toyota Corolla 2007,"Rs: 7,250,000",km Find,"2025-12-19 | Ambalangoda 125,000",white,Used,1600,Petrol,Toyota,125000,Corolla,2007,1600,2008,Automatic,Car(Saloon)
Toyota Allion 2004,"Rs: 6,500,000",km Find,"2025-12-19 | Ambalangoda 168,000",red,Used,1500,Petrol,Toyota,168000,Allion,2004,1500,2007,Automatic,Car(Sedan)
Toyota Prius 2014,"Rs: 11,500,000",km Find,"2025-12-19 | Ambalangoda 128,000",white,Used,1790,Hybrid,Toyota,128000,Prius,2014,1790,2015,Automatic,Car(Liftback)
Suzuki Wagon R 2025,"Rs: 9,200,000",,2025-12-19 | Wennappuwa Find Out More,white,Brand New,660,Petrol,Suzuki,0,Wagon R,2025,660,Ref:,Automatic,Car(Hatchback)
Nissan Dayz 2018,"Rs: 6,250,000",km Find,"2025-12-18 | Matara 42,400",white,Used,660,Petrol,Nissan,42400,Dayz,2018,660,2019,Automatic,Car(Hatchback)
KIA Sephia 2002,"Rs: 2,600,000",km Find,"2026-02-10 | Mattegoda 162,481",gray,Used,1331,Petrol,KIA,162481,Sephia,2002,1331,2003,Automatic,Car(Sedan)
Micro Panda 2012,"Rs: 2,750,000",km Find,"2025-12-18 | Akkaraipattu 94,000",white,Used,1000,Petrol,Micro,94000,Panda,2012,1000,2012,Manual,Car(Hatchback)
Suzuki Swift 2004,"Rs: 4,500,000",km Find,"2025-12-18 | Kalmunai 125,000",silver,Used,1320,Petrol,Suzuki,125000,Swift,2004,1320,2008,Automatic,Car(Hatchback)
Suzuki Hustler 2023,"Rs: 8,200,000",km Find,"2025-12-18 | Kurunegala 14,000",red,Brand New,650,Hybrid,Suzuki,14000,Hustler,2023,650,Ref:,Automatic,Car(Hatchback)
Suzuki Wagon R 2015,"Rs: 5,400,000",km Find,"2025-12-18 | Kurunegala 75,000",white,Used,660,Hybrid,Suzuki,75000,Wagon R,2015,660,2015,Automatic,Car(Hatchback)
Suzuki Alto 2017,"Rs: 5,700,000",km Find,"2025-12-18 | Kurunegala 80,000",blue,Used,650,Hybrid,Suzuki,80000,Alto,2017,650,2018,Automatic,Car(Hatchback)
Suzuki Wagon R 2018,"Rs: 6,900,000",km Find,"2025-12-18 | Ambalangoda 88,000",white,Used,650,Hybrid,Suzuki,88000,Wagon R,2018,650,2019,Automatic,Car(Hatchback)
Toyota Aqua 2015,"Rs: 8,250,000",km Find,"2025-12-18 | Ambalangoda 90,000",black,Used,1500,Hybrid,Toyota,90000,Aqua,2015,1500,2015,Automatic,Car(Liftback)
Toyota Corolla 1997,"Rs: 3,690,000",km Find,"2025-12-18 | Mulleriyawa New Town 240,000",blue,Used,2000,Diesel,Toyota,240000,Corolla,1997,2000,2000,Automatic,Car(Hatchback)
Suzuki Alto 2017,"Rs: 5,250,000",km Find,"2025-12-18 | Ambalangoda 85,000",white,Used,658,Petrol,Suzuki,85000,Alto,2017,658,2018,Automatic,Car(Hatchback)
Suzuki Swift 2017,"Rs: 7,900,000",km Find,"2025-12-18 | Ambalangoda 97,500",red,Used,1300,Hybrid,Suzuki,97500,Swift,2017,1300,2018,Automatic,Car(Hatchback)
Toyota Prius 2014,"Rs: 10,900,000",km Find,"2025-12-18 | Ambalangoda 155,000",brown,Used,1600,Hybrid,Toyota,155000,Prius,2014,1600,2015,Automatic,Car(Liftback)
Suzuki Swift 2017,"Rs: 8,625,000",km Find,"2025-12-18 | Ambalangoda 62,500",red,Used,1300,Hybrid,Suzuki,62500,Swift,2017,1300,2019,Automatic,Car(Hatchback)
Toyota Corolla 2023,"Rs: 16,900,000",km Find,"2025-12-18 | Ambalangoda 11,600",white,Used,1500,Petrol,Toyota,11600,Corolla,2023,1500,2025,Automatic,Car(Sedan)
Toyota Prius 2014,"Rs: 10,600,000",,2025-12-18 | Ambalangoda Find Out More,black,Used,1600,Hybrid,Toyota,0,Prius,2014,1600,2015,Automatic,Car(Liftback)
Toyota Prius 2011,"Rs: 8,900,000",km Find,"2025-12-18 | Ambalangoda 150,000",blue,Used,1600,Hybrid,Toyota,150000,Prius,2011,1600,2011,Automatic,Car(Liftback)
Mercedes Benz C Class 2019,"Rs: 21,800,000",km Find,"2025-12-18 | Ambalangoda 84,000",white,Used,1500,Petrol,Mercedes Benz,84000,C Class,2019,1500,2020,Automatic,Car(Sedan)
Toyota Axio 2017,"Rs: 11,600,000",km Find,"2025-12-18 | Ambalangoda 121,000",white,Used,1500,Hybrid,Toyota,121000,Axio,2017,1500,2017,Automatic,Car(Saloon)
Toyota Prius 2013,"Rs: 10,500,000",km Find,"2025-12-18 | Ambalangoda 110,000",white,Used,1600,Hybrid,Toyota,110000,Prius,2013,1600,2015,Automatic,Car(Liftback)
Toyota Aqua 2014,"Rs: 7,450,000",km Find,"2025-12-18 | Ambalangoda 99,000",black,Used,1490,Hybrid,Toyota,99000,Aqua,2014,1490,2014,Automatic,Car(Liftback)
Toyota Vios 2007,"Rs: 4,900,000",km Find,"2025-12-18 | Ambalangoda 157,000",black,Used,1500,Petrol,Toyota,157000,Vios,2007,1500,2010,Automatic,Car(Saloon)
KIA Sephia 2002,"Rs: 2,600,000",km Find,"2026-02-10 | Mattegoda 162,481",gray,Used,1331,Petrol,KIA,162481,Sephia,2002,1331,2003,Automatic,Car(Sedan)
Toyota Vitz 2019,"Rs: 8,700,000",km Find,"2025-12-18 | Batticaloa 59,500",white,Used,990,Petrol,Toyota,59500,Vitz,2019,990,2019,Automatic,Car(Hatchback)
Nissan March 2003,"Rs: 3,890,000",,2025-12-18 | Adampan Find Out More,blue,Used,1300,Petrol,Nissan,0,March,2003,1300,2006,Automatic,Car(Liftback)
Honda Civic 1990,"Rs: 1,950,000",,2025-12-18 | Ampara Find Out More,white,Used,1500,Petrol,Honda,0,Civic,1990,1500,1994,Manual,Car(Sedan)
Hyundai Eon 2017,"Rs: 4,300,000",km Find,"2025-12-18 | Batticaloa 66,000",white,Used,850,Petrol,Hyundai,66000,Eon,2017,850,2017,Manual,Car(Hatchback)
Toyota Axio 2015,"Rs: 9,500,000",km Find,"2025-12-18 | Ambalangoda 150,000",blue,Used,1500,Hybrid,Toyota,150000,Axio,2015,1500,2016,Automatic,Car(Sedan)
Toyota Vitz 2007,"Rs: 5,200,000",km Find,2025-12-18 | Ambalangoda 0,white,Used,1300,Petrol,Toyota,0000,Vitz,2007,1300,2011,Automatic,Car(Hatchback)
Suzuki Wagon R 2016,"Rs: 5,300,000",km Find,"2025-12-18 | Ambalangoda 90,000",red,Used,650,Hybrid,Suzuki,90000,Wagon R,2016,650,2017,Automatic,Car(Hatchback)
Toyota Aqua 2015,"Rs: 8,050,000",km Find,"2025-12-18 | Kalmunai 128,000",silver,Used,1330,Petrol,Toyota,128000,Aqua,2015,1330,2015,Automatic,Car(Station wagon)
Suzuki Alto 2015,"Rs: 3,850,000",km Find,"2025-12-18 | Ampara 133,000",white,Used,800,Petrol,Suzuki,133000,Alto,2015,800,2015,Manual,Car(Hatchback)
Mercedes Benz C200 2019,"Rs: 29,000,000",km Find,"2025-12-18 | Ratmalana 6,251",red,Used,1500,Petrol,Mercedes Benz,6251,C200,2019,1500,2024,Automatic,Car(Sedan)
Daihatsu G100s 1987,"Rs: 1,600,000",,2025-12-18 | Beruwala Find Out More,white,Used,1000,Petrol,Daihatsu,0,G100s,1987,1000,1990,Automatic,Car(Hatchback)
Honda Integra 1985,"Rs: 350,000",km Find,"2025-12-18 | Aluthkade (Colombo 12) 200,000",white,Used,1500,Petrol,Honda,200000,Integra,1985,1500,1985,Manual,Car(Hatchback)
Nissan Pulsar 1997,"Rs: 2,695,000",,2025-12-18 | Godakawela Find Out More,black,Used,1500,Petrol,Nissan,0,Pulsar,1997,1500,1997,Manual,Car(Hatchback)
Honda City 2025,"Rs: 13,600,000",,2025-12-18 | Ratmalana Find Out More,black,Brand New,1000,Petrol,Honda,0,City,2025,1000,Ref:,Automatic,Car(Sedan)
Daihatsu Mira 2024,"Rs: 6,800,000",km Find,"2025-12-18 | Matara 3,200",silver,Brand New,660,Petrol,Daihatsu,3200,Mira,2024,660,Ref:,Automatic,Car(Liftback)
KIA Sephia 2002,"Rs: 2,600,000",km Find,"2026-02-10 | Mattegoda 162,481",gray,Used,1331,Petrol,KIA,162481,Sephia,2002,1331,2003,Automatic,Car(Sedan)
Suzuki Alto 2004,"Rs: 3,800,000",km Find,"2025-12-18 | Badulla 160,000",blue,Used,650,Petrol,Suzuki,160000,Alto,2004,650,2007,Automatic,Car(Hatchback)
Suzuki Wagon R 2016,"Rs: 5,250,000",km Find,"2025-12-18 | Kadawatha 61,000",red,Used,1000,Petrol,Suzuki,61000,Wagon R,2016,1000,2016,Automatic,Car(Hatchback)
BMW 5 Series 2014,"Rs: 25,200,000",km Find,"2025-12-18 | Ambalangoda 130,000",white,Used,1995,Diesel,BMW,130000,5 Series,2014,1995,2014,Automatic,Car(Sedan)
Toyota Corolla 1996,"Rs: 3,250,000",km Find,"2025-12-18 | Kandy 193,134",white,Reconditioned,1300,Petrol,Toyota,193134,Corolla,1996,1300,1996,Manual,Car(Saloon)
Suzuki Alto 2018,"Rs: 5,600,000",km Find,"2025-12-18 | Ja-Ela 34,602",white,Used,650,Petrol,Suzuki,34602,Alto,2018,650,2020,Automatic,Car(Sedan)
Suzuki Wagon R 2025,"Rs: 7,000,000",,2025-12-18 | Kohuwala Find Out More,white,Brand New,660,Petrol,Suzuki,0,Wagon R,2025,660,Ref:,Automatic,Car()
Toyota Corolla 1992,"Rs: 2,100,000",km Find,"2025-12-18 | Kalutara 83,472",white,Used,1830,Diesel,Toyota,83472,Corolla,1992,1830,1993,Automatic,Car(Saloon)
Suzuki Alto 2013,"Rs: 3,340,000",km Find,"2025-12-18 | Uswetakeiyawa 98,500",red,Used,800,Petrol,Suzuki,98500,Alto,2013,800,2013,Automatic,Car(Hatchback)
KIA Sephia 2002,"Rs: 2,600,000",km Find,"2026-02-10 | Mattegoda 162,481",gray,Used,1331,Petrol,KIA,162481,Sephia,2002,1331,2003,Automatic,Car(Sedan)
Suzuki Wagon R 2025,"Rs: 8,750,000",,2025-12-18 | Cinnamon Garden (Colombo 07) Find Out More,silver,Brand New,998,Petrol,Suzuki,0,Wagon R,2025,998,Ref:,Automatic,Car(Hatchback)
Suzuki Liana 2006,"Rs: 4,300,000",,2025-12-18 | Polgahawela Find Out More,black,Used,1300,Petrol,Suzuki,0,Liana,2006,1300,2006,Manual,Car(Hatchback)
Suzuki SX 2007,"Rs: 5,150,000",km Find,"2025-12-18 | Nawala 100,525",blue,Used,1586,Petrol,Suzuki,100525,SX,2007,1586,2008,Automatic,Car(Sedan)
Toyota Aqua 2015,"Rs: 8,790,000",km Find,"2025-12-18 | Maharagama 82,000",black,Used,1500,Hybrid,Toyota,82000,Aqua,2015,1500,2015,Automatic,Car(Liftback)
Suzuki Wagon R 2023,"Rs: 9,150,000",km Find,2025-12-18 | Padukka 360,blue,Brand New,660,Hybrid,Suzuki,360,Wagon R,2023,660,Ref:,Automatic,Car()
Toyota Premio 2008,"Rs: 8,775,000",km Find,"2025-12-18 | Veyangoda 120,000",white,Used,1500,Petrol,Toyota,120000,Premio,2008,1500,2011,Automatic,Car(Saloon)
Suzuki Alto 2015,"Rs: 3,700,000",km Find,"2025-12-18 | Matara 67,000",white,Used,800,Petrol,Suzuki,67000,Alto,2015,800,2015,Manual,Car()
Toyota Premio 2011,"Rs: 9,250,000",,2025-12-18 | Kurunegala Find Out More,maroon,Used,1500,Petrol,Toyota,0,Premio,2011,1500,2012,Automatic,Car(Liftback)
Toyota Premio 2020,"Rs: 18,200,000",km Find,"2025-12-18 | Makola 68,000",white,Used,1500,Petrol,Toyota,68000,Premio,2020,1500,2020,Automatic,Car(Liftback)
Mazda Flair 2023,"Rs: 8,750,000",km Find,"2025-12-18 | Yakkala 15,000",white,Brand New,658,Petrol,Mazda,15000,Flair,2023,658,Ref:,Automatic,Car(Hatchback)
KIA Sephia 2002,"Rs: 2,600,000",km Find,"2026-02-10 | Mattegoda 162,481",gray,Used,1331,Petrol,KIA,162481,Sephia,2002,1331,2003,Automatic,Car(Sedan)
Suzuki Wagon R 2025,"Rs: 8,825,000",,2025-12-18 | Nintavur Find Out More,white,Brand New,650,Hybrid,Suzuki,0,Wagon R,2025,650,Ref:,Automatic,Car(Sedan)
Suzuki Wagon R 2025,"Rs: 8,925,000",,2025-12-18 | Nintavur Find Out More,white,Brand New,650,Hybrid,Suzuki,0,Wagon R,2025,650,Ref:,Automatic,Car(Sedan)
Daihatsu Boon 2023,"Rs: 8,475,000",km Find,"2025-12-18 | Yakkala 5,100",green,Brand New,996,Petrol,Daihatsu,5100,Boon,2023,996,Ref:,Manual,Car(Liftback)
Suzuki Spacia 2025,"Rs: 9,500,000",,2025-12-18 | Kurunegala Find Out More,silver,Brand New,650,Hybrid,Suzuki,0,Spacia,2025,650,Ref:,Automatic,Car(Hatchback)
Suzuki Alto 2024,"Rs: 5,800,000",,2025-12-18 | Kurunegala Find Out More,white,Brand New,650,Petrol,Suzuki,0,Alto,2024,650,Ref:,Automatic,Car(Convertible)
Suzuki Spacia 2023,"Rs: 10,400,000",km Find,"2025-12-18 | Kurunegala 1,000",black,Brand New,650,Hybrid,Suzuki,1000,Spacia,2023,650,2025,Automatic,Car(Convertible)
Daihatsu Mira 2025,"Rs: 6,950,000",km Find,2025-12-18 | Alutgama 20,gray,Brand New,660,Petrol,Daihatsu,20,Mira,2025,660,Ref:,Automatic,Car(Sports)
Toyota Aqua 2012,"Rs: 7,500,000",km Find,"2025-12-18 | Malabe 220,000",white,Used,1497,Hybrid,Toyota,220000,Aqua,2012,1497,2012,Automatic,Car()
Suzuki Wagon R 2014,"Rs: 5,650,000",km Find,"2025-12-18 | Ambalangoda 119,000",red,Used,650,Hybrid,Suzuki,119000,Wagon R,2014,650,2016,Automatic,Car(Hatchback)
Nissan ExSunny 2008,"Rs: 4,850,000",km Find,"2025-12-18 | Ambalangoda 175,000",gold,Used,1295,Petrol,Nissan,175000,ExSunny,2008,1295,2008,Automatic,Car(Saloon)
Nissan March 2000,"Rs: 3,550,000",,2025-12-18 | Ambalangoda Find Out More,blue,Used,990,Petrol,Nissan,0,March,2000,990,2005,Automatic,Car(Hatchback)
KIA Sephia 2002,"Rs: 2,600,000",km Find,"2026-02-10 | Mattegoda 162,481",gray,Used,1331,Petrol,KIA,162481,Sephia,2002,1331,2003,Automatic,Car(Sedan)
Toyota Allion 2007,"Rs: 7,450,000",km Find,"2025-12-18 | Ambalangoda 162,000",gold,Used,1490,Petrol,Toyota,162000,Allion,2007,1490,2010,Automatic,Car(Saloon)
Suzuki Alto 2015,"Rs: 3,450,000",km Find,"2025-12-18 | Galle 84,000",black,Used,800,Petrol,Suzuki,84000,Alto,2015,800,2015,Manual,Car(Hatchback)
Suzuki Wagon R 2023,"Rs: 7,600,000",km Find,"2025-12-18 | Kurunegala 4,500",beige,Brand New,660,Hybrid,Suzuki,4500,Wagon R,2023,660,Ref:,Automatic,Car(Hatchback)
Daihatsu Mira 2025,"Rs: 6,850,000",,2025-12-18 | Ambalangoda Find Out More,red,Brand New,1000,Petrol,Daihatsu,0,Mira,2025,1000,Ref:,Automatic,Car(Hatchback)
Daihatsu Mira 2023,"Rs: 6,500,000",km Find,"2025-12-18 | Kurunegala 17,000",silver,Brand New,660,Petrol,Daihatsu,17000,Mira,2023,660,Ref:,Automatic,Car(Hatchback)
Honda Grace 2014,"Rs: 9,850,000",km Find,"2025-12-18 | Ratmalana 173,000",white,Used,1500,Petrol,Honda,173000,Grace,2014,1500,2014,Automatic,Car(Hatchback)
Toyota Aqua 2014,"Rs: 8,800,000",km Find,"2025-12-18 | Puttalam 80,000",white,Used,1500,Petrol,Toyota,80000,Aqua,2014,1500,2017,Automatic,Car(Hatchback)
Honda Accord 2013,"Rs: 14,200,000",,2025-12-18 | Nawala Find Out More,white,Used,1500,Petrol,Honda,0,Accord,2013,1500,2015,Automatic,Car(Liftback)
Suzuki Alto 2009,"Rs: 2,925,000",km Find,"2025-12-18 | Nintavur 170,000",silver,Used,800,Petrol,Suzuki,170000,Alto,2009,800,2009,Manual,Car(Hatchback)
Mazda Familia 2001,"Rs: 3,200,000",km Find,"2025-12-18 | Adampan 180,000",white,Used,1500,Petrol,Mazda,180000,Familia,2001,1500,2005,Manual,Car(Hatchback)
KIA Sephia 2002,"Rs: 2,600,000",km Find,"2026-02-10 | Mattegoda 162,481",gray,Used,1331,Petrol,KIA,162481,Sephia,2002,1331,2003,Automatic,Car(Sedan)
Toyota Premio 2019,"Rs: 16,200,000",km Find,"2025-12-18 | Ambalangoda 52,000",white,Used,1600,Petrol,Toyota,52000,Premio,2019,1600,2019,Automatic,Car(Saloon)
Suzuki Wagon R 2016,"Rs: 5,850,000",km Find,"2025-12-18 | Ambalangoda 113,000",silver,Used,650,Hybrid,Suzuki,113000,Wagon R,2016,650,2017,Automatic,Car(Hatchback)
Toyota Aqua 2015,"Rs: 8,500,000",km Find,"2025-12-17 | Kottawa 139,000",white,Used,1500,Hybrid,Toyota,139000,Aqua,2015,1500,2015,Automatic,Car(Hatchback)
Mini Cooper 2017,"Rs: 18,500,000",km Find,"2025-12-17 | Rajagiriya 53,000",red,Used,1500,Petrol,Mini,53000,Cooper,2017,1500,2017,Automatic,Car()
Toyota Vitz 2018,"Rs: 8,300,000",km Find,"2025-12-17 | Ethul Kotte 33,000",silver,Used,1000,Petrol,Toyota,33000,Vitz,2018,1000,2018,Automatic,Car(Hatchback)
Suzuki Wagon R 2024,"Rs: 9,195,000",km Find,"2025-12-17 | Bandaragama 2,594",white,Brand New,650,Hybrid,Suzuki,2594,Wagon R,2024,650,Ref:,Automatic,Car(Hatchback)
Suzuki Spacia 2023,"Rs: 8,650,000",km Find,"2025-12-17 | Kurunegala 3,779",brown,Brand New,650,Hybrid,Suzuki,3779,Spacia,2023,650,Ref:,Automatic,Car(Convertible)
Perodua Bezza 2025,"Rs: 8,295,000",km Find,"2025-12-17 | Bandaragama 5,500",gray,Brand New,990,Petrol,Perodua,5500,Bezza,2025,990,Ref:,Automatic,Car(Sedan)
Mitsubishi eK 2024,"Rs: 6,900,000",km Find,"2025-12-17 | Kurunegala 2,000",white,Brand New,660,Petrol,Mitsubishi,2000,eK,2024,660,Ref:,Automatic,Car(Convertible)
Toyota Aqua 2013,"Rs: 7,250,000",km Find,"2025-12-17 | Batticaloa 140,000",silver,Used,1330,Petrol,Toyota,140000,Aqua,2013,1330,2015,Automatic,Car(Station wagon)
Mercedes Benz CLA 2017,"Rs: 18,700,000",km Find,"2025-12-17 | Kohuwala 9,300,000",red,Used,1500,Petrol,Mercedes Benz,9300000,CLA,2017,1500,2018,Automatic,Car(Sedan)
BMW 4 Series 2014,"Rs: 25,500,000",km Find,"2025-12-17 | Kohuwala 7,500,000",black,Used,1500,Petrol,BMW,7500000,4 Series,2014,1500,2015,Automatic,Car(Sedan)
Hyundai Eon 2017,"Rs: 4,250,000",km Find,"2025-12-17 | Kalmunai 71,000",gray,Used,850,Petrol,Hyundai,71000,Eon,2017,850,2017,Manual,Car(Hatchback)
Renault KWID 2016,"Rs: 3,600,000",km Find,"2025-12-17 | Trincomalee 70,900",gray,Used,800,Petrol,Renault,70900,KWID,2016,800,2016,Manual,Car(Hatchback)
KIA Sephia 2002,"Rs: 2,600,000",km Find,"2026-02-10 | Mattegoda 162,481",gray,Used,1331,Petrol,KIA,162481,Sephia,2002,1331,2003,Automatic,Car(Sedan)
Toyota Axio 2016,"Rs: 10,700,000",km Find,"2025-12-17 | Baddegama 145,000",white,Used,1496,Petrol,Toyota,145000,Axio,2016,1496,2017,Automatic,Car(Sedan)
Toyota Belta 2007,"Rs: 6,475,000",km Find,"2025-12-17 | Kurunegala 145,000",blue,Used,1300,Petrol,Toyota,145000,Belta,2007,1300,2011,Automatic,Car(Hatchback)
Toyota Corolla 1996,"Rs: 2,800,000",,2025-12-17 | Kuliyapitiya Find Out More,white,Used,1200,Diesel,Toyota,0,Corolla,1996,1200,2000,Manual,Car(Saloon)
Toyota Vitz 2018,"Rs: 7,600,000",km Find,"2025-12-17 | Ambalangoda 159,000",black,Used,1300,Petrol,Toyota,159000,Vitz,2018,1300,2018,Automatic,Car(Hatchback)
Honda Fit 2013,"Rs: 7,990,000",,2025-12-17 | Wennappuwa Find Out More,blue,Used,1500,Hybrid,Honda,0,Fit,2013,1500,2017,Automatic,Car(Liftback)
Honda Insight 2009,"Rs: 7,250,000",,2025-12-17 | Wennappuwa Find Out More,gray,Used,1330,Hybrid,Honda,0,Insight,2009,1330,2012,Automatic,Car(Saloon)
Nissan Sunny 2003,"Rs: 4,550,000",,2025-12-17 | Kurunegala Find Out More,silver,Used,1500,Petrol,Nissan,0,Sunny,2003,1500,2007,Automatic,Car(Saloon)
Suzuki Spacia 2024,"Rs: 8,400,000",km Find,"2025-12-17 | Kurunegala 14,500",blue,Brand New,660,Hybrid,Suzuki,14500,Spacia,2024,660,Ref:,Automatic,Car()
Suzuki Wagon R 2024,"Rs: 7,400,000",km Find,"2025-12-17 | Kurunegala 10,000",beige,Brand New,660,Petrol,Suzuki,10000,Wagon R,2024,660,Ref:,Automatic,Car(Hatchback)
Toyota Yaris 2008,"Rs: 6,450,000",km Find,"2025-12-17 | Bandarawela 157,000",gold,Used,1300,Petrol,Toyota,157000,Yaris,2008,1300,2008,Manual,Car(Sedan)
Honda Fit 2014,"Rs: 9,700,000",km Find,"2025-12-17 | Mount Lavinia 16,000",white,Used,1500,Hybrid,Honda,16000,Fit,2014,1500,2014,Automatic,Car(Hatchback)
Toyota Axio 2016,"Rs: 10,300,000",km Find,"2025-12-17 | Kurunegala 138,000",silver,Reconditioned,1500,Hybrid,Toyota,138000,Axio,2016,1500,2018,Automatic,Car(Saloon)
Toyota Aqua 2014,"Rs: 7,000,000",km Find,"2025-12-17 | Ja-Ela 132,000",white,Used,1500,Hybrid,Toyota,132000,Aqua,2014,1500,2014,Automatic,Car(Station wagon)
Mitsubishi Lancer 2002,"Rs: 4,500,000",km Find,"2025-12-17 | Ragama 131,782",silver,Used,1299,Petrol,Mitsubishi,131782,Lancer,2002,1299,2003,Automatic,Car(Saloon)
Suzuki Alto 2007,"Rs: 2,850,000",km Find,"2025-12-17 | Nintavur 180,000",red,Used,800,Petrol,Suzuki,180000,Alto,2007,800,2007,Manual,Car(Hatchback)
Toyota Axio 2015,"Rs: 9,700,000",km Find,2025-12-17 | Kirindiwela 555,white,Used,1500,Hybrid,Toyota,555,Axio,2015,1500,2015,Automatic,Car(Hatchback)
KIA Sephia 2002,"Rs: 2,600,000",km Find,"2026-02-10 | Mattegoda 162,481",gray,Used,1331,Petrol,KIA,162481,Sephia,2002,1331,2003,Automatic,Car(Sedan)
Honda Grace 2014,"Rs: 9,600,000",km Find,"2025-12-17 | Talawatugoda 108,300",black,Used,1500,Petrol,Honda,108300,Grace,2014,1500,2017,Automatic,Car(Sedan)
Honda Insight 2009,"Rs: 6,750,000",km Find,"2025-12-17 | Matara 166,000",gray,Reconditioned,1339,Petrol,Honda,166000,Insight,2009,1339,2011,Automatic,Car(Liftback)
Suzuki Wagon R 2025,"Rs: 8,775,000",,2025-12-17 | Kurunegala Find Out More,white,Brand New,650,Petrol,Suzuki,0,Wagon R,2025,650,Ref:,Automatic,Car(Hatchback)
Suzuki Alto 2015,"Rs: 3,450,000",km Find,"2025-12-17 | Galle 84,000",black,Reconditioned,658,Petrol,Suzuki,84000,Alto,2015,658,2015,Manual,Car(Hatchback)
Suzuki Wagon R 2018,"Rs: 6,475,000",km Find,"2025-12-17 | Gampaha 119,000",white,Reconditioned,650,Petrol,Suzuki,119000,Wagon R,2018,650,2019,Automatic,Car(Hatchback)
Toyota Aqua 2014,"Rs: 7,500,000",km Find,"2025-12-17 | Ampara 150,000",white,Used,690,Petrol,Toyota,150000,Aqua,2014,690,2015,Manual,Car(Hatchback)
Mitsubishi Lancer 2002,"Rs: 5,790,000",km Find,"2025-12-17 | Boralesgamuwa 70,000",gray,Used,1600,Petrol,Mitsubishi,70000,Lancer,2002,1600,2002,Manual,Car(Sedan)
Honda Civic 2007,"Rs: 7,650,000",km Find,"2025-12-17 | Kandy 120,000",silver,Used,1800,Petrol,Honda,120000,Civic,2007,1800,2009,Automatic,Car(Sedan)
Suzuki Wagon R 2024,"Rs: 7,700,000",km Find,"2025-12-17 | Gampaha 7,000",white,Brand New,660,Petrol,Suzuki,7000,Wagon R,2024,660,Ref:,Automatic,Car(Hatchback)
Toyota Roomy 2023,"Rs: 9,200,000",km Find,"2025-12-17 | Kelaniya 12,000",white,Brand New,1000,Petrol,Toyota,12000,Roomy,2023,1000,Ref:,Automatic,Car(Liftback)
Honda City 2025,"Rs: 14,000,000",km Find,2025-12-17 | Gampaha 50,gray,Brand New,1000,Petrol,Honda,50,City,2025,1000,Ref:,Automatic,Car(Sedan)
Micro Panda 2012,"Rs: 2,900,000",km Find,"2025-12-17 | Ambalangoda 102,000",black,Used,1300,Petrol,Micro,102000,Panda,2012,1300,2012,Manual,Car(Hatchback)
Suzuki Swift 2017,"Rs: 8,200,000",km Find,"2025-12-17 | Nawala 134,000",red,Used,1000,Petrol,Suzuki,134000,Swift,2017,1000,2018,Automatic,Car(Hatchback)
Daihatsu Mira 1988,"Rs: 1,350,000",km Find,"2025-12-17 | Homagama 125,000",red,Used,850,Petrol,Daihatsu,125000,Mira,1988,850,1988,Manual,Car(Hatchback)
KIA Sephia 2002,"Rs: 2,600,000",km Find,"2026-02-10 | Mattegoda 162,481",gray,Used,1331,Petrol,KIA,162481,Sephia,2002,1331,2003,Automatic,Car(Sedan)
Perodua Axia 2015,"Rs: 5,100,000",km Find,2025-12-17 | Ambalangoda 0,green,Used,998,Petrol,Perodua,0000,Axia,2015,998,2015,Automatic,Car(Hatchback)
Audi A5 2019,"Rs: 25,500,000",km Find,"2025-12-17 | Colombo Fort (Colombo 01) 54,450",blue,Used,1000,Petrol,Audi,54450,A5,2019,1000,2019,Automatic,Car(Hatchback)
Suzuki Alto 2015,"Rs: 3,725,000",km Find,"2025-12-17 | Beliatta 129,000",black,Used,800,Petrol,Suzuki,129000,Alto,2015,800,2015,Manual,Car(Hatchback)
Chery Yoyo 2015,"Rs: 3,095,000",,2025-12-17 | Panadura Find Out More,silver,Used,1100,Petrol,Chery,0,Yoyo,2015,1100,2015,Manual,Car(Station wagon)
Toyota Corolla 2000,"Rs: 3,750,000",km Find,"2025-12-17 | Ginigathhena 97,000",white,Reconditioned,1500,Petrol,Toyota,97000,Corolla,2000,1500,2003,Automatic,Car(Saloon)
Toyota Vitz 2005,"Rs: 5,400,000",km Find,"2025-12-17 | Kurunegala 95,000",blue,Used,1000,Petrol,Toyota,95000,Vitz,2005,1000,2007,Automatic,Car(Convertible)
Toyota Axio 2013,"Rs: 8,500,000",km Find,"2025-12-17 | Kottawa 150,000",gold,Used,1500,Petrol,Toyota,150000,Axio,2013,1500,2013,Automatic,Car(Saloon)
Toyota Yaris 2025,"Rs: 10,675,000",,2025-12-16 | Horana Find Out More,white,Brand New,1000,Petrol,Toyota,0,Yaris,2025,1000,Ref:,Automatic,Car(Hatchback)
Toyota Corolla 2008,"Rs: 7,600,000",km Find,"2025-12-16 | Kalutara 114,000",gray,Used,1600,Petrol,Toyota,114000,Corolla,2008,1600,2008,Automatic,Car(Sedan)
Toyota Prius 2010,"Rs: 8,900,000",km Find,"2025-12-16 | Ratmalana 165,000",blue,Used,1798,Hybrid,Toyota,165000,Prius,2010,1798,2011,Automatic,Car(Sedan)
Suzuki Swift 2003,"Rs: 4,350,000",km Find,"2025-12-16 | Pilimatalawa 140,431",black,Used,1300,Petrol,Suzuki,140431,Swift,2003,1300,2006,Automatic,Car(Hatchback)
Mitsubishi Lancer 2001,"Rs: 5,500,000",km Find,"2025-12-16 | Kottawa 198,000",green,Used,1300,Petrol,Mitsubishi,198000,Lancer,2001,1300,2001,Manual,Car(Sedan)
Suzuki Spacia 2016,"Rs: 6,125,000",km Find,"2025-12-16 | Kandana 53,600",gray,Used,670,Hybrid,Suzuki,53600,Spacia,2016,670,2018,Automatic,Car(Station wagon)
Nissan Cefiro 2000,"Rs: 3,600,000",km Find,"2025-12-16 | Kekirawa 165,000",white,Used,2000,Petrol,Nissan,165000,Cefiro,2000,2000,2000,Automatic,Car(Saloon)
Toyota Corolla 1999,"Rs: 3,975,000",km Find,"2025-12-16 | Kuliyapitiya 18,200,000",white,Used,1500,Petrol,Toyota,18200000,Corolla,1999,1500,2003,Automatic,Car(Sedan)
KIA Sephia 2002,"Rs: 2,600,000",km Find,"2026-02-10 | Mattegoda 162,481",gray,Used,1331,Petrol,KIA,162481,Sephia,2002,1331,2003,Automatic,Car(Sedan)
Suzuki Wagon R 2016,"Rs: 5,900,000",km Find,"2025-12-16 | Gampaha 100,000",blue,Used,600,Petrol,Suzuki,100000,Wagon R,2016,600,2016,Automatic,Car(Hatchback)
Toyota Vitz 2007,"Rs: 5,750,000",km Find,2025-12-16 | Kurunegala 0,black,Used,1300,Petrol,Toyota,00,Vitz,2007,1300,2008,Automatic,Car(Hatchback)
Suzuki Swift 2006,"Rs: 3,950,000",km Find,"2025-12-16 | Galgamuwa 85,000",black,Used,140,Petrol,Suzuki,85000,Swift,2006,140,2006,Manual,Car(Hatchback)
Toyota Premio 2014,"Rs: 12,500,000",km Find,"2025-12-16 | Galle 180,000",white,Used,1500,Petrol,Toyota,180000,Premio,2014,1500,2014,Automatic,Car(Saloon)
Toyota Belta 2009,"Rs: 6,950,000",km Find,"2025-12-16 | Dehiwala 156,450",white,Used,1300,Petrol,Toyota,156450,Belta,2009,1300,2009,Automatic,Car(Saloon)
Suzuki Spacia 2025,"Rs: 9,700,000",,2025-12-16 | Kurunegala Find Out More,silver,Brand New,660,Hybrid,Suzuki,0,Spacia,2025,660,Ref:,Automatic,Car(Convertible)
Mercedes Benz C180 2010,"Rs: 11,300,000",km Find,"2025-12-16 | Moratuwa 201,461",black,Used,1600,Petrol,Mercedes Benz,201461,C180,2010,1600,2011,Automatic,Car(Saloon)
Suzuki Wagon R 2016,"Rs: 5,450,000",km Find,"2025-12-16 | Ambalangoda 113,000",yellow,Used,650,Hybrid,Suzuki,113000,Wagon R,2016,650,2017,Automatic,Car(Hatchback)
Suzuki Swift 2004,"Rs: 4,300,000",km Find,"2025-12-16 | Matugama 128,678",silver,Used,1300,Petrol,Suzuki,128678,Swift,2004,1300,2004,Automatic,Car(Hatchback)
Suzuki Wagon R 2014,"Rs: 5,950,000",km Find,"2025-12-16 | Ambalangoda 109,000",black,Used,650,Hybrid,Suzuki,109000,Wagon R,2014,650,2016,Automatic,Car(Hatchback)
Suzuki Alto 2015,"Rs: 3,550,000",km Find,"2025-12-16 | Ambalangoda 84,000",gray,Used,796,Petrol,Suzuki,84000,Alto,2015,796,2015,Manual,Car(Hatchback)
Toyota Passo 2025,"Rs: 7,500,000",,2025-12-16 | Kelaniya Find Out More,red,Brand New,650,Petrol,Toyota,0,Passo,2025,650,Ref:,Automatic,Car(Hatchback)
Toyota Premio 2013,"Rs: 11,700,000",km Find,"2025-12-16 | Wariyapola 121,000",maroon,Used,1500,Petrol,Toyota,121000,Premio,2013,1500,2014,Automatic,Car(Saloon)
Honda Fit 2011,"Rs: 6,750,000",,2025-12-16 | Wennappuwa Find Out More,black,Used,1330,Petrol,Honda,0,Fit,2011,1330,2013,Manual,Car(Hatchback)
KIA Sephia 2002,"Rs: 2,600,000",km Find,"2026-02-10 | Mattegoda 162,481",gray,Used,1331,Petrol,KIA,162481,Sephia,2002,1331,2003,Automatic,Car(Sedan)
Mitsubishi eK 2016,"Rs: 5,350,000",km Find,"2025-12-16 | Maharagama 23,000",pink,Used,650,Petrol,Mitsubishi,23000,eK,2016,650,2019,Automatic,Car(Station wagon)
Nissan Sunny 2002,"Rs: 4,500,000",km Find,"2025-12-16 | Hingurakgoda 1,000",white,Used,1500,Petrol,Nissan,1000,Sunny,2002,1500,2002,Automatic,Car(Sedan)
Toyota Aqua 2013,"Rs: 6,900,000",km Find,"2025-12-16 | Colombo Fort (Colombo 01) 143,000",silver,Used,1500,Petrol,Toyota,143000,Aqua,2013,1500,2014,Automatic,Car(Hatchback)
Suzuki Spacia 2023,"Rs: 7,150,000",km Find,"2025-12-16 | Kottawa 6,600",gray,Brand New,660,Petrol,Suzuki,6600,Spacia,2023,660,Ref:,Automatic,Car(Hatchback)
Suzuki Wagon R 2023,"Rs: 7,050,000",km Find,"2025-12-16 | Kottawa 6,600",other,Brand New,660,Petrol,Suzuki,6600,Wagon R,2023,660,Ref:,Automatic,Car(Hatchback)
Suzuki Spacia 2023,"Rs: 7,450,000",km Find,2025-12-16 | Kottawa 150,black,Brand New,660,Petrol,Suzuki,150,Spacia,2023,660,Ref:,Automatic,Car(Hatchback)
Mitsubishi eK 2023,"Rs: 6,950,000",km Find,"2025-12-16 | Kottawa 4,500",black,Brand New,660,Petrol,Mitsubishi,4500,eK,2023,660,Ref:,Automatic,Car(Hatchback)
Mitsubishi eK 2023,"Rs: 6,975,000",km Find,"2025-12-16 | Kottawa 3,400",white,Brand New,660,Petrol,Mitsubishi,3400,eK,2023,660,Ref:,Automatic,Car(Hatchback)
Honda N BOX 2023,"Rs: 7,650,000",km Find,"2025-12-16 | Kottawa 8,000",black,Brand New,660,Petrol,Honda,8000,N BOX,2023,660,Ref:,Automatic,Car(Hatchback)
Toyota Axio 2013,"Rs: 8,600,000",km Find,"2025-12-16 | Maharagama 230,000",blue,Used,1350,Petrol,Toyota,230000,Axio,2013,1350,2014,Automatic,Car(Hatchback)
Toyota Aqua 2016,"Rs: 7,800,000",km Find,"2025-12-16 | Ambalangoda 134,000",yellow,Used,1500,Hybrid,Toyota,134000,Aqua,2016,1500,2016,Automatic,Car(Liftback)
Honda Fit 2015,"Rs: 8,100,000",km Find,"2025-12-16 | Ambalangoda 133,000",white,Used,1500,Hybrid,Honda,133000,Fit,2015,1500,2015,Automatic,Car(Hatchback)
KIA Sephia 2002,"Rs: 2,600,000",km Find,"2026-02-10 | Mattegoda 162,481",gray,Used,1331,Petrol,KIA,162481,Sephia,2002,1331,2003,Automatic,Car(Sedan)
Toyota Allion 2007,"Rs: 7,800,000",km Find,2025-12-16 | Ambalangoda 0,black,Used,1600,Petrol,Toyota,0000,Allion,2007,1600,2008,Automatic,Car(Saloon)
Toyota Mark II 2001,"Rs: 5,800,000",km Find,"2025-12-16 | Ambalangoda 88,750",silver,Used,1998,Petrol,Toyota,88750,Mark II,2001,1998,2003,Automatic,Car(Saloon)
Mazda Flair 2023,"Rs: 8,475,000",km Find,"2025-12-16 | Yakkala 15,500",black,Brand New,658,Petrol,Mazda,15500,Flair,2023,658,Ref:,Automatic,Car(Hatchback)
Toyota Yaris 2023,"Rs: 8,900,000",km Find,"2025-12-16 | Kurunegala 4,500",silver,Brand New,690,Hybrid,Toyota,4500,Yaris,2023,690,Ref:,Automatic,Car(Hatchback)
Suzuki Spacia 2023,"Rs: 9,850,000",km Find,"2025-12-16 | Kurunegala 4,500",black,Reconditioned,690,Hybrid,Suzuki,4500,Spacia,2023,690,2023,Automatic,Car()
Suzuki Wagon R 2023,"Rs: 8,900,000",km Find,"2025-12-16 | Kurunegala 4,600",white,Brand New,690,Hybrid,Suzuki,4600,Wagon R,2023,690,Ref:,Automatic,Car(Hatchback)
Suzuki Wagon R 2023,"Rs: 8,900,000",km Find,"2025-12-16 | Kurunegala 5,600",black,Brand New,690,Hybrid,Suzuki,5600,Wagon R,2023,690,Ref:,Automatic,Car(Hatchback)
Suzuki Wagon R 2023,"Rs: 8,900,000",km Find,"2025-12-16 | Kurunegala 4,500",blue,Brand New,690,Hybrid,Suzuki,4500,Wagon R,2023,690,Ref:,Automatic,Car(Liftback)
Renault KWID 2016,"Rs: 3,400,000",km Find,"2025-12-16 | Batticaloa 172,320",red,Used,850,Petrol,Renault,172320,KWID,2016,850,2016,Manual,Car(Hatchback)
Toyota Carina 1999,"Rs: 5,600,000",km Find,"2025-12-16 | Marandagahamula 120,000",white,Used,1500,Petrol,Toyota,120000,Carina,1999,1500,2000,Automatic,Car(Saloon)
Hyundai Eon 2016,"Rs: 4,200,000",km Find,2025-12-16 | Badulla 0,black,Used,814,Petrol,Hyundai,0000,Eon,2016,814,2016,Manual,Car(Hatchback)
Ford Fiesta 2015,"Rs: 7,950,000",km Find,"2025-12-16 | Gampaha 1,000",white,Used,1600,Petrol,Ford,1000,Fiesta,2015,1600,2016,Automatic,Car(Sedan)
Suzuki Alto 2015,"Rs: 3,975,000",km Find,"2025-12-16 | Batticaloa 97,816",silver,Used,800,Petrol,Suzuki,97816,Alto,2015,800,2015,Manual,Car(Hatchback)
Toyota Vitz 2019,"Rs: 8,300,000",km Find,"2025-12-16 | Wennappuwa 1,254",white,Used,1500,Petrol,Toyota,1254,Vitz,2019,1500,2021,Automatic,Car(Hatchback)
KIA Sephia 2002,"Rs: 2,600,000",km Find,"2026-02-10 | Mattegoda 162,481",gray,Used,1331,Petrol,KIA,162481,Sephia,2002,1331,2003,Automatic,Car(Sedan)
Suzuki Wagon R 2018,"Rs: 5,890,000",km Find,"2025-12-16 | Maharagama 120,000",silver,Used,950,Petrol,Suzuki,120000,Wagon R,2018,950,2018,Automatic,Car(Station wagon)
Toyota Premio 2018,"Rs: 17,300,000",km Find,"2025-12-16 | Maharagama 8,000",white,Used,1300,Petrol,Toyota,8000,Premio,2018,1300,2018,Automatic,Car(Hatchback)
Toyota Premio 2020,"Rs: 17,300,000",km Find,"2025-12-16 | Maharagama 60,000",white,Used,1300,Petrol,Toyota,60000,Premio,2020,1300,2020,Automatic,Car(Sedan)
Honda Fit 2014,"Rs: 7,450,000",km Find,"2025-12-16 | Piliyandala 76,800",black,Used,650,Petrol,Honda,76800,Fit,2014,650,2015,Automatic,Car(Hatchback)
Suzuki Alto 2006,"Rs: 2,780,000",,2025-12-16 | Kuruwita Find Out More,black,Used,650,Petrol,Suzuki,0,Alto,2006,650,2006,Manual,Car(Liftback)
Toyota Passo 2023,"Rs: 8,500,000",km Find,"2025-12-16 | Kalubowila 2,000",maroon,Reconditioned,990,Petrol,Toyota,2000,Passo,2023,990,2023,Automatic,Car(Hatchback)
Suzuki Celerio 2015,"Rs: 5,150,000",km Find,"2025-12-16 | Nugegoda 109,000",red,Used,1000,Petrol,Suzuki,109000,Celerio,2015,1000,2015,Automatic,Car(Hatchback)
Perodua Axia 2016,"Rs: 5,650,000",km Find,"2025-12-16 | Piliyandala 79,000",green,Used,1000,Petrol,Perodua,79000,Axia,2016,1000,2016,Automatic,Car(Hatchback)
Suzuki Alto 2017,"Rs: 5,550,000",km Find,"2025-12-16 | Giriulla 95,000",white,Used,660,Petrol,Suzuki,95000,Alto,2017,660,2019,Automatic,Car(Hatchback)
Toyota Premio 2012,"Rs: 10,500,000",km Find,"2025-12-16 | Panadura 179,800",black,Used,1500,Petrol,Toyota,179800,Premio,2012,1500,2012,Automatic,Car(Saloon)
Toyota Prius 2013,"Rs: 9,700,000",km Find,"2025-12-16 | Embilipitiya 116,000",silver,Used,1790,Hybrid,Toyota,116000,Prius,2013,1790,2015,Automatic,Car(Hatchback)
Suzuki Maruti 2011,"Rs: 2,510,000",km Find,"2025-12-16 | Kaduwela 85,400",black,Used,800,Petrol,Suzuki,85400,Maruti,2011,800,2011,Manual,Car(Hatchback)
KIA Sephia 2002,"Rs: 2,600,000",km Find,"2026-02-10 | Mattegoda 162,481",gray,Used,1331,Petrol,KIA,162481,Sephia,2002,1331,2003,Automatic,Car(Sedan)
Suzuki Spacia 2024,"Rs: 8,375,000",km Find,"2025-12-16 | Kurunegala 9,000",brown,Brand New,660,Hybrid,Suzuki,9000,Spacia,2024,660,2025,Automatic,Car(Convertible)
Toyota Axio 2015,"Rs: 8,700,000",km Find,"2025-12-16 | Kottawa 122,000",red,Used,1500,Hybrid,Toyota,122000,Axio,2015,1500,2015,Automatic,Car(Saloon)
Suzuki Wagon R 2023,"Rs: 6,900,000",,2025-12-16 | Kurunegala Find Out More,white,Brand New,660,Petrol,Suzuki,0,Wagon R,2023,660,Ref:,Automatic,Car(Station wagon)
Honda Fit 2015,"Rs: 5,400,000",km Find,"2025-12-15 | Kalutara 140,000",black,Used,690,Petrol,Honda,140000,Fit,2015,690,2015,Automatic,Car(Hatchback)
BMW 3 Series 2017,"Rs: 19,500,000",km Find,"2025-12-15 | Ambalangoda 136,000",white,Used,1500,Petrol,BMW,136000,3 Series,2017,1500,2018,Tiptronic,Car(Saloon)
Suzuki Wagon R 2025,"Rs: 9,600,000",,2025-12-16 | Kandy Find Out More,white,Brand New,650,Hybrid,Suzuki,0,Wagon R,2025,650,Ref:,Automatic,Car(Hatchback)
Suzuki Wagon R 2018,"Rs: 7,250,000",km Find,"2025-12-15 | Jaffna 93,000",white,Used,660,Hybrid,Suzuki,93000,Wagon R,2018,660,2019,Automatic,Car(Hatchback)
KIA Spectra 2002,"Rs: 1,900,000",km Find,"2025-12-15 | Kuliyapitiya 35,000",gray,Used,1600,Petrol,KIA,35000,Spectra,2002,1600,2002,Manual,Car(Saloon)
Honda N BOX 2015,"Rs: 7,800,000",km Find,"2025-12-15 | Ampitiya 98,000",white,Used,650,Petrol,Honda,98000,N BOX,2015,650,2018,Automatic,Car(Station wagon)
Honda Fit 2014,"Rs: 7,470,000",km Find,"2025-12-15 | Kollupitiya (Colombo 03) 230,000",black,Used,1000,Petrol,Honda,230000,Fit,2014,1000,2014,Automatic,Car(Hatchback)
Toyota Premio 2019,"Rs: 18,500,000",km Find,"2025-12-15 | Ambalangoda 73,000",red,Used,1500,Petrol,Toyota,73000,Premio,2019,1500,2019,Automatic,Car(Saloon)
Mercedes Benz C Class 2020,"Rs: 22,000,000",km Find,"2025-12-15 | Ambalangoda 150,000",blue,Used,2000,Petrol,Mercedes Benz,150000,C Class,2020,2000,2020,Automatic,Car(Saloon)
BMW 5 Series 2013,"Rs: 22,000,000",km Find,"2025-12-15 | Ambalangoda 151,000",black,Used,2000,Diesel,BMW,151000,5 Series,2013,2000,2013,Automatic,Car(Saloon)
KIA Sephia 2002,"Rs: 2,600,000",km Find,"2026-02-10 | Mattegoda 162,481",gray,Used,1331,Petrol,KIA,162481,Sephia,2002,1331,2003,Automatic,Car(Sedan)
Hyundai Accent 2001,"Rs: 3,085,000",km Find,"2025-12-15 | Moratuwa 175,000",silver,Used,1500,Petrol,Hyundai,175000,Accent,2001,1500,2005,Automatic,Car(Saloon)
Toyota Aqua 2016,"Rs: 8,350,000",km Find,"2025-12-15 | Ambalangoda 133,440",white,Used,1500,Hybrid,Toyota,133440,Aqua,2016,1500,2017,Automatic,Car(Liftback)
Micro Panda 2015,"Rs: 2,975,000",km Find,"2025-12-15 | Wewagama 80,000",white,Used,1000,Petrol,Micro,80000,Panda,2015,1000,2015,Manual,Car(Hatchback)
Toyota Allion 2002,"Rs: 6,050,000",km Find,2025-12-15 | Ambalangoda 0,white,Used,1600,Petrol,Toyota,0000,Allion,2002,1600,2006,Automatic,Car(Sedan)
Hyundai Accent 2002,"Rs: 2,500,000",km Find,"2025-12-15 | Kottawa 180,000",blue,Used,1500,Petrol,Hyundai,180000,Accent,2002,1500,2002,Manual,Car(Saloon)
Toyota Prius 2016,"Rs: 13,500,000",km Find,"2025-12-15 | Gampaha 275,000",white,Used,1790,Hybrid,Toyota,275000,Prius,2016,1790,2016,Automatic,Car(Saloon)
Toyota Aqua 2013,"Rs: 7,250,000",km Find,"2025-12-15 | Nikaweratiya 107,000",silver,Used,1200,Petrol,Toyota,107000,Aqua,2013,1200,2015,Automatic,Car(Hatchback)
Suzuki Swift 2008,"Rs: 5,475,000",km Find,"2025-12-15 | Gampaha 149,000",black,Used,1300,Petrol,Suzuki,149000,Swift,2008,1300,2008,Automatic,Car(Liftback)
Toyota Vitz 2019,"Rs: 8,500,000",km Find,"2025-12-15 | Ambalangoda 49,000",white,Used,1500,Petrol,Toyota,49000,Vitz,2019,1500,2020,Automatic,Car(Hatchback)
Toyota Aqua 2013,"Rs: 6,250,000",km Find,"2025-12-15 | Galewela 126,000",white,Used,1500,Petrol,Toyota,126000,Aqua,2013,1500,2014,Automatic,Car(Hatchback)
Toyota Corolla 2007,"Rs: 5,900,000",km Find,"2025-12-15 | Athurugiriya 155,000",silver,Used,1500,Petrol,Toyota,155000,Corolla,2007,1500,2008,Manual,Car(Sedan)
Suzuki Esteem 1998,"Rs: 1,850,000",,2025-12-15 | Kaduwela Find Out More,yellow,Used,1320,Petrol,Suzuki,0,Esteem,1998,1320,1998,Automatic,Car(Station wagon)
Toyota Allion 2007,"Rs: 8,500,000",km Find,"2025-12-15 | Negombo 239,000",blue,Used,1800,Petrol,Toyota,239000,Allion,2007,1800,2010,Automatic,Car(Saloon)
Honda Fit 2014,"Rs: 7,450,000",km Find,"2025-12-15 | Piliyandala 76,800",black,Used,1500,Hybrid,Honda,76800,Fit,2014,1500,2015,Automatic,Car(Hatchback)
Mitsubishi eK 2016,"Rs: 5,350,000",km Find,"2025-12-15 | Pannipitiya 99,000",pink,Used,660,Petrol,Mitsubishi,99000,eK,2016,660,2019,Automatic,Car(Hatchback)
Suzuki Wagon R 2024,"Rs: 7,500,000",km Find,"2025-12-15 | Kurunegala 8,000",white,Brand New,650,Petrol,Suzuki,8000,Wagon R,2024,650,Ref:,Automatic,Car(Hatchback)
Honda City 2025,"Rs: 14,300,000",,2025-12-15 | Kalubowila Find Out More,white,Brand New,1000,Petrol,Honda,0,City,2025,1000,Ref:,Automatic,Car(Saloon)
Honda City 2025,"Rs: 14,300,000",,2025-12-15 | Kalubowila Find Out More,gray,Brand New,1000,Petrol,Honda,0,City,2025,1000,Ref:,Automatic,Car(Saloon)
KIA Sephia 2002,"Rs: 2,600,000",km Find,"2026-02-10 | Mattegoda 162,481",gray,Used,1331,Petrol,KIA,162481,Sephia,2002,1331,2003,Automatic,Car(Sedan)
Suzuki Maruti 2006,"Rs: 2,200,000",km Find,"2025-12-15 | Kurunegala 159,600",black,Used,1000,Petrol,Suzuki,159600,Maruti,2006,1000,2006,Manual,Car(Hatchback)
Toyota Raize 2025,"Rs: 14,000,000",km Find,2025-12-15 | Pannipitiya 5,black,Brand New,1200,Hybrid,Toyota,5,Raize,2025,1200,2015,Automatic,Car(Hatchback)
Toyota Premio 2018,"Rs: 16,500,000",km Find,"2025-12-15 | Panadura 60,000",white,Used,1500,Petrol,Toyota,60000,Premio,2018,1500,2018,Automatic,Car(Saloon)
Honda Civic 2018,"Rs: 1,370,000",km Find,2025-12-15 | Kuliyapitiya 500,white,Used,1000,Hybrid,Honda,500,Civic,2018,1000,2018,Automatic,Car(Hatchback)
Toyota Axio 2013,"Rs: 8,600,000",km Find,"2025-12-15 | Boralesgamuwa 230,000",blue,Used,1500,Hybrid,Toyota,230000,Axio,2013,1500,2014,Automatic,Car()
Toyota Starlet 1993,"Rs: 3,175,000",km Find,"2025-12-15 | Pitipana Homagama 200,000",white,Used,1330,Petrol,Toyota,200000,Starlet,1993,1330,1994,Manual,Car(Sports)
Toyota Starlet 1995,"Rs: 3,950,000",km Find,"2025-12-15 | Pitipana Homagama 200,000",white,Used,1330,Petrol,Toyota,200000,Starlet,1995,1330,1996,Manual,Car(Sports)
Toyota Starlet 1993,"Rs: 3,875,000",km Find,"2025-12-15 | Pitipana Homagama 1,000",blue,Used,1330,Petrol,Toyota,1000,Starlet,1993,1330,1996,Manual,Car(Sports)
Nissan Sunny 1986,"Rs: 1,790,000",km Find,"2025-12-15 | Negombo 1,000",white,Used,1500,Petrol,Nissan,1000,Sunny,1986,1500,1989,Manual,Car(Saloon)
Toyota Allion 2012,"Rs: 9,000,000",km Find,"2025-12-15 | Moratuwa 165,700",maroon,Used,1500,Petrol,Toyota,165700,Allion,2012,1500,2012,Automatic,Car(Sedan)
Toyota Vitz 2010,"Rs: 5,600,000",km Find,"2025-12-15 | Nattandiya 178,000",white,Used,1000,Petrol,Toyota,178000,Vitz,2010,1000,2011,Manual,Car(Hatchback)
Suzuki Wagon R 2024,"Rs: 7,800,000",km Find,"2025-12-15 | Negombo 6,500",silver,Brand New,650,Petrol,Suzuki,6500,Wagon R,2024,650,Ref:,Automatic,Car(Liftback)
Suzuki Spacia 2025,"Rs: 10,800,000",,2025-12-15 | Negombo Find Out More,white,Brand New,650,Hybrid,Suzuki,0,Spacia,2025,650,Ref:,Automatic,Car(Hatchback)
Mazda 3 2010,"Rs: 7,100,000",km Find,"2025-12-15 | Negombo 160,000",blue,Used,1600,Petrol,Mazda,160000,3,2010,1600,2010,Automatic,Car(Saloon)
Suzuki Wagon R 2023,"Rs: 6,900,000",,2025-12-15 | Kurunegala Find Out More,blue,Brand New,660,Petrol,Suzuki,0,Wagon R,2023,660,Ref:,Manual,Car(Station wagon)
Toyota Corolla 2023,"Rs: 15,500,000",,2025-12-15 | Kurunegala Find Out More,white,Brand New,1500,Petrol,Toyota,0,Corolla,2023,1500,Ref:,Manual,Car(Saloon)
Mazda Familia 2000,"Rs: 3,485,000",km Find,"2025-12-15 | Kelaniya 123,000",white,Used,1300,Petrol,Mazda,123000,Familia,2000,1300,2003,Automatic,Car(Hatchback)
KIA Sephia 2002,"Rs: 2,600,000",km Find,"2026-02-10 | Mattegoda 162,481",gray,Used,1331,Petrol,KIA,162481,Sephia,2002,1331,2003,Automatic,Car(Sedan)
Suzuki Wagon R 2017,"Rs: 6,750,000",km Find,"2025-12-15 | Kurunegala 98,000",purple,Used,660,Hybrid,Suzuki,98000,Wagon R,2017,660,2017,Automatic,Car(Liftback)
Toyota Prius 2023,"Rs: 22,600,000",,2025-12-15 | Kurunegala Find Out More,gray,Brand New,1800,Hybrid,Toyota,0,Prius,2023,1800,Ref:,Manual,Car(Liftback)
Toyota Premio 2013,"Rs: 10,500,000",km Find,"2025-12-15 | Ambalangoda 160,000",maroon,Used,1500,Petrol,Toyota,160000,Premio,2013,1500,2013,Automatic,Car(Saloon)
Suzuki Wagon R 2023,"Rs: 8,200,000",,2025-12-15 | Kurunegala Find Out More,red,Brand New,660,Petrol,Suzuki,0,Wagon R,2023,660,Ref:,Manual,Car(Station wagon)
Suzuki Wagon R 2018,"Rs: 5,890,000",km Find,"2025-12-15 | Boralesgamuwa 120,000",silver,Used,660,Hybrid,Suzuki,120000,Wagon R,2018,660,2018,Automatic,Car(Hatchback)
Nissan Almera 2025,"Rs: 13,500,000",,2025-12-15 | Kalubowila Find Out More,white,Brand New,1000,Petrol,Nissan,0,Almera,2025,1000,Ref:,Automatic,Car(Saloon)
Nissan Almera 2025,"Rs: 11,900,000",,2025-12-15 | Kalubowila Find Out More,black,Brand New,1000,Petrol,Nissan,0,Almera,2025,1000,Ref:,Automatic,Car(Saloon)
Toyota Axio 2015,"Rs: 10,500,000",km Find,"2025-12-15 | Akuressa 136,000",white,Used,1500,Petrol,Toyota,136000,Axio,2015,1500,2015,Automatic,Car(Saloon)
Suzuki Swift 2005,"Rs: 4,500,000",km Find,"2025-12-15 | Piliyandala 102,070",gray,Used,1300,Petrol,Suzuki,102070,Swift,2005,1300,2009,Automatic,Car(Hatchback)
Toyota Vios 2004,"Rs: 5,150,000",km Find,"2025-12-15 | Anuradhapura 303,000",gold,Used,1500,Petrol,Toyota,303000,Vios,2004,1500,2004,Automatic,Car(Saloon)
Suzuki Spacia 2024,"Rs: 9,000,000",,2025-12-15 | Kurunegala Find Out More,black,Brand New,657,Petrol,Suzuki,0,Spacia,2024,657,Ref:,Automatic,Car(Saloon)
Nissan Roox 2024,"Rs: 8,400,000",,2025-12-15 | Kurunegala Find Out More,white,Brand New,660,Petrol,Nissan,0,Roox,2024,660,Ref:,Manual,Car(Station wagon)
Suzuki Wagon R 2024,"Rs: 9,000,000",,2025-12-15 | Batticaloa Find Out More,white,Brand New,650,Hybrid,Suzuki,0,Wagon R,2024,650,Ref:,Automatic,Car(Sedan)
Hyundai Eon 2000,"Rs: 1,800,000",km Find,"2025-12-15 | Trincomalee 198,000",white,Used,1599,Petrol,Hyundai,198000,Eon,2000,1599,2002,Manual,Car(Hatchback)
KIA Sephia 2002,"Rs: 2,600,000",km Find,"2026-02-10 | Mattegoda 162,481",gray,Used,1331,Petrol,KIA,162481,Sephia,2002,1331,2003,Automatic,Car(Sedan)
Mitsubishi eK 2016,"Rs: 5,350,000",km Find,"2025-12-15 | Adampan 99,899",pink,Used,1500,Hybrid,Mitsubishi,99899,eK,2016,1500,2019,Automatic,Car(Liftback)
Honda Fit 2014,"Rs: 7,450,000",km Find,"2025-12-15 | Adampan 76,800",black,Used,1500,Hybrid,Honda,76800,Fit,2014,1500,2015,Automatic,Car(Hatchback)
Toyota Premio 2018,"Rs: 16,500,000",km Find,"2025-12-15 | Adampan 80,000",white,Used,1500,Hybrid,Toyota,80000,Premio,2018,1500,2018,Automatic,Car(Saloon)
Suzuki Wagon R 2017,"Rs: 6,690,000",km Find,"2025-12-15 | Adampan 140,000",white,Used,1500,Hybrid,Suzuki,140000,Wagon R,2017,1500,2017,Automatic,Car(Liftback)
Toyota Yaris 2024,"Rs: 9,890,000",km Find,"2025-12-15 | Adampan 4,000",gray,Used,1000,Hybrid,Toyota,4000,Yaris,2024,1000,2024,Automatic,Car(Hatchback)
Suzuki Wagon R 2018,"Rs: 6,300,000",km Find,"2025-12-15 | Padukka 160,000",white,Used,1500,Hybrid,Suzuki,160000,Wagon R,2018,1500,2019,Automatic,Car(Liftback)
Toyota Vitz 2016,"Rs: 7,390,000",km Find,"2025-12-15 | Adampan 160,000",white,Used,1500,Hybrid,Toyota,160000,Vitz,2016,1500,2016,Automatic,Car(Liftback)
Toyota Corolla 2003,"Rs: 5,850,000",km Find,"2025-12-15 | Dompe 206,500",white,Used,1500,Petrol,Toyota,206500,Corolla,2003,1500,2006,Automatic,Car(Saloon)
Suzuki Alto 2017,"Rs: 6,100,000",km Find,"2025-12-15 | Bandaragama 61,450",silver,Used,657,Petrol,Suzuki,61450,Alto,2017,657,2018,Automatic,Car(Hatchback)
Honda Civic 2017,"Rs: 12,900,000",km Find,"2025-12-15 | Ambalangoda 71,000",black,Used,1000,Petrol,Honda,71000,Civic,2017,1000,2018,Automatic,Car(Sedan)
Toyota Allion 2007,"Rs: 9,000,000",km Find,"2025-12-15 | Ambalangoda 98,000",white,Used,1500,Petrol,Toyota,98000,Allion,2007,1500,2007,Automatic,Car(Saloon)
Honda Insight 2010,"Rs: 7,100,000",km Find,"2025-12-15 | Ambalangoda 155,000",black,Used,1500,Hybrid,Honda,155000,Insight,2010,1500,2012,Automatic,Car(Liftback)
Toyota Passo 2004,"Rs: 4,300,000",km Find,"2025-12-15 | Ambalangoda 185,000",pink,Used,990,Petrol,Toyota,185000,Passo,2004,990,2008,Automatic,Car(Hatchback)
Toyota Prius 2012,"Rs: 10,200,000",km Find,"2025-12-15 | Ambalangoda 260,000",red,Used,1600,Hybrid,Toyota,260000,Prius,2012,1600,2013,Automatic,Car(Liftback)
Toyota Prius 2013,"Rs: 10,800,000",km Find,"2025-12-15 | Ambalangoda 195,000",white,Used,1600,Hybrid,Toyota,195000,Prius,2013,1600,2014,Automatic,Car(Liftback)
Toyota Vitz 2016,"Rs: 7,000,000",km Find,"2025-12-15 | Ambalangoda 110,000",blue,Used,1300,Petrol,Toyota,110000,Vitz,2016,1300,2019,Automatic,Car(Hatchback)
KIA Sephia 2002,"Rs: 2,600,000",km Find,"2026-02-10 | Mattegoda 162,481",gray,Used,1331,Petrol,KIA,162481,Sephia,2002,1331,2003,Automatic,Car(Sedan)
Honda Fit 2011,"Rs: 6,500,000",km Find,"2025-12-15 | Ambalangoda 160,000",silver,Used,1500,Petrol,Honda,160000,Fit,2011,1500,2012,Automatic,Car(Hatchback)
Toyota Prius 2014,"Rs: 11,200,000",km Find,"2025-12-15 | Ambalangoda 170,000",white,Used,1500,Petrol,Toyota,170000,Prius,2014,1500,2014,Automatic,Car(Liftback)
Toyota Aqua 2015,"Rs: 7,900,000",km Find,"2025-12-15 | Adampan 72,000",blue,Used,0,Petrol,Toyota,72000,Aqua,2015,0,2015,Automatic,Car(Hatchback)
Honda Insight 2012,"Rs: 7,150,000",km Find,"2025-12-15 | Ambalangoda 137,000",white,Used,1500,Hybrid,Honda,137000,Insight,2012,1500,2012,Automatic,Car(Liftback)
Toyota Roomy 2025,"Rs: 12,000,000",,2025-12-15 | Kotahena (Colombo 13) Find Out More,white,Brand New,996,Petrol,Toyota,0,Roomy,2025,996,Ref:,Automatic,Car()
Suzuki Alto 2024,"Rs: 7,550,000",,2025-12-15 | Adampan Find Out More,white,Brand New,660,Petrol,Suzuki,0,Alto,2024,660,Ref:,Manual,Car(Station wagon)
Suzuki Wagon R 2014,"Rs: 5,875,000",km Find,"2025-12-15 | Pannala 49,120",purple,Used,660,Petrol,Suzuki,49120,Wagon R,2014,660,2015,Automatic,Car(Hatchback)
Daihatsu Taft 2025,"Rs: 9,300,000",km Find,2025-12-15 | Pilimatalawa 300,white,Brand New,660,Petrol,Daihatsu,300,Taft,2025,660,Ref:,Automatic,Car(Hatchback)
Honda Fit 2010,"Rs: 6,350,000",km Find,"2025-12-15 | Narammala 146,000",black,Used,1333,Hybrid,Honda,146000,Fit,2010,1333,2012,Automatic,Car(Liftback)
KIA Sephia 2002,"Rs: 2,600,000",km Find,"2026-02-10 | Mattegoda 162,481",gray,Used,1331,Petrol,KIA,162481,Sephia,2002,1331,2003,Automatic,Car(Sedan)
Suzuki Swift 2017,"Rs: 7,800,000",km Find,"2025-12-15 | Kegalle 102,000",gray,Used,1240,Hybrid,Suzuki,102000,Swift,2017,1240,2018,Automatic,Car(Hatchback)
Honda Grace 2014,"Rs: 9,450,000",km Find,"2025-12-15 | Hettipola 130,000",white,Used,1500,Hybrid,Honda,130000,Grace,2014,1500,2015,Automatic,Car(Saloon)
Suzuki Wagon R 2015,"Rs: 6,200,000",km Find,"2025-12-15 | Katunayake 100,749",white,Used,660,Hybrid,Suzuki,100749,Wagon R,2015,660,2015,Automatic,Car()
Suzuki Alto 2017,"Rs: 5,300,000",km Find,"2025-12-15 | Borella (Colombo 08) 85,000",white,Used,1000,Petrol,Suzuki,85000,Alto,2017,1000,2018,Manual,Car(Hatchback)
Suzuki Wagon R 2015,"Rs: 5,950,000",km Find,2025-12-15 | Colombo Fort (Colombo 01) 0,black,Used,650,Hybrid,Suzuki,0000,Wagon R,2015,650,2015,Automatic,Car(Station wagon)
Toyota Vitz 2017,"Rs: 7,990,000",km Find,"2025-12-15 | Dikwella 119,000",white,Used,1300,Petrol,Toyota,119000,Vitz,2017,1300,2020,Automatic,Car(Liftback)
Toyota Vitz 2018,"Rs: 8,600,000",km Find,"2025-12-15 | Katuneriya 77,900",white,Used,1300,Petrol,Toyota,77900,Vitz,2018,1300,2019,Automatic,Car(Liftback)
Suzuki Wagon R 2016,"Rs: 5,700,000",km Find,"2025-12-15 | Peradeniya 96,000",gray,Used,660,Petrol,Suzuki,96000,Wagon R,2016,660,2016,Automatic,Car(Hatchback)
Honda Grace 2016,"Rs: 9,500,000",km Find,"2025-12-15 | Ambalangoda 220,000",white,Used,1500,Hybrid,Honda,220000,Grace,2016,1500,2016,Automatic,Car(Saloon)
Honda Accord 2013,"Rs: 14,200,000",,2025-12-15 | Mawanella Find Out More,white,Used,1500,Hybrid,Honda,0,Accord,2013,1500,2015,Automatic,Car(Saloon)
Suzuki Wagon R 2025,"Rs: 8,950,000",km Find,2025-12-15 | Kalutara 150,white,Brand New,660,Hybrid,Suzuki,150,Wagon R,2025,660,Ref:,Automatic,Car(Hatchback)
Toyota Aqua 2015,"Rs: 8,790,000",km Find,"2025-12-15 | Maharagama 82,000",black,Used,1300,Petrol,Toyota,82000,Aqua,2015,1300,2015,Automatic,Car(Liftback)
Toyota Axio 2017,"Rs: 11,900,000",km Find,"2025-12-15 | Delgoda 105,000",white,Used,1500,Hybrid,Toyota,105000,Axio,2017,1500,2017,Automatic,Car(Saloon)
Daihatsu Mira 2024,"Rs: 7,000,000",,2025-12-15 | Kurunegala Find Out More,white,Brand New,660,Petrol,Daihatsu,0,Mira,2024,660,Ref:,Manual,Car(Liftback)
Daihatsu Mira 2024,"Rs: 7,000,000",,2025-12-15 | Kurunegala Find Out More,other,Brand New,660,Petrol,Daihatsu,0,Mira,2024,660,Ref:,Manual,Car(Hatchback)
Suzuki Wagon R 2024,"Rs: 7,400,000",,2025-12-15 | Kurunegala Find Out More,silver,Brand New,660,Hybrid,Suzuki,0,Wagon R,2024,660,Ref:,Manual,Car(Station wagon)
Suzuki Wagon R 2024,"Rs: 7,400,000",,2025-12-15 | Kurunegala Find Out More,blue,Brand New,660,Hybrid,Suzuki,0,Wagon R,2024,660,Ref:,Manual,Car(Station wagon)
Suzuki Hustler 2016,"Rs: 5,850,000",km Find,"2025-12-15 | Ambalangoda 147,000",yellow,Used,650,Petrol,Suzuki,147000,Hustler,2016,650,2018,Automatic,Car(Hatchback)
Mitsubishi Lancer 2008,"Rs: 6,650,000",km Find,"2025-12-15 | Ambalangoda 138,000",blue,Used,1300,Petrol,Mitsubishi,138000,Lancer,2008,1300,2008,Automatic,Car(Sedan)
KIA Sephia 2002,"Rs: 2,600,000",km Find,"2026-02-10 | Mattegoda 162,481",gray,Used,1331,Petrol,KIA,162481,Sephia,2002,1331,2003,Automatic,Car(Sedan)
Hyundai Tucsone 2013,"Rs: 9,500,000",km Find,"2025-12-14 | Raddolugama 145,000",red,Used,1000,Petrol,Hyundai,145000,Tucsone,2013,1000,2013,Automatic,Car(Saloon)
Nissan N 16 1999,"Rs: 4,250,000",km Find,"2025-12-15 | Anuradhapura 154,000",silver,Used,1500,Petrol,Nissan,154000,N 16,1999,1500,2003,Manual,Car(Saloon)
Hyundai Elantra 2000,"Rs: 2,700,000",km Find,"2025-12-15 | Rajagiriya 173,342",silver,Used,1600,Petrol,Hyundai,173342,Elantra,2000,1600,2002,Automatic,Car(Saloon)
Suzuki Wagon R 2025,"Rs: 9,100,000",,2025-12-14 | Maradana (Colombo 10) Find Out More,white,Brand New,650,Hybrid,Suzuki,0,Wagon R,2025,650,Ref:,Automatic,Car(Hatchback)
Honda Fit 2008,"Rs: 5,550,000",km Find,"2025-12-14 | Moratuwa 194,047",black,Used,1330,Petrol,Honda,194047,Fit,2008,1330,2010,Automatic,Car(Hatchback)
Toyota Corolla 2008,"Rs: 6,950,000",km Find,"2025-12-14 | Moratuwa 168,000",blue,Used,1500,Petrol,Toyota,168000,Corolla,2008,1500,2009,Automatic,Car(Saloon)
Toyota Vitz 2009,"Rs: 5,750,000",km Find,"2025-12-15 | Anuradhapura 158,000",black,Used,1000,Petrol,Toyota,158000,Vitz,2009,1000,2013,Automatic,Car(Hatchback)
Toyota Allion 2010,"Rs: 9,750,000",km Find,"2025-12-14 | Gampaha 180,000",black,Used,1500,Petrol,Toyota,180000,Allion,2010,1500,2011,Automatic,Car(Sedan)
Toyota Prius 2013,"Rs: 11,200,000",km Find,"2025-12-14 | Wariyapola 159,000",white,Used,1500,Hybrid,Toyota,159000,Prius,2013,1500,2015,Automatic,Car(Liftback)
Honda Accord 2013,"Rs: 14,200,000",,2025-12-14 | Nawala Find Out More,white,Used,1500,Hybrid,Honda,0,Accord,2013,1500,2015,Automatic,Car(Saloon)
Toyota Premio 2011,"Rs: 9,600,000",km Find,2025-12-14 | Kurunegala 0,maroon,Used,1500,Petrol,Toyota,0000,Premio,2011,1500,2012,Automatic,Car(Saloon)
Toyota Axio 2007,"Rs: 7,650,000",km Find,"2025-12-14 | Moratuwa 236,835",gold,Used,1500,Petrol,Toyota,236835,Axio,2007,1500,2009,Automatic,Car(Saloon)
Toyota Yaris 2025,"Rs: 10,500,000",,2025-12-14 | Kurunegala Find Out More,white,Brand New,1000,Petrol,Toyota,0,Yaris,2025,1000,Ref:,Automatic,Car(Hatchback)
Toyota Premio 2013,"Rs: 10,600,000",km Find,"2025-12-14 | Kurunegala 125,000",white,Used,1000,Petrol,Toyota,125000,Premio,2013,1000,2013,Automatic,Car(Hatchback)
Toyota Premio 2020,"Rs: 18,200,000",km Find,"2025-12-14 | Makola 68,000",white,Used,1500,Petrol,Toyota,68000,Premio,2020,1500,2020,Automatic,Car(Saloon)
KIA Sephia 2002,"Rs: 2,600,000",km Find,"2026-02-10 | Mattegoda 162,481",gray,Used,1331,Petrol,KIA,162481,Sephia,2002,1331,2003,Automatic,Car(Sedan)
Toyota Premio 2010,"Rs: 10,200,000",km Find,"2025-12-14 | Embilipitiya 174,000",maroon,Used,1500,Petrol,Toyota,174000,Premio,2010,1500,2011,Automatic,Car(Saloon)
Nissan March 2002,"Rs: 3,550,000",km Find,"2025-12-14 | Moratuwa 122,215",white,Used,1000,Petrol,Nissan,122215,March,2002,1000,2005,Automatic,Car(Hatchback)
Suzuki Wagon R 2023,"Rs: 7,875,000",km Find,"2025-12-14 | Malabe 1,800",black,Brand New,650,Hybrid,Suzuki,1800,Wagon R,2023,650,Ref:,Automatic,Car()
Suzuki Wagon R 2018,"Rs: 5,890,000",km Find,"2025-12-14 | Adampan 120,000",white,Used,1500,Hybrid,Suzuki,120000,Wagon R,2018,1500,2018,Automatic,Car(Liftback)
Suzuki Wagon R 2014,"Rs: 5,000,000",km Find,"2025-12-14 | Kilinochchi 150,000",white,Used,690,Petrol,Suzuki,150000,Wagon R,2014,690,2016,Automatic,Car(Hatchback)
Micro Panda 2015,"Rs: 2,890,000",km Find,"2025-12-14 | Kegalle 63,400",white,Used,890,Petrol,Micro,63400,Panda,2015,890,2016,Manual,Car(Hatchback)
Suzuki Wagon R 2017,"Rs: 5,975,000",km Find,"2025-12-14 | Colombo Fort (Colombo 01) 85,000",white,Used,650,Hybrid,Suzuki,85000,Wagon R,2017,650,2017,Automatic,Car(Hatchback)
Toyota Axio 2018,"Rs: 12,500,000",km Find,"2025-12-14 | Ambalangoda 145,000",white,Used,1500,Petrol,Toyota,145000,Axio,2018,1500,2018,Automatic,Car(Saloon)
Toyota Prius 2013,"Rs: 11,000,000",km Find,2025-12-14 | Ambalangoda 0,purple,Used,1500,Petrol,Toyota,0000,Prius,2013,1500,2014,Automatic,Car(Liftback)
Nissan B13 1992,"Rs: 2,375,000",km Find,"2025-12-14 | Weerapokuna 120,000",silver,Used,1300,Petrol,Nissan,120000,B13,1992,1300,1992,Manual,Car(Sedan)
Suzuki Wagon R 2016,"Rs: 6,000,000",km Find,"2025-12-14 | Ambalangoda 83,000",white,Used,650,Petrol,Suzuki,83000,Wagon R,2016,650,2017,Automatic,Car(Hatchback)
Ford Festiva 1996,"Rs: 1,990,000",,2025-12-14 | Pepiliyana Find Out More,red,Used,1500,Petrol,Ford,0,Festiva,1996,1500,2000,Automatic,Car(Hatchback)
KIA Sephia 2002,"Rs: 2,600,000",km Find,"2026-02-10 | Mattegoda 162,481",gray,Used,1331,Petrol,KIA,162481,Sephia,2002,1331,2003,Automatic,Car(Sedan)
Mercedes Benz E200 1998,"Rs: 5,500,000",km Find,"2025-12-14 | Wellawatta (Colombo 06) 94,000",black,Used,2000,Petrol,Mercedes Benz,94000,E200,1998,2000,2007,Manual,Car(Saloon)
Daihatsu Taft 2022,"Rs: 7,850,000",,2025-12-13 | Kurunegala Find Out More,red,Brand New,660,Petrol,Daihatsu,0,Taft,2022,660,Ref:,Automatic,Car()
Toyota Axio 2008,"Rs: 7,350,000",,2025-12-13 | Gampaha Find Out More,silver,Used,1500,Petrol,Toyota,0,Axio,2008,1500,2010,Automatic,Car(Saloon)
Toyota Axio 2007,"Rs: 7,150,000",km Find,"2025-12-13 | Dematagoda (Colombo 09) 182,000",gold,Used,1500,Petrol,Toyota,182000,Axio,2007,1500,2010,Automatic,Car(Saloon)
Toyota Aqua 2012,"Rs: 7,000,000",km Find,"2025-12-13 | Wattala 164,000",white,Used,1490,Hybrid,Toyota,164000,Aqua,2012,1490,2012,Automatic,Car(Hatchback)
KIA Sephia 2002,"Rs: 2,600,000",km Find,"2026-02-10 | Mattegoda 162,481",gray,Used,1331,Petrol,KIA,162481,Sephia,2002,1331,2003,Automatic,Car(Sedan)
Mitsubishi eK 2017,"Rs: 6,000,000",km Find,"2025-12-13 | Kottawa 92,100",black,Used,660,Petrol,Mitsubishi,92100,eK,2017,660,2019,Automatic,Car(Hatchback)
Suzuki Wagon R 2025,"Rs: 9,800,000",km Find,"2025-12-13 | Kurunegala 1,000",white,Brand New,998,Hybrid,Suzuki,1000,Wagon R,2025,998,Ref:,Automatic,Car(Hatchback)
Mercedes Benz E250 2014,"Rs: 27,500,000",km Find,"2025-12-13 | Kandy 63,000",white,Used,1991,Petrol,Mercedes Benz,63000,E250,2014,1991,2014,Automatic,Car(Hatchback)
Mitsubishi Lancer 1991,"Rs: 1,750,000",,2025-12-13 | Homagama Find Out More,red,Used,1500,Petrol,Mitsubishi,0,Lancer,1991,1500,1993,Manual,Car(Sedan)
Suzuki Celerio 2016,"Rs: 5,300,000",km Find,"2025-12-13 | Kollupitiya (Colombo 03) 125,000",red,Used,1000,Petrol,Suzuki,125000,Celerio,2016,1000,2016,Automatic,Car(Hatchback)
Toyota Premio 2013,"Rs: 11,100,000",,2025-12-13 | Kollupitiya (Colombo 03) Find Out More,black,Used,1500,Petrol,Toyota,0,Premio,2013,1500,2015,Automatic,Car(Saloon)
Toyota Aqua 2012,"Rs: 6,350,000",km Find,"2025-12-13 | Ampara 150,000",beige,Used,690,Petrol,Toyota,150000,Aqua,2012,690,2014,Automatic,Car(Liftback)
Suzuki Wagon R 2023,"Rs: 8,800,000",km Find,"2025-12-13 | Kurunegala 4,500",white,Brand New,690,Hybrid,Suzuki,4500,Wagon R,2023,690,Ref:,Automatic,Car(Liftback)
Suzuki Hustler 2024,"Rs: 9,100,000",km Find,"2025-12-13 | Sri Jayawardenepura Kotte 7,000",other,Brand New,1400,Hybrid,Suzuki,7000,Hustler,2024,1400,Ref:,Automatic,Car(Hatchback)
Toyota Prius 2013,"Rs: 10,900,000",,2025-12-13 | Colombo Fort (Colombo 01) Find Out More,white,Used,1400,Hybrid,Toyota,0,Prius,2013,1400,2015,Automatic,Car(Hatchback)
KIA Sephia 2002,"Rs: 2,600,000",km Find,"2026-02-10 | Mattegoda 162,481",gray,Used,1331,Petrol,KIA,162481,Sephia,2002,1331,2003,Automatic,Car(Sedan)
Toyota Yaris 2022,"Rs: 9,200,000",km Find,"2025-12-13 | Kurunegala 30,000",white,Reconditioned,1000,Petrol,Toyota,30000,Yaris,2022,1000,2022,Automatic,Car(Hatchback)
Toyota Vitz 2018,"Rs: 8,700,000",km Find,"2025-12-13 | Galle 65,000",white,Reconditioned,1000,Petrol,Toyota,65000,Vitz,2018,1000,2020,Automatic,Car(Sedan)
Suzuki Wagon R 2017,"Rs: 6,500,000",km Find,"2025-12-13 | Ambalangoda 119,000",white,Used,650,Petrol,Suzuki,119000,Wagon R,2017,650,2018,Automatic,Car(Hatchback)
Nissan Sunny 2001,"Rs: 4,800,000",km Find,"2025-12-13 | Ambalangoda 113,000",gray,Used,1300,Petrol,Nissan,113000,Sunny,2001,1300,2005,Automatic,Car(Saloon)
Toyota Vitz 2018,"Rs: 8,500,000",km Find,"2025-12-13 | Ambalangoda 83,000",white,Used,1000,Petrol,Toyota,83000,Vitz,2018,1000,2018,Automatic,Car(Hatchback)
Toyota Aqua 2014,"Rs: 7,700,000",km Find,"2025-12-13 | Ambalangoda 110,000",white,Used,1500,Petrol,Toyota,110000,Aqua,2014,1500,2014,Automatic,Car(Hatchback)
Nissan March 1997,"Rs: 2,645,000",km Find,"2025-12-13 | Bandaragama 98,000",silver,Used,990,Petrol,Nissan,98000,March,1997,990,1999,Manual,Car(Hatchback)
Suzuki Spacia 2018,"Rs: 7,600,000",km Find,"2025-12-13 | Maradana (Colombo 10) 52,000",red,Used,658,Petrol,Suzuki,52000,Spacia,2018,658,2018,Automatic,Car(Hatchback)
Toyota Vitz 2019,"Rs: 8,500,000",km Find,"2025-12-13 | Ambalangoda 49,000",white,Used,1000,Petrol,Toyota,49000,Vitz,2019,1000,2020,Automatic,Car(Hatchback)
Toyota Prius 2014,"Rs: 9,800,000",km Find,"2025-12-13 | Ambalangoda 210,000",white,Used,1500,Petrol,Toyota,210000,Prius,2014,1500,2014,Automatic,Car(Liftback)
Suzuki Wagon R 2023,"Rs: 7,695,000",km Find,"2025-12-13 | Bandaragama 9,941",silver,Brand New,650,Petrol,Suzuki,9941,Wagon R,2023,650,Ref:,Automatic,Car(Station wagon)
Honda Civic 2018,"Rs: 13,200,000",km Find,"2025-12-13 | Ambalangoda 65,000",black,Used,1000,Petrol,Honda,65000,Civic,2018,1000,2018,Automatic,Car(Liftback)
Honda Fit 2012,"Rs: 6,300,000",km Find,"2025-12-13 | Ambalangoda 200,000",white,Used,1500,Petrol,Honda,200000,Fit,2012,1500,2013,Automatic,Car(Hatchback)
Daihatsu Cast 2017,"Rs: 6,795,000",km Find,"2025-12-13 | Panadura 78,190",white,Used,650,Petrol,Daihatsu,78190,Cast,2017,650,2019,Automatic,Car(Hatchback)
KIA Sephia 2002,"Rs: 2,600,000",km Find,"2026-02-10 | Mattegoda 162,481",gray,Used,1331,Petrol,KIA,162481,Sephia,2002,1331,2003,Automatic,Car(Sedan)
Toyota Passo 2004,"Rs: 4,295,000",km Find,"2025-12-13 | Kottawa 12,345",yellow,Used,1000,Petrol,Toyota,12345,Passo,2004,1000,2006,Automatic,Car(Liftback)
KIA Rio 2009,"Rs: 2,675,000",km Find,"2025-12-13 | Hanwella 1,002,580",blue,Used,1300,Petrol,KIA,1002580,Rio,2009,1300,2009,Manual,Car(Sports)
Toyota Prius 2009,"Rs: 8,995,000",,2025-12-13 | Panadura Find Out More,silver,Used,1790,Hybrid,Toyota,0,Prius,2009,1790,2011,Automatic,Car(Hatchback)
Honda Insight 2011,"Rs: 7,200,000",km Find,"2025-12-13 | Nugegoda 147,000",black,Used,1330,Hybrid,Honda,147000,Insight,2011,1330,2013,Automatic,Car(Saloon)
Mercedes Benz CLA 2017,"Rs: 18,900,000",km Find,"2025-12-12 | Bandaragama 53,000",white,Used,1590,Petrol,Mercedes Benz,53000,CLA,2017,1590,2017,Automatic,Car(Saloon)
Suzuki Swift 2004,"Rs: 4,390,000",,2025-12-12 | Mirigama Find Out More,black,Used,1000,Petrol,Suzuki,0,Swift,2004,1000,2006,Manual,Car(Hatchback)
Toyota Premio 2013,"Rs: 11,100,000",km Find,"2025-12-12 | Ambalangoda 138,000",white,Used,1600,Petrol,Toyota,138000,Premio,2013,1600,2013,Automatic,Car(Saloon)
Suzuki Celerio 2016,"Rs: 5,325,000",km Find,"2025-12-12 | Kadawatha 97,000",white,Used,1000,Petrol,Suzuki,97000,Celerio,2016,1000,2016,Automatic,Car(Hatchback)
Toyota Premio 2011,"Rs: 9,350,000",,2025-12-12 | Ambalangoda Find Out More,red,Used,1600,Petrol,Toyota,0,Premio,2011,1600,2012,Automatic,Car(Saloon)
KIA Sephia 2002,"Rs: 2,600,000",km Find,"2026-02-10 | Mattegoda 162,481",gray,Used,1331,Petrol,KIA,162481,Sephia,2002,1331,2003,Automatic,Car(Sedan)
Nissan Dayz 2024,"Rs: 8,550,000",km Find,"2025-12-12 | Kadawatha 3,400",gray,Brand New,650,Petrol,Nissan,3400,Dayz,2024,650,Ref:,Automatic,Car(Hatchback)
Honda Grace 2015,"Rs: 9,600,000",km Find,"2025-12-12 | Dambulla 110,000",silver,Used,1500,Petrol,Honda,110000,Grace,2015,1500,2017,Automatic,Car(Sedan)
Honda Fit 2013,"Rs: 8,300,000",km Find,"2025-12-12 | Homagama 105,000",blue,Used,1490,Hybrid,Honda,105000,Fit,2013,1490,2014,Automatic,Car(Hatchback)
Perodua Viva 2011,"Rs: 4,400,000",km Find,"2025-12-12 | Matara 90,000",silver,Used,800,Petrol,Perodua,90000,Viva,2011,800,2012,Manual,Car(Hatchback)
Nissan Sunny 1984,"Rs: 450,000",km Find,"2025-12-12 | Adampan 200,000",red,Used,1270,Petrol,Nissan,200000,Sunny,1984,1270,1984,Manual,Car(Sedan)
Suzuki Swift 2009,"Rs: 5,500,000",km Find,"2025-12-12 | Dehiwala 180,000",blue,Used,1300,Petrol,Suzuki,180000,Swift,2009,1300,2010,Automatic,Car(Hatchback)
Honda ARIA 2003,"Rs: 4,700,000",km Find,"2025-12-12 | Ibbagamuwa 180,000",gold,Used,1300,Petrol,Honda,180000,ARIA,2003,1300,2007,Automatic,Car(Saloon)
Honda Fit 2013,"Rs: 7,190,000",km Find,"2025-12-13 | Dehiwala 175,000",black,Used,1500,Hybrid,Honda,175000,Fit,2013,1500,2015,Automatic,Car(Hatchback)
Suzuki Maruti 2008,"Rs: 2,200,000",km Find,"2025-12-12 | Ahangama 60,000",gray,Used,800,Petrol,Suzuki,60000,Maruti,2008,800,2008,Manual,Car(Hatchback)
Toyota Belta 2007,"Rs: 6,000,000",km Find,"2025-12-13 | Homagama 160,000",silver,Used,1000,Petrol,Toyota,160000,Belta,2007,1000,2009,Automatic,Car(Saloon)
Daihatsu Mira 1998,"Rs: 2,100,000",km Find,2025-12-12 | Ambalangoda 0,red,Used,850,Petrol,Daihatsu,0000,Mira,1998,850,1998,Manual,Car(Hatchback)
Suzuki XBee 2023,"Rs: 9,450,000",km Find,"2025-12-12 | Nugegoda 11,000",brown,Reconditioned,990,Petrol,Suzuki,11000,XBee,2023,990,2023,Automatic,Car(Hatchback)
Hyundai Accent 2002,"Rs: 3,000,000",km Find,"2025-12-12 | Hikkaduwa 200,000",green,Used,1500,Petrol,Hyundai,200000,Accent,2002,1500,2006,Automatic,Car(Hatchback)
Toyota Aqua 2014,"Rs: 7,900,000",km Find,"2025-12-12 | Kalmunai 79,800",silver,Used,1490,Petrol,Toyota,79800,Aqua,2014,1490,2015,Automatic,Car(Sedan)
Toyota Axio 2019,"Rs: 13,200,000",km Find,"2025-12-12 | Tangalla 147,000",white,Used,1500,Petrol,Toyota,147000,Axio,2019,1500,2019,Automatic,Car(Saloon)
Suzuki Maruti 2005,"Rs: 1,700,000",km Find,"2025-12-12 | Kekirawa 143,000",white,Used,800,Petrol,Suzuki,143000,Maruti,2005,800,2005,Manual,Car(Hatchback)
Toyota Yaris 2025,"Rs: 11,600,000",,2025-12-12 | Nawala Find Out More,white,Brand New,1000,Petrol,Toyota,0,Yaris,2025,1000,Ref:,Automatic,Car(Hatchback)
KIA Sephia 2002,"Rs: 2,600,000",km Find,"2026-02-10 | Mattegoda 162,481",gray,Used,1331,Petrol,KIA,162481,Sephia,2002,1331,2003,Automatic,Car(Sedan)
Toyota Passo 2016,"Rs: 6,575,000",km Find,"2025-12-12 | Malabe 87,700",silver,Reconditioned,1000,Petrol,Toyota,87700,Passo,2016,1000,2018,Automatic,Car(Hatchback)
Suzuki Alto 2024,"Rs: 6,450,000",km Find,"2025-12-12 | Nugegoda 11,000",blue,Brand New,660,Petrol,Suzuki,11000,Alto,2024,660,2024,Automatic,Car(Hatchback)
Toyota Wigo 2018,"Rs: 5,650,000",km Find,"2025-12-12 | Moratuwa 136,000",white,Used,1000,Petrol,Toyota,136000,Wigo,2018,1000,2018,Automatic,Car(Hatchback)
KIA Cerato 2012,"Rs: 5,750,000",km Find,"2025-12-12 | Moratuwa 90,000",red,Used,1500,Petrol,KIA,90000,Cerato,2012,1500,2013,Automatic,Car(Saloon)
Daihatsu Taft 2023,"Rs: 7,700,000",km Find,"2025-12-12 | Kelaniya 6,000",green,Used,660,Petrol,Daihatsu,6000,Taft,2023,660,2025,Automatic,Car(Hatchback)
Nissan Bluebird 2001,"Rs: 4,300,000",km Find,"2025-12-12 | Bentota 123,456",blue,Used,1500,Petrol,Nissan,123456,Bluebird,2001,1500,2005,Automatic,Car(Saloon)
Nissan Sunny 1984,"Rs: 1,100,000",km Find,"2025-12-12 | Adampan 200,000",beige,Brand New,1200,Petrol,Nissan,200000,Sunny,1984,1200,1984,Manual,Car(Saloon)
Toyota Vios 2004,"Rs: 5,400,000",km Find,"2025-12-12 | Rajagiriya 133,009",blue,Used,1500,Petrol,Toyota,133009,Vios,2004,1500,2004,Automatic,Car(Saloon)
Nissan B11 2023,"Rs: 13,850,000",km Find,"2025-12-12 | Embilipitiya 16,000",black,Used,1200,Petrol,Nissan,16000,B11,2023,1200,2023,Automatic,Car(Station wagon)
Suzuki Hustler 2024,"Rs: 9,400,000",,2025-12-12 | Ambalangoda Find Out More,green,Brand New,658,Petrol,Suzuki,0,Hustler,2024,658,Ref:,Automatic,Car(Hatchback)
Suzuki Wagon R 2018,"Rs: 7,190,000",km Find,"2025-12-12 | Adampan 80,000",white,Used,1500,Hybrid,Suzuki,80000,Wagon R,2018,1500,2018,Automatic,Car(Liftback)
Toyota Allion 2004,"Rs: 6,675,000",km Find,"2025-12-12 | Kurunegala 1,111",red,Used,1490,Petrol,Toyota,1111,Allion,2004,1490,2007,Manual,Car(Hatchback)
Suzuki Wagon R 2017,"Rs: 6,300,000",km Find,"2025-12-12 | Ambalangoda 95,000",red,Used,650,Hybrid,Suzuki,95000,Wagon R,2017,650,2017,Automatic,Car(Hatchback)
Toyota Aqua 2013,"Rs: 7,400,000",km Find,"2025-12-12 | Ambalangoda 83,000",white,Used,1600,Hybrid,Toyota,83000,Aqua,2013,1600,2015,Automatic,Car(Hatchback)
KIA Sephia 2002,"Rs: 2,600,000",km Find,"2026-02-10 | Mattegoda 162,481",gray,Used,1331,Petrol,KIA,162481,Sephia,2002,1331,2003,Automatic,Car(Sedan)
Hyundai Eon 2016,"Rs: 4,450,000",km Find,"2025-12-12 | Colombo Fort (Colombo 01) 106,500",red,Used,800,Petrol,Hyundai,106500,Eon,2016,800,2016,Manual,Car(Saloon)
Toyota Aqua 2012,"Rs: 6,875,000",km Find,"2025-12-12 | Kurunegala 11,112",gray,Used,1490,Petrol,Toyota,11112,Aqua,2012,1490,2014,Automatic,Car(Hatchback)
Subaru Stella 2023,"Rs: 8,650,000",,2025-12-12 | Embilipitiya Find Out More,white,Brand New,660,Petrol,Subaru,0,Stella,2023,660,Ref:,Automatic,Car(Station wagon)
Toyota Vitz 2018,"Rs: 8,725,000",km Find,"2025-12-12 | Divulapitiya 22,000",white,Used,1000,Petrol,Toyota,22000,Vitz,2018,1000,2019,Automatic,Car(Hatchback)
Toyota Aqua 2013,"Rs: 7,475,000",km Find,"2025-12-12 | Mirigama 11,111",silver,Used,1490,Petrol,Toyota,11111,Aqua,2013,1490,2016,Automatic,Car(Hatchback)
Suzuki Wagon R 2023,"Rs: 7,850,000",km Find,"2025-12-12 | Kurunegala 4,500",white,Brand New,690,Hybrid,Suzuki,4500,Wagon R,2023,690,Ref:,Automatic,Car(Hatchback)
Suzuki Wagon R 2014,"Rs: 5,325,000",km Find,"2025-12-12 | Panadura 50,000",red,Used,650,Petrol,Suzuki,50000,Wagon R,2014,650,2015,Automatic,Car(Hatchback)
Suzuki A Star 2012,"Rs: 4,650,000",km Find,"2025-12-12 | Badulla 135,876",white,Used,1000,Petrol,Suzuki,135876,A Star,2012,1000,2012,Automatic,Car(Hatchback)
KIA Sephia 2002,"Rs: 2,600,000",km Find,"2026-02-10 | Mattegoda 162,481",gray,Used,1331,Petrol,KIA,162481,Sephia,2002,1331,2003,Automatic,Car(Sedan)
Suzuki Wagon R 2014,"Rs: 5,650,000",km Find,"2025-12-12 | Nugegoda 195,000",white,Used,650,Petrol,Suzuki,195000,Wagon R,2014,650,2014,Automatic,Car(Hatchback)
Toyota Axio 2015,"Rs: 9,800,000",km Find,"2025-12-12 | Dehiwala 200,000",black,Used,1500,Hybrid,Toyota,200000,Axio,2015,1500,2016,Automatic,Car(Saloon)
Nissan Dayz 2023,"Rs: 7,190,000",km Find,"2025-12-12 | Kotte 6,052",silver,Brand New,660,Petrol,Nissan,6052,Dayz,2023,660,Ref:,Automatic,Car(Hatchback)
Nissan Dayz 2023,"Rs: 7,190,000",km Find,"2025-12-12 | Kotte 5,096",white,Brand New,660,Petrol,Nissan,5096,Dayz,2023,660,Ref:,Automatic,Car(Hatchback)
Mitsubishi eK 2023,"Rs: 7,150,000",km Find,"2025-12-12 | Kotte 5,750",white,Brand New,660,Petrol,Mitsubishi,5750,eK,2023,660,Ref:,Automatic,Car(Hatchback)
Suzuki Alto 2016,"Rs: 3,890,000",km Find,"2025-12-12 | Athurugiriya 82,713",black,Used,658,Petrol,Suzuki,82713,Alto,2016,658,2016,Manual,Car(Hatchback)
Nissan FB 15 2000,"Rs: 4,100,000",km Find,"2025-12-12 | Kurunegala 185,000",silver,Used,1500,Petrol,Nissan,185000,FB 15,2000,1500,2001,Automatic,Car(Saloon)
BMW 4 Series 2016,"Rs: 29,500,000",km Find,"2025-12-12 | Kahawatta 40,000",black,Used,2000,Petrol,BMW,40000,4 Series,2016,2000,2016,Automatic,Car(Saloon)
Subaru Stella 2023,"Rs: 6,850,000",km Find,"2025-12-12 | Kottawa 6,600",white,Brand New,660,Petrol,Subaru,6600,Stella,2023,660,Ref:,Automatic,Car(Hatchback)
Toyota Allion 2012,"Rs: 10,600,000",km Find,"2025-12-12 | Kesbewa 98,000",white,Used,1500,Petrol,Toyota,98000,Allion,2012,1500,2013,Automatic,Car(Saloon)
Renault KWID 2016,"Rs: 3,350,000",km Find,"2025-12-12 | Panadura 89,100",red,Used,800,Petrol,Renault,89100,KWID,2016,800,2017,Manual,Car(Hatchback)
Toyota Passo 2023,"Rs: 8,100,000",km Find,"2025-12-12 | Kotte 8,000",black,Reconditioned,1000,Petrol,Toyota,8000,Passo,2023,1000,2023,Automatic,Car(Hatchback)
KIA Sephia 2002,"Rs: 2,600,000",km Find,"2026-02-10 | Mattegoda 162,481",gray,Used,1331,Petrol,KIA,162481,Sephia,2002,1331,2003,Automatic,Car(Sedan)
Micro Panda 2017,"Rs: 3,900,000",km Find,"2025-12-12 | Kalutara 40,000",silver,Used,1000,Petrol,Micro,40000,Panda,2017,1000,2018,Automatic,Car(Sedan)
Honda Fit 2014,"Rs: 8,150,000",,2025-12-12 | Negombo Find Out More,white,Used,1500,Hybrid,Honda,0,Fit,2014,1500,2015,Automatic,Car(Hatchback)
Mazda Flair 2023,"Rs: 7,190,000",km Find,"2025-12-12 | Kotte 8,000",black,Reconditioned,660,Hybrid,Mazda,8000,Flair,2023,660,2023,Automatic,Car(Hatchback)
Toyota Allion 2003,"Rs: 7,250,000",,2025-12-12 | Anuradhapura Find Out More,black,Used,1500,Petrol,Toyota,0,Allion,2003,1500,2006,Automatic,Car(Saloon)
Mazda Flair 2024,"Rs: 9,300,000",km Find,"2025-12-12 | Borella (Colombo 08) 22,000",blue,Brand New,660,Hybrid,Mazda,22000,Flair,2024,660,Ref:,Automatic,Car(Hatchback)
Suzuki Spacia 2023,"Rs: 7,100,000",km Find,"2025-12-12 | Kotte 12,000",yellow,Reconditioned,660,Petrol,Suzuki,12000,Spacia,2023,660,2023,Automatic,Car(Hatchback)
Toyota Yaris 2022,"Rs: 9,200,000",km Find,"2025-12-12 | Borella (Colombo 08) 25,000",white,Brand New,1000,Petrol,Toyota,25000,Yaris,2022,1000,Ref:,Automatic,Car(Hatchback)
Suzuki Wagon R 2024,"Rs: 8,500,000",km Find,2025-12-12 | Borella (Colombo 08) 600,blue,Brand New,660,Petrol,Suzuki,600,Wagon R,2024,660,Ref:,Automatic,Car(Hatchback)
Honda Fit 2012,"Rs: 8,990,000",,2025-12-12 | Negombo Find Out More,black,Used,1330,Hybrid,Honda,0,Fit,2012,1330,2014,Automatic,Car(Hatchback)
Honda Fit 2012,"Rs: 6,590,000",,2025-12-12 | Negombo Find Out More,red,Used,1330,Hybrid,Honda,0,Fit,2012,1330,2014,Automatic,Car(Hatchback)
Suzuki Swift 2017,"Rs: 8,100,000",km Find,"2025-12-12 | Ratmalana 93,000",blue,Used,1300,Petrol,Suzuki,93000,Swift,2017,1300,2019,Automatic,Car(Station wagon)
Suzuki Swift 2017,"Rs: 8,790,000",,2025-12-12 | Negombo Find Out More,red,Used,1000,Hybrid,Suzuki,0,Swift,2017,1000,2020,Automatic,Car(Hatchback)
Honda Fit 2012,"Rs: 8,990,000",,2025-12-12 | Negombo Find Out More,white,Used,1330,Hybrid,Honda,0,Fit,2012,1330,2015,Automatic,Car(Hatchback)
Mazda Capella 2000,"Rs: 3,500,000",km Find,"2025-12-15 | Dompe 150,000",silver,Used,1890,Petrol,Mazda,150000,Capella,2000,1890,2003,Automatic,Car(Saloon)
Honda Insight 2012,"Rs: 7,890,000",,2025-12-12 | Negombo Find Out More,silver,Used,1330,Hybrid,Honda,0,Insight,2012,1330,2014,Automatic,Car(Saloon)
Toyota Allion 2003,"Rs: 6,500,000",,2025-12-12 | Nittambuwa Find Out More,silver,Used,1400,Petrol,Toyota,0,Allion,2003,1400,2005,Automatic,Car(Saloon)
Mitsubishi eK 2023,"Rs: 7,190,000",km Find,"2025-12-12 | Kottawa 6,600",silver,Brand New,660,Petrol,Mitsubishi,6600,eK,2023,660,Ref:,Automatic,Car(Hatchback)
KIA Sephia 2002,"Rs: 2,600,000",km Find,"2026-02-10 | Mattegoda 162,481",gray,Used,1331,Petrol,KIA,162481,Sephia,2002,1331,2003,Automatic,Car(Sedan)
Mazda Flair 2023,"Rs: 7,650,000",km Find,"2025-12-12 | Kottawa 6,600",orange,Brand New,660,Hybrid,Mazda,6600,Flair,2023,660,2023,Automatic,Car(Hatchback)
Subaru Impreza 2000,"Rs: 4,295,000",km Find,"2025-12-15 | Kesbewa 135,000",green,Used,1597,Petrol,Subaru,135000,Impreza,2000,1597,2001,Manual,Car(Sedan)
Toyota Vitz 2016,"Rs: 7,500,000",km Find,"2025-12-12 | Ambalangoda 89,000",blue,Used,1300,Petrol,Toyota,89000,Vitz,2016,1300,2018,Automatic,Car(Hatchback)
Nissan Sunny 1998,"Rs: 3,800,000",km Find,"2025-12-12 | Ambalangoda 106,300",gray,Used,1500,Petrol,Nissan,106300,Sunny,1998,1500,2001,Automatic,Car(Saloon)
Toyota Vitz 2015,"Rs: 7,350,000",km Find,"2025-12-12 | Trincomalee 46,400",orange,Used,1000,Petrol,Toyota,46400,Vitz,2015,1000,2018,Automatic,Car(Hatchback)
Honda Fit 2014,"Rs: 8,200,000",km Find,"2025-12-12 | Malabe 84,000",blue,Used,1500,Hybrid,Honda,84000,Fit,2014,1500,2014,Automatic,Car(Hatchback)
Toyota Aqua 2015,"Rs: 9,000,000",km Find,"2025-12-12 | Gampaha 76,000",white,Used,1500,Petrol,Toyota,76000,Aqua,2015,1500,2015,Automatic,Car(Liftback)
Suzuki Alto 2016,"Rs: 3,900,000",km Find,"2025-12-12 | Panadura 112,750",white,Used,800,Petrol,Suzuki,112750,Alto,2016,800,2016,Manual,Car(Hatchback)
Suzuki Wagon R 2023,"Rs: 8,190,000",km Find,"2025-12-12 | Embilipitiya 16,000",black,Used,1200,Petrol,Suzuki,16000,Wagon R,2023,1200,2023,Automatic,Car(Station wagon)
Nissan Dayz 2023,"Rs: 8,150,000",,2025-12-12 | Embilipitiya Find Out More,blue,Brand New,660,Petrol,Nissan,0,Dayz,2023,660,Ref:,Automatic,Car(Saloon)
Nissan HB 12 1980,"Rs: 565,000",,2025-12-12 | Hanwella Find Out More,other,Used,1400,Petrol,Nissan,0,HB 12,1980,1400,1983,Manual,Car(Saloon)
Toyota Belta 2007,"Rs: 6,500,000",km Find,2025-12-12 | Ambalangoda 175,black,Used,1300,Petrol,Toyota,175,Belta,2007,1300,2010,Automatic,Car(Saloon)
Suzuki Wagon R 2016,"Rs: 5,100,000",km Find,"2025-12-12 | Nikaweratiya 69,000",other,Used,650,Petrol,Suzuki,69000,Wagon R,2016,650,2017,Automatic,Car(Hatchback)
Suzuki XBee 2023,"Rs: 10,300,000",km Find,"2025-12-12 | Kottawa 6,600",green,Brand New,660,Hybrid,Suzuki,6600,XBee,2023,660,Ref:,Automatic,Car(Hatchback)
Suzuki Alto 2024,"Rs: 6,450,000",km Find,"2025-12-12 | Kottawa 1,500",black,Brand New,660,Petrol,Suzuki,1500,Alto,2024,660,Ref:,Automatic,Car(Hatchback)
Suzuki Wagon R 2017,"Rs: 6,780,000",,2025-12-12 | Kurunegala Find Out More,white,Used,650,Hybrid,Suzuki,0,Wagon R,2017,650,2017,Automatic,Car(Hatchback)
Toyota Passo 2023,"Rs: 7,975,000",km Find,"2025-12-12 | Kottawa 6,600",black,Brand New,660,Petrol,Toyota,6600,Passo,2023,660,Ref:,Automatic,Car(Hatchback)
Toyota Premio 2017,"Rs: 16,000,000",km Find,"2025-12-12 | Talawatugoda 94,000",black,Used,1500,Petrol,Toyota,94000,Premio,2017,1500,2018,Automatic,Car(Saloon)
Honda Civic 2007,"Rs: 8,300,000",km Find,"2025-12-13 | Homagama 160,000",white,Used,1800,Petrol,Honda,160000,Civic,2007,1800,2007,Automatic,Car(Sedan)
KIA Sephia 2002,"Rs: 2,600,000",km Find,"2026-02-10 | Mattegoda 162,481",gray,Used,1331,Petrol,KIA,162481,Sephia,2002,1331,2003,Automatic,Car(Sedan)
Hyundai Eon 2016,"Rs: 4,095,000",km Find,"2025-12-12 | Moratuwa 97,940",white,Used,814,Petrol,Hyundai,97940,Eon,2016,814,2016,Manual,Car(Saloon)
Suzuki Alto 2017,"Rs: 5,450,000",,2025-12-12 | Boralesgamuwa Find Out More,gray,Used,650,Petrol,Suzuki,0,Alto,2017,650,2018,Manual,Car(Liftback)
Toyota Corolla 1995,"Rs: 3,675,000",km Find,"2025-12-12 | Ratnapura 180,000",white,Used,1500,Petrol,Toyota,180000,Corolla,1995,1500,1997,Automatic,Car(Saloon)
Suzuki Spacia 2024,"Rs: 9,500,000",,2025-12-12 | Kurunegala Find Out More,silver,Brand New,660,Hybrid,Suzuki,0,Spacia,2024,660,Ref:,Automatic,Car(Hatchback)
Suzuki Spacia 2025,"Rs: 9,450,000",km Find,2025-12-12 | Kurunegala 0,silver,Brand New,660,Hybrid,Suzuki,00,Spacia,2025,660,Ref:,Automatic,Car(Hatchback)
KIA Sephia 2002,"Rs: 2,600,000",km Find,"2026-02-10 | Mattegoda 162,481",gray,Used,1331,Petrol,KIA,162481,Sephia,2002,1331,2003,Automatic,Car(Sedan)
Suzuki Alto 2015,"Rs: 3,700,000",km Find,"2025-12-12 | Ambalangoda 81,000",white,Used,800,Petrol,Suzuki,81000,Alto,2015,800,2015,Manual,Car(Hatchback)
Toyota Premio 2013,"Rs: 11,200,000",km Find,"2025-12-12 | Kurunegala 110,000",red,Used,1490,Petrol,Toyota,110000,Premio,2013,1490,2015,Automatic,Car(Saloon)
Suzuki Hustler 2025,"Rs: 9,100,000",,2025-12-12 | Hanwella Find Out More,white,Brand New,1000,Petrol,Suzuki,0,Hustler,2025,1000,Ref:,Automatic,Car(Hatchback)
Toyota Prius 2008,"Rs: 6,200,000",km Find,"2025-12-12 | Ambalangoda 161,000",black,Used,1500,Petrol,Toyota,161000,Prius,2008,1500,2008,Automatic,Car(Liftback)
KIA Sephia 2002,"Rs: 2,600,000",km Find,"2026-02-10 | Mattegoda 162,481",gray,Used,1331,Petrol,KIA,162481,Sephia,2002,1331,2003,Automatic,Car(Sedan)
Toyota Vitz 2009,"Rs: 5,750,000",km Find,"2025-12-12 | Kandy 118,000",silver,Used,1330,Petrol,Toyota,118000,Vitz,2009,1330,2011,Automatic,Car(Sedan)
Mitsubishi eK 2023,"Rs: 7,200,000",km Find,"2025-12-12 | Kottawa 6,600",silver,Brand New,660,Petrol,Mitsubishi,6600,eK,2023,660,Ref:,Automatic,Car(Hatchback)
Nissan FB 14 1997,"Rs: 2,500,000",,2025-12-12 | Weliveriya Find Out More,red,Used,1500,Petrol,Nissan,0,FB 14,1997,1500,1997,Manual,Car()
Micro Panda 2011,"Rs: 2,700,000",,2025-12-12 | Kadawatha Find Out More,red,Used,1000,Petrol,Micro,0,Panda,2011,1000,2011,Manual,Car(Hatchback)
Honda Fit 2014,"Rs: 7,475,000",km Find,"2025-12-12 | Ambalangoda 229,000",black,Used,1500,Hybrid,Honda,229000,Fit,2014,1500,2014,Automatic,Car(Hatchback)
Suzuki Maruti 2010,"Rs: 2,600,000",km Find,"2025-12-12 | Dambadeniya 95,000",other,Used,800,Petrol,Suzuki,95000,Maruti,2010,800,2010,Manual,Car(Liftback)
Peugeot 307 2004,"Rs: 3,850,000",km Find,"2025-12-12 | Sri Jayawardenepura Kotte 123,456",green,Used,1600,Diesel,Peugeot,123456,307,2004,1600,2006,Manual,Car(Hatchback)
Nissan Sunny 1999,"Rs: 3,790,000",,2025-12-12 | Gampola Find Out More,other,Used,1500,Petrol,Nissan,0,Sunny,1999,1500,1999,Automatic,Car(Saloon)
Toyota Vitz 2016,"Rs: 7,350,000",km Find,"2025-12-12 | Kandy 60,300",white,Used,10000,Petrol,Toyota,60300,Vitz,2016,10000,2018,Automatic,Car(Hatchback)
KIA Sephia 2002,"Rs: 2,600,000",km Find,"2026-02-10 | Mattegoda 162,481",gray,Used,1331,Petrol,KIA,162481,Sephia,2002,1331,2003,Automatic,Car(Sedan)
Toyota Premio 2014,"Rs: 7,800,000",km Find,"2025-12-12 | Ampara 150,000",white,Used,1500,Petrol,Toyota,150000,Premio,2014,1500,2015,Automatic,Car(Hatchback)
Nissan Sunny 1990,"Rs: 2,075,000",,2025-12-12 | Chilaw Find Out More,white,Used,1600,Diesel,Nissan,0,Sunny,1990,1600,1993,Manual,Car(Saloon)
Toyota Prius 2013,"Rs: 10,900,000",km Find,"2025-12-11 | Ambalangoda 195,000",black,Used,1600,Hybrid,Toyota,195000,Prius,2013,1600,2014,Automatic,Car(Sedan)
Mercedes Benz S Class 2006,"Rs: 23,850,000",km Find,"2025-12-11 | Piliyandala 153,000",gray,Used,3500,Petrol,Mercedes Benz,153000,S Class,2006,3500,2006,Automatic,Car(Sedan)
Nissan March 2002,"Rs: 3,500,000",km Find,"2025-12-11 | Beruwala 123,449",orange,Used,1240,Petrol,Nissan,123449,March,2002,1240,2008,Automatic,Car(Hatchback)
Toyota Prius 2012,"Rs: 10,500,000",,2025-12-11 | Ja-Ela Find Out More,silver,Used,1490,Petrol,Toyota,0,Prius,2012,1490,2015,Automatic,Car(Liftback)
Suzuki Swift 2004,"Rs: 5,000,000",km Find,"2025-12-11 | Gampaha 112,000",silver,Used,1000,Petrol,Suzuki,112000,Swift,2004,1000,2004,Automatic,Car(Hatchback)
Mazda Demio 2009,"Rs: 5,450,000",km Find,"2025-12-11 | Talawatugoda 178,000",white,Used,1300,Petrol,Mazda,178000,Demio,2009,1300,2012,Automatic,Car(Hatchback)
Honda Civic 2004,"Rs: 5,600,000",km Find,"2025-12-11 | Ja-Ela 192,000",other,Used,1234,Petrol,Honda,192000,Civic,2004,1234,2004,Automatic,Car(Sedan)
Toyota Axio 2013,"Rs: 8,800,000",km Find,"2025-12-11 | Boralesgamuwa 230,000",blue,Used,1500,Hybrid,Toyota,230000,Axio,2013,1500,2014,Automatic,Car(Saloon)
Toyota Yaris 2024,"Rs: 10,500,000",km Find,"2025-12-11 | Peliyagoda 15,000",black,Used,1500,Hybrid,Toyota,15000,Yaris,2024,1500,2024,Automatic,Car(Hatchback)
Toyota Premio 2017,"Rs: 15,500,000",km Find,"2025-12-11 | Adampan 70,000",white,Used,1500,Hybrid,Toyota,70000,Premio,2017,1500,2017,Automatic,Car(Saloon)
Toyota Roomy 2022,"Rs: 10,500,000",km Find,"2025-12-11 | Peliyagoda 50,000",red,Used,1500,Hybrid,Toyota,50000,Roomy,2022,1500,2022,Automatic,Car(Liftback)
Toyota Prius 2008,"Rs: 6,800,000",,2025-12-11 | Katunayake Find Out More,silver,Used,2490,Petrol,Toyota,0,Prius,2008,2490,2011,Automatic,Car(Hatchback)
Chevrolet Cruze 2003,"Rs: 4,350,000",km Find,"2025-12-11 | Kotagala 154,000",silver,Used,1330,Petrol,Chevrolet,154000,Cruze,2003,1330,2006,Automatic,Car(Hatchback)
Toyota Axio 2010,"Rs: 7,800,000",km Find,"2025-12-11 | Ambalangoda 180,000",white,Used,1500,Petrol,Toyota,180000,Axio,2010,1500,2012,Automatic,Car(Saloon)
KIA Sephia 2002,"Rs: 2,600,000",km Find,"2026-02-10 | Mattegoda 162,481",gray,Used,1331,Petrol,KIA,162481,Sephia,2002,1331,2003,Automatic,Car(Sedan)
Honda Fit 2014,"Rs: 8,000,000",km Find,"2025-12-11 | Ambalangoda 119,000",silver,Used,1300,Petrol,Honda,119000,Fit,2014,1300,2015,Automatic,Car(Hatchback)
Suzuki Swift 2010,"Rs: 5,600,000",km Find,"2025-12-11 | Bandaragama 105,000",black,Used,1300,Petrol,Suzuki,105000,Swift,2010,1300,2012,Automatic,Car(Hatchback)
Toyota Aqua 2013,"Rs: 7,300,000",km Find,"2025-12-11 | Slave Island (Colombo 02) 83,000",white,Used,0,Petrol,Toyota,83000,Aqua,2013,0,2015,Manual,Car(Saloon)
Toyota Axio 2016,"Rs: 10,300,000",km Find,"2025-12-11 | Athurugiriya 125,000",white,Used,1400,Petrol,Toyota,125000,Axio,2016,1400,2018,Automatic,Car()
Suzuki Celerio 2016,"Rs: 5,200,000",km Find,"2025-12-11 | Ambalangoda 123,000",white,Used,996,Petrol,Suzuki,123000,Celerio,2016,996,2016,Automatic,Car(Hatchback)
Audi A2 2016,"Rs: 8,500,000",km Find,"2025-12-11 | Ambalangoda 74,000",black,Used,1000,Petrol,Audi,74000,A2,2016,1000,2018,Automatic,Car(Hatchback)
Suzuki Wagon R 2017,"Rs: 5,600,000",km Find,"2025-12-11 | Kadawatha 123,000",white,Used,650,Petrol,Suzuki,123000,Wagon R,2017,650,2018,Automatic,Car()
BMW 7 Series 2018,"Rs: 37,000,000",km Find,"2025-12-11 | Ambalangoda 65,000",black,Used,1800,Petrol,BMW,65000,7 Series,2018,1800,2019,Automatic,Car(Saloon)
Suzuki Wagon R 2017,"Rs: 6,500,000",km Find,"2025-12-11 | Ambalangoda 115,000",blue,Used,650,Petrol,Suzuki,115000,Wagon R,2017,650,2018,Automatic,Car(Hatchback)
Nissan Almera 2025,"Rs: 12,700,000",,2025-12-11 | Kalubowila Find Out More,red,Brand New,1000,Petrol,Nissan,0,Almera,2025,1000,Ref:,Automatic,Car(Saloon)
Nissan Almera 2025,"Rs: 13,500,000",,2025-12-11 | Kalubowila Find Out More,red,Brand New,1000,Petrol,Nissan,0,Almera,2025,1000,Ref:,Automatic,Car(Saloon)
Toyota Premio 2017,"Rs: 14,500,000",km Find,"2025-12-11 | Ambalangoda 140,000",white,Used,1500,Petrol,Toyota,140000,Premio,2017,1500,2017,Automatic,Car(Saloon)
Toyota Vitz 2017,"Rs: 7,500,000",km Find,"2025-12-11 | Ambalangoda 78,000",black,Used,1300,Petrol,Toyota,78000,Vitz,2017,1300,2018,Automatic,Car(Hatchback)
Audi A1 2019,"Rs: 9,500,000",km Find,"2025-12-11 | Ambalangoda 137,000",black,Used,1500,Petrol,Audi,137000,A1,2019,1500,2019,Automatic,Car(Hatchback)
Suzuki Maruti 2011,"Rs: 2,300,000",km Find,"2025-12-11 | Nittambuwa 46,500",blue,Used,800,Petrol,Suzuki,46500,Maruti,2011,800,2011,Manual,Car(Hatchback)
Toyota Premio 2016,"Rs: 14,200,000",km Find,"2025-12-11 | Ambalangoda 125,000",maroon,Used,1500,Petrol,Toyota,125000,Premio,2016,1500,2016,Automatic,Car(Saloon)
KIA Sephia 2002,"Rs: 2,600,000",km Find,"2026-02-10 | Mattegoda 162,481",gray,Used,1331,Petrol,KIA,162481,Sephia,2002,1331,2003,Automatic,Car(Sedan)
Toyota Crown 1993,"Rs: 5,250,000",km Find,"2025-12-11 | Ja-Ela 245,000",blue,Used,2500,Diesel,Toyota,245000,Crown,1993,2500,1993,Automatic,Car(Sedan)
Toyota Prius 2009,"Rs: 9,000,000",km Find,"2025-12-11 | Ambalangoda 180,000",silver,Used,1500,Petrol,Toyota,180000,Prius,2009,1500,2012,Automatic,Car(Liftback)
Toyota Premio 2012,"Rs: 10,000,000",km Find,"2025-12-11 | Ambalangoda 102,000",white,Used,1500,Petrol,Toyota,102000,Premio,2012,1500,2013,Automatic,Car(Saloon)
Toyota Vitz 2016,"Rs: 7,000,000",km Find,"2025-12-11 | Ambalangoda 85,000",white,Used,1000,Petrol,Toyota,85000,Vitz,2016,1000,2018,Automatic,Car(Hatchback)
Toyota Aqua 2017,"Rs: 9,000,000",km Find,"2025-12-11 | Ambalangoda 92,000",black,Used,1500,Petrol,Toyota,92000,Aqua,2017,1500,2017,Automatic,Car(Hatchback)
Suzuki Alto 2011,"Rs: 2,900,000",km Find,"2025-12-11 | Kandy 124,550",maroon,Used,800,Petrol,Suzuki,124550,Alto,2011,800,2011,Manual,Car(Hatchback)
Toyota Axio 2014,"Rs: 9,000,000",km Find,"2025-12-11 | Talawatugoda 220,000",maroon,Used,1500,Hybrid,Toyota,220000,Axio,2014,1500,2014,Automatic,Car(Saloon)
Toyota Premio 2016,"Rs: 14,800,000",km Find,"2025-12-11 | Anuradhapura 142,000",white,Used,1500,Petrol,Toyota,142000,Premio,2016,1500,2017,Automatic,Car(Liftback)
Toyota Premio 2020,"Rs: 17,550,000",km Find,"2025-12-11 | Negombo 90,000",white,Used,1500,Petrol,Toyota,90000,Premio,2020,1500,2020,Automatic,Car(Sedan)
Toyota Premio 2016,"Rs: 13,250,000",km Find,"2025-12-11 | Negombo 157,000",white,Used,1500,Petrol,Toyota,157000,Premio,2016,1500,2016,Automatic,Car(Hatchback)
Suzuki Wagon R 2008,"Rs: 1,400,000",km Find,"2025-12-11 | Bandarawela 150,000",red,Used,1000,Petrol,Suzuki,150000,Wagon R,2008,1000,2009,Manual,Car(Hatchback)
Honda Fit 2004,"Rs: 5,275,000",km Find,"2025-12-11 | Embilipitiya 166,000",blue,Used,1300,Petrol,Honda,166000,Fit,2004,1300,2004,Automatic,Car(Hatchback)
Mitsubishi Galant 1999,"Rs: 2,400,000",km Find,"2025-12-11 | Nugegoda 150,000",green,Used,1600,Petrol,Mitsubishi,150000,Galant,1999,1600,1999,Manual,Car(Saloon)
Daihatsu Mira 2017,"Rs: 6,250,000",km Find,2025-12-11 | Ambalangoda 0,red,Used,650,Petrol,Daihatsu,0000,Mira,2017,650,2018,Automatic,Car(Hatchback)
Suzuki Celerio 2016,"Rs: 5,325,000",km Find,"2025-12-11 | Kadawatha 97,000",white,Used,1000,Petrol,Suzuki,97000,Celerio,2016,1000,2016,Automatic,Car(Hatchback)
Daewoo Racer ETI 1995,"Rs: 1,000,000",km Find,"2025-12-11 | Mawanella 123,456",white,Used,1500,Petrol,Daewoo,123456,Racer ETI,1995,1500,1995,Manual,Car(Saloon)
Toyota Starlet 1997,"Rs: 4,380,000",km Find,"2025-12-11 | Kandy 90,000",blue,Used,800,Petrol,Toyota,90000,Starlet,1997,800,2002,Automatic,Car(Hatchback)
KIA Sephia 2002,"Rs: 2,600,000",km Find,"2026-02-10 | Mattegoda 162,481",gray,Used,1331,Petrol,KIA,162481,Sephia,2002,1331,2003,Automatic,Car(Sedan)
Suzuki Swift 2006,"Rs: 4,050,000",km Find,"2025-12-11 | Galgamuwa 200,000",black,Used,1000,Petrol,Suzuki,200000,Swift,2006,1000,2006,Automatic,Car(Hatchback)
Nissan Primera 2001,"Rs: 4,250,000",km Find,"2025-12-11 | Trincomalee 131,000",silver,Used,2000,Petrol,Nissan,131000,Primera,2001,2000,2002,Automatic,Car(Saloon)
Honda Fit 2014,"Rs: 8,250,000",km Find,"2025-12-11 | Negombo 132,000",black,Used,1500,Petrol,Honda,132000,Fit,2014,1500,2015,Automatic,Car(Hatchback)
Toyota Prius 2010,"Rs: 6,800,000",km Find,"2025-12-11 | Walasmulla 260,000",white,Used,1000,Hybrid,Toyota,260000,Prius,2010,1000,2011,Automatic,Car(Sedan)
Toyota Vitz 2016,"Rs: 7,490,000",,2025-12-11 | Borella (Colombo 08) Find Out More,silver,Used,1000,Petrol,Toyota,0,Vitz,2016,1000,2018,Automatic,Car(Hatchback)
Honda Fit 2014,"Rs: 7,450,000",km Find,"2025-12-11 | Ambalangoda 120,000",yellow,Used,1500,Hybrid,Honda,120000,Fit,2014,1500,2014,Automatic,Car(Hatchback)
Toyota Prius 2010,"Rs: 7,900,000",km Find,"2025-12-11 | Ambalangoda 181,000",blue,Used,1790,Hybrid,Toyota,181000,Prius,2010,1790,2012,Automatic,Car(Sedan)
Nissan FB 15 1999,"Rs: 3,775,000",km Find,"2025-12-11 | Ambalangoda 338,000",white,Used,1490,Petrol,Nissan,338000,FB 15,1999,1490,2000,Automatic,Car(Saloon)
Suzuki Alto 2006,"Rs: 2,800,000",km Find,"2025-12-11 | Mirigama 160,000",black,Used,800,Petrol,Suzuki,160000,Alto,2006,800,2006,Manual,Car(Hatchback)
Suzuki Spacia 2023,"Rs: 8,975,000",km Find,"2025-12-11 | Kottawa 6,600",white,Brand New,660,Petrol,Suzuki,6600,Spacia,2023,660,2023,Automatic,Car(Hatchback)
Mercedes Benz C Class 2019,"Rs: 22,500,000",km Find,"2025-12-11 | Ambalangoda 30,000",white,Used,1800,Petrol,Mercedes Benz,30000,C Class,2019,1800,2020,Automatic,Car(Saloon)
Honda Civic 1999,"Rs: 5,000,000",,2025-12-11 | Ambalangoda Find Out More,red,Used,1500,Petrol,Honda,0,Civic,1999,1500,1999,Manual,Car(Saloon)
BMW 5 Series 2013,"Rs: 17,100,000",km Find,"2025-12-11 | Ambalangoda 134,000",gold,Used,1500,Diesel,BMW,134000,5 Series,2013,1500,2013,Automatic,Car(Saloon)
Toyota Axio 2015,"Rs: 9,000,000",km Find,"2025-12-11 | Ambalangoda 160,000",maroon,Used,1500,Petrol,Toyota,160000,Axio,2015,1500,2015,Automatic,Car(Saloon)
Toyota Aqua 2013,"Rs: 7,800,000",km Find,"2025-12-11 | Ambalangoda 102,000",white,Used,1500,Petrol,Toyota,102000,Aqua,2013,1500,2014,Automatic,Car(Hatchback)
Toyota Aqua 2013,"Rs: 7,000,000",km Find,"2025-12-11 | Ambalangoda 260,000",yellow,Used,1500,Petrol,Toyota,260000,Aqua,2013,1500,2017,Automatic,Car(Hatchback)
KIA Sephia 2002,"Rs: 2,600,000",km Find,"2026-02-10 | Mattegoda 162,481",gray,Used,1331,Petrol,KIA,162481,Sephia,2002,1331,2003,Automatic,Car(Sedan)
Suzuki Wagon R 2014,"Rs: 5,450,000",km Find,"2025-12-11 | Gampaha 140,000",other,Used,650,Petrol,Suzuki,140000,Wagon R,2014,650,2015,Automatic,Car(Hatchback)
Suzuki Wagon R 2016,"Rs: 5,500,000",km Find,"2025-12-11 | Ambalangoda 69,000",beige,Used,650,Petrol,Suzuki,69000,Wagon R,2016,650,2017,Automatic,Car(Hatchback)
Toyota IST 2004,"Rs: 6,000,000",km Find,"2025-12-11 | Ambalangoda 166,000",white,Used,1000,Petrol,Toyota,166000,IST,2004,1000,2008,Automatic,Car(Hatchback)
Suzuki Celerio 2015,"Rs: 5,200,000",km Find,"2025-12-11 | Kadawatha 71,000",other,Used,1000,Petrol,Suzuki,71000,Celerio,2015,1000,2016,Automatic,Car(Hatchback)
Toyota Premio 2019,"Rs: 16,800,000",km Find,"2025-12-11 | Negombo 98,000",white,Used,1500,Petrol,Toyota,98000,Premio,2019,1500,2020,Automatic,Car(Sedan)
Toyota Premio 2017,"Rs: 14,750,000",km Find,"2025-12-11 | Negombo 99,000",red,Used,1500,Petrol,Toyota,99000,Premio,2017,1500,2017,Automatic,Car(Sedan)
Toyota Prius 2011,"Rs: 8,350,000",km Find,"2025-12-11 | Ja-Ela 160,000",blue,Used,1800,Petrol,Toyota,160000,Prius,2011,1800,2013,Automatic,Car(Liftback)
Tata Indica 2015,"Rs: 2,750,000",km Find,"2025-12-11 | Mahiyanganaya 78,635",white,Used,999,Petrol,Tata,78635,Indica,2015,999,2015,Manual,Car(Liftback)
Micro Panda 2015,"Rs: 2,985,000",km Find,"2025-12-11 | Mahiyanganaya 75,500",silver,Used,997,Petrol,Micro,75500,Panda,2015,997,2015,Manual,Car(Liftback)
Suzuki Alto 2011,"Rs: 3,175,000",km Find,"2025-12-11 | Minuwangoda 65,850",black,Used,800,Petrol,Suzuki,65850,Alto,2011,800,2012,Manual,Car(Hatchback)
Hyundai Accent 2001,"Rs: 2,300,000",km Find,"2025-12-11 | Dikwella 123,456",gold,Used,1500,Petrol,Hyundai,123456,Accent,2001,1500,2003,Automatic,Car(Saloon)
Toyota Vitz 2019,"Rs: 8,250,000",km Find,"2025-12-11 | Ja-Ela 85,830",white,Used,990,Petrol,Toyota,85830,Vitz,2019,990,2018,Automatic,Car(Liftback)
Toyota Vitz 2018,"Rs: 8,500,000",km Find,"2025-12-11 | Kurunegala 58,000",purple,Used,1000,Petrol,Toyota,58000,Vitz,2018,1000,2018,Automatic,Car(Hatchback)
Toyota Prius 2011,"Rs: 8,875,000",km Find,"2025-12-11 | Makola 125,555",white,Used,1490,Petrol,Toyota,125555,Prius,2011,1490,2013,Automatic,Car(Hatchback)
Toyota Aqua 2012,"Rs: 7,500,000",km Find,"2025-12-11 | Ambalangoda 124,000",black,Used,1500,Petrol,Toyota,124000,Aqua,2012,1500,2015,Automatic,Car(Hatchback)
Toyota Prius 2014,"Rs: 10,500,000",km Find,"2025-12-11 | Ambalangoda 210,000",white,Used,1500,Petrol,Toyota,210000,Prius,2014,1500,2015,Automatic,Car(Sedan)
Toyota Aqua 2015,"Rs: 8,300,000",km Find,"2025-12-11 | Ambalangoda 85,000",black,Used,1500,Petrol,Toyota,85000,Aqua,2015,1500,2015,Automatic,Car(Hatchback)
KIA Sephia 2002,"Rs: 2,600,000",km Find,"2026-02-10 | Mattegoda 162,481",gray,Used,1331,Petrol,KIA,162481,Sephia,2002,1331,2003,Automatic,Car(Sedan)
Honda Fit 2014,"Rs: 8,000,000",km Find,"2025-12-11 | Ambalangoda 140,000",white,Used,1500,Petrol,Honda,140000,Fit,2014,1500,2015,Automatic,Car(Hatchback)
Toyota Axio 2015,"Rs: 10,700,000",km Find,"2025-12-11 | Ambalangoda 110,000",white,Used,1500,Petrol,Toyota,110000,Axio,2015,1500,2015,Automatic,Car(Saloon)
Toyota Prius 2014,"Rs: 11,000,000",km Find,"2025-12-11 | Ambalangoda 98,000",black,Used,1500,Petrol,Toyota,98000,Prius,2014,1500,2014,Automatic,Car(Liftback)
Toyota Aqua 2012,"Rs: 6,500,000",km Find,"2025-12-11 | Ambalangoda 140,000",orange,Used,1500,Petrol,Toyota,140000,Aqua,2012,1500,2013,Automatic,Car(Hatchback)
Toyota Corolla 1996,"Rs: 2,900,000",km Find,"2025-12-11 | Maharagama 126,000",blue,Used,1970,Diesel,Toyota,126000,Corolla,1996,1970,2000,Automatic,Car(Saloon)
Suzuki Alto 2015,"Rs: 3,800,000",km Find,"2025-12-11 | Ambalangoda 160,000",gray,Used,800,Petrol,Suzuki,160000,Alto,2015,800,2015,Manual,Car(Hatchback)
Toyota Premio 2017,"Rs: 13,500,000",km Find,"2025-12-11 | Ambalangoda 140,000",brown,Used,1500,Petrol,Toyota,140000,Premio,2017,1500,2018,Automatic,Car(Saloon)
Suzuki Alto 2015,"Rs: 3,700,000",km Find,"2025-12-11 | Ambalangoda 126,000",blue,Used,800,Petrol,Suzuki,126000,Alto,2015,800,2015,Manual,Car(Hatchback)
Suzuki Wagon R 2014,"Rs: 5,500,000",km Find,"2025-12-11 | Ambalangoda 182,000",white,Used,650,Petrol,Suzuki,182000,Wagon R,2014,650,2015,Automatic,Car(Hatchback)
Audi A3 2018,"Rs: 16,500,000",km Find,"2025-12-11 | Sri Jayawardenepura Kotte 100,000",white,Used,1400,Petrol,Audi,100000,A3,2018,1400,2018,Tiptronic,Car(Sedan)
Toyota Belta 2007,"Rs: 6,000,000",km Find,"2025-12-11 | Ambalangoda 121,000",white,Used,1500,Petrol,Toyota,121000,Belta,2007,1500,2010,Automatic,Car(Saloon)
KIA Sephia 2002,"Rs: 2,600,000",km Find,"2026-02-10 | Mattegoda 162,481",gray,Used,1331,Petrol,KIA,162481,Sephia,2002,1331,2003,Automatic,Car(Sedan)
Honda Grace 2019,"Rs: 12,800,000",km Find,"2025-12-11 | Ambalangoda 62,000",red,Used,1500,Petrol,Honda,62000,Grace,2019,1500,2019,Automatic,Car(Liftback)
Toyota Axio 2007,"Rs: 6,800,000",km Find,"2025-12-11 | Ambalangoda 300,000",white,Used,1500,Petrol,Toyota,300000,Axio,2007,1500,2010,Automatic,Car(Saloon)
Suzuki Wagon R 2018,"Rs: 5,890,000",km Find,"2025-12-11 | Boralesgamuwa 120,000",white,Used,660,Hybrid,Suzuki,120000,Wagon R,2018,660,2018,Automatic,Car(Hatchback)
Suzuki Celerio 2015,"Rs: 4,950,000",,2025-12-11 | Cinnamon Garden (Colombo 07) Find Out More,red,Used,998,Petrol,Suzuki,0,Celerio,2015,998,2015,Automatic,Car(Hatchback)
Suzuki Wagon R 2014,"Rs: 5,750,000",km Find,"2025-12-10 | Moratuwa 30,650",black,Used,650,Petrol,Suzuki,30650,Wagon R,2014,650,2016,Automatic,Car(Hatchback)
Toyota Aqua 2014,"Rs: 7,900,000",km Find,"2025-12-10 | Ambalangoda 153,000",white,Used,1500,Hybrid,Toyota,153000,Aqua,2014,1500,2015,Automatic,Car(Hatchback)
Honda Fit 2015,"Rs: 7,850,000",km Find,"2025-12-11 | Piliyandala 113,000",red,Used,1500,Petrol,Honda,113000,Fit,2015,1500,2015,Automatic,Car(Hatchback)
Suzuki Wagon R 2023,"Rs: 7,450,000",km Find,"2025-12-10 | Kadawatha 4,600",silver,Brand New,650,Petrol,Suzuki,4600,Wagon R,2023,650,Ref:,Automatic,Car(Hatchback)
Toyota Aqua 2012,"Rs: 6,700,000",km Find,"2025-12-10 | Ambalangoda 210,000",blue,Used,1600,Hybrid,Toyota,210000,Aqua,2012,1600,2014,Automatic,Car(Hatchback)
Toyota Premio 2016,"Rs: 14,050,000",km Find,"2025-12-10 | Ambalangoda 125,000",red,Used,1600,Petrol,Toyota,125000,Premio,2016,1600,2016,Automatic,Car(Saloon)
Micro Panda 2011,"Rs: 2,750,000",km Find,"2025-12-10 | Moratuwa 133,592",white,Used,1342,Petrol,Micro,133592,Panda,2011,1342,2011,Manual,Car(Hatchback)
Suzuki Wagon R 2025,"Rs: 8,950,000",,2025-12-10 | Wellawatta (Colombo 06) Find Out More,white,Brand New,660,Petrol,Suzuki,0,Wagon R,2025,660,0000,Automatic,Car(Hatchback)
Renault KWID 2018,"Rs: 4,000,000",km Find,"2025-12-10 | Ambalangoda 40,000",red,Used,1000,Petrol,Renault,40000,KWID,2018,1000,2018,Manual,Car(Hatchback)
Toyota Prius 2014,"Rs: 11,100,000",km Find,2025-12-10 | Ambalangoda 0,black,Used,1500,Petrol,Toyota,0000,Prius,2014,1500,2014,Automatic,Car(Saloon)
Toyota Passo 2025,"Rs: 6,080,000",km Find,2025-12-10 | Moratuwa 0,other,Reconditioned,660,Petrol,Toyota,000,Passo,2025,660,2025,Automatic,Car(Hatchback)
Toyota Roomy 2023,"Rs: 10,800,000",km Find,"2025-12-10 | Cinnamon Garden (Colombo 07) 2,600",white,Brand New,1000,Petrol,Toyota,2600,Roomy,2023,1000,Ref:,Automatic,Car(Hatchback)
KIA Sephia 2002,"Rs: 2,600,000",km Find,"2026-02-10 | Mattegoda 162,481",gray,Used,1331,Petrol,KIA,162481,Sephia,2002,1331,2003,Automatic,Car(Sedan)
Toyota Roomy 2024,"Rs: 10,500,000",km Find,"2025-12-10 | Cinnamon Garden (Colombo 07) 5,400",black,Reconditioned,1000,Petrol,Toyota,5400,Roomy,2024,1000,2024,Automatic,Car(Hatchback)
Daihatsu Mira 2024,"Rs: 7,390,000",km Find,"2025-12-10 | Malabe 1,700",blue,Reconditioned,650,Petrol,Daihatsu,1700,Mira,2024,650,0000,Automatic,Car(Hatchback)
Suzuki Celerio 2016,"Rs: 5,275,000",km Find,"2025-12-10 | Kadawatha 94,000",red,Used,1000,Petrol,Suzuki,94000,Celerio,2016,1000,2016,Automatic,Car(Hatchback)
Suzuki A Star 2010,"Rs: 4,175,000",km Find,"2025-12-10 | Kadawatha 150,000",gray,Used,1000,Petrol,Suzuki,150000,A Star,2010,1000,2010,Automatic,Car(Hatchback)
Suzuki Wagon R 2017,"Rs: 6,450,000",km Find,"2025-12-10 | Ambalangoda 173,000",black,Used,650,Hybrid,Suzuki,173000,Wagon R,2017,650,2017,Automatic,Car(Hatchback)
Toyota Prius 2014,"Rs: 10,900,000",km Find,"2025-12-10 | Ambalangoda 133,000",black,Used,1600,Hybrid,Toyota,133000,Prius,2014,1600,2017,Automatic,Car(Liftback)
Nissan March 2001,"Rs: 3,200,000",km Find,"2025-12-10 | Ambalangoda 131,000",gray,Used,1000,Petrol,Nissan,131000,March,2001,1000,2004,Automatic,Car(Hatchback)
Renault KWID 2016,"Rs: 3,650,000",km Find,"2025-12-10 | Malabe 97,000",white,Used,800,Petrol,Renault,97000,KWID,2016,800,2016,Manual,Car(Hatchback)
Toyota IST 2004,"Rs: 5,350,000",km Find,"2025-12-10 | Malabe 142,000",white,Used,1300,Petrol,Toyota,142000,IST,2004,1300,2007,Automatic,Car(Hatchback)
Honda Fit 2011,"Rs: 6,600,000",km Find,"2025-12-10 | Ambalangoda 190,000",yellow,Used,1300,Hybrid,Honda,190000,Fit,2011,1300,2012,Automatic,Car(Hatchback)
Audi A3 2018,"Rs: 13,500,000",km Find,"2025-12-10 | Ambalangoda 100,800",black,Used,1197,Petrol,Audi,100800,A3,2018,1197,2019,Automatic,Car(Sedan)
Toyota Vitz 2016,"Rs: 6,900,000",km Find,2025-12-10 | Ambalangoda 0,black,Used,14000,Petrol,Toyota,0000,Vitz,2016,14000,2019,Automatic,Car(Hatchback)
Micro Panda 2015,"Rs: 2,890,000",km Find,"2025-12-10 | Ambalangoda 87,000",white,Used,1300,Petrol,Micro,87000,Panda,2015,1300,2015,Manual,Car(Hatchback)
Toyota Vitz 2018,"Rs: 7,750,000",km Find,"2025-12-10 | Ambalangoda 90,600",black,Used,1300,Petrol,Toyota,90600,Vitz,2018,1300,2018,Automatic,Car(Hatchback)
Suzuki Wagon R 2014,"Rs: 5,650,000",km Find,"2025-12-10 | Ambalangoda 150,000",pink,Used,650,Hybrid,Suzuki,150000,Wagon R,2014,650,2016,Automatic,Car(Hatchback)
Suzuki Wagon R 2017,"Rs: 5,700,000",km Find,"2025-12-10 | Ambalangoda 126,000",white,Used,650,Hybrid,Suzuki,126000,Wagon R,2017,650,2018,Automatic,Car(Hatchback)
KIA Sephia 2002,"Rs: 2,600,000",km Find,"2026-02-10 | Mattegoda 162,481",gray,Used,1331,Petrol,KIA,162481,Sephia,2002,1331,2003,Automatic,Car(Sedan)
Toyota Vitz 2018,"Rs: 7,600,000",km Find,"2025-12-10 | Ambalangoda 90,600",black,Used,1500,Petrol,Toyota,90600,Vitz,2018,1500,2018,Automatic,Car(Hatchback)
Toyota Wigo 2018,"Rs: 5,650,000",km Find,"2025-12-10 | Moratuwa 136,000",white,Used,1000,Petrol,Toyota,136000,Wigo,2018,1000,2018,Automatic,Car(Hatchback)
KIA Cerato 2012,"Rs: 5,785,000",km Find,"2025-12-10 | Moratuwa 90,000",red,Used,1500,Petrol,KIA,90000,Cerato,2012,1500,2013,Automatic,Car(Saloon)
Toyota Premio 2011,"Rs: 9,300,000",km Find,2025-12-10 | Ambalangoda 0,brown,Used,1600,Petrol,Toyota,0000,Premio,2011,1600,2012,Automatic,Car(Saloon)
Suzuki Alto 2015,"Rs: 3,500,000",km Find,"2025-12-10 | Ambalangoda 130,000",gray,Used,800,Petrol,Suzuki,130000,Alto,2015,800,2015,Manual,Car(Hatchback)
Suzuki Wagon R 2016,"Rs: 6,100,000",km Find,"2025-12-10 | Ambalangoda 90,000",white,Used,650,Hybrid,Suzuki,90000,Wagon R,2016,650,2017,Automatic,Car(Hatchback)
Toyota Aqua 2015,"Rs: 8,200,000",km Find,"2025-12-10 | Ambalangoda 87,000",brown,Used,1500,Hybrid,Toyota,87000,Aqua,2015,1500,2015,Automatic,Car(Hatchback)
Toyota Aqua 2015,"Rs: 8,800,000",km Find,"2025-12-10 | Ambalangoda 140,000",black,Used,1500,Hybrid,Toyota,140000,Aqua,2015,1500,2020,Automatic,Car(Hatchback)
Suzuki Wagon R 2017,"Rs: 6,500,000",km Find,"2025-12-10 | Ambalangoda 125,000",white,Used,650,Hybrid,Suzuki,125000,Wagon R,2017,650,2017,Automatic,Car(Hatchback)
Toyota Corolla 2001,"Rs: 5,800,000",km Find,"2025-12-10 | Embilipitiya 131,400",silver,Used,1450,Petrol,Toyota,131400,Corolla,2001,1450,2004,Manual,Car(Saloon)
Toyota Prius 2016,"Rs: 13,400,000",km Find,"2025-12-10 | Ratmalana 104,000",white,Used,1800,Hybrid,Toyota,104000,Prius,2016,1800,2016,Automatic,Car(Liftback)
KIA Sephia 2002,"Rs: 2,600,000",km Find,"2026-02-10 | Mattegoda 162,481",gray,Used,1331,Petrol,KIA,162481,Sephia,2002,1331,2003,Automatic,Car(Sedan)
Toyota Allion 2016,"Rs: 14,900,000",km Find,"2025-12-10 | Kottawa 57,000",black,Used,1500,Petrol,Toyota,57000,Allion,2016,1500,2018,Automatic,Car(Saloon)
Toyota Yaris 2024,"Rs: 10,600,000",km Find,"2025-12-10 | Kotte 1,500",white,Brand New,1800,Hybrid,Toyota,1500,Yaris,2024,1800,Ref:,Automatic,Car(Hatchback)
Suzuki Swift 2017,"Rs: 8,100,000",km Find,"2025-12-10 | Galle 93,000",white,Used,1000,Petrol,Suzuki,93000,Swift,2017,1000,2019,Automatic,Car(Hatchback)
Toyota Vitz 2018,"Rs: 8,600,000",km Find,"2025-12-10 | Katunayake 77,900",white,Used,1000,Petrol,Toyota,77900,Vitz,2018,1000,2019,Automatic,Car(Hatchback)
Suzuki XBee 2023,"Rs: 10,300,000",km Find,"2025-12-10 | Borella (Colombo 08) 20,000",maroon,Brand New,1000,Hybrid,Suzuki,20000,XBee,2023,1000,Ref:,Automatic,Car(Hatchback)
Honda Fit 2015,"Rs: 8,250,000",km Find,"2025-12-10 | Ambalangoda 94,000",white,Used,1500,Hybrid,Honda,94000,Fit,2015,1500,2015,Automatic,Car(Hatchback)
Toyota Corolla 2008,"Rs: 7,350,000",km Find,"2025-12-10 | Anuradhapura 128,000",blue,Used,1600,Petrol,Toyota,128000,Corolla,2008,1600,2008,Manual,Car(Liftback)
Suzuki Wagon R 2017,"Rs: 5,950,000",,2025-12-10 | Colombo Fort (Colombo 01) Find Out More,black,Used,660,Hybrid,Suzuki,0,Wagon R,2017,660,2017,Automatic,Car(Hatchback)
Suzuki Swift 2017,"Rs: 8,300,000",km Find,"2025-12-10 | Ambalangoda 110,000",silver,Used,1300,Petrol,Suzuki,110000,Swift,2017,1300,2018,Automatic,Car(Hatchback)
KIA Sephia 2002,"Rs: 2,600,000",km Find,"2026-02-10 | Mattegoda 162,481",gray,Used,1331,Petrol,KIA,162481,Sephia,2002,1331,2003,Automatic,Car(Sedan)
Toyota Belta 2007,"Rs: 6,200,000",km Find,"2025-12-10 | Matara 167,000",blue,Used,1490,Petrol,Toyota,167000,Belta,2007,1490,2010,Manual,Car(Sedan)
Mitsubishi eK 2023,"Rs: 7,000,000",km Find,"2025-12-10 | Kottawa 6,600",black,Brand New,660,Petrol,Mitsubishi,6600,eK,2023,660,Ref:,Automatic,Car(Hatchback)
Suzuki Wagon R 2018,"Rs: 7,350,000",km Find,"2025-12-10 | Kalmunai 88,000",white,Used,650,Hybrid,Suzuki,88000,Wagon R,2018,650,2018,Automatic,Car(Sedan)
Toyota Passo 2023,"Rs: 8,150,000",km Find,"2025-12-10 | Kottawa 6,600",black,Brand New,660,Petrol,Toyota,6600,Passo,2023,660,Ref:,Automatic,Car(Hatchback)
Suzuki Spacia 2023,"Rs: 7,250,000",km Find,"2025-12-10 | Kottawa 6,600",yellow,Brand New,660,Petrol,Suzuki,6600,Spacia,2023,660,Ref:,Automatic,Car(Hatchback)
Suzuki Wagon R 2024,"Rs: 9,100,000",,2025-12-10 | Katugastota Find Out More,green,Brand New,650,Hybrid,Suzuki,0,Wagon R,2024,650,Ref:,Automatic,Car(Hatchback)
Nissan Sunny 2010,"Rs: 5,690,000",km Find,"2025-12-10 | Kaduwela 184,825",gray,Used,1000,Petrol,Nissan,184825,Sunny,2010,1000,2011,Automatic,Car(Sports)
Toyota Yaris 2024,"Rs: 1,150,000",,2025-12-10 | Nawala Find Out More,white,Brand New,1000,Petrol,Toyota,0,Yaris,2024,1000,2024,Automatic,Car(Hatchback)
Suzuki Alto 2014,"Rs: 3,590,000",km Find,"2025-12-10 | Kaduwela 94,161",red,Used,800,Petrol,Suzuki,94161,Alto,2014,800,2015,Manual,Car(Saloon)
Suzuki Wagon R 2017,"Rs: 5,950,000",km Find,"2025-12-10 | Kaduwela 98,456",black,Used,650,Hybrid,Suzuki,98456,Wagon R,2017,650,2018,Automatic,Car(Sports)
Nissan Almera 2025,"Rs: 11,900,000",,2025-12-10 | Kalubowila Find Out More,white,Brand New,1000,Petrol,Nissan,0,Almera,2025,1000,Ref:,Automatic,Car(Saloon)
Suzuki Wagon R 2018,"Rs: 6,850,000",km Find,"2025-12-10 | Katunayake 170,000",white,Used,650,Hybrid,Suzuki,170000,Wagon R,2018,650,2018,Automatic,Car()
KIA Rio 2002,"Rs: 1,300,000",km Find,"2025-12-10 | Pannipitiya 123,456",red,Used,1500,Petrol,KIA,123456,Rio,2002,1500,2002,Automatic,Car(Saloon)
Nissan Almera 2024,"Rs: 13,100,000",,2025-12-10 | Kalubowila Find Out More,silver,Brand New,1000,Petrol,Nissan,0,Almera,2024,1000,Ref:,Automatic,Car(Saloon)
Nissan Almera 2025,"Rs: 13,500,000",,2025-12-10 | Kalubowila Find Out More,black,Brand New,1000,Petrol,Nissan,0,Almera,2025,1000,Ref:,Automatic,Car(Saloon)
Toyota Vitz 2006,"Rs: 5,050,000",km Find,"2025-12-10 | Kuliyapitiya 135,000",white,Used,1000,Petrol,Toyota,135000,Vitz,2006,1000,2011,Automatic,Car(Hatchback)
Honda Grace 2016,"Rs: 9,400,000",km Find,"2025-12-10 | Moratuwa 158,400",white,Used,1500,Hybrid,Honda,158400,Grace,2016,1500,2016,Automatic,Car(Saloon)
Suzuki A Star 2011,"Rs: 4,150,000",km Find,"2025-12-10 | Horana 40,000",white,Used,800,Petrol,Suzuki,40000,A Star,2011,800,2011,Manual,Car(Hatchback)
KIA Sephia 2002,"Rs: 2,600,000",km Find,"2026-02-10 | Mattegoda 162,481",gray,Used,1331,Petrol,KIA,162481,Sephia,2002,1331,2003,Automatic,Car(Sedan)
Audi Q3 2019,"Rs: 21,500,000",km Find,"2025-12-10 | Ambalangoda 78,000",white,Used,1500,Petrol,Audi,78000,Q3,2019,1500,2019,Automatic,Car(Hatchback)
Honda Vezel 2023,"Rs: 16,500,000",km Find,"2025-12-10 | Kurunegala 25,000",white,Reconditioned,1200,Petrol,Honda,25000,Vezel,2023,1200,2025,Automatic,Car(Hatchback)
Toyota Vitz 2017,"Rs: 7,950,000",km Find,"2025-12-10 | Talawatugoda 100,000",black,Used,1000,Petrol,Toyota,100000,Vitz,2017,1000,2019,Automatic,Car(Hatchback)
Zotye Z100 2017,"Rs: 3,295,000",km Find,"2025-12-10 | Panadura 141,000",other,Used,1000,Petrol,Zotye,141000,Z100,2017,1000,2017,Manual,Car(Saloon)
Nissan B12 2003,"Rs: 3,600,000",km Find,"2025-12-10 | Moratuwa 320,000",silver,Used,998,Petrol,Nissan,320000,B12,2003,998,2003,Manual,Car(Saloon)
BMW M Series 2011,"Rs: 23,500,000",km Find,"2025-12-10 | Boralesgamuwa 140,000",black,Used,1500,Petrol,BMW,140000,M Series,2011,1500,2013,Automatic,Car(Sedan)
Suzuki Wagon R 2018,"Rs: 7,190,000",km Find,"2025-12-10 | Maharagama 80,000",white,Used,950,Petrol,Suzuki,80000,Wagon R,2018,950,2018,Automatic,Car(Station wagon)
Toyota Axio 2013,"Rs: 8,800,000",km Find,"2025-12-10 | Boralesgamuwa 230,000",blue,Used,1300,Petrol,Toyota,230000,Axio,2013,1300,2014,Automatic,Car(Hatchback)
Toyota Axio 2013,"Rs: 8,800,000",km Find,"2025-12-10 | Boralesgamuwa 230,000",blue,Used,1500,Hybrid,Toyota,230000,Axio,2013,1500,2014,Automatic,Car(Saloon)
Suzuki Wagon R 2018,"Rs: 7,800,000",km Find,"2025-12-10 | Nugegoda 35,000",brown,Used,650,Petrol,Suzuki,35000,Wagon R,2018,650,2018,Automatic,Car(Saloon)
Audi A5 2018,"Rs: 26,000,000",km Find,"2025-12-10 | Nugegoda 17,000",blue,Used,1790,Petrol,Audi,17000,A5,2018,1790,2018,Automatic,Car(Hatchback)
Nissan Sylphy 2014,"Rs: 9,500,000",km Find,"2025-12-10 | Nugegoda 87,000",black,Used,1790,Petrol,Nissan,87000,Sylphy,2014,1790,2014,Automatic,Car(Saloon)
Suzuki Swift 2017,"Rs: 8,525,000",km Find,"2025-12-10 | Rajagiriya 107,000",black,Used,1000,Petrol,Suzuki,107000,Swift,2017,1000,2017,Automatic,Car(Hatchback)
Suzuki Wagon R 2025,"Rs: 8,500,000",km Find,2025-12-10 | Rajagiriya 7,black,Brand New,660,Hybrid,Suzuki,7,Wagon R,2025,660,Ref:,Automatic,Car(Hatchback)
Suzuki Wagon R 2018,"Rs: 7,100,000",km Find,"2025-12-10 | Ratmalana 70,650",black,Used,650,Petrol,Suzuki,70650,Wagon R,2018,650,2018,Automatic,Car(Hatchback)
KIA Sephia 2002,"Rs: 2,600,000",km Find,"2026-02-10 | Mattegoda 162,481",gray,Used,1331,Petrol,KIA,162481,Sephia,2002,1331,2003,Automatic,Car(Sedan)
Honda Civic 2007,"Rs: 7,450,000",km Find,"2025-12-10 | Wattala 142,000",navy,Used,1800,Petrol,Honda,142000,Civic,2007,1800,2007,Automatic,Car(Saloon)
Suzuki Wagon R 2025,"Rs: 8,795,000",,2025-12-10 | Panadura Find Out More,white,Brand New,250,Petrol,Suzuki,0,Wagon R,2025,250,2025,Automatic,Car(Hatchback)
Nissan Sunny 2000,"Rs: 4,100,000",km Find,"2025-12-10 | Kurunegala 150,000",white,Used,1000,Petrol,Nissan,150000,Sunny,2000,1000,2001,Automatic,Car(Saloon)
Honda Fit 2013,"Rs: 8,500,000",km Find,"2025-12-10 | Negombo 190,000",black,Used,1000,Hybrid,Honda,190000,Fit,2013,1000,2014,Automatic,Car(Hatchback)
Toyota Vitz 2009,"Rs: 5,575,000",km Find,"2025-12-10 | Narammala 100,000",black,Used,1000,Petrol,Toyota,100000,Vitz,2009,1000,2011,Automatic,Car(Hatchback)
Perodua Elite 2011,"Rs: 4,400,000",km Find,"2025-12-10 | Ambalangoda 100,000",silver,Used,800,Petrol,Perodua,100000,Elite,2011,800,2011,Automatic,Car(Hatchback)
Toyota Aqua 2014,"Rs: 7,150,000",km Find,"2025-12-10 | Ambalangoda 90,905",blue,Used,1600,Hybrid,Toyota,90905,Aqua,2014,1600,2017,Automatic,Car(Hatchback)
Hyundai Eon 2016,"Rs: 4,100,000",km Find,"2025-12-10 | Ambalangoda 65,000",black,Used,814,Petrol,Hyundai,65000,Eon,2016,814,2017,Automatic,Car(Hatchback)
Nissan March 2008,"Rs: 4,500,000",,2025-12-10 | Ambalangoda Find Out More,red,Used,1300,Petrol,Nissan,0,March,2008,1300,2011,Automatic,Car(Hatchback)
Suzuki Alto 2016,"Rs: 3,890,000",,2025-12-10 | Horana Find Out More,white,Used,650,Petrol,Suzuki,0,Alto,2016,650,2016,Manual,Car(Liftback)
BMW 3 Series 2018,"Rs: 21,500,000",km Find,"2025-12-10 | Dalugama 74,442",white,Used,1490,Petrol,BMW,74442,3 Series,2018,1490,2019,Automatic,Car(Sedan)
Suzuki Wagon R 2015,"Rs: 5,900,000",km Find,"2025-12-10 | Ambalangoda 107,000",black,Used,650,Hybrid,Suzuki,107000,Wagon R,2015,650,2018,Automatic,Car(Hatchback)
Suzuki Wagon R 2014,"Rs: 5,400,000",km Find,"2025-12-09 | Ambalangoda 128,800",black,Used,650,Hybrid,Suzuki,128800,Wagon R,2014,650,2015,Automatic,Car(Hatchback)
Suzuki Alto 2006,"Rs: 2,800,000",km Find,2025-12-09 | Ambalangoda 0,red,Used,800,Petrol,Suzuki,0000,Alto,2006,800,2006,Manual,Car(Hatchback)
Toyota Aqua 2013,"Rs: 7,950,000",km Find,"2025-12-09 | Ambalangoda 124,000",black,Used,1500,Hybrid,Toyota,124000,Aqua,2013,1500,2015,Automatic,Car(Hatchback)
Nissan Sunny 1978,"Rs: 545,000",,2025-12-09 | Gampaha Find Out More,silver,Used,1400,Petrol,Nissan,0,Sunny,1978,1400,1978,Manual,Car(Saloon)
KIA Sephia 2002,"Rs: 2,600,000",km Find,"2026-02-10 | Mattegoda 162,481",gray,Used,1331,Petrol,KIA,162481,Sephia,2002,1331,2003,Automatic,Car(Sedan)
Toyota Aqua 2012,"Rs: 7,000,000",km Find,"2025-12-09 | Baddegama 124,000",black,Used,1496,Hybrid,Toyota,124000,Aqua,2012,1496,2015,Automatic,Car(Hatchback)
Suzuki Wagon R 2024,"Rs: 8,695,000",km Find,"2025-12-09 | Henegama 7,500",white,Brand New,660,Hybrid,Suzuki,7500,Wagon R,2024,660,Ref:,Automatic,Car(Hatchback)
Suzuki Swift 2004,"Rs: 3,950,000",km Find,"2025-12-09 | Kadawatha 170,000",black,Used,1320,Petrol,Suzuki,170000,Swift,2004,1320,2004,Automatic,Car(Hatchback)
Suzuki Alto 2015,"Rs: 3,875,000",km Find,"2025-12-09 | Beliatta 90,000",black,Used,800,Petrol,Suzuki,90000,Alto,2015,800,2016,Manual,Car(Hatchback)
Toyota Corolla 1994,"Rs: 3,275,000",,2025-12-09 | Ratnapura Find Out More,blue,Used,1196,Petrol,Toyota,0,Corolla,1994,1196,1996,Manual,Car(Sedan)
Suzuki Wagon R 2023,"Rs: 7,350,000",,2025-12-09 | Ratnapura Find Out More,blue,Brand New,658,Petrol,Suzuki,0,Wagon R,2023,658,Ref:,Automatic,Car(Hatchback)
Suzuki Every 2013,"Rs: 5,975,000",km Find,"2025-12-09 | Ja-Ela 107,000",black,Used,650,Petrol,Suzuki,107000,Every,2013,650,2016,Automatic,Car(Station wagon)
Suzuki Alto 2014,"Rs: 3,595,000",,2025-12-09 | Divulapitiya Find Out More,blue,Used,800,Petrol,Suzuki,0,Alto,2014,800,2015,Manual,Car(Hatchback)
Toyota CHR 2019,"Rs: 16,000,000",km Find,"2025-12-09 | Pilimatalawa 20,481",white,Used,1190,Petrol,Toyota,20481,CHR,2019,1190,2019,Automatic,Car(Hatchback)
Suzuki Wagon R 2018,"Rs: 5,850,000",km Find,"2025-12-09 | Maharagama 100,000",white,Used,650,Petrol,Suzuki,100000,Wagon R,2018,650,2018,Automatic,Car(Hatchback)
KIA Sephia 2002,"Rs: 2,600,000",km Find,"2026-02-10 | Mattegoda 162,481",gray,Used,1331,Petrol,KIA,162481,Sephia,2002,1331,2003,Automatic,Car(Sedan)
Suzuki Wagon R 2018,"Rs: 6,590,000",km Find,"2025-12-09 | Maharagama 190,000",white,Used,650,Petrol,Suzuki,190000,Wagon R,2018,650,2018,Automatic,Car(Hatchback)
Toyota Roomy 2025,"Rs: 12,600,000",,2025-12-09 | Kottawagama Find Out More,white,Brand New,1000,Petrol,Toyota,0,Roomy,2025,1000,Ref:,Automatic,Car(Station wagon)
Toyota Yaris 2024,"Rs: 10,500,000",km Find,"2025-12-09 | Maharagama 5,000",black,Brand New,1500,Petrol,Toyota,5000,Yaris,2024,1500,Ref:,Automatic,Car(Hatchback)
Toyota Prius 2011,"Rs: 9,700,000",km Find,"2025-12-09 | Kandy 154,000",blue,Used,1800,Hybrid,Toyota,154000,Prius,2011,1800,2013,Automatic,Car(Hatchback)
Suzuki Wagon R 2018,"Rs: 6,300,000",km Find,"2025-12-09 | Maharagama 160,000",white,Used,650,Petrol,Suzuki,160000,Wagon R,2018,650,2019,Automatic,Car(Hatchback)
Suzuki Wagon R 2018,"Rs: 6,590,000",km Find,"2025-12-09 | Adampan 190,000",white,Used,1500,Hybrid,Suzuki,190000,Wagon R,2018,1500,2018,Automatic,Car(Liftback)
Suzuki Wagon R 2018,"Rs: 5,850,000",km Find,"2025-12-09 | Adampan 100,000",white,Used,1500,Hybrid,Suzuki,100000,Wagon R,2018,1500,2018,Automatic,Car(Liftback)
Suzuki Wagon R 2018,"Rs: 6,690,000",km Find,"2025-12-09 | Maharagama 58,947",white,Used,650,Petrol,Suzuki,58947,Wagon R,2018,650,2018,Automatic,Car(Station wagon)
Honda Fit 2014,"Rs: 7,500,000",km Find,"2025-12-09 | Colombo Fort (Colombo 01) 229,000",black,Used,1490,Petrol,Honda,229000,Fit,2014,1490,2014,Automatic,Car(Hatchback)
Toyota Vitz 2017,"Rs: 7,990,000",km Find,"2025-12-09 | Dikwella 119,000",white,Used,1500,Petrol,Toyota,119000,Vitz,2017,1500,2020,Automatic,Car(Hatchback)
KIA Sephia 2002,"Rs: 2,600,000",km Find,"2026-02-10 | Mattegoda 162,481",gray,Used,1331,Petrol,KIA,162481,Sephia,2002,1331,2003,Automatic,Car(Sedan)
Hyundai Santro 2004,"Rs: 2,500,000",km Find,"2025-12-09 | Boralesgamuwa 202,781",silver,Used,1000,Petrol,Hyundai,202781,Santro,2004,1000,2004,Manual,Car(Hatchback)
Suzuki Wagon R 2017,"Rs: 5,825,000",km Find,"2025-12-09 | Nittambuwa 125,500",blue,Used,660,Petrol,Suzuki,125500,Wagon R,2017,660,2018,Automatic,Car(Hatchback)
Nissan HB 12 1987,"Rs: 1,495,000",km Find,"2025-12-09 | Meegoda 100,000",white,Used,1500,Petrol,Nissan,100000,HB 12,1987,1500,1989,Manual,Car(Saloon)
Honda Insight 2009,"Rs: 7,000,000",km Find,"2025-12-09 | Palapathwela 220,000",silver,Used,1300,Hybrid,Honda,220000,Insight,2009,1300,2011,Automatic,Car(Saloon)
Toyota Aqua 2016,"Rs: 8,400,000",km Find,"2025-12-09 | Kadawatha 140,000",white,Used,0,Petrol,Toyota,140000,Aqua,2016,0,2016,Automatic,Car(Liftback)
Suzuki Wagon R 2015,"Rs: 5,600,000",km Find,"2025-12-09 | Ampara 150,000",red,Used,490,Petrol,Suzuki,150000,Wagon R,2015,490,2015,Manual,Car(Hatchback)
Suzuki Swift 2004,"Rs: 4,500,000",km Find,2025-12-09 | Ambalangoda 0,blue,Used,1320,Petrol,Suzuki,0000,Swift,2004,1320,2005,Automatic,Car(Hatchback)
Suzuki Wagon R 2015,"Rs: 5,800,000",km Find,"2025-12-08 | Wellawatta (Colombo 06) 109,000",purple,Used,650,Petrol,Suzuki,109000,Wagon R,2015,650,2016,Automatic,Car(Hatchback)
Toyota Aqua 2012,"Rs: 7,700,000",km Find,"2025-12-08 | Kurunegala 75,872",black,Used,1490,Hybrid,Toyota,75872,Aqua,2012,1490,2013,Automatic,Car(Hatchback)
Toyota Belta 2008,"Rs: 5,800,000",km Find,"2025-12-08 | Kurunegala 125,000",blue,Used,1200,Petrol,Toyota,125000,Belta,2008,1200,2008,Automatic,Car(Saloon)
Suzuki Wagon R 2023,"Rs: 8,450,000",km Find,2025-12-08 | Moratuwa 0,white,Used,660,Petrol,Suzuki,0000,Wagon R,2023,660,2023,Automatic,Car(Hatchback)
KIA Sephia 2002,"Rs: 2,600,000",km Find,"2026-02-10 | Mattegoda 162,481",gray,Used,1331,Petrol,KIA,162481,Sephia,2002,1331,2003,Automatic,Car(Sedan)
Daihatsu Mira 2025,"Rs: 6,725,000",km Find,"2025-12-08 | Kottawagama 5,000",blue,Brand New,660,Petrol,Daihatsu,5000,Mira,2025,660,Ref:,Automatic,Car(Liftback)
Suzuki Wagon R 2018,"Rs: 6,600,000",km Find,"2025-12-08 | Batticaloa 78,000",white,Used,650,Petrol,Suzuki,78000,Wagon R,2018,650,2019,Automatic,Car(Station wagon)
Toyota Tank 2018,"Rs: 7,600,000",km Find,"2025-12-08 | Kandy 80,000",white,Used,1200,Petrol,Toyota,80000,Tank,2018,1200,2019,Automatic,Car(Hatchback)
Honda Insight 2009,"Rs: 7,300,000",km Find,"2025-12-08 | Rajagiriya 143,000",red,Used,1390,Petrol,Honda,143000,Insight,2009,1390,2009,Automatic,Car(Saloon)
Toyota Passo 2016,"Rs: 6,700,000",km Find,"2025-12-08 | Athurugiriya 112,000",red,Used,1000,Petrol,Toyota,112000,Passo,2016,1000,2018,Automatic,Car(Hatchback)
Toyota Wigo 2018,"Rs: 6,250,000",km Find,"2025-12-08 | Ratnapura 91,000",other,Used,1198,Petrol,Toyota,91000,Wigo,2018,1198,2020,Manual,Car(Liftback)
Nissan March 2001,"Rs: 3,450,000",km Find,2025-12-08 | Ratnapura 0,other,Used,1198,Petrol,Nissan,000,March,2001,1198,2005,Manual,Car(Liftback)
Nissan Sunny 2000,"Rs: 4,075,000",km Find,2025-12-08 | Ratnapura 0,other,Used,1497,Petrol,Nissan,000,Sunny,2000,1497,2003,Manual,Car(Sedan)
Daihatsu Mira 2025,"Rs: 7,450,000",,2025-12-08 | Hettipola Find Out More,white,Brand New,990,Petrol,Daihatsu,0,Mira,2025,990,Ref:,Automatic,Car(Liftback)
Toyota Allion 2010,"Rs: 10,200,000",km Find,"2025-12-08 | Wattala 110,000",black,Used,1490,Petrol,Toyota,110000,Allion,2010,1490,2010,Automatic,Car(Saloon)
Opel Astra 1995,"Rs: 1,390,000",km Find,"2025-12-08 | Rikillagaskada 65,210",black,Used,1500,Petrol,Opel,65210,Astra,1995,1500,1995,Manual,Car(Saloon)
Nissan March 2001,"Rs: 3,200,000",km Find,"2025-12-08 | Athurugiriya 150,000",other,Used,1000,Petrol,Nissan,150000,March,2001,1000,2004,Manual,Car(Saloon)
KIA Sephia 2002,"Rs: 2,600,000",km Find,"2026-02-10 | Mattegoda 162,481",gray,Used,1331,Petrol,KIA,162481,Sephia,2002,1331,2003,Automatic,Car(Sedan)
BMW 5 Series 2016,"Rs: 31,000,000",km Find,"2025-12-08 | Wennappuwa 97,500",white,Used,1998,Diesel,BMW,97500,5 Series,2016,1998,2016,Automatic,Car(Saloon)
Toyota Axio 2007,"Rs: 7,375,000",km Find,2025-12-08 | Matugama 123,silver,Reconditioned,1500,Petrol,Toyota,123,Axio,2007,1500,2011,Automatic,Car(Sedan)
Suzuki Alto 2010,"Rs: 3,175,000",km Find,"2025-12-08 | Homagama 98,000",silver,Used,800,Petrol,Suzuki,98000,Alto,2010,800,2010,Manual,Car(Hatchback)
Suzuki Wagon R 2023,"Rs: 7,250,000",km Find,"2025-12-08 | Kottawa 6,600",other,Brand New,660,Petrol,Suzuki,6600,Wagon R,2023,660,Ref:,Automatic,Car(Hatchback)
Mitsubishi eK 2023,"Rs: 7,175,000",km Find,"2025-12-08 | Kottawa 6,600",white,Brand New,660,Petrol,Mitsubishi,6600,eK,2023,660,2023,Automatic,Car(Hatchback)
Toyota Prius 2011,"Rs: 9,650,000",km Find,"2025-12-08 | Dambulla 147,000",white,Used,2000,Hybrid,Toyota,147000,Prius,2011,2000,2015,Automatic,Car(Saloon)
Suzuki Wagon R 2024,"Rs: 8,500,000",,2025-12-08 | Borella (Colombo 08) Find Out More,black,Brand New,650,Petrol,Suzuki,0,Wagon R,2024,650,Ref:,Automatic,Car(Hatchback)
Nissan Dayz 2025,"Rs: 7,900,000",,2025-12-08 | Borella (Colombo 08) Find Out More,silver,Brand New,650,Petrol,Nissan,0,Dayz,2025,650,Ref:,Automatic,Car(Hatchback)
Suzuki Celerio 2015,"Rs: 4,850,000",km Find,"2025-12-08 | Gampaha 235,000",gray,Used,1000,Petrol,Suzuki,235000,Celerio,2015,1000,2015,Automatic,Car(Hatchback)
Suzuki Wagon R 2023,"Rs: 7,895,000",km Find,"2025-12-08 | Matara 10,000",white,Brand New,660,Hybrid,Suzuki,10000,Wagon R,2023,660,2023,Automatic,Car(Hatchback)
Suzuki Maruti 2007,"Rs: 2,035,000",km Find,"2025-12-08 | Meegoda 14,600,000",red,Used,800,Petrol,Suzuki,14600000,Maruti,2007,800,2007,Manual,Car(Hatchback)
Suzuki Alto 2015,"Rs: 3,889,000",km Find,"2025-12-08 | Talawatugoda 116,438",blue,Used,800,Petrol,Suzuki,116438,Alto,2015,800,2015,Manual,Car(Hatchback)
Toyota Vitz 2018,"Rs: 8,150,000",km Find,"2025-12-08 | Homagama 84,000",white,Used,1000,Petrol,Toyota,84000,Vitz,2018,1000,2018,Automatic,Car(Hatchback)
Toyota Vitz 2016,"Rs: 7,500,000",km Find,"2025-12-08 | Neluwa 123,456",white,Used,1500,Petrol,Toyota,123456,Vitz,2016,1500,2019,Automatic,Car(Hatchback)
KIA Sephia 2002,"Rs: 2,600,000",km Find,"2026-02-10 | Mattegoda 162,481",gray,Used,1331,Petrol,KIA,162481,Sephia,2002,1331,2003,Automatic,Car(Sedan)
Suzuki Alto 2007,"Rs: 2,700,000",km Find,"2025-12-08 | Moratuwa 250,000",silver,Used,800,Petrol,Suzuki,250000,Alto,2007,800,2007,Manual,Car(Hatchback)
Toyota Prius 2013,"Rs: 9,500,000",km Find,"2025-12-08 | Ambalangoda 180,000",white,Used,1500,Petrol,Toyota,180000,Prius,2013,1500,2014,Automatic,Car(Liftback)
Suzuki Alto 2023,"Rs: 6,695,000",km Find,"2025-12-08 | Nugegoda 5,000",blue,Reconditioned,660,Petrol,Suzuki,5000,Alto,2023,660,2023,Automatic,Car(Hatchback)
Toyota Prius 2010,"Rs: 9,000,000",km Find,"2025-12-08 | Ambalangoda 170,000",white,Used,1800,Petrol,Toyota,170000,Prius,2010,1800,2012,Automatic,Car(Liftback)
Suzuki Celerio 2015,"Rs: 5,200,000",km Find,"2025-12-08 | Jaffna 108,000",gray,Used,1000,Petrol,Suzuki,108000,Celerio,2015,1000,2015,Automatic,Car(Hatchback)
Toyota Aqua 2012,"Rs: 7,300,000",km Find,"2025-12-08 | Dambulla 180,000",black,Used,1430,Hybrid,Toyota,180000,Aqua,2012,1430,2015,Automatic,Car(Hatchback)
Honda Grace 2014,"Rs: 9,750,000",km Find,"2025-12-08 | Rajagiriya 146,000",white,Used,1500,Petrol,Honda,146000,Grace,2014,1500,2015,Automatic,Car(Hatchback)
Suzuki Spacia 2023,"Rs: 8,500,000",km Find,"2025-12-08 | Agaliya 3,500",beige,Brand New,690,Petrol,Suzuki,3500,Spacia,2023,690,Ref:,Automatic,Car(Hatchback)
Suzuki Wagon R 2015,"Rs: 5,600,000",km Find,"2025-12-08 | Kegalle 150,000",white,Used,650,Petrol,Suzuki,150000,Wagon R,2015,650,2015,Manual,Car(Hatchback)
Suzuki Wagon R 2017,"Rs: 6,590,000",km Find,"2025-12-08 | Colombo Fort (Colombo 01) 190,000",white,Used,660,Hybrid,Suzuki,190000,Wagon R,2017,660,2017,Automatic,Car(Hatchback)
Suzuki Hustler 2024,"Rs: 8,300,000",,2025-12-08 | Cinnamon Garden (Colombo 07) Find Out More,green,Brand New,660,Petrol,Suzuki,0,Hustler,2024,660,Ref:,Automatic,Car(Station wagon)
Nissan B211 1985,"Rs: 1,675,000",km Find,"2025-12-08 | Kurunegala 1,528,000",white,Used,1300,Petrol,Nissan,1528000,B211,1985,1300,1985,Manual,Car(Hatchback)
Mazda 3 2023,"Rs: 16,900,000",km Find,"2025-12-08 | Mirigama 18,000",white,Reconditioned,1500,Petrol,Mazda,18000,3,2023,1500,2023,Automatic,Car(Hatchback)
Toyota Corolla 2003,"Rs: 6,000,000",km Find,"2025-12-08 | Maharagama 180,000",black,Used,1500,Petrol,Toyota,180000,Corolla,2003,1500,2003,Automatic,Car(Hatchback)
Toyota Belta 2007,"Rs: 6,400,000",km Find,"2025-12-08 | Hettipola 116,000",other,Used,1300,Petrol,Toyota,116000,Belta,2007,1300,2010,Automatic,Car(Liftback)
Nissan Sunny 1987,"Rs: 1,690,000",km Find,"2025-12-08 | Kohuwala 239,000",white,Used,1500,Petrol,Nissan,239000,Sunny,1987,1500,1990,Manual,Car(Saloon)
KIA Sephia 2002,"Rs: 2,600,000",km Find,"2026-02-10 | Mattegoda 162,481",gray,Used,1331,Petrol,KIA,162481,Sephia,2002,1331,2003,Automatic,Car(Sedan)
Perodua Elite 2010,"Rs: 4,200,000",km Find,"2025-12-08 | Kurunegala 125,000",green,Used,1000,Petrol,Perodua,125000,Elite,2010,1000,2010,Automatic,Car(Hatchback)
Toyota Vitz 2019,"Rs: 8,800,000",km Find,"2025-12-07 | Kalmunai 41,000",white,Used,990,Petrol,Toyota,41000,Vitz,2019,990,2020,Automatic,Car(Sedan)
Nissan N 16 2000,"Rs: 3,450,000",km Find,"2025-12-07 | Panadura 300,000",silver,Used,1500,Petrol,Nissan,300000,N 16,2000,1500,2003,Manual,Car(Saloon)
Daihatsu Taft 2024,"Rs: 8,590,000",,2025-12-07 | Kadawatha Find Out More,green,Reconditioned,660,Petrol,Daihatsu,0,Taft,2024,660,2024,Automatic,Car(Hatchback)
Toyota Corolla 1996,"Rs: 3,400,000",km Find,"2025-12-07 | Kurunegala 130,000",white,Used,1000,Petrol,Toyota,130000,Corolla,1996,1000,2000,Manual,Car(Convertible)
Toyota Aqua 2014,"Rs: 8,050,000",km Find,2025-12-08 | Colombo Fort (Colombo 01) 0,white,Used,1190,Petrol,Toyota,00,Aqua,2014,1190,2014,Automatic,Car(Hatchback)
Toyota Prius 2009,"Rs: 8,000,000",km Find,"2025-12-07 | Waskaduwa 161,000",black,Used,1798,Petrol,Toyota,161000,Prius,2009,1798,2011,Automatic,Car(Hatchback)
KIA Sephia 2002,"Rs: 2,600,000",km Find,"2026-02-10 | Mattegoda 162,481",gray,Used,1331,Petrol,KIA,162481,Sephia,2002,1331,2003,Automatic,Car(Sedan)
Suzuki Wagon R 2023,"Rs: 7,225,000",km Find,"2025-12-07 | Kotte 6,500",gray,Reconditioned,660,Petrol,Suzuki,6500,Wagon R,2023,660,2023,Automatic,Car(Hatchback)
Suzuki Alto 2023,"Rs: 6,550,000",km Find,"2025-12-07 | Kotte 6,500",black,Reconditioned,660,Petrol,Suzuki,6500,Alto,2023,660,2023,Automatic,Car(Hatchback)
Daihatsu Thor 2023,"Rs: 9,000,000",km Find,"2025-12-07 | Kotte 12,000",silver,Reconditioned,1000,Petrol,Daihatsu,12000,Thor,2023,1000,2023,Automatic,Car(Hatchback)
Mitsubishi eK 2023,"Rs: 7,190,000",km Find,"2025-12-07 | Kotte 8,000",black,Reconditioned,660,Petrol,Mitsubishi,8000,eK,2023,660,2023,Automatic,Car(Hatchback)
Mazda Flair 2023,"Rs: 7,250,000",km Find,"2025-12-07 | Kotte 38,000",white,Reconditioned,660,Hybrid,Mazda,38000,Flair,2023,660,2023,Automatic,Car(Hatchback)
Nissan Sunny 1987,"Rs: 1,675,000",,2025-12-07 | Kuliyapitiya Find Out More,white,Used,1500,Petrol,Nissan,0,Sunny,1987,1500,1990,Manual,Car(Saloon)
Toyota Axio 2017,"Rs: 12,400,000",km Find,"2025-12-06 | Kirulapone 158,000",white,Used,1500,Petrol,Toyota,158000,Axio,2017,1500,2018,Automatic,Car(Saloon)
Honda Civic 2017,"Rs: 12,900,000",km Find,"2025-12-06 | Bandaragama 75,000",black,Used,1000,Petrol,Honda,75000,Civic,2017,1000,2018,Automatic,Car(Hatchback)
Suzuki Hustler 2025,"Rs: 9,200,000",,2025-12-06 | Kurunegala Find Out More,white,Brand New,660,Hybrid,Suzuki,0,Hustler,2025,660,Ref:,Automatic,Car(Station wagon)
Suzuki Wagon R 2025,"Rs: 9,200,000",,2025-12-06 | Kurunegala Find Out More,white,Brand New,650,Hybrid,Suzuki,0,Wagon R,2025,650,Ref:,Automatic,Car(Liftback)
Suzuki Spacia 2024,"Rs: 9,500,000",km Find,2025-12-06 | Kurunegala 43,black,Brand New,650,Hybrid,Suzuki,43,Spacia,2024,650,Ref:,Automatic,Car()
Suzuki Spacia 2024,"Rs: 9,750,000",km Find,"2025-12-06 | Kurunegala 3,300",red,Brand New,650,Hybrid,Suzuki,3300,Spacia,2024,650,Ref:,Automatic,Car()
Toyota Vitz 2018,"Rs: 7,700,000",km Find,"2025-12-06 | Ambalangoda 40,000",white,Used,1000,Petrol,Toyota,40000,Vitz,2018,1000,2018,Automatic,Car(Hatchback)
Suzuki Swift 2003,"Rs: 4,200,000",km Find,"2025-12-06 | Ambalangoda 182,000",silver,Used,1200,Petrol,Suzuki,182000,Swift,2003,1200,2003,Automatic,Car(Hatchback)
Mitsubishi Lancer 1982,"Rs: 1,465,000",km Find,"2025-12-06 | Piliyandala 72,300",red,Used,1400,Petrol,Mitsubishi,72300,Lancer,1982,1400,1983,Manual,Car(Saloon)
Suzuki Wagon R 2025,"Rs: 9,200,000",,2025-12-06 | Kurunegala Find Out More,white,Brand New,650,Hybrid,Suzuki,0,Wagon R,2025,650,Ref:,Automatic,Car(Station wagon)
Daihatsu Taft 2022,"Rs: 7,800,000",,2025-12-06 | Kurunegala Find Out More,red,Brand New,658,Petrol,Daihatsu,0,Taft,2022,658,Ref:,Automatic,Car(Station wagon)
KIA Sephia 2002,"Rs: 2,600,000",km Find,"2026-02-10 | Mattegoda 162,481",gray,Used,1331,Petrol,KIA,162481,Sephia,2002,1331,2003,Automatic,Car(Sedan)
Daihatsu Tanto 2023,"Rs: 7,600,000",km Find,"2025-12-06 | Dehiwala 4,200",white,Brand New,660,Petrol,Daihatsu,4200,Tanto,2023,660,20,Automatic,Car(Station wagon)
Suzuki Hustler 2025,"Rs: 9,200,000",,2025-12-06 | Kurunegala Find Out More,white,Brand New,650,Hybrid,Suzuki,0,Hustler,2025,650,Ref:,Automatic,Car()
Suzuki Wagon R 2023,"Rs: 7,600,000",km Find,"2025-12-07 | Batticaloa 4,000",silver,Brand New,690,Hybrid,Suzuki,4000,Wagon R,2023,690,Ref:,Automatic,Car(Hatchback)
Suzuki Wagon R 2023,"Rs: 7,600,000",km Find,"2025-12-06 | Kurunegala 4,000",silver,Brand New,690,Hybrid,Suzuki,4000,Wagon R,2023,690,Ref:,Automatic,Car(Hatchback)
Suzuki Alto 2023,"Rs: 6,500,000",km Find,"2025-12-06 | Agaliya 3,000",silver,Brand New,690,Hybrid,Suzuki,3000,Alto,2023,690,Ref:,Automatic,Car(Liftback)
Suzuki Maruti 2011,"Rs: 3,750,000",km Find,"2025-12-06 | Monaragala 123,456",blue,Used,1000,Petrol,Suzuki,123456,Maruti,2011,1000,2011,Manual,Car(Liftback)
Honda Insight 2011,"Rs: 7,950,000",km Find,"2025-12-06 | Gampaha 220,000",black,Used,1330,Petrol,Honda,220000,Insight,2011,1330,2012,Automatic,Car(Saloon)
Toyota Premio 2020,"Rs: 18,000,000",km Find,"2025-12-06 | Adampan 70,000",white,Used,3600,Hybrid,Toyota,70000,Premio,2020,3600,2020,Automatic,Car(Saloon)
Daihatsu Mira 2023,"Rs: 6,800,000",km Find,"2025-12-06 | Kurunegala 2,000",blue,Used,650,Petrol,Daihatsu,2000,Mira,2023,650,2023,Automatic,Car(Convertible)
Audi A3 2024,"Rs: 24,500,000",km Find,"2025-12-06 | Kalubowila 4,580",blue,Used,1000,Petrol,Audi,4580,A3,2024,1000,2024,Automatic,Car(Saloon)
Mercedes Benz C Class 2016,"Rs: 18,900,000",km Find,"2025-12-06 | Kalubowila 100,000",white,Used,2000,Hybrid,Mercedes Benz,100000,C Class,2016,2000,2016,Automatic,Car(Saloon)
Suzuki Spacia 2023,"Rs: 7,450,000",,2025-12-06 | Kottawa Find Out More,yellow,Brand New,650,Petrol,Suzuki,0,Spacia,2023,650,Ref:,Automatic,Car(Hatchback)
Toyota Axio 2014,"Rs: 8,500,000",km Find,"2025-12-06 | Kalubowila 100,000",maroon,Used,1500,Hybrid,Toyota,100000,Axio,2014,1500,2014,Automatic,Car(Saloon)
Nissan Dayz 2023,"Rs: 7,300,000",km Find,"2025-12-06 | Kottawa 1,500",black,Brand New,660,Petrol,Nissan,1500,Dayz,2023,660,Ref:,Automatic,Car(Hatchback)
Toyota Prius 2012,"Rs: 11,300,000",km Find,"2025-12-08 | Bambalapitiya (Colombo 04) 98,000",white,Used,1500,Hybrid,Toyota,98000,Prius,2012,1500,2015,Automatic,Car()
BMW 3 Series 2011,"Rs: 12,975,000",km Find,"2025-12-06 | Kalubowila 70,000",silver,Used,2000,Diesel,BMW,70000,3 Series,2011,2000,2011,Automatic,Car(Saloon)
Suzuki Alto 2012,"Rs: 3,050,000",km Find,"2025-12-06 | Pitabeddara 96,000",gold,Used,800,Petrol,Suzuki,96000,Alto,2012,800,2013,Manual,Car(Hatchback)
Suzuki Spacia 2016,"Rs: 6,850,000",km Find,"2025-12-06 | Piliyandala 96,000",gray,Used,658,Petrol,Suzuki,96000,Spacia,2016,658,2016,Automatic,Car(Hatchback)
KIA Sephia 2002,"Rs: 2,600,000",km Find,"2026-02-10 | Mattegoda 162,481",gray,Used,1331,Petrol,KIA,162481,Sephia,2002,1331,2003,Automatic,Car(Sedan)
Suzuki Wagon R 2024,"Rs: 8,100,000",km Find,"2025-12-06 | Kalubowila 7,000",yellow,Brand New,650,Hybrid,Suzuki,7000,Wagon R,2024,650,Ref:,Automatic,Car(Hatchback)
Suzuki Wagon R 2023,"Rs: 7,200,000",km Find,"2025-12-06 | Kalubowila 8,000",silver,Reconditioned,650,Petrol,Suzuki,8000,Wagon R,2023,650,2023,Automatic,Car(Hatchback)
Suzuki Wagon R 2024,"Rs: 7,800,000",km Find,"2025-12-06 | Kalubowila 4,000",blue,Reconditioned,650,Petrol,Suzuki,4000,Wagon R,2024,650,2024,Automatic,Car(Hatchback)
Toyota Prius 2011,"Rs: 9,850,000",,2025-12-06 | Rajagiriya Find Out More,black,Used,1490,Petrol,Toyota,0,Prius,2011,1490,2011,Automatic,Car(Hatchback)
Suzuki Wagon R 2024,"Rs: 9,200,000",km Find,"2025-12-06 | Kalubowila 1,200",black,Brand New,650,Petrol,Suzuki,1200,Wagon R,2024,650,Ref:,Automatic,Car(Hatchback)
Mitsubishi eK 2023,"Rs: 7,175,000",km Find,"2025-12-06 | Kottawa 8,800",black,Brand New,6600,Petrol,Mitsubishi,8800,eK,2023,6600,Ref:,Automatic,Car(Hatchback)
Suzuki Wagon R 2024,"Rs: 7,800,000",km Find,"2025-12-06 | Kalubowila 9,500",gray,Reconditioned,650,Petrol,Suzuki,9500,Wagon R,2024,650,2024,Automatic,Car(Hatchback)
Suzuki Wagon R 2023,"Rs: 7,750,000",km Find,"2025-12-06 | Kandy 32,000",orange,Used,660,Petrol,Suzuki,32000,Wagon R,2023,660,2025,Automatic,Car(Hatchback)
Suzuki Wagon R 2023,"Rs: 7,250,000",km Find,"2025-12-06 | Kottawa 8,800",other,Brand New,660,Petrol,Suzuki,8800,Wagon R,2023,660,Ref:,Automatic,Car(Hatchback)
Hyundai Accent 2001,"Rs: 2,900,000",,2025-12-06 | Ragama Find Out More,gray,Used,1500,Diesel,Hyundai,0,Accent,2001,1500,2005,Manual,Car(Saloon)
Suzuki XBee 2023,"Rs: 10,300,000",km Find,"2025-12-06 | Kottawa 15,000",green,Brand New,1000,Hybrid,Suzuki,15000,XBee,2023,1000,Ref:,Automatic,Car(Hatchback)
Mitsubishi eK 2023,"Rs: 7,125,000",km Find,"2025-12-06 | Kottawa 7,000",white,Reconditioned,660,Petrol,Mitsubishi,7000,eK,2023,660,2023,Automatic,Car(Hatchback)
Nissan AD Wagon 1985,"Rs: 780,000",km Find,"2025-12-06 | Doratiyawa 210,000",white,Used,1290,Petrol,Nissan,210000,AD Wagon,1985,1290,1986,Manual,Car(Hatchback)
Toyota Aqua 2014,"Rs: 7,600,000",km Find,"2025-12-06 | Adampan 140,000",black,Used,0,Hybrid,Toyota,140000,Aqua,2014,0,2015,Manual,Car(Hatchback)
Suzuki Wagon R 2018,"Rs: 8,500,000",km Find,"2025-12-05 | Ragama 17,000",silver,Used,660,Hybrid,Suzuki,17000,Wagon R,2018,660,2018,Automatic,Car(Station wagon)
KIA Sephia 2002,"Rs: 2,600,000",km Find,"2026-02-10 | Mattegoda 162,481",gray,Used,1331,Petrol,KIA,162481,Sephia,2002,1331,2003,Automatic,Car(Sedan)
Suzuki Wagon R 2018,"Rs: 6,690,000",km Find,"2025-12-05 | Boralesgamuwa 140,000",white,Used,660,Hybrid,Suzuki,140000,Wagon R,2018,660,2018,Automatic,Car(Hatchback)
Suzuki Alto 2013,"Rs: 3,350,000",km Find,"2025-12-05 | Kandy 130,000",red,Used,800,Petrol,Suzuki,130000,Alto,2013,800,2013,Manual,Car(Sedan)
Suzuki Wagon R 2023,"Rs: 7,000,000",km Find,"2025-12-05 | Moratuwa 7,000",purple,Brand New,660,Petrol,Suzuki,7000,Wagon R,2023,660,Ref:,Automatic,Car()
Suzuki Wagon R 2015,"Rs: 5,849,000",km Find,"2025-12-05 | Kottawa 136,000",black,Used,650,Petrol,Suzuki,136000,Wagon R,2015,650,2015,Automatic,Car(Hatchback)
Toyota Mark II 1973,"Rs: 1,400,000",,2025-12-05 | Kandy Find Out More,green,Used,2000,Petrol,Toyota,0,Mark II,1973,2000,1973,Manual,Car(Sedan)
Suzuki Wagon R 2024,"Rs: 8,650,000",,2025-12-05 | Kurunegala Find Out More,white,Brand New,660,Hybrid,Suzuki,0,Wagon R,2024,660,Ref:,Manual,Car(Station wagon)
Toyota Axio 2014,"Rs: 9,550,000",km Find,"2025-12-05 | Battaramulla 113,000",white,Used,1500,Petrol,Toyota,113000,Axio,2014,1500,2015,Automatic,Car(Saloon)
Suzuki Wagon R 2024,"Rs: 8,650,000",,2025-12-05 | Kurunegala Find Out More,blue,Brand New,660,Hybrid,Suzuki,0,Wagon R,2024,660,Ref:,Manual,Car(Station wagon)
Suzuki Wagon R 2023,"Rs: 7,275,000",,2025-12-05 | Kottawa Find Out More,gray,Brand New,660,Petrol,Suzuki,0,Wagon R,2023,660,Ref:,Automatic,Car(Hatchback)
Toyota Prius 2023,"Rs: 23,500,000",,2025-12-05 | Kurunegala Find Out More,white,Brand New,1800,Hybrid,Toyota,0,Prius,2023,1800,Ref:,Manual,Car(Liftback)
Toyota Vitz 2017,"Rs: 7,575,000",km Find,"2025-12-05 | Ethul Kotte 110,000",black,Used,1000,Petrol,Toyota,110000,Vitz,2017,1000,2017,Automatic,Car(Hatchback)
Tata Nano 2015,"Rs: 2,190,000",km Find,"2025-12-05 | Embilipitiya 109,000",red,Used,650,Petrol,Tata,109000,Nano,2015,650,2015,Manual,Car(Hatchback)
Toyota Axio 2008,"Rs: 7,500,000",km Find,"2025-12-05 | Kandy 147,500",silver,Used,1500,Petrol,Toyota,147500,Axio,2008,1500,2008,Automatic,Car(Saloon)
Daihatsu Taft 2024,"Rs: 8,600,000",km Find,"2025-12-06 | Mudungoda 6,000",beige,Brand New,650,Petrol,Daihatsu,6000,Taft,2024,650,Ref:,Automatic,Car(Hatchback)
Suzuki Hustler 2024,"Rs: 8,300,000",,2025-12-05 | Kurunegala Find Out More,white,Brand New,660,Hybrid,Suzuki,0,Hustler,2024,660,Ref:,Manual,Car(Station wagon)
Suzuki Alto 2024,"Rs: 7,450,000",,2025-12-05 | Kurunegala Find Out More,white,Brand New,660,Hybrid,Suzuki,0,Alto,2024,660,Ref:,Manual,Car(Station wagon)
Toyota Prius 2011,"Rs: 8,850,000",km Find,"2025-12-05 | Piliyandala 198,000",gray,Used,1800,Hybrid,Toyota,198000,Prius,2011,1800,2011,Automatic,Car(Saloon)
KIA Sephia 2002,"Rs: 2,600,000",km Find,"2026-02-10 | Mattegoda 162,481",gray,Used,1331,Petrol,KIA,162481,Sephia,2002,1331,2003,Automatic,Car(Sedan)
Toyota Prius 2012,"Rs: 8,500,000",km Find,"2025-12-05 | Kollupitiya (Colombo 03) 177,500",white,Used,1800,Hybrid,Toyota,177500,Prius,2012,1800,2012,Automatic,Car(Saloon)
Micro Panda 2014,"Rs: 2,800,000",km Find,"2025-12-05 | Maharagama 128,000",yellow,Used,1000,Petrol,Micro,128000,Panda,2014,1000,2014,Automatic,Car(Sports)
Peugeot 206 2000,"Rs: 3,250,000",km Find,"2025-12-10 | Akarawita 150,000",orange,Used,1360,Petrol,Peugeot,150000,206,2000,1360,2000,Manual,Car(Hatchback)
Suzuki Wagon R 2017,"Rs: 6,600,000",km Find,"2025-12-05 | Maharagama 117,000",black,Used,650,Petrol,Suzuki,117000,Wagon R,2017,650,2017,Automatic,Car(Station wagon)
Suzuki Wagon R 2018,"Rs: 7,200,000",km Find,"2025-12-05 | Maharagama 12,000",white,Used,650,Petrol,Suzuki,12000,Wagon R,2018,650,2019,Automatic,Car(Station wagon)
Toyota Axio 2011,"Rs: 8,200,000",,2025-12-05 | Tennekumbura Find Out More,black,Used,1500,Petrol,Toyota,0,Axio,2011,1500,2012,Automatic,Car(Saloon)
Toyota Vitz 2016,"Rs: 7,390,000",km Find,"2025-12-05 | Maharagama 125,000",white,Used,950,Petrol,Toyota,125000,Vitz,2016,950,2016,Automatic,Car(Hatchback)
Suzuki Wagon R 2025,"Rs: 9,300,000",,2025-12-05 | Maharagama Find Out More,white,Brand New,650,Petrol,Suzuki,0,Wagon R,2025,650,Ref:,Automatic,Car(Station wagon)
Nissan Presea 1994,"Rs: 3,000,000",,2025-12-05 | Tennekumbura Find Out More,white,Used,1500,Petrol,Nissan,0,Presea,1994,1500,1999,Automatic,Car(Sedan)
Nissan AD Wagon 1999,"Rs: 3,400,000",,2025-12-05 | Tennekumbura Find Out More,gray,Used,1500,Petrol,Nissan,0,AD Wagon,1999,1500,2000,Automatic,Car(Station wagon)
Suzuki Baleno 2019,"Rs: 7,800,000",km Find,"2025-12-05 | Avissawella 156,000",white,Brand New,1000,Petrol,Suzuki,156000,Baleno,2019,1000,Ref:,Automatic,Car(Hatchback)
Nissan Bluebird 1998,"Rs: 4,000,000",,2025-12-05 | Tennekumbura Find Out More,silver,Used,1800,Petrol,Nissan,0,Bluebird,1998,1800,2005,Automatic,Car(Saloon)
KIA Sephia 2002,"Rs: 2,600,000",km Find,"2026-02-10 | Mattegoda 162,481",gray,Used,1331,Petrol,KIA,162481,Sephia,2002,1331,2003,Automatic,Car(Sedan)
Toyota Prius 2013,"Rs: 11,900,000",km Find,2025-12-05 | Matale 0,white,Used,660,Petrol,Toyota,0000,Prius,2013,660,2015,Automatic,Car(Hatchback)
Toyota Yaris 2024,"Rs: 9,700,000",km Find,"2025-12-05 | Gampaha 2,000",white,Reconditioned,1000,Petrol,Toyota,2000,Yaris,2024,1000,2025,Automatic,Car(Hatchback)
Toyota Aqua 2012,"Rs: 7,200,000",km Find,"2025-12-05 | Adampan 165,000",silver,Used,1490,Petrol,Toyota,165000,Aqua,2012,1490,2015,Automatic,Car(Hatchback)
Toyota Premio 2011,"Rs: 9,400,000",km Find,"2025-12-05 | Adampan 16,000",maroon,Used,1490,Petrol,Toyota,16000,Premio,2011,1490,2012,Automatic,Car(Saloon)
Suzuki Wagon R 2015,"Rs: 5,400,000",km Find,"2025-12-05 | Balangoda 90,000",white,Used,1490,Petrol,Suzuki,90000,Wagon R,2015,1490,2016,Automatic,Car(Hatchback)
Suzuki Celerio 2016,"Rs: 5,325,000",km Find,"2025-12-05 | Kadawatha 102,000",red,Used,1000,Petrol,Suzuki,102000,Celerio,2016,1000,2016,Automatic,Car(Hatchback)
Suzuki Wagon R 2025,"Rs: 8,600,000",,2025-12-05 | Moratuwa Find Out More,white,Brand New,660,Hybrid,Suzuki,0,Wagon R,2025,660,Ref:,Automatic,Car(Station wagon)
Ford Fiesta 2015,"Rs: 7,950,000",,2025-12-05 | Colombo Fort (Colombo 01) Find Out More,white,Used,1000,Petrol,Ford,0,Fiesta,2015,1000,2015,Automatic,Car(Hatchback)
Daihatsu Mira 2023,"Rs: 6,475,000",km Find,"2025-12-05 | Avissawella 9,000",blue,Reconditioned,660,Petrol,Daihatsu,9000,Mira,2023,660,2023,Automatic,Car(Hatchback)
BMW M Series 2017,"Rs: 30,000,000",km Find,"2025-12-05 | Ambalangoda 77,000",white,Used,2000,Petrol,BMW,77000,M Series,2017,2000,2017,Automatic,Car(Liftback)
Suzuki Swift 2004,"Rs: 4,370,000",km Find,"2025-12-05 | Borella (Colombo 08) 250,000",other,Used,1300,Petrol,Suzuki,250000,Swift,2004,1300,2004,Automatic,Car(Hatchback)
KIA Sephia 2002,"Rs: 2,600,000",km Find,"2026-02-10 | Mattegoda 162,481",gray,Used,1331,Petrol,KIA,162481,Sephia,2002,1331,2003,Automatic,Car(Sedan)
Micro Panda 2015,"Rs: 2,850,000",km Find,"2025-12-05 | Mirigama 104,000",black,Used,1000,Petrol,Micro,104000,Panda,2015,1000,2015,Manual,Car(Hatchback)
Honda Civic 2018,"Rs: 11,200,000",km Find,"2025-12-05 | Ambalangoda 133,000",black,Used,1500,Petrol,Honda,133000,Civic,2018,1500,2018,Automatic,Car(Liftback)
Toyota Premio 2017,"Rs: 14,800,000",,2025-12-05 | Ambalangoda Find Out More,white,Used,1500,Petrol,Toyota,0,Premio,2017,1500,2017,Automatic,Car(Saloon)
Suzuki Alto 2015,"Rs: 3,700,000",km Find,"2025-12-05 | Ambalangoda 130,000",gray,Used,800,Petrol,Suzuki,130000,Alto,2015,800,2015,Manual,Car(Hatchback)
Nissan Pulsar 1999,"Rs: 3,350,000",km Find,"2025-12-05 | Negombo 189,298",silver,Used,1500,Petrol,Nissan,189298,Pulsar,1999,1500,2002,Automatic,Car(Saloon)
Honda City 2003,"Rs: 5,000,000",,2025-12-05 | Ambalangoda Find Out More,blue,Used,1500,Petrol,Honda,0,City,2003,1500,2003,Automatic,Car(Liftback)
Honda Fit 2013,"Rs: 8,750,000",,2025-12-05 | Wennappuwa Find Out More,silver,Used,1330,Hybrid,Honda,0,Fit,2013,1330,2013,Automatic,Car(Hatchback)
Honda Fit 2012,"Rs: 8,890,000",,2025-12-05 | Wennappuwa Find Out More,black,Used,1330,Hybrid,Honda,0,Fit,2012,1330,2014,Automatic,Car(Hatchback)
Honda Fit 2013,"Rs: 8,190,000",,2025-12-05 | Wennappuwa Find Out More,black,Used,1500,Hybrid,Honda,0,Fit,2013,1500,2014,Automatic,Car(Liftback)
Mazda Flair 2023,"Rs: 7,800,000",km Find,"2025-12-05 | Kottawa 6,600",other,Brand New,660,Petrol,Mazda,6600,Flair,2023,660,Ref:,Automatic,Car(Hatchback)
Suzuki Alto 2024,"Rs: 7,900,000",,2025-12-05 | Matara Find Out More,white,Brand New,660,Hybrid,Suzuki,0,Alto,2024,660,Ref:,Automatic,Car(Liftback)
Mazda Flair 2023,"Rs: 7,300,000",,2025-12-05 | Kottawa Find Out More,black,Brand New,660,Petrol,Mazda,0,Flair,2023,660,Ref:,Automatic,Car(Hatchback)
Nissan Dayz 2023,"Rs: 7,550,000",km Find,"2025-12-05 | Kottawa 6,600",white,Brand New,660,Petrol,Nissan,6600,Dayz,2023,660,2023,Automatic,Car(Hatchback)
Toyota Passo 2014,"Rs: 6,500,000",km Find,"2025-12-05 | Thihagoda 59,000",silver,Used,900,Petrol,Toyota,59000,Passo,2014,900,2019,Automatic,Car(Sedan)
Mercedes Benz C200 2011,"Rs: 12,750,000",km Find,"2025-12-05 | Malabe 96,000",silver,Used,1800,Petrol,Mercedes Benz,96000,C200,2011,1800,2013,Tiptronic,Car(Sedan)
Suzuki Wagon R 2025,"Rs: 9,900,000",,2025-12-05 | Borella (Colombo 08) Find Out More,black,Brand New,660,Petrol,Suzuki,0,Wagon R,2025,660,Ref:,Automatic,Car(Hatchback)
KIA Sephia 2002,"Rs: 2,600,000",km Find,"2026-02-10 | Mattegoda 162,481",gray,Used,1331,Petrol,KIA,162481,Sephia,2002,1331,2003,Automatic,Car(Sedan)
Micro Panda 2012,"Rs: 1,225,000",km Find,"2025-12-10 | Chinabay 81,000",red,Used,1300,Petrol,Micro,81000,Panda,2012,1300,2013,Manual,Car(Hatchback)
Mercedes Benz E Class 1998,"Rs: 5,900,000",,2025-12-05 | Wellawatta (Colombo 06) Find Out More,black,Used,2000,Petrol,Mercedes Benz,0,E Class,1998,2000,2007,Manual,Car(Saloon)
Toyota Prius 2010,"Rs: 8,500,000",km Find,"2025-12-05 | Kadawatha 180,000",purple,Used,1500,Hybrid,Toyota,180000,Prius,2010,1500,2012,Automatic,Car(Saloon)
Suzuki Wagon R 2017,"Rs: 6,600,000",km Find,"2025-12-04 | Athurugiriya 117,000",black,Used,660,Hybrid,Suzuki,117000,Wagon R,2017,660,2017,Automatic,Car(Hatchback)
Suzuki Spacia 2025,"Rs: 9,600,000",,2025-12-05 | Kurunegala Find Out More,white,Brand New,650,Hybrid,Suzuki,0,Spacia,2025,650,Ref:,Automatic,Car()
Nissan Wingroad 2003,"Rs: 4,850,000",km Find,"2025-12-04 | Udugampola 190,000",black,Used,1490,Petrol,Nissan,190000,Wingroad,2003,1490,2007,Automatic,Car(Hatchback)
Perodua Elite 2011,"Rs: 4,125,000",km Find,"2025-12-04 | Ambalangoda 117,000",white,Used,1000,Petrol,Perodua,117000,Elite,2011,1000,2012,Automatic,Car(Hatchback)
Toyota Vitz 2015,"Rs: 7,000,000",km Find,"2025-12-08 | Ambalangoda 1,030,000",white,Used,1500,Petrol,Toyota,1030000,Vitz,2015,1500,2018,Automatic,Car(Hatchback)
Toyota Belta 2007,"Rs: 6,000,000",km Find,"2025-12-04 | Makola 175,000",white,Used,1300,Petrol,Toyota,175000,Belta,2007,1300,2011,Automatic,Car(Saloon)
Suzuki Alto 2015,"Rs: 3,850,000",km Find,"2025-12-05 | Minuwangoda 52,000",gray,Used,800,Petrol,Suzuki,52000,Alto,2015,800,2015,Manual,Car(Hatchback)
Suzuki Wagon R 2014,"Rs: 5,450,000",km Find,"2025-12-04 | Ampara 150,000",white,Used,660,Petrol,Suzuki,150000,Wagon R,2014,660,2015,Manual,Car(Hatchback)
Honda Accord 1998,"Rs: 4,000,000",km Find,"2025-12-04 | Giriulla 170,000",black,Used,2000,Petrol,Honda,170000,Accord,1998,2000,1998,Manual,Car(Saloon)
Daihatsu Mira 2023,"Rs: 6,800,000",km Find,"2025-12-04 | Batticaloa 7,000",blue,Brand New,690,Hybrid,Daihatsu,7000,Mira,2023,690,Ref:,Automatic,Car(Liftback)
Nissan B310 1981,"Rs: 1,070,000",km Find,"2025-12-04 | Adampan 40,000",blue,Used,1300,Petrol,Nissan,40000,B310,1981,1300,1981,Manual,Car(Sedan)
Suzuki Maruti 2012,"Rs: 2,375,000",km Find,"2025-12-04 | Embilipitiya 66,000",red,Used,800,Petrol,Suzuki,66000,Maruti,2012,800,2012,Manual,Car(Hatchback)
Suzuki Wagon R 2014,"Rs: 5,500,000",km Find,"2025-12-04 | Piliyandala 128,700",black,Used,660,Petrol,Suzuki,128700,Wagon R,2014,660,2015,Automatic,Car(Hatchback)
KIA Sephia 2002,"Rs: 2,600,000",km Find,"2026-02-10 | Mattegoda 162,481",gray,Used,1331,Petrol,KIA,162481,Sephia,2002,1331,2003,Automatic,Car(Sedan)
Micro Panda 2014,"Rs: 3,090,000",,2025-12-04 | Polgasowita Find Out More,silver,Used,1000,Petrol,Micro,0,Panda,2014,1000,2014,Manual,Car(Hatchback)
Suzuki Zen 2006,"Rs: 2,590,000",km Find,"2025-12-04 | Matugama 125,000",red,Used,1000,Petrol,Suzuki,125000,Zen,2006,1000,2006,Manual,Car(Hatchback)
Mazda Flair 2025,"Rs: 7,875,000",,2025-12-04 | Yakkala Find Out More,other,Brand New,658,Petrol,Mazda,0,Flair,2025,658,Ref:,Automatic,Car()
Suzuki Alto 2011,"Rs: 3,200,000",km Find,"2025-12-04 | Kiribathgoda 105,000",red,Used,800,Petrol,Suzuki,105000,Alto,2011,800,2011,Manual,Car(Hatchback)
Suzuki Zen 2006,"Rs: 2,050,000",km Find,"2025-12-04 | Panadura 136,000",yellow,Used,1000,Petrol,Suzuki,136000,Zen,2006,1000,2006,Manual,Car(Hatchback)
Suzuki Zen 2006,"Rs: 2,540,000",km Find,"2025-12-04 | Matugama 145,000",black,Used,1000,Petrol,Suzuki,145000,Zen,2006,1000,2006,Manual,Car(Hatchback)
Suzuki Maruti 2007,"Rs: 2,080,000",km Find,"2025-12-04 | Kegalle 75,000",blue,Used,800,Petrol,Suzuki,75000,Maruti,2007,800,2007,Manual,Car(Hatchback)
Micro Panda 2015,"Rs: 3,150,000",km Find,"2025-12-04 | Marawila 80,258",silver,Used,1000,Petrol,Micro,80258,Panda,2015,1000,2015,Manual,Car(Hatchback)
Toyota Premio 2018,"Rs: 16,500,000",km Find,"2025-12-05 | Galle 130,000",red,Used,1500,Petrol,Toyota,130000,Premio,2018,1500,2019,Automatic,Car(Sedan)
Toyota Vitz 2016,"Rs: 7,050,000",km Find,"2025-12-04 | Ganemulla 124,000",gray,Used,1000,Petrol,Toyota,124000,Vitz,2016,1000,2019,Automatic,Car()
Toyota Corolla 1987,"Rs: 1,175,000",km Find,"2025-12-04 | Ratnapura 123,456",white,Used,1500,Petrol,Toyota,123456,Corolla,1987,1500,1987,Manual,Car(Sedan)
Nissan Primera 2002,"Rs: 3,400,000",km Find,"2025-12-04 | Kegalle 176,000",blue,Used,1990,Petrol,Nissan,176000,Primera,2002,1990,2004,Automatic,Car(Saloon)
Suzuki Alto 2024,"Rs: 6,750,000",km Find,"2025-12-04 | Panadura 2,500",other,Brand New,660,Petrol,Suzuki,2500,Alto,2024,660,Ref:,Automatic,Car(Hatchback)
Nissan March 2000,"Rs: 3,500,000",km Find,"2025-12-03 | Seeduwa 105,000",gray,Used,990,Petrol,Nissan,105000,March,2000,990,2003,Manual,Car(Liftback)
Toyota Vitz 2019,"Rs: 8,350,000",km Find,"2025-12-03 | Athurugiriya 118,000",black,Used,1000,Petrol,Toyota,118000,Vitz,2019,1000,2019,Automatic,Car(Hatchback)
Suzuki Wagon R 2025,"Rs: 8,695,000",,2025-12-03 | Yakkala Find Out More,white,Brand New,660,Petrol,Suzuki,0,Wagon R,2025,660,Ref:,Automatic,Car()
Toyota Vitz 2019,"Rs: 8,800,000",km Find,"2025-12-03 | Yakkala 29,000",white,Used,1000,Petrol,Toyota,29000,Vitz,2019,1000,2020,Automatic,Car(Hatchback)
Honda ARIA 2005,"Rs: 4,950,000",km Find,"2025-12-03 | Kurunegala 171,500",white,Used,1490,Petrol,Honda,171500,ARIA,2005,1490,2007,Manual,Car(Saloon)
Honda Civic 1998,"Rs: 4,500,000",,2025-12-03 | Ambalangoda Find Out More,white,Used,1500,Petrol,Honda,0,Civic,1998,1500,1998,Manual,Car(Liftback)
KIA Sephia 2002,"Rs: 2,600,000",km Find,"2026-02-10 | Mattegoda 162,481",gray,Used,1331,Petrol,KIA,162481,Sephia,2002,1331,2003,Automatic,Car(Sedan)
Nissan March 2001,"Rs: 3,750,000",km Find,"2025-12-03 | Ambalangoda 144,150",gray,Used,990,Petrol,Nissan,144150,March,2001,990,2004,Automatic,Car(Hatchback)
Suzuki Alto 2008,"Rs: 2,800,000",,2025-12-03 | Ambalangoda Find Out More,black,Used,1000,Petrol,Suzuki,0,Alto,2008,1000,2009,Manual,Car(Hatchback)
Suzuki Wagon R 2014,"Rs: 5,300,000",km Find,"2025-12-03 | Ambalangoda 200,000",black,Used,650,Petrol,Suzuki,200000,Wagon R,2014,650,2015,Automatic,Car(Hatchback)
Honda N BOX 2025,"Rs: 8,950,000",,2025-12-03 | Dehiwala Find Out More,white,Brand New,650,Petrol,Honda,0,N BOX,2025,650,Ref:,Automatic,Car(Hatchback)
Honda Fit 2014,"Rs: 10,300,000",km Find,"2025-12-03 | Ambalangoda 148,000",blue,Used,1330,Hybrid,Honda,148000,Fit,2014,1330,2018,Automatic,Car(Hatchback)
Suzuki Hustler 2024,"Rs: 7,900,000",,2025-12-03 | Kurunegala Find Out More,blue,Brand New,650,Petrol,Suzuki,0,Hustler,2024,650,Ref:,Automatic,Car(Convertible)
Suzuki Wagon R 2023,"Rs: 7,250,000",,2025-12-03 | Kurunegala Find Out More,silver,Brand New,660,Petrol,Suzuki,0,Wagon R,2023,660,Ref:,Manual,Car(Station wagon)
Honda Fit 2012,"Rs: 6,000,000",km Find,"2025-12-03 | Kurunegala 148,000",green,Used,1330,Hybrid,Honda,148000,Fit,2012,1330,2012,Automatic,Car(Hatchback)
Toyota Tank 2017,"Rs: 8,500,000",km Find,"2025-12-03 | Panadura 114,000",black,Used,1000,Petrol,Toyota,114000,Tank,2017,1000,2020,Automatic,Car(Hatchback)
Honda Fit 2014,"Rs: 9,500,000",km Find,"2025-12-03 | Karandeniya 218,319",black,Used,1300,Hybrid,Honda,218319,Fit,2014,1300,2014,Automatic,Car(Hatchback)
Daihatsu Taft 2024,"Rs: 7,750,000",km Find,"2025-12-03 | Dehiwala 9,500",white,Used,650,Petrol,Daihatsu,9500,Taft,2024,650,2024,Automatic,Car(Hatchback)
Suzuki Alto 2004,"Rs: 3,750,000",,2025-12-03 | Ambalangoda Find Out More,white,Used,650,Petrol,Suzuki,0,Alto,2004,650,2008,Automatic,Car(Hatchback)
Suzuki Celerio 2015,"Rs: 5,300,000",km Find,"2025-12-03 | Anuradhapura 59,000",white,Used,1000,Petrol,Suzuki,59000,Celerio,2015,1000,2015,Manual,Car(Hatchback)
Suzuki Swift 2010,"Rs: 5,800,000",km Find,"2025-12-03 | Panadura 160,000",white,Reconditioned,1300,Petrol,Suzuki,160000,Swift,2010,1300,2012,Automatic,Car(Hatchback)
Suzuki Alto 2015,"Rs: 3,700,000",km Find,"2025-12-03 | Ambalangoda 106,140",white,Used,800,Petrol,Suzuki,106140,Alto,2015,800,2015,Manual,Car(Hatchback)
Honda Fit 2012,"Rs: 5,800,000",km Find,2025-12-03 | Ambalangoda 0,white,Used,1500,Hybrid,Honda,0000,Fit,2012,1500,2013,Automatic,Car(Hatchback)
Toyota Aqua 2013,"Rs: 7,600,000",km Find,"2025-12-03 | Ambalangoda 138,251",black,Used,1500,Petrol,Toyota,138251,Aqua,2013,1500,2015,Automatic,Car(Hatchback)
Toyota Aqua 2014,"Rs: 7,450,000",km Find,"2025-12-03 | Ambalangoda 146,000",white,Used,1500,Petrol,Toyota,146000,Aqua,2014,1500,2014,Automatic,Car(Hatchback)
Toyota Aqua 2015,"Rs: 8,300,000",km Find,"2025-12-03 | Ambalangoda 119,000",white,Used,1500,Petrol,Toyota,119000,Aqua,2015,1500,2016,Automatic,Car(Hatchback)
KIA Sephia 2002,"Rs: 2,600,000",km Find,"2026-02-10 | Mattegoda 162,481",gray,Used,1331,Petrol,KIA,162481,Sephia,2002,1331,2003,Automatic,Car(Sedan)
Toyota Belta 2008,"Rs: 5,800,000",,2025-12-03 | Narammala Find Out More,gray,Used,2000,Petrol,Toyota,0,Belta,2008,2000,2010,Automatic,Car()
Suzuki Wagon R 2024,"Rs: 8,375,000",km Find,"2025-12-03 | Ambalangoda 2,800",blue,Brand New,660,Hybrid,Suzuki,2800,Wagon R,2024,660,0000,Automatic,Car(Hatchback)
Toyota Prius 2008,"Rs: 6,000,000",,2025-12-03 | Ambalangoda Find Out More,blue,Used,1800,Petrol,Toyota,0,Prius,2008,1800,2011,Automatic,Car(Saloon)
Toyota Yaris 2023,"Rs: 9,700,000",,2025-12-03 | Ambalangoda Find Out More,white,Used,1000,Petrol,Toyota,0,Yaris,2023,1000,2023,Automatic,Car(Hatchback)
Toyota Vitz 2007,"Rs: 5,000,000",km Find,"2025-12-03 | Ambalangoda 158,000",white,Used,1000,Petrol,Toyota,158000,Vitz,2007,1000,2011,Automatic,Car(Hatchback)
Suzuki Wagon R 2018,"Rs: 7,990,000",km Find,"2025-12-03 | Malabe 89,500",white,Brand New,650,Petrol,Suzuki,89500,Wagon R,2018,650,2018,Automatic,Car(Hatchback)
Suzuki Spacia 2023,"Rs: 8,650,000",km Find,"2025-12-03 | Kurunegala 3,779",brown,Brand New,650,Hybrid,Suzuki,3779,Spacia,2023,650,2025,Automatic,Car(Convertible)
Suzuki Swift 2004,"Rs: 5,100,000",km Find,"2025-12-03 | Negombo 162,525",black,Used,1300,Petrol,Suzuki,162525,Swift,2004,1300,2006,Manual,Car(Hatchback)
Toyota Allion 2008,"Rs: 7,500,000",km Find,"2025-12-03 | Ambalangoda 189,000",silver,Used,1490,Petrol,Toyota,189000,Allion,2008,1490,2010,Automatic,Car(Sedan)
Nissan Note X 2024,"Rs: 11,650,000",km Find,"2025-12-03 | Kurunegala 18,000",black,Brand New,1200,Hybrid,Nissan,18000,Note X,2024,1200,Ref:,Manual,Car(Hatchback)
Suzuki Wagon R 2025,"Rs: 8,500,000",km Find,2025-12-03 | Kataragama 0,white,Brand New,650,Hybrid,Suzuki,00,Wagon R,2025,650,Ref:,Automatic,Car(Hatchback)
Suzuki Wagon R 2014,"Rs: 6,000,000",km Find,"2025-12-03 | Kollupitiya (Colombo 03) 134,526",blue,Used,650,Petrol,Suzuki,134526,Wagon R,2014,650,2014,Automatic,Car(Station wagon)
Mitsubishi Lancer 1991,"Rs: 1,665,000",,2025-12-03 | Mawanella Find Out More,blue,Used,1800,Diesel,Mitsubishi,0,Lancer,1991,1800,1991,Manual,Car(Saloon)
KIA Sephia 2002,"Rs: 2,600,000",km Find,"2026-02-10 | Mattegoda 162,481",gray,Used,1331,Petrol,KIA,162481,Sephia,2002,1331,2003,Automatic,Car(Sedan)
Mitsubishi eK 2024,"Rs: 6,850,000",,2025-12-03 | Kurunegala Find Out More,white,Used,660,Petrol,Mitsubishi,0,eK,2024,660,2025,Automatic,Car(Convertible)
Hyundai Sonata 2002,"Rs: 2,550,000",km Find,2025-12-03 | Ambalangoda 0,silver,Used,1997,Petrol,Hyundai,0000,Sonata,2002,1997,2004,Tiptronic,Car(Saloon)
Toyota Axio 2015,"Rs: 10,500,000",km Find,"2025-12-03 | Rajagiriya 132,000",brown,Used,1500,Petrol,Toyota,132000,Axio,2015,1500,2015,Automatic,Car(Saloon)
Suzuki Wagon R 2025,"Rs: 7,850,000",,2025-12-03 | Kataragama Find Out More,white,Brand New,650,Hybrid,Suzuki,0,Wagon R,2025,650,2025,Automatic,Car(Hatchback)
Micro Panda 2015,"Rs: 2,750,000",km Find,"2025-12-03 | Katunayake 25,000",silver,Used,1000,Petrol,Micro,25000,Panda,2015,1000,2015,Manual,Car(Hatchback)
Toyota Corolla 2003,"Rs: 6,000,000",km Find,"2025-12-03 | Maharagama 180,000",black,Used,1500,Petrol,Toyota,180000,Corolla,2003,1500,2003,Automatic,Car(Hatchback)
Suzuki Wagon R 2023,"Rs: 8,900,000",,2025-12-03 | Kataragama Find Out More,blue,Brand New,650,Petrol,Suzuki,0,Wagon R,2023,650,Ref:,Automatic,Car(Station wagon)
Mercedes Benz C200 2020,"Rs: 30,500,000",km Find,"2025-12-03 | Matara 33,000",black,Used,1497,Petrol,Mercedes Benz,33000,C200,2020,1497,2020,Automatic,Car(Saloon)
Renault KWID 2016,"Rs: 3,325,000",km Find,"2025-12-03 | Gampaha 112,400",white,Used,1000,Petrol,Renault,112400,KWID,2016,1000,2016,Manual,Car(Hatchback)
Suzuki Wagon R 2018,"Rs: 6,450,000",km Find,"2025-12-03 | Kadawatha 1,400,000",white,Used,650,Petrol,Suzuki,1400000,Wagon R,2018,650,2018,Automatic,Car(Hatchback)
Hyundai Eon 2016,"Rs: 4,250,000",km Find,"2025-12-03 | Colombo Fort (Colombo 01) 93,000",black,Used,814,Petrol,Hyundai,93000,Eon,2016,814,2016,Manual,Car(Hatchback)
Honda Grace 2016,"Rs: 9,500,000",km Find,"2025-12-03 | Ambalangoda 220,000",white,Used,1500,Hybrid,Honda,220000,Grace,2016,1500,2016,Automatic,Car()
KIA Sephia 2002,"Rs: 2,600,000",km Find,"2026-02-10 | Mattegoda 162,481",gray,Used,1331,Petrol,KIA,162481,Sephia,2002,1331,2003,Automatic,Car(Sedan)
Toyota Premio 2013,"Rs: 11,700,000",km Find,"2025-12-03 | Nittambuwa 172,000",white,Used,1500,Petrol,Toyota,172000,Premio,2013,1500,2013,Automatic,Car(Liftback)
Honda Grace 2015,"Rs: 9,200,000",km Find,"2025-12-03 | Anuradhapura 120,000",white,Used,1500,Hybrid,Honda,120000,Grace,2015,1500,2015,Automatic,Car(Liftback)
Toyota Premio 2007,"Rs: 9,550,000",km Find,"2025-12-03 | Tissamaharama 152,000",white,Used,1500,Petrol,Toyota,152000,Premio,2007,1500,2011,Automatic,Car(Saloon)
Toyota Vitz 2016,"Rs: 7,450,000",km Find,"2025-12-03 | Kandy 123,456",white,Used,1490,Petrol,Toyota,123456,Vitz,2016,1490,2020,Automatic,Car(Liftback)
Toyota Vitz 2018,"Rs: 8,450,000",km Find,"2025-12-03 | Ratnapura 63,000",white,Used,1000,Petrol,Toyota,63000,Vitz,2018,1000,2019,Automatic,Car(Liftback)
Suzuki Alto 2018,"Rs: 5,750,000",km Find,"2025-12-03 | Kiribathgoda 92,000",white,Used,800,Petrol,Suzuki,92000,Alto,2018,800,2018,Automatic,Car()
Toyota Premio 2010,"Rs: 10,200,000",km Find,"2025-12-03 | Embilipitiya 174,000",maroon,Used,1500,Petrol,Toyota,174000,Premio,2010,1500,2011,Automatic,Car(Liftback)
Toyota Aqua 2014,"Rs: 7,890,000",km Find,"2025-12-03 | Kaduwela 161,644",white,Used,1500,Petrol,Toyota,161644,Aqua,2014,1500,2015,Automatic,Car(Sedan)
Perodua Axia 2015,"Rs: 5,375,000",km Find,2025-12-03 | Pannipitiya 89,blue,Reconditioned,990,Petrol,Perodua,89,Axia,2015,990,2015,Automatic,Car(Hatchback)
Nissan Wingroad 2007,"Rs: 4,900,000",km Find,"2025-12-03 | Akkaraipattu 110,000",silver,Used,1300,Petrol,Nissan,110000,Wingroad,2007,1300,2010,Automatic,Car(Saloon)
Toyota Allion 2013,"Rs: 11,750,000",,2025-12-03 | Kurunegala Find Out More,maroon,Used,1500,Petrol,Toyota,0,Allion,2013,1500,2013,Automatic,Car(Sedan)
Toyota Axio 2007,"Rs: 7,200,000",,2025-12-03 | Ambalangoda Find Out More,blue,Used,1500,Petrol,Toyota,0,Axio,2007,1500,2011,Automatic,Car(Saloon)
KIA Sephia 2002,"Rs: 2,600,000",km Find,"2026-02-10 | Mattegoda 162,481",gray,Used,1331,Petrol,KIA,162481,Sephia,2002,1331,2003,Automatic,Car(Sedan)
Toyota Vitz 2017,"Rs: 7,700,000",km Find,"2025-12-03 | Ambalangoda 55,000",black,Used,1300,Petrol,Toyota,55000,Vitz,2017,1300,2019,Automatic,Car(Hatchback)
Toyota Prius 2009,"Rs: 8,800,000",km Find,"2025-12-03 | Ambalangoda 86,000",black,Used,1800,Petrol,Toyota,86000,Prius,2009,1800,2009,Automatic,Car(Liftback)
Daihatsu Taft 2023,"Rs: 8,650,000",,2025-12-03 | Kurunegala Find Out More,white,Reconditioned,660,Petrol,Daihatsu,0,Taft,2023,660,2025,Automatic,Car()
Toyota Prius 2011,"Rs: 9,800,000",km Find,"2025-12-03 | Ambalangoda 180,000",black,Used,1800,Petrol,Toyota,180000,Prius,2011,1800,2011,Automatic,Car(Liftback)
Toyota Starlet 1997,"Rs: 3,675,000",km Find,"2025-12-03 | Kiribathgoda 230,000",silver,Used,1330,Petrol,Toyota,230000,Starlet,1997,1330,1999,Automatic,Car(Sports)
Suzuki Swift 2003,"Rs: 4,200,000",km Find,"2025-12-03 | Ambalangoda 142,000",gray,Used,1300,Petrol,Suzuki,142000,Swift,2003,1300,2006,Automatic,Car(Hatchback)
BMW 5 Series 2015,"Rs: 29,000,000",km Find,"2025-12-03 | Ambalangoda 65,000",white,Used,2000,Diesel,BMW,65000,5 Series,2015,2000,2015,Automatic,Car(Saloon)
Daihatsu Taft 2024,"Rs: 8,400,000",km Find,"2025-12-03 | Kurunegala 3,000",black,Brand New,660,Petrol,Daihatsu,3000,Taft,2024,660,Ref:,Automatic,Car(Hatchback)
Suzuki Alto 2018,"Rs: 5,600,000",km Find,"2025-12-03 | Ambalangoda 70,000",gray,Used,650,Petrol,Suzuki,70000,Alto,2018,650,2020,Automatic,Car(Hatchback)
Daihatsu Mira 2023,"Rs: 7,000,000",km Find,"2025-12-03 | Ambalangoda 5,000",blue,Brand New,660,Petrol,Daihatsu,5000,Mira,2023,660,Ref:,Automatic,Car(Hatchback)
Toyota Axio 2011,"Rs: 7,500,000",,2025-12-03 | Ambalangoda Find Out More,black,Used,1500,Petrol,Toyota,0,Axio,2011,1500,2013,Automatic,Car(Saloon)
Suzuki Spacia 2025,"Rs: 9,800,000",km Find,2025-12-03 | Kelaniya 900,white,Brand New,660,Petrol,Suzuki,900,Spacia,2025,660,Ref:,Automatic,Car(Hatchback)
Suzuki Alto 2015,"Rs: 3,450,000",km Find,"2025-12-03 | Kurunegala 191,000",silver,Used,796,Petrol,Suzuki,191000,Alto,2015,796,2015,Manual,Car(Liftback)
KIA Sephia 2002,"Rs: 2,600,000",km Find,"2026-02-10 | Mattegoda 162,481",gray,Used,1331,Petrol,KIA,162481,Sephia,2002,1331,2003,Automatic,Car(Sedan)
Suzuki Wagon R 2025,"Rs: 9,250,000",,2025-12-03 | Boralesgamuwa Find Out More,white,Brand New,660,Petrol,Suzuki,0,Wagon R,2025,660,Ref:,Automatic,Car(Hatchback)
Toyota Camry 2011,"Rs: 12,000,000",km Find,"2025-12-03 | Ambalangoda 140,000",white,Used,1600,Petrol,Toyota,140000,Camry,2011,1600,2011,Automatic,Car(Saloon)
Hyundai Accent 2001,"Rs: 2,650,000",km Find,"2025-12-03 | Pilessa 150,000",gray,Used,1000,Petrol,Hyundai,150000,Accent,2001,1000,2002,Automatic,Car(Saloon)
Toyota Passo 2023,"Rs: 8,200,000",km Find,"2025-12-03 | Kottawa 6,600",other,Brand New,660,Petrol,Toyota,6600,Passo,2023,660,2023,Automatic,Car(Hatchback)
Suzuki Wagon R 2024,"Rs: 7,750,000",km Find,2025-12-03 | Pilessa 400,red,Reconditioned,650,Hybrid,Suzuki,400,Wagon R,2024,650,2025,Automatic,Car(Hatchback)
Mazda 323 2003,"Rs: 3,850,000",km Find,"2025-12-03 | Pilessa 140,000",gray,Used,1000,Petrol,Mazda,140000,323,2003,1000,2008,Automatic,Car(Saloon)
Toyota Vitz 2016,"Rs: 6,950,000",km Find,"2025-12-03 | Pilessa 147,000",blue,Reconditioned,1000,Petrol,Toyota,147000,Vitz,2016,1000,2018,Automatic,Car(Hatchback)
Suzuki Spacia 2023,"Rs: 7,250,000",km Find,"2025-12-03 | Kottawa 6,600",white,Brand New,660,Hybrid,Suzuki,6600,Spacia,2023,660,2023,Automatic,Car(Hatchback)
Toyota Aqua 2014,"Rs: 7,200,000",km Find,"2025-12-03 | Ambalangoda 90,905",blue,Used,1500,Petrol,Toyota,90905,Aqua,2014,1500,2017,Automatic,Car(Hatchback)
Mercedes Benz C200 2020,"Rs: 21,700,000",km Find,"2025-12-03 | Ambalangoda 150,000",black,Used,2000,Petrol,Mercedes Benz,150000,C200,2020,2000,2020,Automatic,Car(Liftback)
Toyota Axio 2017,"Rs: 10,400,000",km Find,"2025-12-03 | Ambalangoda 190,000",white,Used,1500,Petrol,Toyota,190000,Axio,2017,1500,2017,Automatic,Car(Saloon)
Toyota Allion 2008,"Rs: 7,700,000",km Find,"2025-12-03 | Ambalangoda 250,000",black,Used,1500,Petrol,Toyota,250000,Allion,2008,1500,2010,Automatic,Car(Sedan)
Nissan Dayz 2024,"Rs: 7,300,000",km Find,2025-12-03 | Kottawa 250,white,Brand New,660,Petrol,Nissan,250,Dayz,2024,660,Ref:,Automatic,Car(Hatchback)
KIA Sephia 2002,"Rs: 2,600,000",km Find,"2026-02-10 | Mattegoda 162,481",gray,Used,1331,Petrol,KIA,162481,Sephia,2002,1331,2003,Automatic,Car(Sedan)
Suzuki Alto 2018,"Rs: 5,450,000",km Find,"2025-12-03 | Ambalangoda 72,000",silver,Used,658,Petrol,Suzuki,72000,Alto,2018,658,2020,Automatic,Car(Hatchback)
Toyota Axio 2016,"Rs: 10,450,000",km Find,"2025-12-03 | Kottawa 164,000",brown,Used,1500,Petrol,Toyota,164000,Axio,2016,1500,2016,Automatic,Car(Station wagon)
Suzuki Wagon R 2024,"Rs: 7,450,000",km Find,"2025-12-03 | Kottawa 17,000",black,Brand New,650,Petrol,Suzuki,17000,Wagon R,2024,650,Ref:,Automatic,Car(Station wagon)
Suzuki Alto 2006,"Rs: 2,750,000",,2025-12-03 | Matugama Find Out More,black,Used,1000,Petrol,Suzuki,0,Alto,2006,1000,2006,Manual,Car(Hatchback)
Toyota Aqua 2012,"Rs: 7,700,000",km Find,"2025-12-03 | Ambalangoda 176,000",white,Used,1500,Petrol,Toyota,176000,Aqua,2012,1500,2014,Automatic,Car(Hatchback)
Toyota Aqua 2017,"Rs: 9,100,000",km Find,"2025-12-03 | Nikaweratiya 92,000",blue,Used,1500,Petrol,Toyota,92000,Aqua,2017,1500,2018,Automatic,Car(Hatchback)
Toyota Aqua 2017,"Rs: 9,050,000",km Find,2025-12-02 | Ambalangoda 0,gray,Used,1500,Hybrid,Toyota,0000,Aqua,2017,1500,2018,Automatic,Car(Hatchback)
Toyota Aqua 2018,"Rs: 9,980,000",km Find,2025-12-02 | Ambalangoda 0,white,Used,1500,Petrol,Toyota,0000,Aqua,2018,1500,2018,Automatic,Car(Hatchback)
Toyota Premio 2014,"Rs: 12,500,000",km Find,2025-12-02 | Ambalangoda 0,white,Used,1500,Petrol,Toyota,0000,Premio,2014,1500,2014,Automatic,Car(Sedan)
Suzuki Alto 2007,"Rs: 2,925,000",km Find,2025-12-02 | Ambalangoda 0,red,Used,796,Petrol,Suzuki,0000,Alto,2007,796,2007,Manual,Car(Hatchback)
Daihatsu Mira 2023,"Rs: 7,000,000",km Find,"2025-12-02 | Kurunegala 8,500",gray,Brand New,650,Petrol,Daihatsu,8500,Mira,2023,650,Ref:,Automatic,Car(Hatchback)
Suzuki Wagon R 2025,"Rs: 9,200,000",,2025-12-02 | Kurunegala Find Out More,white,Brand New,650,Hybrid,Suzuki,0,Wagon R,2025,650,Ref:,Automatic,Car(Hatchback)
Toyota Prius 2014,"Rs: 10,780,000",,2025-12-02 | Ambalangoda Find Out More,black,Used,1800,Hybrid,Toyota,0,Prius,2014,1800,2015,Automatic,Car(Sedan)
Suzuki Alto 2017,"Rs: 4,250,000",km Find,"2025-12-02 | Kalmunai 54,000",white,Used,800,Petrol,Suzuki,54000,Alto,2017,800,2017,Manual,Car(Hatchback)
Toyota Corolla 1996,"Rs: 3,650,000",,2025-12-02 | Ambalangoda Find Out More,white,Used,1970,Petrol,Toyota,0,Corolla,1996,1970,1999,Automatic,Car(Saloon)
Toyota Premio 2014,"Rs: 11,150,000",km Find,"2025-12-02 | Ambalangoda 169,000",brown,Used,1500,Petrol,Toyota,169000,Premio,2014,1500,2014,Automatic,Car(Sedan)
Mazda Axela 2004,"Rs: 5,200,000",km Find,"2025-12-02 | Ambalangoda 338,000",gray,Used,1496,Petrol,Mazda,338000,Axela,2004,1496,2007,Manual,Car(Sedan)
Suzuki Swift 2003,"Rs: 4,100,000",km Find,"2025-12-02 | Galigamuwa Town 149,759",other,Used,1300,Petrol,Suzuki,149759,Swift,2003,1300,2005,Automatic,Car(Hatchback)
KIA Sephia 2002,"Rs: 2,600,000",km Find,"2026-02-10 | Mattegoda 162,481",gray,Used,1331,Petrol,KIA,162481,Sephia,2002,1331,2003,Automatic,Car(Sedan)
Hyundai Eon 2015,"Rs: 4,225,000",km Find,"2025-12-02 | Ampara 79,000",black,Used,850,Petrol,Hyundai,79000,Eon,2015,850,2015,Manual,Car(Hatchback)
Perodua Kenari 2007,"Rs: 3,150,000",,2025-12-02 | Ambalangoda Find Out More,red,Used,989,Petrol,Perodua,0,Kenari,2007,989,2008,Manual,Car(Hatchback)
Toyota Prius 2013,"Rs: 11,000,000",km Find,"2025-12-02 | Maharagama 115,000",white,Used,1800,Hybrid,Toyota,115000,Prius,2013,1800,2015,Automatic,Car(Saloon)
Mitsubishi Lancer 2002,"Rs: 5,200,000",km Find,"2025-12-02 | Ambalangoda 246,000",green,Used,1460,Petrol,Mitsubishi,246000,Lancer,2002,1460,2003,Automatic,Car(Sedan)
Toyota Aqua 2013,"Rs: 7,150,000",km Find,"2025-12-02 | Ambalangoda 125,000",black,Used,1496,Petrol,Toyota,125000,Aqua,2013,1496,2018,Automatic,Car(Hatchback)
Toyota Vitz 2019,"Rs: 8,300,000",km Find,"2025-12-02 | Ambalangoda 90,000",white,Used,1000,Petrol,Toyota,90000,Vitz,2019,1000,2019,Automatic,Car(Hatchback)
Honda Insight 2009,"Rs: 6,775,000",km Find,"2025-12-02 | Ambalangoda 18,000",blue,Used,1330,Hybrid,Honda,18000,Insight,2009,1330,2011,Automatic,Car(Liftback)
Micro Panda Cross 2017,"Rs: 4,000,000",km Find,"2025-12-02 | Ambalangoda 85,000",black,Used,1300,Petrol,Micro,85000,Panda Cross,2017,1300,2017,Automatic,Car(Hatchback)
Suzuki Wagon R 2018,"Rs: 5,850,000",km Find,"2025-12-02 | Ambalangoda 80,000",orange,Used,650,Hybrid,Suzuki,80000,Wagon R,2018,650,2018,Automatic,Car(Hatchback)
Suzuki Liana 2006,"Rs: 4,075,000",km Find,"2025-12-02 | Kesbewa 200,000",red,Used,1328,Petrol,Suzuki,200000,Liana,2006,1328,2006,Manual,Car(Sedan)
Suzuki Wagon R 2023,"Rs: 8,550,000",,2025-12-02 | Kohuwala Find Out More,navy,Brand New,650,Hybrid,Suzuki,0,Wagon R,2023,650,Ref:,Automatic,Car(Station wagon)
Suzuki Alto 2016,"Rs: 3,650,000",km Find,"2025-12-02 | Ambalangoda 150,000",gray,Used,800,Petrol,Suzuki,150000,Alto,2016,800,2016,Manual,Car(Hatchback)
Daihatsu Mira 2023,"Rs: 7,050,000",km Find,"2025-12-02 | Mount Lavinia 7,300",silver,Reconditioned,660,Petrol,Daihatsu,7300,Mira,2023,660,2024,Automatic,Car(Hatchback)
Toyota Vitz 2017,"Rs: 7,900,000",km Find,"2025-12-02 | Kesbewa 98,200",gray,Used,1000,Petrol,Toyota,98200,Vitz,2017,1000,2020,Automatic,Car(Hatchback)
Toyota Vitz 2019,"Rs: 8,375,000",km Find,"2025-12-02 | Kadawatha 61,000",red,Used,1000,Petrol,Toyota,61000,Vitz,2019,1000,2020,Automatic,Car(Hatchback)
KIA Sephia 2002,"Rs: 2,600,000",km Find,"2026-02-10 | Mattegoda 162,481",gray,Used,1331,Petrol,KIA,162481,Sephia,2002,1331,2003,Automatic,Car(Sedan)
Suzuki Wagon R 2018,"Rs: 6,700,000",km Find,"2025-12-02 | Ambalangoda 83,000",white,Used,650,Hybrid,Suzuki,83000,Wagon R,2018,650,2018,Automatic,Car(Hatchback)
Suzuki Wagon R 2018,"Rs: 6,950,000",km Find,"2025-12-02 | Ambalangoda 116,000",white,Used,650,Hybrid,Suzuki,116000,Wagon R,2018,650,2019,Automatic,Car(Hatchback)
Toyota Vitz 2016,"Rs: 7,200,000",km Find,"2025-12-02 | Ambalangoda 118,000",blue,Used,1000,Petrol,Toyota,118000,Vitz,2016,1000,2016,Automatic,Car(Hatchback)
Toyota Glanza V 1999,"Rs: 4,400,000",,2025-12-02 | Ambalangoda Find Out More,red,Used,1300,Petrol,Toyota,0,Glanza V,1999,1300,2002,Automatic,Car(Hatchback)
Toyota IST 2004,"Rs: 5,300,000",km Find,"2025-12-03 | Ambalangoda 163,000",white,Used,1300,Petrol,Toyota,163000,IST,2004,1300,2004,Automatic,Car(Hatchback)
Honda Grace 2014,"Rs: 10,200,000",km Find,"2025-12-02 | Batticaloa 54,000",black,Used,1500,Petrol,Honda,54000,Grace,2014,1500,2015,Automatic,Car(Sedan)
Hyundai Eon 2016,"Rs: 3,700,000",km Find,2025-12-02 | Ambalangoda 0,red,Used,800,Petrol,Hyundai,0000,Eon,2016,800,2016,Manual,Car(Hatchback)
Toyota Yaris 2023,"Rs: 9,875,000",km Find,"2025-12-02 | Nittambuwa 19,000",white,Brand New,1000,Petrol,Toyota,19000,Yaris,2023,1000,Ref:,Automatic,Car(Hatchback)
Suzuki Wagon R 2024,"Rs: 7,475,000",km Find,"2025-12-02 | Nittambuwa 6,100",white,Brand New,650,Petrol,Suzuki,6100,Wagon R,2024,650,Ref:,Automatic,Car(Hatchback)
Toyota Allion 2003,"Rs: 7,500,000",,2025-12-02 | Anuradhapura Find Out More,black,Used,1200,Petrol,Toyota,0,Allion,2003,1200,2006,Manual,Car(Saloon)
Suzuki Wagon R 2017,"Rs: 6,590,000",km Find,"2025-12-03 | Kollupitiya (Colombo 03) 106,000",blue,Used,660,Hybrid,Suzuki,106000,Wagon R,2017,660,2018,Automatic,Car(Hatchback)
Toyota Aqua 2013,"Rs: 7,500,000",km Find,"2025-12-02 | Mirigama 180,000",silver,Used,1200,Petrol,Toyota,180000,Aqua,2013,1200,2015,Automatic,Car(Hatchback)
Suzuki Wagon R 2018,"Rs: 6,625,000",km Find,"2025-12-02 | Ambalangoda 147,000",white,Used,650,Hybrid,Suzuki,147000,Wagon R,2018,650,2018,Automatic,Car(Hatchback)
Suzuki Wagon R 2019,"Rs: 6,500,000",km Find,"2025-12-02 | Ambalangoda 72,000",black,Used,650,Petrol,Suzuki,72000,Wagon R,2019,650,2019,Automatic,Car(Hatchback)
KIA Sephia 2002,"Rs: 2,600,000",km Find,"2026-02-10 | Mattegoda 162,481",gray,Used,1331,Petrol,KIA,162481,Sephia,2002,1331,2003,Automatic,Car(Sedan)
Honda Fit 2014,"Rs: 8,200,000",km Find,"2025-12-02 | Gampaha 87,000",white,Used,1496,Hybrid,Honda,87000,Fit,2014,1496,2014,Automatic,Car(Hatchback)
Suzuki Wagon R 2024,"Rs: 7,325,000",km Find,"2025-12-02 | Nittambuwa 4,200",black,Brand New,660,Petrol,Suzuki,4200,Wagon R,2024,660,Ref:,Automatic,Car(Hatchback)
Nissan Sunny 2005,"Rs: 3,800,000",,2025-12-02 | Kuliyapitiya Find Out More,white,Used,1400,Diesel,Nissan,0,Sunny,2005,1400,2006,Manual,Car(Saloon)
Mercedes Benz CLA 2015,"Rs: 21,000,000",km Find,"2025-12-02 | Gampaha 92,000",white,Used,1332,Petrol,Mercedes Benz,92000,CLA,2015,1332,2018,Automatic,Car(Saloon)
BMW 5 Series 2013,"Rs: 22,000,000",km Find,"2025-12-02 | Gampaha 171,000",white,Used,1995,Diesel,BMW,171000,5 Series,2013,1995,2014,Automatic,Car(Sedan)
Suzuki Hustler 2015,"Rs: 5,800,000",km Find,"2025-12-02 | Gampaha 100,000",green,Used,660,Petrol,Suzuki,100000,Hustler,2015,660,2015,Automatic,Car(Hatchback)
Daihatsu Mira 2025,"Rs: 7,575,000",,2025-12-02 | Nittambuwa Find Out More,red,Brand New,660,Petrol,Daihatsu,0,Mira,2025,660,Ref:,Automatic,Car(Hatchback)
Toyota Axio 2017,"Rs: 10,500,000",km Find,"2025-12-02 | Ambalangoda 860,000",white,Used,1500,Petrol,Toyota,860000,Axio,2017,1500,2017,Automatic,Car(Saloon)
Toyota Aqua 2012,"Rs: 7,300,000",km Find,"2025-12-02 | Ambalangoda 116,000",blue,Used,1500,Petrol,Toyota,116000,Aqua,2012,1500,2014,Automatic,Car(Hatchback)
Suzuki Wagon R 2024,"Rs: 8,500,000",km Find,"2025-12-02 | Panadura 4,000",red,Brand New,650,Hybrid,Suzuki,4000,Wagon R,2024,650,Ref:,Automatic,Car(Hatchback)
Toyota Corolla 2023,"Rs: 17,000,000",km Find,"2025-12-02 | Ambalangoda 12,800",white,Used,1500,Petrol,Toyota,12800,Corolla,2023,1500,2025,Automatic,Car(Liftback)
Suzuki Wagon R 2018,"Rs: 6,700,000",km Find,"2025-12-02 | Sri Jayawardenepura Kotte 63,000",black,Used,998,Hybrid,Suzuki,63000,Wagon R,2018,998,2018,Automatic,Car(Hatchback)
Suzuki Alto 2023,"Rs: 6,850,000",km Find,"2025-12-02 | Ambalangoda 2,300",silver,Used,1000,Petrol,Suzuki,2300,Alto,2023,1000,2023,Automatic,Car(Hatchback)
Toyota Prius 2012,"Rs: 7,800,000",km Find,"2025-12-02 | Ambalangoda 159,000",white,Used,1800,Petrol,Toyota,159000,Prius,2012,1800,2014,Automatic,Car(Liftback)
Nissan Sunny 2000,"Rs: 4,500,000",km Find,2025-12-02 | Ambalangoda 0,silver,Used,1600,Petrol,Nissan,0000,Sunny,2000,1600,2003,Automatic,Car(Saloon)
Suzuki Alto 2010,"Rs: 3,175,000",km Find,"2025-12-02 | Anuradhapura 61,500",orange,Used,800,Petrol,Suzuki,61500,Alto,2010,800,2011,Manual,Car(Hatchback)
KIA Sephia 2002,"Rs: 2,600,000",km Find,"2026-02-10 | Mattegoda 162,481",gray,Used,1331,Petrol,KIA,162481,Sephia,2002,1331,2003,Automatic,Car(Sedan)
Suzuki Wagon R 2025,"Rs: 8,800,000",,2025-12-02 | Embilipitiya Find Out More,white,Reconditioned,660,Petrol,Suzuki,0,Wagon R,2025,660,2025,Automatic,Car(Hatchback)
Suzuki Wagon R 2018,"Rs: 6,990,000",km Find,"2025-12-02 | Kobeigane 107,000",white,Used,650,Hybrid,Suzuki,107000,Wagon R,2018,650,2018,Automatic,Car(Hatchback)
Honda Fit 2013,"Rs: 7,125,000",km Find,"2025-12-02 | Batticaloa 118,000",silver,Used,1330,Petrol,Honda,118000,Fit,2013,1330,2013,Automatic,Car(Station wagon)
Toyota Premio 2011,"Rs: 9,600,000",km Find,"2025-12-02 | Ambalangoda 160,000",brown,Used,1500,Petrol,Toyota,160000,Premio,2011,1500,2012,Automatic,Car(Sedan)
Renault KWID 2017,"Rs: 3,650,000",km Find,"2025-12-02 | Batticaloa 70,000",white,Used,800,Petrol,Renault,70000,KWID,2017,800,2017,Manual,Car(Hatchback)
Honda Accord 1987,"Rs: 1,500,000",km Find,"2025-12-02 | Gampola 124,000",black,Used,1250,Petrol,Honda,124000,Accord,1987,1250,1987,Manual,Car(Saloon)
Toyota Prius 2013,"Rs: 9,625,000",km Find,"2025-12-02 | Ambalangoda 159,000",purple,Used,1500,Hybrid,Toyota,159000,Prius,2013,1500,2015,Automatic,Car(Liftback)
Suzuki Spacia 2025,"Rs: 9,500,000",km Find,"2025-12-02 | Ampara 1,200",white,Brand New,690,Petrol,Suzuki,1200,Spacia,2025,690,Ref:,Automatic,Car(Hatchback)
Suzuki Alto 2017,"Rs: 5,350,000",km Find,"2025-12-02 | Kurunegala 50,000",black,Used,660,Petrol,Suzuki,50000,Alto,2017,660,2018,Automatic,Car(Convertible)
Suzuki Spacia 2025,"Rs: 9,700,000",,2025-12-02 | Kurunegala Find Out More,silver,Brand New,660,Hybrid,Suzuki,0,Spacia,2025,660,Ref:,Automatic,Car(Convertible)
Toyota Vitz 2016,"Rs: 6,800,000",km Find,2025-12-02 | Ambalangoda 0,red,Used,1500,Petrol,Toyota,0000,Vitz,2016,1500,2019,Automatic,Car(Hatchback)
Toyota Premio 2013,"Rs: 10,600,000",km Find,"2025-12-02 | Ambalangoda 154,000",maroon,Used,1500,Petrol,Toyota,154000,Premio,2013,1500,2013,Automatic,Car(Saloon)
Suzuki Alto 2016,"Rs: 3,800,000",km Find,"2025-12-02 | Ambalangoda 107,000",red,Used,800,Petrol,Suzuki,107000,Alto,2016,800,2016,Manual,Car(Hatchback)
Nissan March 2002,"Rs: 3,800,000",km Find,"2025-12-02 | Ambalangoda 140,000",orange,Used,1300,Petrol,Nissan,140000,March,2002,1300,2005,Automatic,Car(Hatchback)
Toyota Vitz 2016,"Rs: 6,750,000",km Find,"2025-12-02 | Ambalangoda 100,000",black,Used,990,Petrol,Toyota,100000,Vitz,2016,990,2018,Automatic,Car(Hatchback)
Toyota Aqua 2015,"Rs: 7,650,000",km Find,"2025-12-02 | Ambalangoda 152,000",white,Used,1490,Hybrid,Toyota,152000,Aqua,2015,1490,2015,Automatic,Car(Hatchback)
KIA Sephia 2002,"Rs: 2,600,000",km Find,"2026-02-10 | Mattegoda 162,481",gray,Used,1331,Petrol,KIA,162481,Sephia,2002,1331,2003,Automatic,Car(Sedan)
Suzuki Alto 2015,"Rs: 3,875,000",,2025-12-02 | Galgamuwa Find Out More,black,Used,800,Petrol,Suzuki,0,Alto,2015,800,2015,Manual,Car(Hatchback)
Suzuki Wagon R 2025,"Rs: 9,200,000",,2025-12-02 | Kurunegala Find Out More,white,Brand New,650,Hybrid,Suzuki,0,Wagon R,2025,650,Ref:,Automatic,Car(Liftback)
Toyota Aqua 2013,"Rs: 7,625,000",km Find,"2025-12-02 | Ambalangoda 210,000",white,Used,1490,Hybrid,Toyota,210000,Aqua,2013,1490,2014,Automatic,Car(Hatchback)
Audi A1 2016,"Rs: 8,600,000",km Find,"2025-12-02 | Ambalangoda 137,000",black,Used,1390,Petrol,Audi,137000,A1,2016,1390,2019,Automatic,Car(Hatchback)
Suzuki Wagon R 2017,"Rs: 6,450,000",km Find,"2025-12-02 | Embilipitiya 114,000",white,Used,650,Hybrid,Suzuki,114000,Wagon R,2017,650,2018,Automatic,Car(Hatchback)
Suzuki Wagon R 2017,"Rs: 6,450,000",km Find,"2025-12-02 | Ambalangoda 172,000",brown,Used,650,Hybrid,Suzuki,172000,Wagon R,2017,650,2018,Automatic,Car(Hatchback)
Toyota Vios 2003,"Rs: 4,925,000",km Find,"2025-12-02 | Ambalangoda 154,000",silver,Used,1500,Petrol,Toyota,154000,Vios,2003,1500,2006,Automatic,Car(Sedan)
Honda Insight 2011,"Rs: 7,500,000",km Find,"2025-12-02 | Ambalangoda 172,664",black,Used,1330,Petrol,Honda,172664,Insight,2011,1330,2013,Automatic,Car(Liftback)
Suzuki Alto 2018,"Rs: 4,350,000",km Find,"2025-12-02 | Kilinochchi 62,000",silver,Used,100,Petrol,Suzuki,62000,Alto,2018,100,2018,Manual,Car(Hatchback)
Honda Grace 2015,"Rs: 8,600,000",km Find,"2025-12-02 | Ambalangoda 187,000",white,Used,1496,Hybrid,Honda,187000,Grace,2015,1496,2015,Automatic,Car(Sedan)
Micro Panda 2011,"Rs: 2,500,000",km Find,"2025-12-02 | Ambalangoda 73,000",green,Used,1300,Petrol,Micro,73000,Panda,2011,1300,2011,Manual,Car(Hatchback)
Toyota Premio 2013,"Rs: 11,000,000",km Find,"2025-12-02 | Ambalangoda 143,000",brown,Used,1500,Petrol,Toyota,143000,Premio,2013,1500,2014,Automatic,Car(Sedan)
Toyota Yaris 2022,"Rs: 9,000,000",km Find,"2025-12-02 | Borella (Colombo 08) 20,000",black,Brand New,1000,Petrol,Toyota,20000,Yaris,2022,1000,Ref:,Automatic,Car(Hatchback)
Micro Panda 2015,"Rs: 2,600,000",km Find,"2025-12-02 | Ambalangoda 140,000",white,Used,998,Petrol,Micro,140000,Panda,2015,998,2015,Manual,Car(Hatchback)
Nissan Pulsar 1987,"Rs: 1,450,000",,2025-12-02 | Ambalangoda Find Out More,white,Used,1480,Petrol,Nissan,0,Pulsar,1987,1480,1990,Manual,Car(Sedan)
Suzuki Swift 2014,"Rs: 3,500,000",km Find,"2025-12-02 | Ampara 1,500,000",blue,Used,490,Petrol,Suzuki,1500000,Swift,2014,490,2014,Manual,Car(Hatchback)
KIA Sephia 2002,"Rs: 2,600,000",km Find,"2026-02-10 | Mattegoda 162,481",gray,Used,1331,Petrol,KIA,162481,Sephia,2002,1331,2003,Automatic,Car(Sedan)
Toyota Vitz 2016,"Rs: 6,950,000",km Find,"2025-12-01 | Ahangama 130,000",silver,Used,1000,Petrol,Toyota,130000,Vitz,2016,1000,2019,Automatic,Car(Hatchback)
Toyota Premio 2019,"Rs: 16,700,000",km Find,"2025-12-01 | Ambalangoda 65,000",red,Used,1500,Petrol,Toyota,65000,Premio,2019,1500,2020,Automatic,Car(Sedan)
Suzuki Wagon R 2023,"Rs: 8,900,000",,2025-12-01 | Kurunegala Find Out More,gray,Brand New,650,Hybrid,Suzuki,0,Wagon R,2023,650,Ref:,Automatic,Car(Hatchback)
Suzuki Alto 2015,"Rs: 3,650,000",km Find,"2025-12-01 | Ambalangoda 76,511",silver,Used,800,Petrol,Suzuki,76511,Alto,2015,800,2015,Manual,Car(Hatchback)
Daihatsu Mira 2004,"Rs: 3,200,000",km Find,"2025-12-01 | Ambalangoda 229,000",maroon,Used,660,Petrol,Daihatsu,229000,Mira,2004,660,2007,Automatic,Car(Hatchback)
Honda City 2025,"Rs: 13,900,000",,2025-12-01 | Ambalangoda Find Out More,white,Brand New,1498,Petrol,Honda,0,City,2025,1498,Ref:,Automatic,Car(Sedan)
Nissan FB 15 1999,"Rs: 3,750,000",,2025-12-01 | Ambalangoda Find Out More,white,Used,1497,Petrol,Nissan,0,FB 15,1999,1497,2001,Automatic,Car(Sedan)
Suzuki Wagon R 2025,"Rs: 9,600,000",,2025-12-01 | Dehiwala Find Out More,white,Brand New,660,Hybrid,Suzuki,0,Wagon R,2025,660,Ref:,Automatic,Car(Hatchback)
Honda Grace 2015,"Rs: 8,700,000",km Find,2025-12-01 | Ambalangoda 0,gray,Used,1496,Hybrid,Honda,0000,Grace,2015,1496,2015,Automatic,Car(Sedan)
Toyota Allion 2008,"Rs: 7,725,000",km Find,"2025-12-01 | Ambalangoda 189,000",silver,Used,1490,Petrol,Toyota,189000,Allion,2008,1490,2010,Automatic,Car(Sedan)
Toyota Axio 2014,"Rs: 2,475,000",km Find,2025-12-01 | Colombo Fort (Colombo 01) 0,white,Used,00,Petrol,Toyota,00,Axio,2014,00,2014,Automatic,Car(Hatchback)
Toyota Allion 2004,"Rs: 6,850,000",km Find,2025-12-01 | Ambalangoda 0,silver,Used,1500,Petrol,Toyota,0000,Allion,2004,1500,2006,Automatic,Car(Sedan)
BMW i Series 2006,"Rs: 9,450,000",,2025-12-01 | Colombo Fort (Colombo 01) Find Out More,white,Used,1400,Petrol,BMW,0,i Series,2006,1400,2006,Automatic,Car(Hatchback)
BMW 7 Series 2014,"Rs: 27,650,000",km Find,"2025-12-01 | Ambalangoda 73,000",black,Used,3000,Hybrid,BMW,73000,7 Series,2014,3000,2015,Automatic,Car(Sedan)
Honda Fit 2015,"Rs: 8,300,000",km Find,"2025-12-01 | Ambalangoda 188,000",white,Used,1330,Hybrid,Honda,188000,Fit,2015,1330,2015,Automatic,Car(Hatchback)
Toyota Vitz 2013,"Rs: 6,300,000",km Find,"2025-12-01 | Battaramulla 125,500",red,Used,1000,Petrol,Toyota,125500,Vitz,2013,1000,2015,Automatic,Car(Hatchback)
Suzuki Wagon R 2014,"Rs: 5,700,000",km Find,"2025-12-01 | Yakkala 114,600",black,Reconditioned,650,Hybrid,Suzuki,114600,Wagon R,2014,650,2016,Automatic,Car(Hatchback)
BMW i8 2014,"Rs: 26,800,000",km Find,"2025-12-01 | Ambalangoda 35,000",black,Used,1500,Petrol,BMW,35000,i8,2014,1500,2016,Automatic,Car(Sports)
KIA Sephia 2002,"Rs: 2,600,000",km Find,"2026-02-10 | Mattegoda 162,481",gray,Used,1331,Petrol,KIA,162481,Sephia,2002,1331,2003,Automatic,Car(Sedan)
Toyota Aqua 2013,"Rs: 7,500,000",km Find,"2025-12-01 | Ambalangoda 83,000",white,Used,1500,Petrol,Toyota,83000,Aqua,2013,1500,2015,Automatic,Car(Hatchback)
Daihatsu Canbus 2023,"Rs: 7,500,000",km Find,"2025-12-01 | Kottawa 6,600",white,Brand New,660,Petrol,Daihatsu,6600,Canbus,2023,660,Ref:,Automatic,Car(Hatchback)
Daihatsu Taft 2023,"Rs: 8,250,000",km Find,"2025-12-01 | Kurunegala 9,000",silver,Used,800,Petrol,Daihatsu,9000,Taft,2023,800,2023,Automatic,Car()
Toyota Yaris 2024,"Rs: 10,600,000",km Find,"2025-12-01 | Kotte 1,500",white,Brand New,1000,Petrol,Toyota,1500,Yaris,2024,1000,Ref:,Automatic,Car(Liftback)
Toyota Axio 2017,"Rs: 11,900,000",km Find,"2025-12-01 | Delgoda 105,000",white,Used,1500,Hybrid,Toyota,105000,Axio,2017,1500,2017,Automatic,Car()
Toyota Axio 2017,"Rs: 11,700,000",km Find,"2025-12-01 | Dehiwala 125,000",black,Used,1500,Hybrid,Toyota,125000,Axio,2017,1500,2017,Automatic,Car()
Volkswagen Beetle 1970,"Rs: 1,500,000",,2025-12-01 | Maharagama Find Out More,maroon,Used,1300,Petrol,Volkswagen,0,Beetle,1970,1300,1972,Manual,Car()
Suzuki Maruti 2008,"Rs: 2,285,000",km Find,"2025-12-01 | Nugegoda 107,000",gray,Used,800,Petrol,Suzuki,107000,Maruti,2008,800,2008,Manual,Car(Hatchback)
Honda Fit 2014,"Rs: 8,925,000",km Find,"2025-12-01 | Kalmunai 95,600",white,Used,1500,Petrol,Honda,95600,Fit,2014,1500,2015,Automatic,Car(Station wagon)
Toyota Aqua 2012,"Rs: 7,150,000",km Find,"2025-12-01 | Dehiwala 129,500",white,Used,1490,Hybrid,Toyota,129500,Aqua,2012,1490,2013,Automatic,Car(Saloon)
Nissan Dayz 2023,"Rs: 7,650,000",km Find,"2025-12-01 | Kottawa 1,500",black,Brand New,660,Hybrid,Nissan,1500,Dayz,2023,660,Ref:,Automatic,Car(Hatchback)
Toyota Yaris 2023,"Rs: 10,450,000",km Find,"2025-12-01 | Kalubowila 39,000",black,Reconditioned,1000,Petrol,Toyota,39000,Yaris,2023,1000,2023,Automatic,Car(Hatchback)
Suzuki Spacia 2023,"Rs: 7,750,000",km Find,"2025-12-01 | Kottawa 5,500",yellow,Brand New,660,Petrol,Suzuki,5500,Spacia,2023,660,2023,Automatic,Car(Hatchback)
Suzuki Alto 2016,"Rs: 4,350,000",km Find,"2025-12-01 | Kalmunai 41,000",gray,Used,800,Petrol,Suzuki,41000,Alto,2016,800,2016,Manual,Car(Hatchback)
Renault KWID 2017,"Rs: 4,450,000",km Find,"2025-12-01 | Batticaloa 52,000",black,Used,1000,Petrol,Renault,52000,KWID,2017,1000,2018,Automatic,Car(Hatchback)
Subaru Stella 2023,"Rs: 7,050,000",km Find,"2025-12-01 | Kottawa 18,000",silver,Brand New,660,Petrol,Subaru,18000,Stella,2023,660,Ref:,Automatic,Car(Hatchback)
Toyota Passo 2023,"Rs: 8,250,000",km Find,"2025-12-01 | Kottawa 15,000",black,Brand New,660,Petrol,Toyota,15000,Passo,2023,660,Ref:,Automatic,Car(Hatchback)
Mazda Flair 2023,"Rs: 7,250,000",km Find,"2025-12-01 | Kottawa 1,500",white,Brand New,660,Hybrid,Mazda,1500,Flair,2023,660,Ref:,Automatic,Car(Hatchback)
KIA Sephia 2002,"Rs: 2,600,000",km Find,"2026-02-10 | Mattegoda 162,481",gray,Used,1331,Petrol,KIA,162481,Sephia,2002,1331,2003,Automatic,Car(Sedan)
Mazda Flair 2023,"Rs: 7,250,000",km Find,"2025-12-01 | Kottawa 1,500",white,Brand New,660,Hybrid,Mazda,1500,Flair,2023,660,Ref:,Automatic,Car(Hatchback)
Toyota Yaris 2023,"Rs: 10,300,000",km Find,"2025-12-01 | Kalubowila 30,000",gold,Reconditioned,1000,Petrol,Toyota,30000,Yaris,2023,1000,2023,Automatic,Car(Hatchback)
Toyota Yaris 2024,"Rs: 10,800,000",km Find,"2025-12-01 | Kalubowila 9,000",black,Reconditioned,1000,Petrol,Toyota,9000,Yaris,2024,1000,2024,Automatic,Car(Hatchback)
Suzuki Maruti 2007,"Rs: 2,060,000",km Find,"2025-12-01 | Ambalangoda 76,000",red,Used,800,Petrol,Suzuki,76000,Maruti,2007,800,2007,Manual,Car(Hatchback)
Suzuki Zen 2006,"Rs: 3,200,000",km Find,"2025-12-01 | Galle 114,000",blue,Used,1000,Petrol,Suzuki,114000,Zen,2006,1000,2006,Manual,Car(Hatchback)
Toyota Yaris 2025,"Rs: 10,500,000",,2025-12-02 | Kalubowila Find Out More,white,Brand New,1000,Petrol,Toyota,0,Yaris,2025,1000,Ref:,Automatic,Car(Hatchback)
Suzuki Wagon R 2018,"Rs: 6,100,000",km Find,"2025-12-01 | Kotahena (Colombo 13) 100,000",white,Reconditioned,660,Hybrid,Suzuki,100000,Wagon R,2018,660,2018,Automatic,Car(Hatchback)
Micro MX7 2009,"Rs: 2,595,000",km Find,"2025-12-01 | Kahawatta 130,000",white,Used,00,Petrol,Micro,130000,MX7,2009,00,2010,Automatic,Car(Sedan)
Daihatsu Mira 2023,"Rs: 6,950,000",km Find,"2025-12-01 | Kalubowila 15,000",blue,Reconditioned,650,Petrol,Daihatsu,15000,Mira,2023,650,2023,Automatic,Car(Hatchback)
Toyota Wigo 2017,"Rs: 6,100,000",,2025-12-01 | Kottawa Find Out More,red,Used,1000,Petrol,Toyota,0,Wigo,2017,1000,2017,Automatic,Car(Hatchback)
Toyota Yaris Ativ 2025,"Rs: 16,500,000",,2025-12-01 | Mount Lavinia Find Out More,white,Brand New,1200,Petrol,Toyota,0,Yaris Ativ,2025,1200,Ref:,Automatic,Car(Hatchback)
Suzuki Alto 2015,"Rs: 4,000,000",km Find,"2025-12-01 | Kadawatha 197,000",red,Used,800,Petrol,Suzuki,197000,Alto,2015,800,2015,Manual,Car(Hatchback)
Suzuki Wagon R 2023,"Rs: 7,250,000",,2025-12-01 | Kottawa Find Out More,other,Brand New,660,Petrol,Suzuki,0,Wagon R,2023,660,Ref:,Automatic,Car(Hatchback)
Suzuki Wagon R 2023,"Rs: 7,275,000",,2025-12-01 | Kottawa Find Out More,gray,Brand New,660,Petrol,Suzuki,0,Wagon R,2023,660,Ref:,Automatic,Car(Hatchback)
Toyota Passo 2023,"Rs: 8,250,000",,2025-12-01 | Kottawa Find Out More,beige,Brand New,1000,Petrol,Toyota,0,Passo,2023,1000,Ref:,Automatic,Car(Hatchback)
Suzuki Alto 2024,"Rs: 6,500,000",,2025-12-01 | Kottawa Find Out More,black,Brand New,660,Petrol,Suzuki,0,Alto,2024,660,Ref:,Automatic,Car(Hatchback)
Suzuki Spacia 2023,"Rs: 7,650,000",,2025-12-01 | Kottawa Find Out More,other,Brand New,660,Petrol,Suzuki,0,Spacia,2023,660,Ref:,Automatic,Car(Hatchback)
Honda Insight 2009,"Rs: 6,100,000",km Find,2025-12-01 | Ambalangoda 0,black,Used,1498,Hybrid,Honda,0000,Insight,2009,1498,2011,Automatic,Car(Liftback)
KIA Sephia 2002,"Rs: 2,600,000",km Find,"2026-02-10 | Mattegoda 162,481",gray,Used,1331,Petrol,KIA,162481,Sephia,2002,1331,2003,Automatic,Car(Sedan)
Honda Insight 2009,"Rs: 6,100,000",km Find,2025-12-01 | Ambalangoda 0,black,Used,1498,Hybrid,Honda,0000,Insight,2009,1498,2011,Automatic,Car(Liftback)
Toyota Premio 2017,"Rs: 14,100,000",,2025-12-01 | Ambalangoda Find Out More,brown,Used,1500,Petrol,Toyota,0,Premio,2017,1500,2017,Automatic,Car(Sedan)
Suzuki Baleno 2016,"Rs: 7,400,000",km Find,"2025-12-01 | Talawatugoda 180,000",blue,Used,1000,Petrol,Suzuki,180000,Baleno,2016,1000,2018,Automatic,Car(Hatchback)
Micro Panda 2014,"Rs: 3,050,000",km Find,2025-12-01 | Ambalangoda 0,white,Used,997,Petrol,Micro,0000,Panda,2014,997,2014,Manual,Car(Hatchback)
Toyota Aqua 2012,"Rs: 6,900,000",km Find,"2025-12-01 | Ambalangoda 164,000",yellow,Used,1500,Hybrid,Toyota,164000,Aqua,2012,1500,2015,Automatic,Car(Hatchback)
Suzuki Swift 2017,"Rs: 8,150,000",km Find,"2025-12-01 | Ambalangoda 80,000",blue,Used,1300,Petrol,Suzuki,80000,Swift,2017,1300,2019,Automatic,Car(Hatchback)
Suzuki Wagon R 2017,"Rs: 5,450,000",,2025-12-01 | Ambalangoda Find Out More,blue,Used,650,Petrol,Suzuki,0,Wagon R,2017,650,2018,Automatic,Car(Hatchback)
Toyota Premio 2018,"Rs: 15,700,000",km Find,"2025-12-01 | Ambalangoda 156,900",silver,Used,1496,Petrol,Toyota,156900,Premio,2018,1496,2020,Automatic,Car(Sedan)
Toyota Aqua 2015,"Rs: 8,500,000",km Find,"2025-12-01 | Ambalangoda 145,000",white,Used,1500,Petrol,Toyota,145000,Aqua,2015,1500,2015,Automatic,Car(Hatchback)
Audi A1 2016,"Rs: 7,800,000",km Find,"2025-12-01 | Ambalangoda 33,000",red,Used,1400,Petrol,Audi,33000,A1,2016,1400,2019,Automatic,Car(Hatchback)
Toyota Passo 2023,"Rs: 9,390,000",km Find,"2025-12-01 | Ja-Ela 24,000",white,Brand New,1000,Petrol,Toyota,24000,Passo,2023,1000,Ref:,Automatic,Car(Liftback)
Toyota Belta 2010,"Rs: 6,850,000",km Find,"2025-12-01 | Ja-Ela 164,000",blue,Used,1000,Petrol,Toyota,164000,Belta,2010,1000,2011,Automatic,Car(Liftback)
Nissan Sunny 2001,"Rs: 3,800,000",km Find,"2025-12-01 | Kurunegala 154,000",white,Used,1490,Petrol,Nissan,154000,Sunny,2001,1490,2001,Automatic,Car(Saloon)
Suzuki Wagon R 2017,"Rs: 6,990,000",km Find,"2025-12-01 | Ja-Ela 65,800",maroon,Used,660,Hybrid,Suzuki,65800,Wagon R,2017,660,2018,Automatic,Car(Liftback)
BMW 5 Series 2013,"Rs: 18,900,000",km Find,"2025-12-01 | Kurunegala 140,000",white,Used,2500,Diesel,BMW,140000,5 Series,2013,2500,2013,Automatic,Car(Saloon)
Mitsubishi Lancer 1997,"Rs: 3,750,000",,2025-12-01 | Baduraliya Find Out More,silver,Used,1500,Petrol,Mitsubishi,0,Lancer,1997,1500,1997,Manual,Car(Sports)
KIA Sephia 2002,"Rs: 2,600,000",km Find,"2026-02-10 | Mattegoda 162,481",gray,Used,1331,Petrol,KIA,162481,Sephia,2002,1331,2003,Automatic,Car(Sedan)
BMW 5 Series 2013,"Rs: 18,900,000",km Find,"2025-12-01 | Kurunegala 140,000",white,Used,2500,Diesel,BMW,140000,5 Series,2013,2500,2013,Automatic,Car(Saloon)
Mitsubishi Lancer 1997,"Rs: 3,750,000",,2025-12-01 | Baduraliya Find Out More,silver,Used,1500,Petrol,Mitsubishi,0,Lancer,1997,1500,1997,Manual,Car(Sports)
Suzuki Wagon R 2017,"Rs: 7,300,000",km Find,"2025-12-01 | Kottawa 85,000",white,Used,660,Hybrid,Suzuki,85000,Wagon R,2017,660,2017,Automatic,Car(Hatchback)
Suzuki Wagon R 2017,"Rs: 6,650,000",km Find,"2025-11-30 | Ambalangoda 179,000",white,Used,658,Hybrid,Suzuki,179000,Wagon R,2017,658,2017,Automatic,Car(Hatchback)
Toyota Aqua 2014,"Rs: 7,500,000",km Find,"2025-11-30 | Kurunegala 125,000",black,Used,1490,Hybrid,Toyota,125000,Aqua,2014,1490,2015,Automatic,Car(Saloon)
Mercedes Benz CLA 2024,"Rs: 34,900,000",km Find,"2025-12-01 | Maradana (Colombo 10) 8,322",black,Reconditioned,1300,Hybrid,Mercedes Benz,8322,CLA,2024,1300,2024,Automatic,Car(Saloon)
Suzuki Wagon R 2023,"Rs: 7,150,000",,2025-11-30 | Kurunegala Find Out More,blue,Brand New,650,Petrol,Suzuki,0,Wagon R,2023,650,Ref:,Automatic,Car()
Honda Grace 2014,"Rs: 11,200,000",km Find,"2025-11-30 | Weeraketiya 102,000",white,Reconditioned,1490,Hybrid,Honda,102000,Grace,2014,1490,2015,Automatic,Car(Sedan)
Suzuki Wagon R 2015,"Rs: 5,700,000",km Find,"2025-11-30 | Deiyandara 106,000",black,Reconditioned,1490,Hybrid,Suzuki,106000,Wagon R,2015,1490,2015,Automatic,Car(Station wagon)
KIA Sephia 2002,"Rs: 2,600,000",km Find,"2026-02-10 | Mattegoda 162,481",gray,Used,1331,Petrol,KIA,162481,Sephia,2002,1331,2003,Automatic,Car(Sedan)
Suzuki Wagon R 2015,"Rs: 5,700,000",km Find,"2025-11-30 | Deiyandara 106,000",black,Reconditioned,1490,Hybrid,Suzuki,106000,Wagon R,2015,1490,2015,Automatic,Car(Station wagon)
Nissan Bluebird 2007,"Rs: 6,500,000",km Find,"2025-11-30 | Hakmana 167,000",red,Reconditioned,1490,Petrol,Nissan,167000,Bluebird,2007,1490,2007,Automatic,Car(Sedan)
Toyota Vios 2005,"Rs: 4,690,000",km Find,"2025-11-30 | Piliyandala 120,000",orange,Used,1497,Petrol,Toyota,120000,Vios,2005,1497,2008,Manual,Car(Saloon)
Suzuki Swift 2003,"Rs: 4,175,000",km Find,"2025-11-30 | Piliyandala 90,316",silver,Used,1328,Petrol,Suzuki,90316,Swift,2003,1328,2006,Automatic,Car(Liftback)
Suzuki Wagon R 2024,"Rs: 7,390,000",km Find,"2025-12-01 | Boralesgamuwa 8,000",black,Brand New,660,Petrol,Suzuki,8000,Wagon R,2024,660,Ref:,Automatic,Car(Hatchback)
Mazda Familia 1997,"Rs: 3,000,000",km Find,"2025-11-30 | Malabe 180,000",white,Used,1500,Petrol,Mazda,180000,Familia,1997,1500,2000,Automatic,Car(Sedan)
Suzuki Baleno 2017,"Rs: 7,500,000",km Find,"2025-11-30 | Athurugiriya 98,702",red,Used,1000,Petrol,Suzuki,98702,Baleno,2017,1000,2018,Automatic,Car(Hatchback)
Toyota Wigo 2017,"Rs: 5,995,000",,2025-11-30 | Nugegoda Find Out More,black,Used,1000,Petrol,Toyota,0,Wigo,2017,1000,2017,Automatic,Car(Hatchback)
Toyota Allion 2016,"Rs: 14,900,000",km Find,"2025-11-30 | Kottawa 57,000",black,Used,1500,Petrol,Toyota,57000,Allion,2016,1500,2018,Automatic,Car(Saloon)
Suzuki Swift 2017,"Rs: 8,100,000",km Find,"2025-11-30 | Galle 93,000",white,Used,1000,Petrol,Suzuki,93000,Swift,2017,1000,2019,Automatic,Car(Liftback)
Toyota Prius 2016,"Rs: 13,400,000",km Find,"2025-11-30 | Ratmalana 104,723",white,Used,1800,Hybrid,Toyota,104723,Prius,2016,1800,2016,Automatic,Car(Liftback)
Toyota Vitz 2018,"Rs: 8,600,000",km Find,"2025-11-30 | Katunayake 77,900",white,Used,1500,Petrol,Toyota,77900,Vitz,2018,1500,2019,Automatic,Car(Liftback)
Toyota Corolla 2008,"Rs: 7,350,000",km Find,"2025-11-30 | Kurunegala 128,000",blue,Used,1600,Petrol,Toyota,128000,Corolla,2008,1600,2008,Automatic,Car(Liftback)
Toyota Vitz 2017,"Rs: 7,990,000",km Find,"2025-11-30 | Dikwella 119,000",white,Used,1000,Petrol,Toyota,119000,Vitz,2017,1000,2020,Automatic,Car(Liftback)
Toyota Prius 2012,"Rs: 11,300,000",km Find,"2025-11-30 | Embilipitiya 267,000",white,Used,1500,Hybrid,Toyota,267000,Prius,2012,1500,2015,Automatic,Car(Liftback)
Honda Fit 2014,"Rs: 7,650,000",km Find,"2025-11-30 | Ambalangoda 150,000",white,Used,1496,Hybrid,Honda,150000,Fit,2014,1496,2015,Automatic,Car(Hatchback)
Suzuki Spacia 2017,"Rs: 7,000,000",km Find,"2025-11-30 | Matugama 82,000",blue,Used,1000,Petrol,Suzuki,82000,Spacia,2017,1000,2019,Automatic,Car(Station wagon)
Toyota Aqua 2012,"Rs: 8,500,000",km Find,"2025-11-30 | Matugama 12,000",white,Used,1500,Petrol,Toyota,12000,Aqua,2012,1500,2015,Automatic,Car(Hatchback)
KIA Sephia 2002,"Rs: 2,600,000",km Find,"2026-02-10 | Mattegoda 162,481",gray,Used,1331,Petrol,KIA,162481,Sephia,2002,1331,2003,Automatic,Car(Sedan)
Honda Fit 2014,"Rs: 7,650,000",km Find,"2025-11-30 | Ambalangoda 150,000",white,Used,1496,Hybrid,Honda,150000,Fit,2014,1496,2015,Automatic,Car(Hatchback)
Suzuki Spacia 2017,"Rs: 7,000,000",km Find,"2025-11-30 | Matugama 82,000",blue,Used,1000,Petrol,Suzuki,82000,Spacia,2017,1000,2019,Automatic,Car(Station wagon)
Toyota Aqua 2012,"Rs: 8,500,000",km Find,"2025-11-30 | Matugama 12,000",white,Used,1500,Petrol,Toyota,12000,Aqua,2012,1500,2015,Automatic,Car(Hatchback)
Toyota Prius 2014,"Rs: 10,875,000",km Find,"2025-11-30 | Ambalangoda 97,000",purple,Used,1798,Hybrid,Toyota,97000,Prius,2014,1798,2015,Automatic,Car(Hatchback)
Suzuki Maruti 2011,"Rs: 2,700,000",,2025-11-30 | Alutgama Find Out More,blue,Used,1000,Petrol,Suzuki,0,Maruti,2011,1000,2011,Manual,Car(Liftback)
Suzuki Swift 2017,"Rs: 8,350,000",km Find,"2025-11-30 | Ambalangoda 79,000",white,Used,1198,Hybrid,Suzuki,79000,Swift,2017,1198,2017,Automatic,Car(Hatchback)
Suzuki Alto 2013,"Rs: 3,400,000",,2025-11-30 | Alutgama Find Out More,black,Reconditioned,1500,Petrol,Suzuki,0,Alto,2013,1500,2013,Automatic,Car(Hatchback)
Toyota Premio 2014,"Rs: 11,900,000",km Find,"2025-11-30 | Ambalangoda 150,000",brown,Used,1500,Petrol,Toyota,150000,Premio,2014,1500,2014,Automatic,Car(Sedan)
Toyota Axio 2010,"Rs: 11,200,000",,2025-11-30 | Alutgama Find Out More,brown,Used,1500,Petrol,Toyota,0,Axio,2010,1500,2010,Manual,Car(Sedan)
Toyota Vitz 2008,"Rs: 6,800,000",,2025-11-30 | Matugama Find Out More,silver,Used,1500,Petrol,Toyota,0,Vitz,2008,1500,2008,Manual,Car(Hatchback)
Suzuki Celerio 2015,"Rs: 6,075,000",,2025-11-30 | Agalawatta Find Out More,silver,Used,1000,Petrol,Suzuki,0,Celerio,2015,1000,2015,Automatic,Car(Hatchback)
Toyota Vitz 2017,"Rs: 8,500,000",km Find,"2025-11-30 | Baduraliya 64,000",brown,Used,1500,Petrol,Toyota,64000,Vitz,2017,1500,2019,Automatic,Car(Hatchback)
Micro Panda 2015,"Rs: 3,800,000",,2025-11-30 | Bombuwala Find Out More,silver,Used,1000,Petrol,Micro,0,Panda,2015,1000,2015,Automatic,Car(Hatchback)
Toyota Prius 2012,"Rs: 10,100,000",km Find,"2025-11-30 | Baduraliya 250,000",silver,Used,1500,Petrol,Toyota,250000,Prius,2012,1500,2014,Manual,Car(Sports)
Toyota Prius 2011,"Rs: 9,800,000",,2025-11-30 | Baduraliya Find Out More,black,Used,1500,Petrol,Toyota,0,Prius,2011,1500,2013,Manual,Car(Sports)
Toyota Premio 2019,"Rs: 18,550,000",,2025-11-30 | Nugegoda Find Out More,white,Used,1500,Petrol,Toyota,0,Premio,2019,1500,2019,Automatic,Car(Sedan)
Suzuki Wagon R 2018,"Rs: 8,000,000",,2025-11-30 | Kalutara Find Out More,silver,Used,1500,Petrol,Suzuki,0,Wagon R,2018,1500,2018,Automatic,Car(Hatchback)
Toyota Carina 1997,"Rs: 5,300,000",,2025-11-30 | Dodangoda Find Out More,gray,Reconditioned,1500,Petrol,Toyota,0,Carina,1997,1500,1997,Manual,Car(Saloon)
KIA Sephia 2002,"Rs: 2,600,000",km Find,"2026-02-10 | Mattegoda 162,481",gray,Used,1331,Petrol,KIA,162481,Sephia,2002,1331,2003,Automatic,Car(Sedan)
Toyota Carina 1997,"Rs: 5,300,000",,2025-11-30 | Dodangoda Find Out More,gray,Reconditioned,1500,Petrol,Toyota,0,Carina,1997,1500,1997,Manual,Car(Saloon)
Toyota Vitz 2016,"Rs: 8,800,000",,2025-11-30 | Alutgama Find Out More,blue,Used,1500,Petrol,Toyota,0,Vitz,2016,1500,2016,Automatic,Car(Hatchback)
Toyota Premio 2013,"Rs: 12,000,000",,2025-11-30 | Battaramulla Find Out More,white,Used,1500,Petrol,Toyota,0,Premio,2013,1500,2013,Manual,Car(Sedan)
Suzuki Maruti 2005,"Rs: 3,400,000",,2025-11-30 | Alutgama Find Out More,blue,Used,1000,Petrol,Suzuki,0,Maruti,2005,1000,2005,Manual,Car(Hatchback)
Suzuki Wagon R 2014,"Rs: 5,500,000",km Find,2025-11-29 | Matugama 123,white,Reconditioned,1000,Petrol,Suzuki,123,Wagon R,2014,1000,2014,Automatic,Car(Station wagon)
Daihatsu Mira 2024,"Rs: 7,200,000",km Find,"2025-11-29 | Galle 3,000",black,Reconditioned,650,Petrol,Daihatsu,3000,Mira,2024,650,2025,Automatic,Car(Hatchback)
Toyota Vitz 2007,"Rs: 5,700,000",km Find,"2025-11-29 | Kadawatha 114,000",purple,Used,1000,Petrol,Toyota,114000,Vitz,2007,1000,2011,Automatic,Car(Hatchback)
Suzuki Spacia 2025,"Rs: 9,650,000",,2025-11-29 | Nugegoda Find Out More,white,Brand New,650,Hybrid,Suzuki,0,Spacia,2025,650,Ref:,Automatic,Car(Station wagon)
Perodua Elite 2009,"Rs: 4,200,000",km Find,"2025-11-29 | Negombo 110,000",black,Used,1000,Petrol,Perodua,110000,Elite,2009,1000,2009,Automatic,Car(Hatchback)
Renault KWID 2016,"Rs: 3,700,000",km Find,"2025-11-29 | Raddolugama 95,000",white,Used,800,Petrol,Renault,95000,KWID,2016,800,2016,Manual,Car(Hatchback)
Suzuki Wagon R 2024,"Rs: 7,800,000",km Find,"2025-11-29 | Negombo 5,000",silver,Brand New,650,Petrol,Suzuki,5000,Wagon R,2024,650,Ref:,Automatic,Car()
Suzuki Wagon R 2025,"Rs: 8,975,000",km Find,2025-11-29 | Nugegoda 120,white,Brand New,660,Hybrid,Suzuki,120,Wagon R,2025,660,Ref:,Automatic,Car(Station wagon)
Suzuki Wagon R 2024,"Rs: 9,500,000",km Find,"2025-11-29 | Negombo 6,000",white,Brand New,650,Hybrid,Suzuki,6000,Wagon R,2024,650,Ref:,Automatic,Car(Hatchback)
Daihatsu Taft 2025,"Rs: 9,300,000",km Find,"2025-12-01 | Matara 1,500",green,Brand New,660,Petrol,Daihatsu,1500,Taft,2025,660,Ref:,Automatic,Car()
Toyota Prius 2012,"Rs: 10,600,000",km Find,"2025-11-29 | Dankotuwa 230,000",white,Used,1800,Hybrid,Toyota,230000,Prius,2012,1800,2013,Automatic,Car(Saloon)
Toyota Axio 2014,"Rs: 10,390,000",km Find,"2025-11-29 | Colombo Fort (Colombo 01) 225,000",black,Used,1500,Petrol,Toyota,225000,Axio,2014,1500,2014,Automatic,Car(Liftback)
Suzuki Alto 2017,"Rs: 6,375,000",km Find,"2025-11-29 | Kandana 80,000",silver,Used,650,Petrol,Suzuki,80000,Alto,2017,650,2018,Automatic,Car(Station wagon)
KIA Sephia 2002,"Rs: 2,600,000",km Find,"2026-02-10 | Mattegoda 162,481",gray,Used,1331,Petrol,KIA,162481,Sephia,2002,1331,2003,Automatic,Car(Sedan)
Daihatsu Taft 2025,"Rs: 9,300,000",km Find,"2025-12-01 | Matara 1,500",green,Brand New,660,Petrol,Daihatsu,1500,Taft,2025,660,Ref:,Automatic,Car()
Toyota Prius 2012,"Rs: 10,600,000",km Find,"2025-11-29 | Dankotuwa 230,000",white,Used,1800,Hybrid,Toyota,230000,Prius,2012,1800,2013,Automatic,Car(Saloon)
Toyota Axio 2014,"Rs: 10,390,000",km Find,"2025-11-29 | Colombo Fort (Colombo 01) 225,000",black,Used,1500,Petrol,Toyota,225000,Axio,2014,1500,2014,Automatic,Car(Liftback)
Suzuki Alto 2017,"Rs: 6,375,000",km Find,"2025-11-29 | Kandana 80,000",silver,Used,650,Petrol,Suzuki,80000,Alto,2017,650,2018,Automatic,Car(Station wagon)
Suzuki Wagon R 2025,"Rs: 10,400,000",km Find,2025-11-29 | Kurunegala 18,white,Brand New,650,Hybrid,Suzuki,18,Wagon R,2025,650,Ref:,Automatic,Car(Station wagon)
Suzuki Spacia 2023,"Rs: 7,800,000",km Find,"2025-11-29 | Kottawa 21,000",white,Brand New,660,Hybrid,Suzuki,21000,Spacia,2023,660,Ref:,Automatic,Car(Hatchback)
Suzuki Swift 2017,"Rs: 9,100,000",km Find,"2025-11-29 | Colombo Fort (Colombo 01) 86,000",red,Used,1000,Petrol,Suzuki,86000,Swift,2017,1000,2018,Automatic,Car(Hatchback)
Mazda Familia 2002,"Rs: 3,690,000",km Find,"2025-11-29 | Moratuwa 250,523",white,Used,1500,Petrol,Mazda,250523,Familia,2002,1500,2005,Automatic,Car(Sedan)
Mercedes Benz GLA200 2018,"Rs: 19,000,000",km Find,"2025-11-29 | Seeduwa 49,000",red,Used,1600,Petrol,Mercedes Benz,49000,GLA200,2018,1600,2018,Tiptronic,Car(Saloon)
Toyota Vitz 2015,"Rs: 7,500,000",km Find,"2025-11-29 | Malabe 112,139",silver,Used,1000,Petrol,Toyota,112139,Vitz,2015,1000,2015,Automatic,Car(Liftback)
Suzuki Alto 2005,"Rs: 2,600,000",km Find,"2025-11-29 | Kotikawatta 324,000",green,Used,800,Petrol,Suzuki,324000,Alto,2005,800,2006,Manual,Car(Liftback)
Suzuki Wagon R 2014,"Rs: 5,750,000",km Find,"2025-11-29 | Matara 109,000",black,Used,690,Petrol,Suzuki,109000,Wagon R,2014,690,2015,Automatic,Car()
Toyota Premio 2018,"Rs: 15,500,000",km Find,"2025-11-29 | Ambalangoda 90,000",white,Used,1500,Petrol,Toyota,90000,Premio,2018,1500,2018,Automatic,Car(Sedan)
Toyota Vitz 2015,"Rs: 7,200,000",km Find,"2025-11-29 | Ambalangoda 112,000",black,Used,1300,Petrol,Toyota,112000,Vitz,2015,1300,2018,Automatic,Car(Hatchback)
KIA Sephia 2002,"Rs: 2,600,000",km Find,"2026-02-10 | Mattegoda 162,481",gray,Used,1331,Petrol,KIA,162481,Sephia,2002,1331,2003,Automatic,Car(Sedan)
Toyota Premio 2018,"Rs: 15,500,000",km Find,"2025-11-29 | Ambalangoda 90,000",white,Used,1500,Petrol,Toyota,90000,Premio,2018,1500,2018,Automatic,Car(Sedan)
Toyota Vitz 2015,"Rs: 7,200,000",km Find,"2025-11-29 | Ambalangoda 112,000",black,Used,1300,Petrol,Toyota,112000,Vitz,2015,1300,2018,Automatic,Car(Hatchback)
Toyota Aqua 2013,"Rs: 7,600,000",km Find,"2025-11-29 | Ambalangoda 180,000",silver,Used,1490,Hybrid,Toyota,180000,Aqua,2013,1490,2015,Automatic,Car(Hatchback)
Toyota Starlet 1998,"Rs: 2,900,000",km Find,"2025-11-28 | Kuliyapitiya 100,000",white,Used,1330,Petrol,Toyota,100000,Starlet,1998,1330,2002,Automatic,Car(Hatchback)
Perodua Axia 2017,"Rs: 5,950,000",km Find,"2025-11-28 | Ambalangoda 148,000",silver,Used,998,Petrol,Perodua,148000,Axia,2017,998,2018,Automatic,Car(Hatchback)
Suzuki Swift 2003,"Rs: 3,800,000",km Find,2025-11-28 | Ambalangoda 0,silver,Used,1328,Petrol,Suzuki,0000,Swift,2003,1328,2007,Automatic,Car(Hatchback)
Toyota Aqua 2015,"Rs: 7,525,000",km Find,"2025-11-28 | Ambalangoda 190,000",silver,Used,1496,Hybrid,Toyota,190000,Aqua,2015,1496,2015,Automatic,Car(Hatchback)
Suzuki Zen 2011,"Rs: 4,000,000",km Find,"2025-11-28 | Polgampola 105,000",maroon,Brand New,1000,Petrol,Suzuki,105000,Zen,2011,1000,Ref:,Manual,Car(Hatchback)
Suzuki Maruti 2006,"Rs: 2,500,000",km Find,"2025-11-28 | Kurunegala 170,000",blue,Used,800,Petrol,Suzuki,170000,Maruti,2006,800,2006,Manual,Car(Saloon)
Suzuki Wagon R 2025,"Rs: 9,375,000",km Find,2025-11-28 | Wennappuwa 200,white,Brand New,650,Hybrid,Suzuki,200,Wagon R,2025,650,Ref:,Automatic,Car(Hatchback)
Toyota Premio 2010,"Rs: 11,300,000",km Find,"2025-11-28 | Colombo Fort (Colombo 01) 233,000",gray,Used,1500,Petrol,Toyota,233000,Premio,2010,1500,2011,Automatic,Car(Saloon)
Toyota Starlet 2001,"Rs: 4,675,000",km Find,2025-11-28 | Narahenpita (Colombo 05) 0,gray,Used,1500,Petrol,Toyota,0000,Starlet,2001,1500,2001,Manual,Car(Liftback)
Toyota Aqua 2015,"Rs: 8,290,000",km Find,2025-11-28 | Horana 0,orange,Used,1500,Hybrid,Toyota,0000,Aqua,2015,1500,2015,Automatic,Car(Hatchback)
Daihatsu Taft 2023,"Rs: 7,850,000",km Find,"2025-11-28 | Veyangoda 34,000",blue,Brand New,650,Petrol,Daihatsu,34000,Taft,2023,650,2025,Automatic,Car(Station wagon)
KIA Sephia 2002,"Rs: 2,600,000",km Find,"2026-02-10 | Mattegoda 162,481",gray,Used,1331,Petrol,KIA,162481,Sephia,2002,1331,2003,Automatic,Car(Sedan)
Daihatsu Mira 2024,"Rs: 6,450,000",km Find,"2025-11-28 | Veyangoda 3,500",silver,Brand New,650,Petrol,Daihatsu,3500,Mira,2024,650,2025,Automatic,Car(Hatchback)
Toyota Aqua 2012,"Rs: 6,425,000",km Find,"2025-11-28 | Ambalangoda 190,000",black,Used,1496,Hybrid,Toyota,190000,Aqua,2012,1496,2013,Automatic,Car(Hatchback)
Toyota Aqua 2013,"Rs: 8,750,000",km Find,"2025-11-28 | Ambalangoda 124,000",black,Used,1496,Hybrid,Toyota,124000,Aqua,2013,1496,2015,Automatic,Car(Hatchback)
Toyota Axio 2016,"Rs: 10,100,000",km Find,"2025-11-28 | Ambalangoda 120,000",white,Used,1496,Hybrid,Toyota,120000,Axio,2016,1496,2018,Automatic,Car(Sedan)
Toyota Vitz 2018,"Rs: 9,000,000",km Find,"2025-11-28 | Kalmunai 96,500",silver,Used,1000,Petrol,Toyota,96500,Vitz,2018,1000,2019,Automatic,Car(Liftback)
Hyundai Eon 2015,"Rs: 4,850,000",km Find,"2025-11-28 | Ambalangoda 88,000",white,Used,990,Petrol,Hyundai,88000,Eon,2015,990,2015,Manual,Car(Liftback)
Suzuki Wagon R 2024,"Rs: 9,100,000",km Find,"2025-11-28 | Panadura 18,000",blue,Brand New,650,Petrol,Suzuki,18000,Wagon R,2024,650,2024,Automatic,Car(Station wagon)
Suzuki Wagon R 2016,"Rs: 6,575,000",km Find,"2025-11-28 | Kurunegala 112,000",red,Used,660,Petrol,Suzuki,112000,Wagon R,2016,660,2018,Automatic,Car(Station wagon)
Mini Cooper 1960,"Rs: 1,700,000",,2025-11-28 | Negombo Find Out More,purple,Used,1000,Petrol,Mini,0,Cooper,1960,1000,1960,Manual,Car(Hatchback)
Toyota Axio 2018,"Rs: 13,350,000",,2025-11-28 | Kaduwela Find Out More,maroon,Used,1500,Hybrid,Toyota,0,Axio,2018,1500,2018,Automatic,Car(Saloon)
Suzuki Swift 2004,"Rs: 4,700,000",km Find,"2025-11-27 | Monaragala 250,000",blue,Used,1000,Petrol,Suzuki,250000,Swift,2004,1000,2005,Manual,Car(Sedan)
KIA Rio 2015,"Rs: 8,250,000",km Find,"2025-11-27 | Ambalangoda 145,000",red,Used,1500,Petrol,KIA,145000,Rio,2015,1500,2016,Automatic,Car(Saloon)
Honda Fit 2013,"Rs: 8,200,000",,2025-11-27 | Kaduwela Find Out More,blue,Used,1500,Hybrid,Honda,0,Fit,2013,1500,2015,Automatic,Car(Liftback)
Toyota Vitz 2013,"Rs: 7,700,000",km Find,"2025-11-27 | Ampara 1,350,000",gray,Used,1000,Diesel,Toyota,1350000,Vitz,2013,1000,2013,Manual,Car(Hatchback)
Honda Fit 2011,"Rs: 8,300,000",km Find,"2025-11-27 | Ampara 190,000",white,Used,1300,Petrol,Honda,190000,Fit,2011,1300,2013,Automatic,Car(Hatchback)
Toyota Premio 2018,"Rs: 15,500,000",km Find,"2025-11-28 | Mirigama 195,000",white,Used,1500,Petrol,Toyota,195000,Premio,2018,1500,2018,Automatic,Car(Saloon)
Hyundai Eon 2013,"Rs: 3,300,000",km Find,"2025-11-27 | Ampara 150,000",red,Used,990,Petrol,Hyundai,150000,Eon,2013,990,2014,Manual,Car(Hatchback)
Toyota Premio 2012,"Rs: 12,100,000",km Find,"2025-11-27 | Wennappuwa 160,000",white,Used,1500,Petrol,Toyota,160000,Premio,2012,1500,2012,Automatic,Car(Saloon)
KIA Sephia 2002,"Rs: 2,600,000",km Find,"2026-02-10 | Mattegoda 162,481",gray,Used,1331,Petrol,KIA,162481,Sephia,2002,1331,2003,Automatic,Car(Sedan)
Toyota Yaris 2023,"Rs: 10,575,000",km Find,"2025-11-27 | Negombo 10,000",white,Brand New,1000,Petrol,Toyota,10000,Yaris,2023,1000,Ref:,Automatic,Car(Liftback)
Toyota Aqua 2014,"Rs: 9,000,000",,2025-11-27 | Kaduwela Find Out More,white,Used,1500,Hybrid,Toyota,0,Aqua,2014,1500,2014,Automatic,Car(Liftback)
Toyota Axio 2016,"Rs: 12,000,000",km Find,"2025-11-27 | Kalutara 100,000",white,Used,1500,Hybrid,Toyota,100000,Axio,2016,1500,2016,Automatic,Car(Saloon)
Toyota Aqua 2012,"Rs: 7,100,000",km Find,"2025-11-27 | Kiribathgoda 206,000",orange,Used,1500,Hybrid,Toyota,206000,Aqua,2012,1500,2015,Automatic,Car(Liftback)
Honda Civic 2007,"Rs: 6,950,000",km Find,"2025-11-27 | Kottawa 175,000",red,Used,1800,Petrol,Honda,175000,Civic,2007,1800,2007,Automatic,Car(Saloon)
Toyota Vitz 2017,"Rs: 8,700,000",km Find,"2025-11-27 | Ampara 1,800,000",black,Used,1000,Hybrid,Toyota,1800000,Vitz,2017,1000,2018,Automatic,Car(Liftback)
Renault KWID 2016,"Rs: 4,000,000",km Find,"2025-11-27 | Ampara 160,000",black,Used,600,Petrol,Renault,160000,KWID,2016,600,2016,Manual,Car(Hatchback)
BMW Z Series 2011,"Rs: 13,480,000",km Find,"2025-11-27 | Nugegoda 130,000",red,Used,1995,Diesel,BMW,130000,Z Series,2011,1995,2012,Automatic,Car(Saloon)
Mercedes Benz CLA 2018,"Rs: 21,500,000",km Find,"2025-11-27 | Ja-Ela 52,000",white,Used,1600,Petrol,Mercedes Benz,52000,CLA,2018,1600,2018,Tiptronic,Car(Saloon)
Suzuki Celerio 2015,"Rs: 4,650,000",km Find,"2025-11-27 | Ambalangoda 137,000",gold,Used,998,Petrol,Suzuki,137000,Celerio,2015,998,2015,Manual,Car(Hatchback)
Toyota Prius 2007,"Rs: 6,900,000",km Find,"2025-11-27 | Ambalangoda 250,000",white,Used,1797,Hybrid,Toyota,250000,Prius,2007,1797,2011,Automatic,Car(Hatchback)
Suzuki Wagon R 2018,"Rs: 6,890,000",,2025-11-27 | Kegalle Find Out More,white,Used,990,Petrol,Suzuki,0,Wagon R,2018,990,2018,Automatic,Car(Hatchback)
Mazda Carol 2023,"Rs: 6,590,000",km Find,"2025-11-27 | Minuwangoda 10,000",white,Brand New,650,Petrol,Mazda,10000,Carol,2023,650,Ref:,Automatic,Car()
Mitsubishi Lancer 1985,"Rs: 950,000",km Find,"2025-11-27 | Negombo 123,456",green,Used,1200,Petrol,Mitsubishi,123456,Lancer,1985,1200,1985,Manual,Car(Sedan)
KIA Sephia 2002,"Rs: 2,600,000",km Find,"2026-02-10 | Mattegoda 162,481",gray,Used,1331,Petrol,KIA,162481,Sephia,2002,1331,2003,Automatic,Car(Sedan)
Toyota Yaris 2024,"Rs: 11,000,000",km Find,"2025-11-27 | Negombo 9,000",white,Brand New,1200,Petrol,Toyota,9000,Yaris,2024,1200,2024,Automatic,Car(Hatchback)
Toyota Tercel 1997,"Rs: 3,250,000",km Find,"2025-11-27 | Kurunegala 28,100",white,Used,1300,Petrol,Toyota,28100,Tercel,1997,1300,1997,Manual,Car(Hatchback)
Suzuki Wagon R 2024,"Rs: 7,200,000",km Find,"2025-11-27 | Kandy 5,000",black,Brand New,650,Petrol,Suzuki,5000,Wagon R,2024,650,Ref:,Automatic,Car(Hatchback)
Suzuki Wagon R 2024,"Rs: 7,300,000",km Find,"2025-11-27 | Kandy 8,000",blue,Brand New,650,Petrol,Suzuki,8000,Wagon R,2024,650,Ref:,Automatic,Car(Hatchback)
Hyundai Eon 2014,"Rs: 3,890,000",km Find,"2025-11-27 | Kaduwela 134,839",brown,Used,800,Petrol,Hyundai,134839,Eon,2014,800,2014,Manual,Car(Liftback)
Suzuki Zen 2011,"Rs: 3,690,000",km Find,"2025-11-27 | Kaduwela 105,000",other,Used,1000,Petrol,Suzuki,105000,Zen,2011,1000,2011,Manual,Car(Saloon)
Toyota Axio 2017,"Rs: 10,700,000",km Find,2025-11-27 | Ambalangoda 180,white,Used,1496,Hybrid,Toyota,180,Axio,2017,1496,2017,Automatic,Car(Saloon)
Toyota Passo 2007,"Rs: 5,500,000",km Find,"2025-11-27 | Kegalle 8,000",white,Used,990,Petrol,Toyota,8000,Passo,2007,990,2007,Automatic,Car(Hatchback)
Mitsubishi Lancer 2006,"Rs: 6,900,000",km Find,"2025-11-27 | Nittambuwa 151,000",silver,Used,1500,Petrol,Mitsubishi,151000,Lancer,2006,1500,2008,Automatic,Car(Saloon)
Mercedes Benz A180 2010,"Rs: 19,000,000",km Find,"2025-11-27 | Ampara 165,000",silver,Used,1234,Petrol,Mercedes Benz,165000,A180,2010,1234,2010,Automatic,Car(Hatchback)
Nissan Cefiro 2000,"Rs: 4,500,000",km Find,"2025-11-27 | Angoda 256,890",silver,Used,1990,Diesel,Nissan,256890,Cefiro,2000,1990,2003,Manual,Car(Saloon)
KIA Sephia 2002,"Rs: 2,600,000",km Find,"2026-02-10 | Mattegoda 162,481",gray,Used,1331,Petrol,KIA,162481,Sephia,2002,1331,2003,Automatic,Car(Sedan)
Toyota Carina 2003,"Rs: 5,000,000",,2025-11-27 | Wellawatta (Colombo 06) Find Out More,silver,Used,1500,Petrol,Toyota,0,Carina,2003,1500,1999,Manual,Car(Sedan)
Mitsubishi Lancer 2002,"Rs: 6,050,000",km Find,"2025-11-27 | Nikaweratiya 141,321",silver,Used,1500,Petrol,Mitsubishi,141321,Lancer,2002,1500,2009,Manual,Car(Saloon)
Suzuki Wagon R 2023,"Rs: 7,695,000",km Find,"2025-11-28 | Panadura 9,941",silver,Used,650,Petrol,Suzuki,9941,Wagon R,2023,650,2023,Automatic,Car(Station wagon)
Toyota Belta 2009,"Rs: 6,990,000",km Find,"2025-11-27 | Kurunegala 186,000",silver,Used,1300,Petrol,Toyota,186000,Belta,2009,1300,2012,Automatic,Car(Hatchback)
Toyota Axio 2007,"Rs: 7,800,000",km Find,"2025-11-27 | Dodangoda 225,000",white,Used,1500,Petrol,Toyota,225000,Axio,2007,1500,2010,Automatic,Car(Saloon)
Suzuki Alto 2023,"Rs: 6,950,000",km Find,"2025-11-27 | Katugastota 10,000",red,Used,660,Petrol,Suzuki,10000,Alto,2023,660,2023,Automatic,Car(Hatchback)
Nissan March 1997,"Rs: 2,645,000",km Find,"2025-11-27 | Panadura 99,000",other,Used,990,Petrol,Nissan,99000,March,1997,990,1999,Manual,Car(Saloon)
Suzuki Spacia 2024,"Rs: 9,600,000",,2025-11-27 | Kurunegala Find Out More,silver,Brand New,680,Petrol,Suzuki,0,Spacia,2024,680,Ref:,Automatic,Car(Station wagon)
Toyota Yaris 2023,"Rs: 10,000,000",km Find,"2025-11-27 | Gampaha 20,000",white,Reconditioned,1200,Petrol,Toyota,20000,Yaris,2023,1200,2025,Automatic,Car(Hatchback)
Perodua Bezza 2017,"Rs: 7,000,000",,2025-11-27 | Matugama Find Out More,silver,Reconditioned,1000,Petrol,Perodua,0,Bezza,2017,1000,2017,Automatic,Car(Sedan)
KIA Sephia 2002,"Rs: 2,600,000",km Find,"2026-02-10 | Mattegoda 162,481",gray,Used,1331,Petrol,KIA,162481,Sephia,2002,1331,2003,Automatic,Car(Sedan)
Toyota Yaris 2023,"Rs: 10,000,000",km Find,"2025-11-27 | Gampaha 20,000",white,Reconditioned,1200,Petrol,Toyota,20000,Yaris,2023,1200,2025,Automatic,Car(Hatchback)
Perodua Bezza 2017,"Rs: 7,000,000",,2025-11-27 | Matugama Find Out More,silver,Reconditioned,1000,Petrol,Perodua,0,Bezza,2017,1000,2017,Automatic,Car(Sedan)
Toyota Vitz 2015,"Rs: 7,495,000",km Find,"2025-11-27 | Mulleriyawa New Town 70,000",blue,Used,990,Petrol,Toyota,70000,Vitz,2015,990,2018,Automatic,Car(Hatchback)
Suzuki Spacia 2024,"Rs: 9,400,000",,2025-11-27 | Kandy Find Out More,white,Brand New,1500,Hybrid,Suzuki,0,Spacia,2024,1500,Ref:,Automatic,Car(Hatchback)
Suzuki Wagon R 2017,"Rs: 6,500,000",km Find,2025-11-27 | Matugama 123,black,Reconditioned,1000,Petrol,Suzuki,123,Wagon R,2017,1000,2018,Automatic,Car(Liftback)
Nissan Sunny 2003,"Rs: 4,850,000",km Find,"2025-11-27 | Kurunegala 276,000",gray,Used,1957,Petrol,Nissan,276000,Sunny,2003,1957,2004,Manual,Car(Hatchback)
Suzuki Spacia 2025,"Rs: 2,485,000",km Find,"2025-11-27 | Colombo Fort (Colombo 01) 6,000",white,Brand New,650,Petrol,Suzuki,6000,Spacia,2025,650,Ref:,Automatic,Car(Hatchback)
Toyota Corolla 1998,"Rs: 4,700,000",,2025-11-27 | Kurunegala Find Out More,white,Used,1587,Petrol,Toyota,0,Corolla,1998,1587,2002,Manual,Car(Hatchback)
Toyota Premio 2013,"Rs: 11,700,000",km Find,"2025-11-27 | Nittambuwa 172,000",white,Used,1500,Petrol,Toyota,172000,Premio,2013,1500,2013,Automatic,Car(Saloon)
KIA Sephia 2002,"Rs: 2,600,000",km Find,"2026-02-10 | Mattegoda 162,481",gray,Used,1331,Petrol,KIA,162481,Sephia,2002,1331,2003,Automatic,Car(Sedan)
Toyota Premio 2013,"Rs: 11,700,000",km Find,"2025-11-27 | Nittambuwa 172,000",white,Used,1500,Petrol,Toyota,172000,Premio,2013,1500,2013,Automatic,Car(Saloon)
Suzuki Spacia 2025,"Rs: 10,000,000",km Find,2025-11-27 | Akurana 100,white,Brand New,660,Hybrid,Suzuki,100,Spacia,2025,660,2025,Automatic,Car(Hatchback)
Mercedes Benz E350 2018,"Rs: 36,500,000",km Find,"2025-11-27 | Colombo Fort (Colombo 01) 22,000",black,Used,1500,Petrol,Mercedes Benz,22000,E350,2018,1500,2018,Automatic,Car(Sedan)
Toyota Axio 2017,"Rs: 10,375,000",km Find,"2025-11-27 | Kirindiwela 125,470",white,Used,1430,Hybrid,Toyota,125470,Axio,2017,1430,2017,Automatic,Car(Saloon)
Toyota Corolla 2004,"Rs: 5,800,000",km Find,2025-11-27 | Matugama 123,black,Used,1500,Petrol,Toyota,123,Corolla,2004,1500,2004,Manual,Car(Sedan)
Nissan FB 15 2011,"Rs: 4,700,000",,2025-11-27 | Kuliyapitiya Find Out More,white,Used,1500,Diesel,Nissan,0,FB 15,2011,1500,2012,Manual,Car(Saloon)
Suzuki Wagon R 2015,"Rs: 5,600,000",km Find,"2025-11-27 | Kurunegala 100,000",black,Used,650,Hybrid,Suzuki,100000,Wagon R,2015,650,2016,Automatic,Car(Hatchback)
Suzuki Swift 2009,"Rs: 3,650,000",,2025-11-27 | Kuliyapitiya Find Out More,blue,Used,1200,Petrol,Suzuki,0,Swift,2009,1200,2009,Manual,Car(Hatchback)
Suzuki Wagon R 2017,"Rs: 8,000,000",km Find,"2025-11-27 | Rajagiriya 8,000,000",white,Used,660,Petrol,Suzuki,8000000,Wagon R,2017,660,2020,Automatic,Car(Hatchback)
Suzuki A Star 2011,"Rs: 3,800,000",km Find,"2025-11-27 | Ampara 165,000",silver,Used,990,Petrol,Suzuki,165000,A Star,2011,990,2011,Manual,Car(Convertible)
Suzuki Wagon R 2025,"Rs: 9,200,000",km Find,2025-11-27 | Kurunegala 42,white,Brand New,650,Hybrid,Suzuki,42,Wagon R,2025,650,2025,Automatic,Car(Convertible)
Honda Fit 2012,"Rs: 7,500,000",km Find,"2025-11-27 | Batticaloa 165,800",black,Used,1330,Hybrid,Honda,165800,Fit,2012,1330,2014,Automatic,Car(Hatchback)
Toyota Premio 2017,"Rs: 16,200,000",km Find,"2025-11-27 | Hambantota 75,000",white,Used,1996,Petrol,Toyota,75000,Premio,2017,1996,2018,Automatic,Car(Saloon)
Suzuki Alto 2011,"Rs: 3,200,000",km Find,2025-11-27 | Matugama 123,black,Used,1000,Petrol,Suzuki,123,Alto,2011,1000,2011,Manual,Car(Hatchback)
Mitsubishi eK 2024,"Rs: 6,550,000",km Find,"2025-11-27 | Gampaha 12,000",red,Reconditioned,600,Petrol,Mitsubishi,12000,eK,2024,600,2025,Automatic,Car(Hatchback)
Suzuki XBee 2023,"Rs: 10,300,000",km Find,"2025-11-27 | Kottawa 15,000",green,Brand New,1000,Petrol,Suzuki,15000,XBee,2023,1000,Ref:,Automatic,Car(Hatchback)
Suzuki Wagon R 2018,"Rs: 7,850,000",km Find,"2025-11-27 | Dehiwala 61,000",white,Used,660,Hybrid,Suzuki,61000,Wagon R,2018,660,2019,Automatic,Car(Hatchback)
Suzuki Wagon R 2023,"Rs: 7,275,000",km Find,"2025-11-27 | Kottawa 6,600",blue,Brand New,660,Petrol,Suzuki,6600,Wagon R,2023,660,Ref:,Automatic,Car(Hatchback)
KIA Sephia 2002,"Rs: 2,600,000",km Find,"2026-02-10 | Mattegoda 162,481",gray,Used,1331,Petrol,KIA,162481,Sephia,2002,1331,2003,Automatic,Car(Sedan)
Suzuki Wagon R 2018,"Rs: 7,850,000",km Find,"2025-11-27 | Dehiwala 61,000",white,Used,660,Hybrid,Suzuki,61000,Wagon R,2018,660,2019,Automatic,Car(Hatchback)
Suzuki Wagon R 2023,"Rs: 7,275,000",km Find,"2025-11-27 | Kottawa 6,600",blue,Brand New,660,Petrol,Suzuki,6600,Wagon R,2023,660,Ref:,Automatic,Car(Hatchback)
Toyota Vios 2004,"Rs: 5,200,000",,2025-11-27 | Matugama Find Out More,black,Used,1500,Petrol,Toyota,0,Vios,2004,1500,2004,Manual,Car(Sedan)
Suzuki Wagon R 2014,"Rs: 5,950,000",km Find,"2025-11-27 | Avissawella 103,000",red,Used,660,Hybrid,Suzuki,103000,Wagon R,2014,660,2015,Automatic,Car(Hatchback)
Nissan Sunny 1994,"Rs: 2,500,000",,2025-11-27 | Boralesgamuwa Find Out More,silver,Used,1500,Petrol,Nissan,0,Sunny,1994,1500,1994,Manual,Car()
Suzuki Wagon R 2023,"Rs: 7,500,000",km Find,"2025-11-27 | Homagama 12,500",black,Used,660,Petrol,Suzuki,12500,Wagon R,2023,660,2025,Automatic,Car(Hatchback)
Suzuki Wagon R 2017,"Rs: 6,800,000",km Find,"2025-11-27 | Udawalawe 93,000",white,Used,650,Petrol,Suzuki,93000,Wagon R,2017,650,2018,Automatic,Car(Hatchback)
Suzuki Alto 2012,"Rs: 3,000,000",km Find,2025-11-27 | Colombo Fort (Colombo 01) 123,black,Reconditioned,1000,Petrol,Suzuki,123,Alto,2012,1000,2012,Manual,Car(Hatchback)
Toyota Vitz 2008,"Rs: 5,800,000",,2025-11-27 | Matugama Find Out More,silver,Used,1500,Petrol,Toyota,0,Vitz,2008,1500,2008,Manual,Car(Hatchback)
Suzuki Wagon R 2018,"Rs: 6,800,000",km Find,"2025-11-27 | Homagama 86,000",white,Used,660,Hybrid,Suzuki,86000,Wagon R,2018,660,2018,Automatic,Car(Hatchback)
Suzuki Wagon R 2015,"Rs: 5,600,000",km Find,"2025-11-27 | Nittambuwa 53,000",silver,Used,650,Hybrid,Suzuki,53000,Wagon R,2015,650,2016,Automatic,Car(Hatchback)
Toyota Allion 2007,"Rs: 8,200,000",km Find,"2025-11-27 | Maharagama 191,000",black,Used,1800,Petrol,Toyota,191000,Allion,2007,1800,2011,Automatic,Car(Sedan)
KIA Sephia 2002,"Rs: 2,600,000",km Find,"2026-02-10 | Mattegoda 162,481",gray,Used,1331,Petrol,KIA,162481,Sephia,2002,1331,2003,Automatic,Car(Sedan)
Toyota Allion 2007,"Rs: 8,200,000",km Find,"2025-11-27 | Maharagama 191,000",black,Used,1800,Petrol,Toyota,191000,Allion,2007,1800,2011,Automatic,Car(Sedan)
Suzuki Spacia 2017,"Rs: 5,900,008",km Find,"2025-11-27 | Slave Island (Colombo 02) 150,000",white,Used,650,Petrol,Suzuki,150000,Spacia,2017,650,2018,Automatic,Car(Hatchback)
Toyota Aqua 2014,"Rs: 8,300,000",km Find,"2025-11-27 | Nittambuwa 85,000",white,Used,1500,Hybrid,Toyota,85000,Aqua,2014,1500,2015,Automatic,Car(Hatchback)
Suzuki Wagon R 2024,"Rs: 7,475,000",km Find,"2025-11-27 | Kirindiwela 6,300",silver,Reconditioned,660,Petrol,Suzuki,6300,Wagon R,2024,660,2024,Automatic,Car(Hatchback)
Suzuki Wagon R 2017,"Rs: 7,500,000",km Find,"2025-11-27 | Vavuniya 86,000",gray,Used,650,Hybrid,Suzuki,86000,Wagon R,2017,650,2018,Automatic,Car(Hatchback)
Nissan Sunny 2001,"Rs: 3,550,000",km Find,"2025-11-27 | Batticaloa 100,000",silver,Used,1490,Petrol,Nissan,100000,Sunny,2001,1490,2005,Manual,Car(Hatchback)
Hyundai Eon 2016,"Rs: 3,850,000",km Find,"2025-11-27 | Vavuniya 98,000",red,Used,650,Diesel,Hyundai,98000,Eon,2016,650,2016,Manual,Car(Hatchback)
Toyota Premio 2013,"Rs: 11,950,000",km Find,"2025-11-27 | Ja-Ela 137,500",maroon,Used,1500,Petrol,Toyota,137500,Premio,2013,1500,2013,Automatic,Car(Sedan)
Suzuki Spacia 2021,"Rs: 9,650,000",km Find,"2025-11-27 | Ja-Ela 6,000",white,Brand New,660,Hybrid,Suzuki,6000,Spacia,2021,660,Ref:,Automatic,Car(Hatchback)
Suzuki Alto 2015,"Rs: 4,150,000",km Find,"2025-11-27 | Kalmunai 84,200",gray,Used,800,Petrol,Suzuki,84200,Alto,2015,800,2015,Manual,Car(Hatchback)
Suzuki Wagon R 2018,"Rs: 7,750,000",km Find,"2025-11-26 | Ampara 140,000",white,Used,990,Hybrid,Suzuki,140000,Wagon R,2018,990,2019,Automatic,Car(Hatchback)
KIA Sephia 2002,"Rs: 2,600,000",km Find,"2026-02-10 | Mattegoda 162,481",gray,Used,1331,Petrol,KIA,162481,Sephia,2002,1331,2003,Automatic,Car(Sedan)
Toyota Premio 2015,"Rs: 15,000,000",km Find,"2025-11-26 | Ampara 57,457",white,Used,990,Hybrid,Toyota,57457,Premio,2015,990,2016,Automatic,Car(Liftback)
Suzuki Wagon R 2023,"Rs: 8,800,000",km Find,"2025-11-26 | Batticaloa 23,000",white,Used,990,Hybrid,Suzuki,23000,Wagon R,2023,990,2023,Automatic,Car(Liftback)
Toyota Vitz 2015,"Rs: 7,800,000",km Find,"2025-11-27 | Ampara 94,589",white,Used,660,Petrol,Toyota,94589,Vitz,2015,660,2018,Automatic,Car(Hatchback)
Suzuki Wagon R 2014,"Rs: 5,500,000",,2025-11-26 | Kegalle Find Out More,black,Used,700,Diesel,Suzuki,0,Wagon R,2014,700,2014,Automatic,Car(Hatchback)
Toyota Prius 2014,"Rs: 9,200,000",km Find,"2025-11-26 | Colombo Fort (Colombo 01) 250,000",silver,Used,460,Petrol,Toyota,250000,Prius,2014,460,2015,Automatic,Car(Hatchback)
BMW 4 Series 2014,"Rs: 22,600,000",km Find,"2025-11-26 | Ampara 1,500,000",white,Used,460,Hybrid,BMW,1500000,4 Series,2014,460,2015,Automatic,Car(Hatchback)
Suzuki Alto 2016,"Rs: 3,400,000",km Find,"2025-11-26 | Dehiwala 2,500,000",gray,Used,490,Petrol,Suzuki,2500000,Alto,2016,490,2016,Manual,Car(Hatchback)
Suzuki Wagon R 2017,"Rs: 6,250,000",km Find,"2025-11-26 | Nittambuwa 53,000",blue,Used,650,Hybrid,Suzuki,53000,Wagon R,2017,650,2018,Automatic,Car(Hatchback)
Toyota Corolla 2002,"Rs: 3,720,000",km Find,"2025-11-26 | Narammala 143,000",white,Used,2000,Diesel,Toyota,143000,Corolla,2002,2000,2002,Automatic,Car(Saloon)
Suzuki Wagon R 2018,"Rs: 6,890,000",km Find,"2025-11-26 | Nittambuwa 59,000",white,Used,650,Hybrid,Suzuki,59000,Wagon R,2018,650,2018,Automatic,Car(Hatchback)
Toyota DX Wagon 1984,"Rs: 1,150,000",,2025-11-26 | Badulla Find Out More,white,Used,1400,Petrol,Toyota,0,DX Wagon,1984,1400,1984,Manual,Car(Sedan)
Toyota Yaris 2014,"Rs: 8,650,000",km Find,"2025-11-26 | Nittambuwa 89,000",gray,Used,1500,Petrol,Toyota,89000,Yaris,2014,1500,2015,Automatic,Car(Saloon)
Nissan Sunny 2003,"Rs: 3,975,000",,2025-11-26 | Kadawatha Find Out More,gray,Used,1300,Petrol,Nissan,0,Sunny,2003,1300,2003,Manual,Car(Saloon)
Toyota Premio 2013,"Rs: 12,000,000",km Find,"2025-11-26 | Wariyapola 121,000",other,Used,1490,Petrol,Toyota,121000,Premio,2013,1490,2013,Automatic,Car(Liftback)
Nissan Sunny 1984,"Rs: 850,000",,2025-11-26 | Polgahawela Find Out More,blue,Used,1270,Petrol,Nissan,0,Sunny,1984,1270,1984,Manual,Car(Sedan)
KIA Sephia 2002,"Rs: 2,600,000",km Find,"2026-02-10 | Mattegoda 162,481",gray,Used,1331,Petrol,KIA,162481,Sephia,2002,1331,2003,Automatic,Car(Sedan)
Toyota Prius 2011,"Rs: 9,600,000",km Find,"2025-11-26 | Kurunegala 205,000",silver,Used,1800,Hybrid,Toyota,205000,Prius,2011,1800,2013,Automatic,Car(Hatchback)
Suzuki Alto 2007,"Rs: 2,825,000",km Find,"2025-11-26 | Telijjawila 160,000",maroon,Used,800,Petrol,Suzuki,160000,Alto,2007,800,2007,Manual,Car(Liftback)
Toyota Prius 2013,"Rs: 11,500,000",km Find,"2025-11-26 | Kurunegala 159,000",white,Used,1490,Petrol,Toyota,159000,Prius,2013,1490,2015,Automatic,Car(Liftback)
Toyota Passo 2007,"Rs: 5,500,000",km Find,"2025-11-26 | Kegalle 80,000",white,Used,1000,Petrol,Toyota,80000,Passo,2007,1000,2007,Automatic,Car(Hatchback)
Hyundai Grand i10 2024,"Rs: 7,600,000",km Find,"2025-11-26 | Negombo 3,000",black,Used,998,Petrol,Hyundai,3000,Grand i10,2024,998,2024,Automatic,Car(Hatchback)
Suzuki Swift 2017,"Rs: 8,250,000",km Find,"2025-11-26 | Nugegoda 1,500",blue,Reconditioned,1500,Petrol,Suzuki,1500,Swift,2017,1500,2018,Automatic,Car(Hatchback)
Suzuki Hustler 2025,"Rs: 9,400,000",km Find,"2025-11-26 | Kurunegala 7,000",white,Brand New,650,Hybrid,Suzuki,7000,Hustler,2025,650,Ref:,Automatic,Car(Hatchback)
Daihatsu Taft 2024,"Rs: 8,700,000",km Find,"2025-11-26 | Akurana 5,000",brown,Brand New,650,Petrol,Daihatsu,5000,Taft,2024,650,Ref:,Automatic,Car()
Renault KWID 2016,"Rs: 3,700,000",,2025-11-26 | Padukka Find Out More,brown,Used,800,Petrol,Renault,0,KWID,2016,800,2018,Manual,Car(Hatchback)
Suzuki Wagon R 2014,"Rs: 5,050,000",km Find,"2025-11-26 | Pussellawa 203,000",brown,Used,650,Petrol,Suzuki,203000,Wagon R,2014,650,2015,Automatic,Car(Hatchback)
KIA Sephia 2002,"Rs: 2,600,000",km Find,"2026-02-10 | Mattegoda 162,481",gray,Used,1331,Petrol,KIA,162481,Sephia,2002,1331,2003,Automatic,Car(Sedan)
Suzuki Celerio 2016,"Rs: 5,475,000",,2025-11-26 | Kadawatha Find Out More,white,Used,996,Petrol,Suzuki,0,Celerio,2016,996,2016,Automatic,Car(Hatchback)
Suzuki Alto 2014,"Rs: 3,675,000",km Find,"2025-11-26 | Kaduwela 92,456",silver,Used,800,Petrol,Suzuki,92456,Alto,2014,800,2014,Manual,Car(Liftback)
Toyota Axio 2016,"Rs: 10,000,000",km Find,2025-12-08 | Negombo 120,white,Used,1500,Hybrid,Toyota,120,Axio,2016,1500,2018,Automatic,Car(Saloon)
Suzuki Wagon R 2015,"Rs: 6,025,000",km Find,"2025-11-26 | Kalmunai 90,000",white,Used,650,Petrol,Suzuki,90000,Wagon R,2015,650,2016,Automatic,Car(Sedan)
Suzuki Wagon R 2018,"Rs: 7,650,000",km Find,"2025-11-26 | Batticaloa 34,000",white,Used,650,Hybrid,Suzuki,34000,Wagon R,2018,650,2018,Automatic,Car(Sedan)
Bajaj Qute 2019,"Rs: 1,295,000",km Find,"2025-11-26 | Panadura 1,000,000",white,Used,217,Petrol,Bajaj,1000000,Qute,2019,217,2019,Manual,Car(Station wagon)
Suzuki Wagon R 2014,"Rs: 5,750,000",km Find,"2025-11-26 | Narahenpita (Colombo 05) 77,900",white,Reconditioned,660,Petrol,Suzuki,77900,Wagon R,2014,660,2015,Automatic,Car(Hatchback)
Nissan Sunny 2001,"Rs: 4,750,000",km Find,"2025-12-10 | Galewela 78,000",white,Used,1490,Petrol,Nissan,78000,Sunny,2001,1490,2004,Automatic,Car(Saloon)
Toyota Corolla 2004,"Rs: 6,425,000",km Find,"2025-11-26 | Nittambuwa 152,000",white,Used,1500,Petrol,Toyota,152000,Corolla,2004,1500,2008,Automatic,Car(Saloon)
Suzuki Zen 2010,"Rs: 2,975,000",km Find,"2025-11-26 | Kaduwela 124,800",red,Used,1000,Petrol,Suzuki,124800,Zen,2010,1000,2010,Manual,Car(Liftback)
Toyota Corolla 1997,"Rs: 3,650,000",,2025-11-26 | Ja-Ela Find Out More,white,Used,1500,Petrol,Toyota,0,Corolla,1997,1500,2000,Automatic,Car(Saloon)
KIA Sephia 2002,"Rs: 2,600,000",km Find,"2026-02-10 | Mattegoda 162,481",gray,Used,1331,Petrol,KIA,162481,Sephia,2002,1331,2003,Automatic,Car(Sedan)
Suzuki Wagon R 2017,"Rs: 6,295,000",km Find,"2025-11-26 | Nittambuwa 58,000",blue,Used,650,Hybrid,Suzuki,58000,Wagon R,2017,650,2018,Automatic,Car(Hatchback)
Suzuki Alto 2015,"Rs: 3,900,000",km Find,"2025-11-26 | Nittambuwa 90,000",blue,Used,800,Petrol,Suzuki,90000,Alto,2015,800,2015,Manual,Car(Hatchback)
Suzuki Wagon R 2024,"Rs: 8,350,000",km Find,"2025-11-26 | Moratuwa 2,700",white,Brand New,650,Hybrid,Suzuki,2700,Wagon R,2024,650,2024,Automatic,Car(Liftback)
Daihatsu Taft 2025,"Rs: 8,790,000",,2025-11-26 | Nugegoda Find Out More,white,Brand New,1500,Petrol,Daihatsu,0,Taft,2025,1500,2025,Automatic,Car(Station wagon)
Mazda Carol 2023,"Rs: 6,700,000",km Find,2025-11-26 | Horana 0,blue,Reconditioned,650,Petrol,Mazda,0000,Carol,2023,650,0000,Automatic,Car(Liftback)
Suzuki Wagon R 2018,"Rs: 6,500,000",km Find,"2025-11-26 | Moratuwa 123,456",black,Used,660,Petrol,Suzuki,123456,Wagon R,2018,660,2018,Automatic,Car(Liftback)
Suzuki Wagon R 2024,"Rs: 8,400,000",km Find,2025-11-26 | Nugegoda 123,silver,Brand New,1500,Petrol,Suzuki,123,Wagon R,2024,1500,2024,Automatic,Car(Station wagon)
Suzuki Wagon R 2018,"Rs: 7,400,000",,2025-11-26 | Nugegoda Find Out More,white,Reconditioned,1500,Petrol,Suzuki,0,Wagon R,2018,1500,2018,Automatic,Car(Station wagon)
Toyota Axio 2015,"Rs: 9,350,000",km Find,"2025-11-26 | Gampaha 116,000",white,Used,990,Petrol,Toyota,116000,Axio,2015,990,2015,Automatic,Car(Hatchback)
Toyota Super GL 2007,"Rs: 16,900,000",km Find,"2025-11-26 | Colombo Fort (Colombo 01) 185,000",black,Used,00,Diesel,Toyota,185000,Super GL,2007,00,2012,Automatic,Car(Convertible)
Toyota Starlet 1986,"Rs: 1,650,000",,2025-11-26 | Gonapola Junction Find Out More,black,Used,1400,Petrol,Toyota,0,Starlet,1986,1400,1986,Manual,Car(Sedan)
Suzuki Wagon R 2017,"Rs: 5,500,000",,2025-11-26 | Colombo Fort (Colombo 01) Find Out More,gray,Used,650,Petrol,Suzuki,0,Wagon R,2017,650,2018,Automatic,Car(Convertible)
Mitsubishi eK 2023,"Rs: 7,175,000",km Find,"2025-11-26 | Kottawa 6,600",other,Brand New,660,Petrol,Mitsubishi,6600,eK,2023,660,Ref:,Automatic,Car(Hatchback)
